usage,budget,pref_term_share,condition,seed,total_price,perf,sentiment,model_CPU,model_GPU,model_主機板,norm_CPU:效能,rank_CPU:效能,norm_CPU:CP值,rank_CPU:CP值,norm_GPU:效能,rank_GPU:效能,norm_GPU:穩定,rank_GPU:穩定,norm_GPU:CP值,rank_GPU:CP值,norm_GPU:VRAM,rank_GPU:VRAM,norm_主機板:用料,rank_主機板:用料,norm_主機板:擴充性,rank_主機板:擴充性,norm_主機板:穩定,rank_主機板:穩定,norm_主機板:CP值,rank_主機板:CP值
遊戲,30000,0.0,無口碑,0,29924,0.3121,0.4631,AMD R5 5600XT,RX7650GRE,A520M,0.7545,,0.5227,,0.0597,15,0.5326,,0.1739,9,0.5186,,0.6026,,0.4736,,0.4068,,0.4865,
遊戲,30000,0.0,無口碑,1,29624,0.3095,0.4631,AMD R5 5600XT,RX7650GRE,A520M,0.7545,,0.5227,,0.0597,15,0.5326,,0.1739,9,0.5186,,0.6026,,0.4736,,0.4068,,0.4865,
遊戲,30000,0.0,無口碑,2,29434,0.3035,0.4631,AMD R5 5600XT,RX7650GRE,A520M,0.7545,,0.5227,,0.0597,15,0.5326,,0.1739,9,0.5186,,0.6026,,0.4736,,0.4068,,0.4865,
遊戲,30000,0.0,無口碑,3,29334,0.3033,0.4631,AMD R5 5600XT,RX7650GRE,A520M,0.7545,,0.5227,,0.0597,15,0.5326,,0.1739,9,0.5186,,0.6026,,0.4736,,0.4068,,0.4865,
遊戲,30000,0.0,無口碑,4,29589,0.31,0.4631,AMD R5 5600XT,RX7650GRE,A520M,0.7545,,0.5227,,0.0597,15,0.5326,,0.1739,9,0.5186,,0.6026,,0.4736,,0.4068,,0.4865,
遊戲,30000,0.0,無口碑,5,29724,0.3097,0.4631,AMD R5 5600XT,RX7650GRE,A520M,0.7545,,0.5227,,0.0597,15,0.5326,,0.1739,9,0.5186,,0.6026,,0.4736,,0.4068,,0.4865,
遊戲,30000,0.0,無口碑,6,29434,0.3034,0.4631,AMD R5 5600XT,RX7650GRE,A520M,0.7545,,0.5227,,0.0597,15,0.5326,,0.1739,9,0.5186,,0.6026,,0.4736,,0.4068,,0.4865,
遊戲,30000,0.0,無口碑,7,29989,0.3132,0.4631,AMD R5 5600XT,RX7650GRE,A520M,0.7545,,0.5227,,0.0597,15,0.5326,,0.1739,9,0.5186,,0.6026,,0.4736,,0.4068,,0.4865,
遊戲,30000,0.0,無口碑,8,29724,0.3107,0.4631,AMD R5 5600XT,RX7650GRE,A520M,0.7545,,0.5227,,0.0597,15,0.5326,,0.1739,9,0.5186,,0.6026,,0.4736,,0.4068,,0.4865,
遊戲,30000,0.0,無口碑,9,29234,0.3025,0.4631,AMD R5 5600XT,RX7650GRE,A520M,0.7545,,0.5227,,0.0597,15,0.5326,,0.1739,9,0.5186,,0.6026,,0.4736,,0.4068,,0.4865,
遊戲,30000,0.0,無口碑,10,29434,0.3034,0.4631,AMD R5 5600XT,RX7650GRE,A520M,0.7545,,0.5227,,0.0597,15,0.5326,,0.1739,9,0.5186,,0.6026,,0.4736,,0.4068,,0.4865,
遊戲,30000,0.0,無口碑,11,29939,0.3135,0.4631,AMD R5 5600XT,RX7650GRE,A520M,0.7545,,0.5227,,0.0597,15,0.5326,,0.1739,9,0.5186,,0.6026,,0.4736,,0.4068,,0.4865,
遊戲,30000,0.0,無口碑,12,29739,0.3114,0.4631,AMD R5 5600XT,RX7650GRE,A520M,0.7545,,0.5227,,0.0597,15,0.5326,,0.1739,9,0.5186,,0.6026,,0.4736,,0.4068,,0.4865,
遊戲,30000,0.0,無口碑,13,29334,0.3033,0.4631,AMD R5 5600XT,RX7650GRE,A520M,0.7545,,0.5227,,0.0597,15,0.5326,,0.1739,9,0.5186,,0.6026,,0.4736,,0.4068,,0.4865,
遊戲,30000,0.0,無口碑,14,29724,0.3112,0.4631,AMD R5 5600XT,RX7650GRE,A520M,0.7545,,0.5227,,0.0597,15,0.5326,,0.1739,9,0.5186,,0.6026,,0.4736,,0.4068,,0.4865,
遊戲,30000,0.0,無口碑,15,29724,0.3097,0.4631,AMD R5 5600XT,RX7650GRE,A520M,0.7545,,0.5227,,0.0597,15,0.5326,,0.1739,9,0.5186,,0.6026,,0.4736,,0.4068,,0.4865,
遊戲,30000,0.0,無口碑,16,29739,0.3109,0.4631,AMD R5 5600XT,RX7650GRE,A520M,0.7545,,0.5227,,0.0597,15,0.5326,,0.1739,9,0.5186,,0.6026,,0.4736,,0.4068,,0.4865,
遊戲,30000,0.0,無口碑,17,29634,0.3038,0.4631,AMD R5 5600XT,RX7650GRE,A520M,0.7545,,0.5227,,0.0597,15,0.5326,,0.1739,9,0.5186,,0.6026,,0.4736,,0.4068,,0.4865,
遊戲,30000,0.0,無口碑,18,29939,0.3123,0.4631,AMD R5 5600XT,RX7650GRE,A520M,0.7545,,0.5227,,0.0597,15,0.5326,,0.1739,9,0.5186,,0.6026,,0.4736,,0.4068,,0.4865,
遊戲,30000,0.0,無口碑,19,29334,0.3032,0.4631,AMD R5 5600XT,RX7650GRE,A520M,0.7545,,0.5227,,0.0597,15,0.5326,,0.1739,9,0.5186,,0.6026,,0.4736,,0.4068,,0.4865,
遊戲,30000,0.0,有口碑,0,28539,0.2849,0.4781,AMD R5 5600XT,RX7650GRE,B550M,0.7545,,0.5227,,0.0597,15,0.5326,,0.1739,9,0.5186,,0.6043,6,0.2543,8,0.4315,5,0.9047,2
遊戲,30000,0.0,有口碑,1,28789,0.2854,0.4781,AMD R5 5600XT,RX7650GRE,B550M,0.7545,,0.5227,,0.0597,15,0.5326,,0.1739,9,0.5186,,0.6043,6,0.2543,8,0.4315,5,0.9047,2
遊戲,30000,0.0,有口碑,2,28539,0.2844,0.4781,AMD R5 5600XT,RX7650GRE,B550M,0.7545,,0.5227,,0.0597,15,0.5326,,0.1739,9,0.5186,,0.6043,6,0.2543,8,0.4315,5,0.9047,2
遊戲,30000,0.0,有口碑,3,28289,0.2841,0.4781,AMD R5 5600XT,RX7650GRE,B550M,0.7545,,0.5227,,0.0597,15,0.5326,,0.1739,9,0.5186,,0.6043,6,0.2543,8,0.4315,5,0.9047,2
遊戲,30000,0.0,有口碑,4,28439,0.2847,0.4781,AMD R5 5600XT,RX7650GRE,B550M,0.7545,,0.5227,,0.0597,15,0.5326,,0.1739,9,0.5186,,0.6043,6,0.2543,8,0.4315,5,0.9047,2
遊戲,30000,0.0,有口碑,5,28249,0.2842,0.4781,AMD R5 5600XT,RX7650GRE,B550M,0.7545,,0.5227,,0.0597,15,0.5326,,0.1739,9,0.5186,,0.6043,6,0.2543,8,0.4315,5,0.9047,2
遊戲,30000,0.0,有口碑,6,28339,0.2846,0.4781,AMD R5 5600XT,RX7650GRE,B550M,0.7545,,0.5227,,0.0597,15,0.5326,,0.1739,9,0.5186,,0.6043,6,0.2543,8,0.4315,5,0.9047,2
遊戲,30000,0.0,有口碑,7,28799,0.286,0.4781,AMD R5 5600XT,RX7650GRE,B550M,0.7545,,0.5227,,0.0597,15,0.5326,,0.1739,9,0.5186,,0.6043,6,0.2543,8,0.4315,5,0.9047,2
遊戲,30000,0.0,有口碑,8,28339,0.2846,0.4781,AMD R5 5600XT,RX7650GRE,B550M,0.7545,,0.5227,,0.0597,15,0.5326,,0.1739,9,0.5186,,0.6043,6,0.2543,8,0.4315,5,0.9047,2
遊戲,30000,0.0,有口碑,9,28339,0.2846,0.4781,AMD R5 5600XT,RX7650GRE,B550M,0.7545,,0.5227,,0.0597,15,0.5326,,0.1739,9,0.5186,,0.6043,6,0.2543,8,0.4315,5,0.9047,2
遊戲,30000,0.0,有口碑,10,28989,0.2888,0.4781,AMD R5 5600XT,RX7650GRE,B550M,0.7545,,0.5227,,0.0597,15,0.5326,,0.1739,9,0.5186,,0.6043,6,0.2543,8,0.4315,5,0.9047,2
遊戲,30000,0.0,有口碑,11,28439,0.2847,0.4781,AMD R5 5600XT,RX7650GRE,B550M,0.7545,,0.5227,,0.0597,15,0.5326,,0.1739,9,0.5186,,0.6043,6,0.2543,8,0.4315,5,0.9047,2
遊戲,30000,0.0,有口碑,12,28539,0.2849,0.4781,AMD R5 5600XT,RX7650GRE,B550M,0.7545,,0.5227,,0.0597,15,0.5326,,0.1739,9,0.5186,,0.6043,6,0.2543,8,0.4315,5,0.9047,2
遊戲,30000,0.0,有口碑,13,28639,0.2851,0.4781,AMD R5 5600XT,RX7650GRE,B550M,0.7545,,0.5227,,0.0597,15,0.5326,,0.1739,9,0.5186,,0.6043,6,0.2543,8,0.4315,5,0.9047,2
遊戲,30000,0.0,有口碑,14,28389,0.2842,0.4781,AMD R5 5600XT,RX7650GRE,B550M,0.7545,,0.5227,,0.0597,15,0.5326,,0.1739,9,0.5186,,0.6043,6,0.2543,8,0.4315,5,0.9047,2
遊戲,30000,0.0,有口碑,15,28439,0.2848,0.4781,AMD R5 5600XT,RX7650GRE,B550M,0.7545,,0.5227,,0.0597,15,0.5326,,0.1739,9,0.5186,,0.6043,6,0.2543,8,0.4315,5,0.9047,2
遊戲,30000,0.0,有口碑,16,29349,0.2887,0.4781,AMD R5 5600XT,RX7650GRE,B550M,0.7545,,0.5227,,0.0597,15,0.5326,,0.1739,9,0.5186,,0.6043,6,0.2543,8,0.4315,5,0.9047,2
遊戲,30000,0.0,有口碑,17,28689,0.2853,0.4781,AMD R5 5600XT,RX7650GRE,B550M,0.7545,,0.5227,,0.0597,15,0.5326,,0.1739,9,0.5186,,0.6043,6,0.2543,8,0.4315,5,0.9047,2
遊戲,30000,0.0,有口碑,18,28539,0.2849,0.4781,AMD R5 5600XT,RX7650GRE,B550M,0.7545,,0.5227,,0.0597,15,0.5326,,0.1739,9,0.5186,,0.6043,6,0.2543,8,0.4315,5,0.9047,2
遊戲,30000,0.0,有口碑,19,28339,0.2846,0.4781,AMD R5 5600XT,RX7650GRE,B550M,0.7545,,0.5227,,0.0597,15,0.5326,,0.1739,9,0.5186,,0.6043,6,0.2543,8,0.4315,5,0.9047,2
遊戲,30000,0.0,指定 CPU:效能,0,28599,0.2857,0.4781,AMD R5 5600XT,RX7650GRE,B550M,0.7545,,0.5227,,0.0597,15,0.5326,,0.1739,9,0.5186,,0.6043,6,0.2543,8,0.4315,5,0.9047,2
遊戲,30000,0.0,指定 CPU:效能,1,28539,0.2849,0.4781,AMD R5 5600XT,RX7650GRE,B550M,0.7545,,0.5227,,0.0597,15,0.5326,,0.1739,9,0.5186,,0.6043,6,0.2543,8,0.4315,5,0.9047,2
遊戲,30000,0.0,指定 CPU:效能,2,28699,0.2858,0.4781,AMD R5 5600XT,RX7650GRE,B550M,0.7545,,0.5227,,0.0597,15,0.5326,,0.1739,9,0.5186,,0.6043,6,0.2543,8,0.4315,5,0.9047,2
遊戲,30000,0.0,指定 CPU:效能,3,28239,0.2839,0.4781,AMD R5 5600XT,RX7650GRE,B550M,0.7545,,0.5227,,0.0597,15,0.5326,,0.1739,9,0.5186,,0.6043,6,0.2543,8,0.4315,5,0.9047,2
遊戲,30000,0.0,指定 CPU:效能,4,28439,0.2842,0.4781,AMD R5 5600XT,RX7650GRE,B550M,0.7545,,0.5227,,0.0597,15,0.5326,,0.1739,9,0.5186,,0.6043,6,0.2543,8,0.4315,5,0.9047,2
遊戲,30000,0.0,指定 CPU:效能,5,28339,0.2841,0.4781,AMD R5 5600XT,RX7650GRE,B550M,0.7545,,0.5227,,0.0597,15,0.5326,,0.1739,9,0.5186,,0.6043,6,0.2543,8,0.4315,5,0.9047,2
遊戲,30000,0.0,指定 CPU:效能,6,28539,0.2849,0.4781,AMD R5 5600XT,RX7650GRE,B550M,0.7545,,0.5227,,0.0597,15,0.5326,,0.1739,9,0.5186,,0.6043,6,0.2543,8,0.4315,5,0.9047,2
遊戲,30000,0.0,指定 CPU:效能,7,28339,0.2846,0.4781,AMD R5 5600XT,RX7650GRE,B550M,0.7545,,0.5227,,0.0597,15,0.5326,,0.1739,9,0.5186,,0.6043,6,0.2543,8,0.4315,5,0.9047,2
遊戲,30000,0.0,指定 CPU:效能,8,28399,0.2854,0.4781,AMD R5 5600XT,RX7650GRE,B550M,0.7545,,0.5227,,0.0597,15,0.5326,,0.1739,9,0.5186,,0.6043,6,0.2543,8,0.4315,5,0.9047,2
遊戲,30000,0.0,指定 CPU:效能,9,28839,0.2902,0.4781,AMD R5 5600XT,RX7650GRE,B550M,0.7545,,0.5227,,0.0597,15,0.5326,,0.1739,9,0.5186,,0.6043,6,0.2543,8,0.4315,5,0.9047,2
遊戲,30000,0.0,指定 CPU:效能,10,28339,0.2846,0.4781,AMD R5 5600XT,RX7650GRE,B550M,0.7545,,0.5227,,0.0597,15,0.5326,,0.1739,9,0.5186,,0.6043,6,0.2543,8,0.4315,5,0.9047,2
遊戲,30000,0.0,指定 CPU:效能,11,28599,0.2858,0.4781,AMD R5 5600XT,RX7650GRE,B550M,0.7545,,0.5227,,0.0597,15,0.5326,,0.1739,9,0.5186,,0.6043,6,0.2543,8,0.4315,5,0.9047,2
遊戲,30000,0.0,指定 CPU:效能,12,28339,0.2835,0.4781,AMD R5 5600XT,RX7650GRE,B550M,0.7545,,0.5227,,0.0597,15,0.5326,,0.1739,9,0.5186,,0.6043,6,0.2543,8,0.4315,5,0.9047,2
遊戲,30000,0.0,指定 CPU:效能,13,28339,0.2846,0.4781,AMD R5 5600XT,RX7650GRE,B550M,0.7545,,0.5227,,0.0597,15,0.5326,,0.1739,9,0.5186,,0.6043,6,0.2543,8,0.4315,5,0.9047,2
遊戲,30000,0.0,指定 CPU:效能,14,28639,0.2851,0.4781,AMD R5 5600XT,RX7650GRE,B550M,0.7545,,0.5227,,0.0597,15,0.5326,,0.1739,9,0.5186,,0.6043,6,0.2543,8,0.4315,5,0.9047,2
遊戲,30000,0.0,指定 CPU:效能,15,28439,0.2842,0.4781,AMD R5 5600XT,RX7650GRE,B550M,0.7545,,0.5227,,0.0597,15,0.5326,,0.1739,9,0.5186,,0.6043,6,0.2543,8,0.4315,5,0.9047,2
遊戲,30000,0.0,指定 CPU:效能,16,28699,0.2859,0.4781,AMD R5 5600XT,RX7650GRE,B550M,0.7545,,0.5227,,0.0597,15,0.5326,,0.1739,9,0.5186,,0.6043,6,0.2543,8,0.4315,5,0.9047,2
遊戲,30000,0.0,指定 CPU:效能,17,28599,0.2857,0.4781,AMD R5 5600XT,RX7650GRE,B550M,0.7545,,0.5227,,0.0597,15,0.5326,,0.1739,9,0.5186,,0.6043,6,0.2543,8,0.4315,5,0.9047,2
遊戲,30000,0.0,指定 CPU:效能,18,28339,0.2846,0.4781,AMD R5 5600XT,RX7650GRE,B550M,0.7545,,0.5227,,0.0597,15,0.5326,,0.1739,9,0.5186,,0.6043,6,0.2543,8,0.4315,5,0.9047,2
遊戲,30000,0.0,指定 CPU:效能,19,28439,0.2842,0.4781,AMD R5 5600XT,RX7650GRE,B550M,0.7545,,0.5227,,0.0597,15,0.5326,,0.1739,9,0.5186,,0.6043,6,0.2543,8,0.4315,5,0.9047,2
遊戲,30000,0.0,指定 CPU:CP值,0,28639,0.285,0.4781,AMD R5 5600XT,RX7650GRE,B550M,0.7545,,0.5227,,0.0597,15,0.5326,,0.1739,9,0.5186,,0.6043,6,0.2543,8,0.4315,5,0.9047,2
遊戲,30000,0.0,指定 CPU:CP值,1,28139,0.2832,0.4781,AMD R5 5600XT,RX7650GRE,B550M,0.7545,,0.5227,,0.0597,15,0.5326,,0.1739,9,0.5186,,0.6043,6,0.2543,8,0.4315,5,0.9047,2
遊戲,30000,0.0,指定 CPU:CP值,2,28439,0.2847,0.4781,AMD R5 5600XT,RX7650GRE,B550M,0.7545,,0.5227,,0.0597,15,0.5326,,0.1739,9,0.5186,,0.6043,6,0.2543,8,0.4315,5,0.9047,2
遊戲,30000,0.0,指定 CPU:CP值,3,28339,0.2846,0.4781,AMD R5 5600XT,RX7650GRE,B550M,0.7545,,0.5227,,0.0597,15,0.5326,,0.1739,9,0.5186,,0.6043,6,0.2543,8,0.4315,5,0.9047,2
遊戲,30000,0.0,指定 CPU:CP值,4,28489,0.2852,0.4781,AMD R5 5600XT,RX7650GRE,B550M,0.7545,,0.5227,,0.0597,15,0.5326,,0.1739,9,0.5186,,0.6043,6,0.2543,8,0.4315,5,0.9047,2
遊戲,30000,0.0,指定 CPU:CP值,5,28439,0.2848,0.4781,AMD R5 5600XT,RX7650GRE,B550M,0.7545,,0.5227,,0.0597,15,0.5326,,0.1739,9,0.5186,,0.6043,6,0.2543,8,0.4315,5,0.9047,2
遊戲,30000,0.0,指定 CPU:CP值,6,28339,0.284,0.4781,AMD R5 5600XT,RX7650GRE,B550M,0.7545,,0.5227,,0.0597,15,0.5326,,0.1739,9,0.5186,,0.6043,6,0.2543,8,0.4315,5,0.9047,2
遊戲,30000,0.0,指定 CPU:CP值,7,28539,0.2849,0.4781,AMD R5 5600XT,RX7650GRE,B550M,0.7545,,0.5227,,0.0597,15,0.5326,,0.1739,9,0.5186,,0.6043,6,0.2543,8,0.4315,5,0.9047,2
遊戲,30000,0.0,指定 CPU:CP值,8,28539,0.2849,0.4781,AMD R5 5600XT,RX7650GRE,B550M,0.7545,,0.5227,,0.0597,15,0.5326,,0.1739,9,0.5186,,0.6043,6,0.2543,8,0.4315,5,0.9047,2
遊戲,30000,0.0,指定 CPU:CP值,9,28589,0.2836,0.4781,AMD R5 5600XT,RX7650GRE,B550M,0.7545,,0.5227,,0.0597,15,0.5326,,0.1739,9,0.5186,,0.6043,6,0.2543,8,0.4315,5,0.9047,2
遊戲,30000,0.0,指定 CPU:CP值,10,28339,0.2846,0.4781,AMD R5 5600XT,RX7650GRE,B550M,0.7545,,0.5227,,0.0597,15,0.5326,,0.1739,9,0.5186,,0.6043,6,0.2543,8,0.4315,5,0.9047,2
遊戲,30000,0.0,指定 CPU:CP值,11,28439,0.2842,0.4781,AMD R5 5600XT,RX7650GRE,B550M,0.7545,,0.5227,,0.0597,15,0.5326,,0.1739,9,0.5186,,0.6043,6,0.2543,8,0.4315,5,0.9047,2
遊戲,30000,0.0,指定 CPU:CP值,12,28689,0.2853,0.4781,AMD R5 5600XT,RX7650GRE,B550M,0.7545,,0.5227,,0.0597,15,0.5326,,0.1739,9,0.5186,,0.6043,6,0.2543,8,0.4315,5,0.9047,2
遊戲,30000,0.0,指定 CPU:CP值,13,28339,0.2846,0.4781,AMD R5 5600XT,RX7650GRE,B550M,0.7545,,0.5227,,0.0597,15,0.5326,,0.1739,9,0.5186,,0.6043,6,0.2543,8,0.4315,5,0.9047,2
遊戲,30000,0.0,指定 CPU:CP值,14,28339,0.2846,0.4781,AMD R5 5600XT,RX7650GRE,B550M,0.7545,,0.5227,,0.0597,15,0.5326,,0.1739,9,0.5186,,0.6043,6,0.2543,8,0.4315,5,0.9047,2
遊戲,30000,0.0,指定 CPU:CP值,15,28689,0.2852,0.4781,AMD R5 5600XT,RX7650GRE,B550M,0.7545,,0.5227,,0.0597,15,0.5326,,0.1739,9,0.5186,,0.6043,6,0.2543,8,0.4315,5,0.9047,2
遊戲,30000,0.0,指定 CPU:CP值,16,28639,0.2845,0.4781,AMD R5 5600XT,RX7650GRE,B550M,0.7545,,0.5227,,0.0597,15,0.5326,,0.1739,9,0.5186,,0.6043,6,0.2543,8,0.4315,5,0.9047,2
遊戲,30000,0.0,指定 CPU:CP值,17,28239,0.2839,0.4781,AMD R5 5600XT,RX7650GRE,B550M,0.7545,,0.5227,,0.0597,15,0.5326,,0.1739,9,0.5186,,0.6043,6,0.2543,8,0.4315,5,0.9047,2
遊戲,30000,0.0,指定 CPU:CP值,18,28339,0.2846,0.4781,AMD R5 5600XT,RX7650GRE,B550M,0.7545,,0.5227,,0.0597,15,0.5326,,0.1739,9,0.5186,,0.6043,6,0.2543,8,0.4315,5,0.9047,2
遊戲,30000,0.0,指定 CPU:CP值,19,28339,0.2846,0.4781,AMD R5 5600XT,RX7650GRE,B550M,0.7545,,0.5227,,0.0597,15,0.5326,,0.1739,9,0.5186,,0.6043,6,0.2543,8,0.4315,5,0.9047,2
遊戲,30000,0.0,指定 GPU:效能,0,28339,0.2846,0.4781,AMD R5 5600XT,RX7650GRE,B550M,0.7545,,0.5227,,0.0597,15,0.5326,,0.1739,9,0.5186,,0.6043,6,0.2543,8,0.4315,5,0.9047,2
遊戲,30000,0.0,指定 GPU:效能,1,28399,0.2854,0.4781,AMD R5 5600XT,RX7650GRE,B550M,0.7545,,0.5227,,0.0597,15,0.5326,,0.1739,9,0.5186,,0.6043,6,0.2543,8,0.4315,5,0.9047,2
遊戲,30000,0.0,指定 GPU:效能,2,28389,0.2848,0.4781,AMD R5 5600XT,RX7650GRE,B550M,0.7545,,0.5227,,0.0597,15,0.5326,,0.1739,9,0.5186,,0.6043,6,0.2543,8,0.4315,5,0.9047,2
遊戲,30000,0.0,指定 GPU:效能,3,28439,0.2847,0.4781,AMD R5 5600XT,RX7650GRE,B550M,0.7545,,0.5227,,0.0597,15,0.5326,,0.1739,9,0.5186,,0.6043,6,0.2543,8,0.4315,5,0.9047,2
遊戲,30000,0.0,指定 GPU:效能,4,28239,0.2839,0.4781,AMD R5 5600XT,RX7650GRE,B550M,0.7545,,0.5227,,0.0597,15,0.5326,,0.1739,9,0.5186,,0.6043,6,0.2543,8,0.4315,5,0.9047,2
遊戲,30000,0.0,指定 GPU:效能,5,28839,0.2854,0.4781,AMD R5 5600XT,RX7650GRE,B550M,0.7545,,0.5227,,0.0597,15,0.5326,,0.1739,9,0.5186,,0.6043,6,0.2543,8,0.4315,5,0.9047,2
遊戲,30000,0.0,指定 GPU:效能,6,28499,0.2856,0.4781,AMD R5 5600XT,RX7650GRE,B550M,0.7545,,0.5227,,0.0597,15,0.5326,,0.1739,9,0.5186,,0.6043,6,0.2543,8,0.4315,5,0.9047,2
遊戲,30000,0.0,指定 GPU:效能,7,28339,0.2846,0.4781,AMD R5 5600XT,RX7650GRE,B550M,0.7545,,0.5227,,0.0597,15,0.5326,,0.1739,9,0.5186,,0.6043,6,0.2543,8,0.4315,5,0.9047,2
遊戲,30000,0.0,指定 GPU:效能,8,28339,0.2841,0.4781,AMD R5 5600XT,RX7650GRE,B550M,0.7545,,0.5227,,0.0597,15,0.5326,,0.1739,9,0.5186,,0.6043,6,0.2543,8,0.4315,5,0.9047,2
遊戲,30000,0.0,指定 GPU:效能,9,28439,0.2842,0.4781,AMD R5 5600XT,RX7650GRE,B550M,0.7545,,0.5227,,0.0597,15,0.5326,,0.1739,9,0.5186,,0.6043,6,0.2543,8,0.4315,5,0.9047,2
遊戲,30000,0.0,指定 GPU:效能,10,28389,0.2848,0.4781,AMD R5 5600XT,RX7650GRE,B550M,0.7545,,0.5227,,0.0597,15,0.5326,,0.1739,9,0.5186,,0.6043,6,0.2543,8,0.4315,5,0.9047,2
遊戲,30000,0.0,指定 GPU:效能,11,28739,0.2852,0.4781,AMD R5 5600XT,RX7650GRE,B550M,0.7545,,0.5227,,0.0597,15,0.5326,,0.1739,9,0.5186,,0.6043,6,0.2543,8,0.4315,5,0.9047,2
遊戲,30000,0.0,指定 GPU:效能,12,28339,0.2846,0.4781,AMD R5 5600XT,RX7650GRE,B550M,0.7545,,0.5227,,0.0597,15,0.5326,,0.1739,9,0.5186,,0.6043,6,0.2543,8,0.4315,5,0.9047,2
遊戲,30000,0.0,指定 GPU:效能,13,28489,0.2849,0.4781,AMD R5 5600XT,RX7650GRE,B550M,0.7545,,0.5227,,0.0597,15,0.5326,,0.1739,9,0.5186,,0.6043,6,0.2543,8,0.4315,5,0.9047,2
遊戲,30000,0.0,指定 GPU:效能,14,28539,0.2849,0.4781,AMD R5 5600XT,RX7650GRE,B550M,0.7545,,0.5227,,0.0597,15,0.5326,,0.1739,9,0.5186,,0.6043,6,0.2543,8,0.4315,5,0.9047,2
遊戲,30000,0.0,指定 GPU:效能,15,28599,0.2857,0.4781,AMD R5 5600XT,RX7650GRE,B550M,0.7545,,0.5227,,0.0597,15,0.5326,,0.1739,9,0.5186,,0.6043,6,0.2543,8,0.4315,5,0.9047,2
遊戲,30000,0.0,指定 GPU:效能,16,28639,0.285,0.4781,AMD R5 5600XT,RX7650GRE,B550M,0.7545,,0.5227,,0.0597,15,0.5326,,0.1739,9,0.5186,,0.6043,6,0.2543,8,0.4315,5,0.9047,2
遊戲,30000,0.0,指定 GPU:效能,17,28939,0.2855,0.4781,AMD R5 5600XT,RX7650GRE,B550M,0.7545,,0.5227,,0.0597,15,0.5326,,0.1739,9,0.5186,,0.6043,6,0.2543,8,0.4315,5,0.9047,2
遊戲,30000,0.0,指定 GPU:效能,18,28499,0.2856,0.4781,AMD R5 5600XT,RX7650GRE,B550M,0.7545,,0.5227,,0.0597,15,0.5326,,0.1739,9,0.5186,,0.6043,6,0.2543,8,0.4315,5,0.9047,2
遊戲,30000,0.0,指定 GPU:效能,19,28299,0.2847,0.4781,AMD R5 5600XT,RX7650GRE,B550M,0.7545,,0.5227,,0.0597,15,0.5326,,0.1739,9,0.5186,,0.6043,6,0.2543,8,0.4315,5,0.9047,2
遊戲,30000,0.0,指定 GPU:穩定,0,28439,0.2847,0.4781,AMD R5 5600XT,RX7650GRE,B550M,0.7545,,0.5227,,0.0597,15,0.5326,,0.1739,9,0.5186,,0.6043,6,0.2543,8,0.4315,5,0.9047,2
遊戲,30000,0.0,指定 GPU:穩定,1,28789,0.2854,0.4781,AMD R5 5600XT,RX7650GRE,B550M,0.7545,,0.5227,,0.0597,15,0.5326,,0.1739,9,0.5186,,0.6043,6,0.2543,8,0.4315,5,0.9047,2
遊戲,30000,0.0,指定 GPU:穩定,2,28439,0.2847,0.4781,AMD R5 5600XT,RX7650GRE,B550M,0.7545,,0.5227,,0.0597,15,0.5326,,0.1739,9,0.5186,,0.6043,6,0.2543,8,0.4315,5,0.9047,2
遊戲,30000,0.0,指定 GPU:穩定,3,28239,0.2839,0.4781,AMD R5 5600XT,RX7650GRE,B550M,0.7545,,0.5227,,0.0597,15,0.5326,,0.1739,9,0.5186,,0.6043,6,0.2543,8,0.4315,5,0.9047,2
遊戲,30000,0.0,指定 GPU:穩定,4,28039,0.2825,0.4781,AMD R5 5600XT,RX7650GRE,B550M,0.7545,,0.5227,,0.0597,15,0.5326,,0.1739,9,0.5186,,0.6043,6,0.2543,8,0.4315,5,0.9047,2
遊戲,30000,0.0,指定 GPU:穩定,5,28439,0.2847,0.4781,AMD R5 5600XT,RX7650GRE,B550M,0.7545,,0.5227,,0.0597,15,0.5326,,0.1739,9,0.5186,,0.6043,6,0.2543,8,0.4315,5,0.9047,2
遊戲,30000,0.0,指定 GPU:穩定,6,28439,0.2847,0.4781,AMD R5 5600XT,RX7650GRE,B550M,0.7545,,0.5227,,0.0597,15,0.5326,,0.1739,9,0.5186,,0.6043,6,0.2543,8,0.4315,5,0.9047,2
遊戲,30000,0.0,指定 GPU:穩定,7,28239,0.2834,0.4781,AMD R5 5600XT,RX7650GRE,B550M,0.7545,,0.5227,,0.0597,15,0.5326,,0.1739,9,0.5186,,0.6043,6,0.2543,8,0.4315,5,0.9047,2
遊戲,30000,0.0,指定 GPU:穩定,8,28939,0.2855,0.4781,AMD R5 5600XT,RX7650GRE,B550M,0.7545,,0.5227,,0.0597,15,0.5326,,0.1739,9,0.5186,,0.6043,6,0.2543,8,0.4315,5,0.9047,2
遊戲,30000,0.0,指定 GPU:穩定,9,28849,0.2864,0.4781,AMD R5 5600XT,RX7650GRE,B550M,0.7545,,0.5227,,0.0597,15,0.5326,,0.1739,9,0.5186,,0.6043,6,0.2543,8,0.4315,5,0.9047,2
遊戲,30000,0.0,指定 GPU:穩定,10,28139,0.2827,0.4781,AMD R5 5600XT,RX7650GRE,B550M,0.7545,,0.5227,,0.0597,15,0.5326,,0.1739,9,0.5186,,0.6043,6,0.2543,8,0.4315,5,0.9047,2
遊戲,30000,0.0,指定 GPU:穩定,11,28339,0.2846,0.4781,AMD R5 5600XT,RX7650GRE,B550M,0.7545,,0.5227,,0.0597,15,0.5326,,0.1739,9,0.5186,,0.6043,6,0.2543,8,0.4315,5,0.9047,2
遊戲,30000,0.0,指定 GPU:穩定,12,28539,0.2849,0.4781,AMD R5 5600XT,RX7650GRE,B550M,0.7545,,0.5227,,0.0597,15,0.5326,,0.1739,9,0.5186,,0.6043,6,0.2543,8,0.4315,5,0.9047,2
遊戲,30000,0.0,指定 GPU:穩定,13,28499,0.2856,0.4781,AMD R5 5600XT,RX7650GRE,B550M,0.7545,,0.5227,,0.0597,15,0.5326,,0.1739,9,0.5186,,0.6043,6,0.2543,8,0.4315,5,0.9047,2
遊戲,30000,0.0,指定 GPU:穩定,14,28239,0.2839,0.4781,AMD R5 5600XT,RX7650GRE,B550M,0.7545,,0.5227,,0.0597,15,0.5326,,0.1739,9,0.5186,,0.6043,6,0.2543,8,0.4315,5,0.9047,2
遊戲,30000,0.0,指定 GPU:穩定,15,28499,0.285,0.4781,AMD R5 5600XT,RX7650GRE,B550M,0.7545,,0.5227,,0.0597,15,0.5326,,0.1739,9,0.5186,,0.6043,6,0.2543,8,0.4315,5,0.9047,2
遊戲,30000,0.0,指定 GPU:穩定,16,28699,0.2858,0.4781,AMD R5 5600XT,RX7650GRE,B550M,0.7545,,0.5227,,0.0597,15,0.5326,,0.1739,9,0.5186,,0.6043,6,0.2543,8,0.4315,5,0.9047,2
遊戲,30000,0.0,指定 GPU:穩定,17,28239,0.2839,0.4781,AMD R5 5600XT,RX7650GRE,B550M,0.7545,,0.5227,,0.0597,15,0.5326,,0.1739,9,0.5186,,0.6043,6,0.2543,8,0.4315,5,0.9047,2
遊戲,30000,0.0,指定 GPU:穩定,18,28339,0.2846,0.4781,AMD R5 5600XT,RX7650GRE,B550M,0.7545,,0.5227,,0.0597,15,0.5326,,0.1739,9,0.5186,,0.6043,6,0.2543,8,0.4315,5,0.9047,2
遊戲,30000,0.0,指定 GPU:穩定,19,28939,0.2887,0.4781,AMD R5 5600XT,RX7650GRE,B550M,0.7545,,0.5227,,0.0597,15,0.5326,,0.1739,9,0.5186,,0.6043,6,0.2543,8,0.4315,5,0.9047,2
遊戲,30000,0.0,指定 GPU:CP值,0,28539,0.2849,0.4781,AMD R5 5600XT,RX7650GRE,B550M,0.7545,,0.5227,,0.0597,15,0.5326,,0.1739,9,0.5186,,0.6043,6,0.2543,8,0.4315,5,0.9047,2
遊戲,30000,0.0,指定 GPU:CP值,1,28599,0.2846,0.4781,AMD R5 5600XT,RX7650GRE,B550M,0.7545,,0.5227,,0.0597,15,0.5326,,0.1739,9,0.5186,,0.6043,6,0.2543,8,0.4315,5,0.9047,2
遊戲,30000,0.0,指定 GPU:CP值,2,28439,0.2847,0.4781,AMD R5 5600XT,RX7650GRE,B550M,0.7545,,0.5227,,0.0597,15,0.5326,,0.1739,9,0.5186,,0.6043,6,0.2543,8,0.4315,5,0.9047,2
遊戲,30000,0.0,指定 GPU:CP值,3,29039,0.2893,0.4781,AMD R5 5600XT,RX7650GRE,B550M,0.7545,,0.5227,,0.0597,15,0.5326,,0.1739,9,0.5186,,0.6043,6,0.2543,8,0.4315,5,0.9047,2
遊戲,30000,0.0,指定 GPU:CP值,4,28239,0.2839,0.4781,AMD R5 5600XT,RX7650GRE,B550M,0.7545,,0.5227,,0.0597,15,0.5326,,0.1739,9,0.5186,,0.6043,6,0.2543,8,0.4315,5,0.9047,2
遊戲,30000,0.0,指定 GPU:CP值,5,28339,0.2846,0.4781,AMD R5 5600XT,RX7650GRE,B550M,0.7545,,0.5227,,0.0597,15,0.5326,,0.1739,9,0.5186,,0.6043,6,0.2543,8,0.4315,5,0.9047,2
遊戲,30000,0.0,指定 GPU:CP值,6,28539,0.2849,0.4781,AMD R5 5600XT,RX7650GRE,B550M,0.7545,,0.5227,,0.0597,15,0.5326,,0.1739,9,0.5186,,0.6043,6,0.2543,8,0.4315,5,0.9047,2
遊戲,30000,0.0,指定 GPU:CP值,7,28539,0.2844,0.4781,AMD R5 5600XT,RX7650GRE,B550M,0.7545,,0.5227,,0.0597,15,0.5326,,0.1739,9,0.5186,,0.6043,6,0.2543,8,0.4315,5,0.9047,2
遊戲,30000,0.0,指定 GPU:CP值,8,28239,0.2839,0.4781,AMD R5 5600XT,RX7650GRE,B550M,0.7545,,0.5227,,0.0597,15,0.5326,,0.1739,9,0.5186,,0.6043,6,0.2543,8,0.4315,5,0.9047,2
遊戲,30000,0.0,指定 GPU:CP值,9,28439,0.2843,0.4781,AMD R5 5600XT,RX7650GRE,B550M,0.7545,,0.5227,,0.0597,15,0.5326,,0.1739,9,0.5186,,0.6043,6,0.2543,8,0.4315,5,0.9047,2
遊戲,30000,0.0,指定 GPU:CP值,10,28539,0.2843,0.4781,AMD R5 5600XT,RX7650GRE,B550M,0.7545,,0.5227,,0.0597,15,0.5326,,0.1739,9,0.5186,,0.6043,6,0.2543,8,0.4315,5,0.9047,2
遊戲,30000,0.0,指定 GPU:CP值,11,28539,0.2843,0.4781,AMD R5 5600XT,RX7650GRE,B550M,0.7545,,0.5227,,0.0597,15,0.5326,,0.1739,9,0.5186,,0.6043,6,0.2543,8,0.4315,5,0.9047,2
遊戲,30000,0.0,指定 GPU:CP值,12,28339,0.2846,0.4781,AMD R5 5600XT,RX7650GRE,B550M,0.7545,,0.5227,,0.0597,15,0.5326,,0.1739,9,0.5186,,0.6043,6,0.2543,8,0.4315,5,0.9047,2
遊戲,30000,0.0,指定 GPU:CP值,13,28649,0.2862,0.4781,AMD R5 5600XT,RX7650GRE,B550M,0.7545,,0.5227,,0.0597,15,0.5326,,0.1739,9,0.5186,,0.6043,6,0.2543,8,0.4315,5,0.9047,2
遊戲,30000,0.0,指定 GPU:CP值,14,28639,0.2851,0.4781,AMD R5 5600XT,RX7650GRE,B550M,0.7545,,0.5227,,0.0597,15,0.5326,,0.1739,9,0.5186,,0.6043,6,0.2543,8,0.4315,5,0.9047,2
遊戲,30000,0.0,指定 GPU:CP值,15,28339,0.284,0.4781,AMD R5 5600XT,RX7650GRE,B550M,0.7545,,0.5227,,0.0597,15,0.5326,,0.1739,9,0.5186,,0.6043,6,0.2543,8,0.4315,5,0.9047,2
遊戲,30000,0.0,指定 GPU:CP值,16,28639,0.285,0.4781,AMD R5 5600XT,RX7650GRE,B550M,0.7545,,0.5227,,0.0597,15,0.5326,,0.1739,9,0.5186,,0.6043,6,0.2543,8,0.4315,5,0.9047,2
遊戲,30000,0.0,指定 GPU:CP值,17,28339,0.2846,0.4781,AMD R5 5600XT,RX7650GRE,B550M,0.7545,,0.5227,,0.0597,15,0.5326,,0.1739,9,0.5186,,0.6043,6,0.2543,8,0.4315,5,0.9047,2
遊戲,30000,0.0,指定 GPU:CP值,18,28639,0.2851,0.4781,AMD R5 5600XT,RX7650GRE,B550M,0.7545,,0.5227,,0.0597,15,0.5326,,0.1739,9,0.5186,,0.6043,6,0.2543,8,0.4315,5,0.9047,2
遊戲,30000,0.0,指定 GPU:CP值,19,28299,0.2842,0.4781,AMD R5 5600XT,RX7650GRE,B550M,0.7545,,0.5227,,0.0597,15,0.5326,,0.1739,9,0.5186,,0.6043,6,0.2543,8,0.4315,5,0.9047,2
遊戲,30000,0.0,指定 GPU:VRAM,0,28999,0.2863,0.4781,AMD R5 5600XT,RX7650GRE,B550M,0.7545,,0.5227,,0.0597,15,0.5326,,0.1739,9,0.5186,,0.6043,6,0.2543,8,0.4315,5,0.9047,2
遊戲,30000,0.0,指定 GPU:VRAM,1,28339,0.2846,0.4781,AMD R5 5600XT,RX7650GRE,B550M,0.7545,,0.5227,,0.0597,15,0.5326,,0.1739,9,0.5186,,0.6043,6,0.2543,8,0.4315,5,0.9047,2
遊戲,30000,0.0,指定 GPU:VRAM,2,28439,0.2847,0.4781,AMD R5 5600XT,RX7650GRE,B550M,0.7545,,0.5227,,0.0597,15,0.5326,,0.1739,9,0.5186,,0.6043,6,0.2543,8,0.4315,5,0.9047,2
遊戲,30000,0.0,指定 GPU:VRAM,3,28599,0.2857,0.4781,AMD R5 5600XT,RX7650GRE,B550M,0.7545,,0.5227,,0.0597,15,0.5326,,0.1739,9,0.5186,,0.6043,6,0.2543,8,0.4315,5,0.9047,2
遊戲,30000,0.0,指定 GPU:VRAM,4,28639,0.2851,0.4781,AMD R5 5600XT,RX7650GRE,B550M,0.7545,,0.5227,,0.0597,15,0.5326,,0.1739,9,0.5186,,0.6043,6,0.2543,8,0.4315,5,0.9047,2
遊戲,30000,0.0,指定 GPU:VRAM,5,28339,0.2846,0.4781,AMD R5 5600XT,RX7650GRE,B550M,0.7545,,0.5227,,0.0597,15,0.5326,,0.1739,9,0.5186,,0.6043,6,0.2543,8,0.4315,5,0.9047,2
遊戲,30000,0.0,指定 GPU:VRAM,6,28439,0.2848,0.4781,AMD R5 5600XT,RX7650GRE,B550M,0.7545,,0.5227,,0.0597,15,0.5326,,0.1739,9,0.5186,,0.6043,6,0.2543,8,0.4315,5,0.9047,2
遊戲,30000,0.0,指定 GPU:VRAM,7,28339,0.2846,0.4781,AMD R5 5600XT,RX7650GRE,B550M,0.7545,,0.5227,,0.0597,15,0.5326,,0.1739,9,0.5186,,0.6043,6,0.2543,8,0.4315,5,0.9047,2
遊戲,30000,0.0,指定 GPU:VRAM,8,28439,0.2868,0.4781,AMD R5 5600XT,RX7650GRE,B550M,0.7545,,0.5227,,0.0597,15,0.5326,,0.1739,9,0.5186,,0.6043,6,0.2543,8,0.4315,5,0.9047,2
遊戲,30000,0.0,指定 GPU:VRAM,9,28339,0.2846,0.4781,AMD R5 5600XT,RX7650GRE,B550M,0.7545,,0.5227,,0.0597,15,0.5326,,0.1739,9,0.5186,,0.6043,6,0.2543,8,0.4315,5,0.9047,2
遊戲,30000,0.0,指定 GPU:VRAM,10,28389,0.2842,0.4781,AMD R5 5600XT,RX7650GRE,B550M,0.7545,,0.5227,,0.0597,15,0.5326,,0.1739,9,0.5186,,0.6043,6,0.2543,8,0.4315,5,0.9047,2
遊戲,30000,0.0,指定 GPU:VRAM,11,28339,0.2846,0.4781,AMD R5 5600XT,RX7650GRE,B550M,0.7545,,0.5227,,0.0597,15,0.5326,,0.1739,9,0.5186,,0.6043,6,0.2543,8,0.4315,5,0.9047,2
遊戲,30000,0.0,指定 GPU:VRAM,12,28339,0.2846,0.4781,AMD R5 5600XT,RX7650GRE,B550M,0.7545,,0.5227,,0.0597,15,0.5326,,0.1739,9,0.5186,,0.6043,6,0.2543,8,0.4315,5,0.9047,2
遊戲,30000,0.0,指定 GPU:VRAM,13,28999,0.2863,0.4781,AMD R5 5600XT,RX7650GRE,B550M,0.7545,,0.5227,,0.0597,15,0.5326,,0.1739,9,0.5186,,0.6043,6,0.2543,8,0.4315,5,0.9047,2
遊戲,30000,0.0,指定 GPU:VRAM,14,28339,0.2846,0.4781,AMD R5 5600XT,RX7650GRE,B550M,0.7545,,0.5227,,0.0597,15,0.5326,,0.1739,9,0.5186,,0.6043,6,0.2543,8,0.4315,5,0.9047,2
遊戲,30000,0.0,指定 GPU:VRAM,15,28339,0.2846,0.4781,AMD R5 5600XT,RX7650GRE,B550M,0.7545,,0.5227,,0.0597,15,0.5326,,0.1739,9,0.5186,,0.6043,6,0.2543,8,0.4315,5,0.9047,2
遊戲,30000,0.0,指定 GPU:VRAM,16,28699,0.2859,0.4781,AMD R5 5600XT,RX7650GRE,B550M,0.7545,,0.5227,,0.0597,15,0.5326,,0.1739,9,0.5186,,0.6043,6,0.2543,8,0.4315,5,0.9047,2
遊戲,30000,0.0,指定 GPU:VRAM,17,28439,0.2848,0.4781,AMD R5 5600XT,RX7650GRE,B550M,0.7545,,0.5227,,0.0597,15,0.5326,,0.1739,9,0.5186,,0.6043,6,0.2543,8,0.4315,5,0.9047,2
遊戲,30000,0.0,指定 GPU:VRAM,18,28789,0.2893,0.4781,AMD R5 5600XT,RX7650GRE,B550M,0.7545,,0.5227,,0.0597,15,0.5326,,0.1739,9,0.5186,,0.6043,6,0.2543,8,0.4315,5,0.9047,2
遊戲,30000,0.0,指定 GPU:VRAM,19,28999,0.2864,0.4781,AMD R5 5600XT,RX7650GRE,B550M,0.7545,,0.5227,,0.0597,15,0.5326,,0.1739,9,0.5186,,0.6043,6,0.2543,8,0.4315,5,0.9047,2
遊戲,30000,0.0,指定 主機板:用料,0,28439,0.2848,0.4781,AMD R5 5600XT,RX7650GRE,B550M,0.7545,,0.5227,,0.0597,15,0.5326,,0.1739,9,0.5186,,0.6043,6,0.2543,8,0.4315,5,0.9047,2
遊戲,30000,0.0,指定 主機板:用料,1,28589,0.2843,0.4781,AMD R5 5600XT,RX7650GRE,B550M,0.7545,,0.5227,,0.0597,15,0.5326,,0.1739,9,0.5186,,0.6043,6,0.2543,8,0.4315,5,0.9047,2
遊戲,30000,0.0,指定 主機板:用料,2,28539,0.2849,0.4781,AMD R5 5600XT,RX7650GRE,B550M,0.7545,,0.5227,,0.0597,15,0.5326,,0.1739,9,0.5186,,0.6043,6,0.2543,8,0.4315,5,0.9047,2
遊戲,30000,0.0,指定 主機板:用料,3,28339,0.2846,0.4781,AMD R5 5600XT,RX7650GRE,B550M,0.7545,,0.5227,,0.0597,15,0.5326,,0.1739,9,0.5186,,0.6043,6,0.2543,8,0.4315,5,0.9047,2
遊戲,30000,0.0,指定 主機板:用料,4,28439,0.2848,0.4781,AMD R5 5600XT,RX7650GRE,B550M,0.7545,,0.5227,,0.0597,15,0.5326,,0.1739,9,0.5186,,0.6043,6,0.2543,8,0.4315,5,0.9047,2
遊戲,30000,0.0,指定 主機板:用料,5,28439,0.2848,0.4781,AMD R5 5600XT,RX7650GRE,B550M,0.7545,,0.5227,,0.0597,15,0.5326,,0.1739,9,0.5186,,0.6043,6,0.2543,8,0.4315,5,0.9047,2
遊戲,30000,0.0,指定 主機板:用料,6,28439,0.2847,0.4781,AMD R5 5600XT,RX7650GRE,B550M,0.7545,,0.5227,,0.0597,15,0.5326,,0.1739,9,0.5186,,0.6043,6,0.2543,8,0.4315,5,0.9047,2
遊戲,30000,0.0,指定 主機板:用料,7,28499,0.2856,0.4781,AMD R5 5600XT,RX7650GRE,B550M,0.7545,,0.5227,,0.0597,15,0.5326,,0.1739,9,0.5186,,0.6043,6,0.2543,8,0.4315,5,0.9047,2
遊戲,30000,0.0,指定 主機板:用料,8,28539,0.2849,0.4781,AMD R5 5600XT,RX7650GRE,B550M,0.7545,,0.5227,,0.0597,15,0.5326,,0.1739,9,0.5186,,0.6043,6,0.2543,8,0.4315,5,0.9047,2
遊戲,30000,0.0,指定 主機板:用料,9,28539,0.2843,0.4781,AMD R5 5600XT,RX7650GRE,B550M,0.7545,,0.5227,,0.0597,15,0.5326,,0.1739,9,0.5186,,0.6043,6,0.2543,8,0.4315,5,0.9047,2
遊戲,30000,0.0,指定 主機板:用料,10,28499,0.2856,0.4781,AMD R5 5600XT,RX7650GRE,B550M,0.7545,,0.5227,,0.0597,15,0.5326,,0.1739,9,0.5186,,0.6043,6,0.2543,8,0.4315,5,0.9047,2
遊戲,30000,0.0,指定 主機板:用料,11,28839,0.2854,0.4781,AMD R5 5600XT,RX7650GRE,B550M,0.7545,,0.5227,,0.0597,15,0.5326,,0.1739,9,0.5186,,0.6043,6,0.2543,8,0.4315,5,0.9047,2
遊戲,30000,0.0,指定 主機板:用料,12,28339,0.2846,0.4781,AMD R5 5600XT,RX7650GRE,B550M,0.7545,,0.5227,,0.0597,15,0.5326,,0.1739,9,0.5186,,0.6043,6,0.2543,8,0.4315,5,0.9047,2
遊戲,30000,0.0,指定 主機板:用料,13,27739,0.2826,0.4631,AMD R5 5600XT,RX7650GRE,A520M,0.7545,,0.5227,,0.0597,15,0.5326,,0.1739,9,0.5186,,0.6026,,0.4736,,0.4068,,0.4865,
遊戲,30000,0.0,指定 主機板:用料,14,28799,0.286,0.4781,AMD R5 5600XT,RX7650GRE,B550M,0.7545,,0.5227,,0.0597,15,0.5326,,0.1739,9,0.5186,,0.6043,6,0.2543,8,0.4315,5,0.9047,2
遊戲,30000,0.0,指定 主機板:用料,15,28499,0.2856,0.4781,AMD R5 5600XT,RX7650GRE,B550M,0.7545,,0.5227,,0.0597,15,0.5326,,0.1739,9,0.5186,,0.6043,6,0.2543,8,0.4315,5,0.9047,2
遊戲,30000,0.0,指定 主機板:用料,16,28399,0.2849,0.4781,AMD R5 5600XT,RX7650GRE,B550M,0.7545,,0.5227,,0.0597,15,0.5326,,0.1739,9,0.5186,,0.6043,6,0.2543,8,0.4315,5,0.9047,2
遊戲,30000,0.0,指定 主機板:用料,17,28639,0.2845,0.4781,AMD R5 5600XT,RX7650GRE,B550M,0.7545,,0.5227,,0.0597,15,0.5326,,0.1739,9,0.5186,,0.6043,6,0.2543,8,0.4315,5,0.9047,2
遊戲,30000,0.0,指定 主機板:用料,18,28499,0.2856,0.4781,AMD R5 5600XT,RX7650GRE,B550M,0.7545,,0.5227,,0.0597,15,0.5326,,0.1739,9,0.5186,,0.6043,6,0.2543,8,0.4315,5,0.9047,2
遊戲,30000,0.0,指定 主機板:用料,19,28439,0.2847,0.4781,AMD R5 5600XT,RX7650GRE,B550M,0.7545,,0.5227,,0.0597,15,0.5326,,0.1739,9,0.5186,,0.6043,6,0.2543,8,0.4315,5,0.9047,2
遊戲,30000,0.0,指定 主機板:擴充性,0,27839,0.2839,0.4631,AMD R5 5600XT,RX7650GRE,A520M,0.7545,,0.5227,,0.0597,15,0.5326,,0.1739,9,0.5186,,0.6026,,0.4736,,0.4068,,0.4865,
遊戲,30000,0.0,指定 主機板:擴充性,1,27939,0.284,0.4631,AMD R5 5600XT,RX7650GRE,A520M,0.7545,,0.5227,,0.0597,15,0.5326,,0.1739,9,0.5186,,0.6026,,0.4736,,0.4068,,0.4865,
遊戲,30000,0.0,指定 主機板:擴充性,2,27899,0.2847,0.4631,AMD R5 5600XT,RX7650GRE,A520M,0.7545,,0.5227,,0.0597,15,0.5326,,0.1739,9,0.5186,,0.6026,,0.4736,,0.4068,,0.4865,
遊戲,30000,0.0,指定 主機板:擴充性,3,27939,0.284,0.4631,AMD R5 5600XT,RX7650GRE,A520M,0.7545,,0.5227,,0.0597,15,0.5326,,0.1739,9,0.5186,,0.6026,,0.4736,,0.4068,,0.4865,
遊戲,30000,0.0,指定 主機板:擴充性,4,27839,0.2839,0.4631,AMD R5 5600XT,RX7650GRE,A520M,0.7545,,0.5227,,0.0597,15,0.5326,,0.1739,9,0.5186,,0.6026,,0.4736,,0.4068,,0.4865,
遊戲,30000,0.0,指定 主機板:擴充性,5,27939,0.284,0.4631,AMD R5 5600XT,RX7650GRE,A520M,0.7545,,0.5227,,0.0597,15,0.5326,,0.1739,9,0.5186,,0.6026,,0.4736,,0.4068,,0.4865,
遊戲,30000,0.0,指定 主機板:擴充性,6,27839,0.2839,0.4631,AMD R5 5600XT,RX7650GRE,A520M,0.7545,,0.5227,,0.0597,15,0.5326,,0.1739,9,0.5186,,0.6026,,0.4736,,0.4068,,0.4865,
遊戲,30000,0.0,指定 主機板:擴充性,7,27989,0.2842,0.4631,AMD R5 5600XT,RX7650GRE,A520M,0.7545,,0.5227,,0.0597,15,0.5326,,0.1739,9,0.5186,,0.6026,,0.4736,,0.4068,,0.4865,
遊戲,30000,0.0,指定 主機板:擴充性,8,27839,0.2839,0.4631,AMD R5 5600XT,RX7650GRE,A520M,0.7545,,0.5227,,0.0597,15,0.5326,,0.1739,9,0.5186,,0.6026,,0.4736,,0.4068,,0.4865,
遊戲,30000,0.0,指定 主機板:擴充性,9,27999,0.2849,0.4631,AMD R5 5600XT,RX7650GRE,A520M,0.7545,,0.5227,,0.0597,15,0.5326,,0.1739,9,0.5186,,0.6026,,0.4736,,0.4068,,0.4865,
遊戲,30000,0.0,指定 主機板:擴充性,10,27839,0.2839,0.4631,AMD R5 5600XT,RX7650GRE,A520M,0.7545,,0.5227,,0.0597,15,0.5326,,0.1739,9,0.5186,,0.6026,,0.4736,,0.4068,,0.4865,
遊戲,30000,0.0,指定 主機板:擴充性,11,27839,0.2833,0.4631,AMD R5 5600XT,RX7650GRE,A520M,0.7545,,0.5227,,0.0597,15,0.5326,,0.1739,9,0.5186,,0.6026,,0.4736,,0.4068,,0.4865,
遊戲,30000,0.0,指定 主機板:擴充性,12,28039,0.2842,0.4631,AMD R5 5600XT,RX7650GRE,A520M,0.7545,,0.5227,,0.0597,15,0.5326,,0.1739,9,0.5186,,0.6026,,0.4736,,0.4068,,0.4865,
遊戲,30000,0.0,指定 主機板:擴充性,13,27839,0.2839,0.4631,AMD R5 5600XT,RX7650GRE,A520M,0.7545,,0.5227,,0.0597,15,0.5326,,0.1739,9,0.5186,,0.6026,,0.4736,,0.4068,,0.4865,
遊戲,30000,0.0,指定 主機板:擴充性,14,27839,0.2839,0.4631,AMD R5 5600XT,RX7650GRE,A520M,0.7545,,0.5227,,0.0597,15,0.5326,,0.1739,9,0.5186,,0.6026,,0.4736,,0.4068,,0.4865,
遊戲,30000,0.0,指定 主機板:擴充性,15,27739,0.2832,0.4631,AMD R5 5600XT,RX7650GRE,A520M,0.7545,,0.5227,,0.0597,15,0.5326,,0.1739,9,0.5186,,0.6026,,0.4736,,0.4068,,0.4865,
遊戲,30000,0.0,指定 主機板:擴充性,16,27999,0.2848,0.4631,AMD R5 5600XT,RX7650GRE,A520M,0.7545,,0.5227,,0.0597,15,0.5326,,0.1739,9,0.5186,,0.6026,,0.4736,,0.4068,,0.4865,
遊戲,30000,0.0,指定 主機板:擴充性,17,27939,0.284,0.4631,AMD R5 5600XT,RX7650GRE,A520M,0.7545,,0.5227,,0.0597,15,0.5326,,0.1739,9,0.5186,,0.6026,,0.4736,,0.4068,,0.4865,
遊戲,30000,0.0,指定 主機板:擴充性,18,27839,0.2839,0.4631,AMD R5 5600XT,RX7650GRE,A520M,0.7545,,0.5227,,0.0597,15,0.5326,,0.1739,9,0.5186,,0.6026,,0.4736,,0.4068,,0.4865,
遊戲,30000,0.0,指定 主機板:擴充性,19,27839,0.2833,0.4631,AMD R5 5600XT,RX7650GRE,A520M,0.7545,,0.5227,,0.0597,15,0.5326,,0.1739,9,0.5186,,0.6026,,0.4736,,0.4068,,0.4865,
遊戲,30000,0.0,指定 主機板:穩定,0,28639,0.2851,0.4781,AMD R5 5600XT,RX7650GRE,B550M,0.7545,,0.5227,,0.0597,15,0.5326,,0.1739,9,0.5186,,0.6043,6,0.2543,8,0.4315,5,0.9047,2
遊戲,30000,0.0,指定 主機板:穩定,1,28239,0.2839,0.4781,AMD R5 5600XT,RX7650GRE,B550M,0.7545,,0.5227,,0.0597,15,0.5326,,0.1739,9,0.5186,,0.6043,6,0.2543,8,0.4315,5,0.9047,2
遊戲,30000,0.0,指定 主機板:穩定,2,28739,0.2853,0.4781,AMD R5 5600XT,RX7650GRE,B550M,0.7545,,0.5227,,0.0597,15,0.5326,,0.1739,9,0.5186,,0.6043,6,0.2543,8,0.4315,5,0.9047,2
遊戲,30000,0.0,指定 主機板:穩定,3,28339,0.2846,0.4781,AMD R5 5600XT,RX7650GRE,B550M,0.7545,,0.5227,,0.0597,15,0.5326,,0.1739,9,0.5186,,0.6043,6,0.2543,8,0.4315,5,0.9047,2
遊戲,30000,0.0,指定 主機板:穩定,4,28339,0.2846,0.4781,AMD R5 5600XT,RX7650GRE,B550M,0.7545,,0.5227,,0.0597,15,0.5326,,0.1739,9,0.5186,,0.6043,6,0.2543,8,0.4315,5,0.9047,2
遊戲,30000,0.0,指定 主機板:穩定,5,28439,0.2848,0.4781,AMD R5 5600XT,RX7650GRE,B550M,0.7545,,0.5227,,0.0597,15,0.5326,,0.1739,9,0.5186,,0.6043,6,0.2543,8,0.4315,5,0.9047,2
遊戲,30000,0.0,指定 主機板:穩定,6,28639,0.2851,0.4781,AMD R5 5600XT,RX7650GRE,B550M,0.7545,,0.5227,,0.0597,15,0.5326,,0.1739,9,0.5186,,0.6043,6,0.2543,8,0.4315,5,0.9047,2
遊戲,30000,0.0,指定 主機板:穩定,7,28439,0.2847,0.4781,AMD R5 5600XT,RX7650GRE,B550M,0.7545,,0.5227,,0.0597,15,0.5326,,0.1739,9,0.5186,,0.6043,6,0.2543,8,0.4315,5,0.9047,2
遊戲,30000,0.0,指定 主機板:穩定,8,28239,0.2834,0.4781,AMD R5 5600XT,RX7650GRE,B550M,0.7545,,0.5227,,0.0597,15,0.5326,,0.1739,9,0.5186,,0.6043,6,0.2543,8,0.4315,5,0.9047,2
遊戲,30000,0.0,指定 主機板:穩定,9,28839,0.2853,0.4781,AMD R5 5600XT,RX7650GRE,B550M,0.7545,,0.5227,,0.0597,15,0.5326,,0.1739,9,0.5186,,0.6043,6,0.2543,8,0.4315,5,0.9047,2
遊戲,30000,0.0,指定 主機板:穩定,10,28139,0.2832,0.4781,AMD R5 5600XT,RX7650GRE,B550M,0.7545,,0.5227,,0.0597,15,0.5326,,0.1739,9,0.5186,,0.6043,6,0.2543,8,0.4315,5,0.9047,2
遊戲,30000,0.0,指定 主機板:穩定,11,28639,0.2851,0.4781,AMD R5 5600XT,RX7650GRE,B550M,0.7545,,0.5227,,0.0597,15,0.5326,,0.1739,9,0.5186,,0.6043,6,0.2543,8,0.4315,5,0.9047,2
遊戲,30000,0.0,指定 主機板:穩定,12,28439,0.2847,0.4781,AMD R5 5600XT,RX7650GRE,B550M,0.7545,,0.5227,,0.0597,15,0.5326,,0.1739,9,0.5186,,0.6043,6,0.2543,8,0.4315,5,0.9047,2
遊戲,30000,0.0,指定 主機板:穩定,13,28439,0.2848,0.4781,AMD R5 5600XT,RX7650GRE,B550M,0.7545,,0.5227,,0.0597,15,0.5326,,0.1739,9,0.5186,,0.6043,6,0.2543,8,0.4315,5,0.9047,2
遊戲,30000,0.0,指定 主機板:穩定,14,28439,0.2848,0.4781,AMD R5 5600XT,RX7650GRE,B550M,0.7545,,0.5227,,0.0597,15,0.5326,,0.1739,9,0.5186,,0.6043,6,0.2543,8,0.4315,5,0.9047,2
遊戲,30000,0.0,指定 主機板:穩定,15,29739,0.2834,0.4781,AMD R5 5600XT,RX7650GRE,B550M,0.7545,,0.5227,,0.0597,15,0.5326,,0.1739,9,0.5186,,0.6043,6,0.2543,8,0.4315,5,0.9047,2
遊戲,30000,0.0,指定 主機板:穩定,16,28539,0.2849,0.4781,AMD R5 5600XT,RX7650GRE,B550M,0.7545,,0.5227,,0.0597,15,0.5326,,0.1739,9,0.5186,,0.6043,6,0.2543,8,0.4315,5,0.9047,2
遊戲,30000,0.0,指定 主機板:穩定,17,28439,0.2842,0.4781,AMD R5 5600XT,RX7650GRE,B550M,0.7545,,0.5227,,0.0597,15,0.5326,,0.1739,9,0.5186,,0.6043,6,0.2543,8,0.4315,5,0.9047,2
遊戲,30000,0.0,指定 主機板:穩定,18,28539,0.2849,0.4781,AMD R5 5600XT,RX7650GRE,B550M,0.7545,,0.5227,,0.0597,15,0.5326,,0.1739,9,0.5186,,0.6043,6,0.2543,8,0.4315,5,0.9047,2
遊戲,30000,0.0,指定 主機板:穩定,19,28439,0.2847,0.4781,AMD R5 5600XT,RX7650GRE,B550M,0.7545,,0.5227,,0.0597,15,0.5326,,0.1739,9,0.5186,,0.6043,6,0.2543,8,0.4315,5,0.9047,2
遊戲,30000,0.0,指定 主機板:CP值,0,28339,0.2846,0.4781,AMD R5 5600XT,RX7650GRE,B550M,0.7545,,0.5227,,0.0597,15,0.5326,,0.1739,9,0.5186,,0.6043,6,0.2543,8,0.4315,5,0.9047,2
遊戲,30000,0.0,指定 主機板:CP值,1,28339,0.2846,0.4781,AMD R5 5600XT,RX7650GRE,B550M,0.7545,,0.5227,,0.0597,15,0.5326,,0.1739,9,0.5186,,0.6043,6,0.2543,8,0.4315,5,0.9047,2
遊戲,30000,0.0,指定 主機板:CP值,2,28539,0.2849,0.4781,AMD R5 5600XT,RX7650GRE,B550M,0.7545,,0.5227,,0.0597,15,0.5326,,0.1739,9,0.5186,,0.6043,6,0.2543,8,0.4315,5,0.9047,2
遊戲,30000,0.0,指定 主機板:CP值,3,28599,0.2857,0.4781,AMD R5 5600XT,RX7650GRE,B550M,0.7545,,0.5227,,0.0597,15,0.5326,,0.1739,9,0.5186,,0.6043,6,0.2543,8,0.4315,5,0.9047,2
遊戲,30000,0.0,指定 主機板:CP值,4,29689,0.2931,0.4781,AMD R5 5600XT,RX7650GRE,B550M,0.7545,,0.5227,,0.0597,15,0.5326,,0.1739,9,0.5186,,0.6043,6,0.2543,8,0.4315,5,0.9047,2
遊戲,30000,0.0,指定 主機板:CP值,5,28339,0.2846,0.4781,AMD R5 5600XT,RX7650GRE,B550M,0.7545,,0.5227,,0.0597,15,0.5326,,0.1739,9,0.5186,,0.6043,6,0.2543,8,0.4315,5,0.9047,2
遊戲,30000,0.0,指定 主機板:CP值,6,28599,0.2858,0.4781,AMD R5 5600XT,RX7650GRE,B550M,0.7545,,0.5227,,0.0597,15,0.5326,,0.1739,9,0.5186,,0.6043,6,0.2543,8,0.4315,5,0.9047,2
遊戲,30000,0.0,指定 主機板:CP值,7,28339,0.2846,0.4781,AMD R5 5600XT,RX7650GRE,B550M,0.7545,,0.5227,,0.0597,15,0.5326,,0.1739,9,0.5186,,0.6043,6,0.2543,8,0.4315,5,0.9047,2
遊戲,30000,0.0,指定 主機板:CP值,8,28339,0.2846,0.4781,AMD R5 5600XT,RX7650GRE,B550M,0.7545,,0.5227,,0.0597,15,0.5326,,0.1739,9,0.5186,,0.6043,6,0.2543,8,0.4315,5,0.9047,2
遊戲,30000,0.0,指定 主機板:CP值,9,28439,0.2848,0.4781,AMD R5 5600XT,RX7650GRE,B550M,0.7545,,0.5227,,0.0597,15,0.5326,,0.1739,9,0.5186,,0.6043,6,0.2543,8,0.4315,5,0.9047,2
遊戲,30000,0.0,指定 主機板:CP值,10,28339,0.2846,0.4781,AMD R5 5600XT,RX7650GRE,B550M,0.7545,,0.5227,,0.0597,15,0.5326,,0.1739,9,0.5186,,0.6043,6,0.2543,8,0.4315,5,0.9047,2
遊戲,30000,0.0,指定 主機板:CP值,11,28689,0.2852,0.4781,AMD R5 5600XT,RX7650GRE,B550M,0.7545,,0.5227,,0.0597,15,0.5326,,0.1739,9,0.5186,,0.6043,6,0.2543,8,0.4315,5,0.9047,2
遊戲,30000,0.0,指定 主機板:CP值,12,28439,0.2847,0.4781,AMD R5 5600XT,RX7650GRE,B550M,0.7545,,0.5227,,0.0597,15,0.5326,,0.1739,9,0.5186,,0.6043,6,0.2543,8,0.4315,5,0.9047,2
遊戲,30000,0.0,指定 主機板:CP值,13,28639,0.2851,0.4781,AMD R5 5600XT,RX7650GRE,B550M,0.7545,,0.5227,,0.0597,15,0.5326,,0.1739,9,0.5186,,0.6043,6,0.2543,8,0.4315,5,0.9047,2
遊戲,30000,0.0,指定 主機板:CP值,14,28439,0.2847,0.4781,AMD R5 5600XT,RX7650GRE,B550M,0.7545,,0.5227,,0.0597,15,0.5326,,0.1739,9,0.5186,,0.6043,6,0.2543,8,0.4315,5,0.9047,2
遊戲,30000,0.0,指定 主機板:CP值,15,28199,0.284,0.4781,AMD R5 5600XT,RX7650GRE,B550M,0.7545,,0.5227,,0.0597,15,0.5326,,0.1739,9,0.5186,,0.6043,6,0.2543,8,0.4315,5,0.9047,2
遊戲,30000,0.0,指定 主機板:CP值,16,28739,0.2852,0.4781,AMD R5 5600XT,RX7650GRE,B550M,0.7545,,0.5227,,0.0597,15,0.5326,,0.1739,9,0.5186,,0.6043,6,0.2543,8,0.4315,5,0.9047,2
遊戲,30000,0.0,指定 主機板:CP值,17,28399,0.2854,0.4781,AMD R5 5600XT,RX7650GRE,B550M,0.7545,,0.5227,,0.0597,15,0.5326,,0.1739,9,0.5186,,0.6043,6,0.2543,8,0.4315,5,0.9047,2
遊戲,30000,0.0,指定 主機板:CP值,18,28239,0.2839,0.4781,AMD R5 5600XT,RX7650GRE,B550M,0.7545,,0.5227,,0.0597,15,0.5326,,0.1739,9,0.5186,,0.6043,6,0.2543,8,0.4315,5,0.9047,2
遊戲,30000,0.0,指定 主機板:CP值,19,28449,0.2856,0.4781,AMD R5 5600XT,RX7650GRE,B550M,0.7545,,0.5227,,0.0597,15,0.5326,,0.1739,9,0.5186,,0.6043,6,0.2543,8,0.4315,5,0.9047,2
遊戲,40000,0.0,無口碑,0,39499,0.396,0.5358,Intel Core Ultra 5 245KF,RX9060XT,B860M,0.6576,12,0.593,5,0.6335,4,1.0,1,0.6458,3,0.5162,4,0.6026,,0.4736,,0.4068,,0.5202,5
遊戲,40000,0.0,無口碑,1,33764,0.3313,0.4631,AMD R5 5600XT,RX7650GRE,A520M,0.7545,,0.5227,,0.0597,15,0.5326,,0.1739,9,0.5186,,0.6026,,0.4736,,0.4068,,0.4865,
遊戲,40000,0.0,無口碑,2,33489,0.3275,0.4631,AMD R5 5600XT,RX7650GRE,A520M,0.7545,,0.5227,,0.0597,15,0.5326,,0.1739,9,0.5186,,0.6026,,0.4736,,0.4068,,0.4865,
遊戲,40000,0.0,無口碑,3,33664,0.3306,0.4631,AMD R5 5600XT,RX7650GRE,A520M,0.7545,,0.5227,,0.0597,15,0.5326,,0.1739,9,0.5186,,0.6026,,0.4736,,0.4068,,0.4865,
遊戲,40000,0.0,無口碑,4,39999,0.3409,0.4113,Intel i5-14400F,RTX5060,B760M,0.6462,15,0.5828,7,0.5915,6,0.3043,8,0.4465,5,0.0,10,0.3525,8,0.2004,9,0.1753,8,0.8531,4
遊戲,40000,0.0,無口碑,5,38599,0.3359,0.4805,Intel i5-14400F,RX9060XT,B760M,0.6462,15,0.5828,7,0.6335,4,1.0,1,0.6458,3,0.5162,4,0.3525,8,0.2004,9,0.1753,8,0.8531,4
遊戲,40000,0.0,無口碑,6,39097,0.345,0.4113,Intel i5-14400F,RTX5060,B760M,0.6462,15,0.5828,7,0.5915,6,0.3043,8,0.4465,5,0.0,10,0.3525,8,0.2004,9,0.1753,8,0.8531,4
遊戲,40000,0.0,無口碑,7,33964,0.3317,0.4631,AMD R5 5600XT,RX7650GRE,A520M,0.7545,,0.5227,,0.0597,15,0.5326,,0.1739,9,0.5186,,0.6026,,0.4736,,0.4068,,0.4865,
遊戲,40000,0.0,無口碑,8,33964,0.3317,0.4631,AMD R5 5600XT,RX7650GRE,A520M,0.7545,,0.5227,,0.0597,15,0.5326,,0.1739,9,0.5186,,0.6026,,0.4736,,0.4068,,0.4865,
遊戲,40000,0.0,無口碑,9,39097,0.3455,0.4113,Intel i5-14400F,RTX5060,B760M,0.6462,15,0.5828,7,0.5915,6,0.3043,8,0.4465,5,0.0,10,0.3525,8,0.2004,9,0.1753,8,0.8531,4
遊戲,40000,0.0,無口碑,10,34064,0.3319,0.4631,AMD R5 5600XT,RX7650GRE,A520M,0.7545,,0.5227,,0.0597,15,0.5326,,0.1739,9,0.5186,,0.6026,,0.4736,,0.4068,,0.4865,
遊戲,40000,0.0,無口碑,11,39857,0.3991,0.4666,Intel Core Ultra 5 245KF,RTX5060,B860M,0.6576,12,0.593,5,0.5915,6,0.3043,8,0.4465,5,0.0,10,0.6026,,0.4736,,0.4068,,0.5202,5
遊戲,40000,0.0,無口碑,12,33864,0.3315,0.4631,AMD R5 5600XT,RX7650GRE,A520M,0.7545,,0.5227,,0.0597,15,0.5326,,0.1739,9,0.5186,,0.6026,,0.4736,,0.4068,,0.4865,
遊戲,40000,0.0,無口碑,13,39099,0.3965,0.5358,Intel Core Ultra 5 245KF,RX9060XT,B860M,0.6576,12,0.593,5,0.6335,4,1.0,1,0.6458,3,0.5162,4,0.6026,,0.4736,,0.4068,,0.5202,5
遊戲,40000,0.0,無口碑,14,39699,0.3609,0.4805,Intel i5-14400F,RX9060XT,B760M,0.6462,15,0.5828,7,0.6335,4,1.0,1,0.6458,3,0.5162,4,0.3525,8,0.2004,9,0.1753,8,0.8531,4
遊戲,40000,0.0,無口碑,15,37999,0.3375,0.4805,Intel i5-14400F,RX9060XT,B760M,0.6462,15,0.5828,7,0.6335,4,1.0,1,0.6458,3,0.5162,4,0.3525,8,0.2004,9,0.1753,8,0.8531,4
遊戲,40000,0.0,無口碑,16,33864,0.3315,0.4631,AMD R5 5600XT,RX7650GRE,A520M,0.7545,,0.5227,,0.0597,15,0.5326,,0.1739,9,0.5186,,0.6026,,0.4736,,0.4068,,0.4865,
遊戲,40000,0.0,無口碑,17,39974,0.3647,0.4805,Intel i5-14400F,RX9060XT,B760M,0.6462,15,0.5828,7,0.6335,4,1.0,1,0.6458,3,0.5162,4,0.3525,8,0.2004,9,0.1753,8,0.8531,4
遊戲,40000,0.0,無口碑,18,33764,0.3313,0.4631,AMD R5 5600XT,RX7650GRE,A520M,0.7545,,0.5227,,0.0597,15,0.5326,,0.1739,9,0.5186,,0.6026,,0.4736,,0.4068,,0.4865,
遊戲,40000,0.0,無口碑,19,33764,0.3313,0.4631,AMD R5 5600XT,RX7650GRE,A520M,0.7545,,0.5227,,0.0597,15,0.5326,,0.1739,9,0.5186,,0.6026,,0.4736,,0.4068,,0.4865,
遊戲,40000,0.0,有口碑,0,37699,0.3303,0.4805,Intel i5-14400F,RX9060XT,B760M,0.6462,15,0.5828,7,0.6335,4,1.0,1,0.6458,3,0.5162,4,0.3525,8,0.2004,9,0.1753,8,0.8531,4
遊戲,40000,0.0,有口碑,1,37859,0.3319,0.4805,Intel i5-14400F,RX9060XT,B760M,0.6462,15,0.5828,7,0.6335,4,1.0,1,0.6458,3,0.5162,4,0.3525,8,0.2004,9,0.1753,8,0.8531,4
遊戲,40000,0.0,有口碑,2,31749,0.2986,0.4781,AMD R5 5600XT,RX7650GRE,B550M,0.7545,,0.5227,,0.0597,15,0.5326,,0.1739,9,0.5186,,0.6043,6,0.2543,8,0.4315,5,0.9047,2
遊戲,40000,0.0,有口碑,3,39089,0.3602,0.6778,AMD R7 7700,RX9060XT,B850M,0.983,2,1.0,1,0.6335,4,1.0,1,0.6458,3,0.5162,4,1.0,1,0.6879,3,0.566,3,0.5164,6
遊戲,40000,0.0,有口碑,4,31749,0.2986,0.4781,AMD R5 5600XT,RX7650GRE,B550M,0.7545,,0.5227,,0.0597,15,0.5326,,0.1739,9,0.5186,,0.6043,6,0.2543,8,0.4315,5,0.9047,2
遊戲,40000,0.0,有口碑,5,39149,0.361,0.6778,AMD R7 7700,RX9060XT,B850M,0.983,2,1.0,1,0.6335,4,1.0,1,0.6458,3,0.5162,4,1.0,1,0.6879,3,0.566,3,0.5164,6
遊戲,40000,0.0,有口碑,6,39349,0.3614,0.6778,AMD R7 7700,RX9060XT,B850M,0.983,2,1.0,1,0.6335,4,1.0,1,0.6458,3,0.5162,4,1.0,1,0.6879,3,0.566,3,0.5164,6
遊戲,40000,0.0,有口碑,7,31849,0.2987,0.4781,AMD R5 5600XT,RX7650GRE,B550M,0.7545,,0.5227,,0.0597,15,0.5326,,0.1739,9,0.5186,,0.6043,6,0.2543,8,0.4315,5,0.9047,2
遊戲,40000,0.0,有口碑,8,37859,0.3319,0.4805,Intel i5-14400F,RX9060XT,B760M,0.6462,15,0.5828,7,0.6335,4,1.0,1,0.6458,3,0.5162,4,0.3525,8,0.2004,9,0.1753,8,0.8531,4
遊戲,40000,0.0,有口碑,9,31949,0.2989,0.4781,AMD R5 5600XT,RX7650GRE,B550M,0.7545,,0.5227,,0.0597,15,0.5326,,0.1739,9,0.5186,,0.6043,6,0.2543,8,0.4315,5,0.9047,2
遊戲,40000,0.0,有口碑,10,31749,0.2986,0.4781,AMD R5 5600XT,RX7650GRE,B550M,0.7545,,0.5227,,0.0597,15,0.5326,,0.1739,9,0.5186,,0.6043,6,0.2543,8,0.4315,5,0.9047,2
遊戲,40000,0.0,有口碑,11,31789,0.2979,0.4781,AMD R5 5600XT,RX7650GRE,B550M,0.7545,,0.5227,,0.0597,15,0.5326,,0.1739,9,0.5186,,0.6043,6,0.2543,8,0.4315,5,0.9047,2
遊戲,40000,0.0,有口碑,12,37559,0.3314,0.4805,Intel i5-14400F,RX9060XT,B760M,0.6462,15,0.5828,7,0.6335,4,1.0,1,0.6458,3,0.5162,4,0.3525,8,0.2004,9,0.1753,8,0.8531,4
遊戲,40000,0.0,有口碑,13,38949,0.3607,0.6778,AMD R7 7700,RX9060XT,B850M,0.983,2,1.0,1,0.6335,4,1.0,1,0.6458,3,0.5162,4,1.0,1,0.6879,3,0.566,3,0.5164,6
遊戲,40000,0.0,有口碑,14,37859,0.3318,0.4805,Intel i5-14400F,RX9060XT,B760M,0.6462,15,0.5828,7,0.6335,4,1.0,1,0.6458,3,0.5162,4,0.3525,8,0.2004,9,0.1753,8,0.8531,4
遊戲,40000,0.0,有口碑,15,32149,0.2992,0.4781,AMD R5 5600XT,RX7650GRE,B550M,0.7545,,0.5227,,0.0597,15,0.5326,,0.1739,9,0.5186,,0.6043,6,0.2543,8,0.4315,5,0.9047,2
遊戲,40000,0.0,有口碑,16,31849,0.2988,0.4781,AMD R5 5600XT,RX7650GRE,B550M,0.7545,,0.5227,,0.0597,15,0.5326,,0.1739,9,0.5186,,0.6043,6,0.2543,8,0.4315,5,0.9047,2
遊戲,40000,0.0,有口碑,17,39449,0.3602,0.6778,AMD R7 7700,RX9060XT,B850M,0.983,2,1.0,1,0.6335,4,1.0,1,0.6458,3,0.5162,4,1.0,1,0.6879,3,0.566,3,0.5164,6
遊戲,40000,0.0,有口碑,18,37559,0.3314,0.4805,Intel i5-14400F,RX9060XT,B760M,0.6462,15,0.5828,7,0.6335,4,1.0,1,0.6458,3,0.5162,4,0.3525,8,0.2004,9,0.1753,8,0.8531,4
遊戲,40000,0.0,有口碑,19,31849,0.2987,0.4781,AMD R5 5600XT,RX7650GRE,B550M,0.7545,,0.5227,,0.0597,15,0.5326,,0.1739,9,0.5186,,0.6043,6,0.2543,8,0.4315,5,0.9047,2
遊戲,40000,0.0,指定 CPU:效能,0,37559,0.3314,0.4805,Intel i5-14400F,RX9060XT,B760M,0.6462,15,0.5828,7,0.6335,4,1.0,1,0.6458,3,0.5162,4,0.3525,8,0.2004,9,0.1753,8,0.8531,4
遊戲,40000,0.0,指定 CPU:效能,1,38359,0.332,0.4805,Intel i5-14400F,RX9060XT,B760M,0.6462,15,0.5828,7,0.6335,4,1.0,1,0.6458,3,0.5162,4,0.3525,8,0.2004,9,0.1753,8,0.8531,4
遊戲,40000,0.0,指定 CPU:效能,2,39149,0.361,0.6778,AMD R7 7700,RX9060XT,B850M,0.983,2,1.0,1,0.6335,4,1.0,1,0.6458,3,0.5162,4,1.0,1,0.6879,3,0.566,3,0.5164,6
遊戲,40000,0.0,指定 CPU:效能,3,39049,0.3609,0.6778,AMD R7 7700,RX9060XT,B850M,0.983,2,1.0,1,0.6335,4,1.0,1,0.6458,3,0.5162,4,1.0,1,0.6879,3,0.566,3,0.5164,6
遊戲,40000,0.0,指定 CPU:效能,4,39049,0.3609,0.6778,AMD R7 7700,RX9060XT,B850M,0.983,2,1.0,1,0.6335,4,1.0,1,0.6458,3,0.5162,4,1.0,1,0.6879,3,0.566,3,0.5164,6
遊戲,40000,0.0,指定 CPU:效能,5,37799,0.3347,0.4805,Intel i5-14400F,RX9060XT,B760M,0.6462,15,0.5828,7,0.6335,4,1.0,1,0.6458,3,0.5162,4,0.3525,8,0.2004,9,0.1753,8,0.8531,4
遊戲,40000,0.0,指定 CPU:效能,6,39149,0.361,0.6778,AMD R7 7700,RX9060XT,B850M,0.983,2,1.0,1,0.6335,4,1.0,1,0.6458,3,0.5162,4,1.0,1,0.6879,3,0.566,3,0.5164,6
遊戲,40000,0.0,指定 CPU:效能,7,37559,0.3314,0.4805,Intel i5-14400F,RX9060XT,B760M,0.6462,15,0.5828,7,0.6335,4,1.0,1,0.6458,3,0.5162,4,0.3525,8,0.2004,9,0.1753,8,0.8531,4
遊戲,40000,0.0,指定 CPU:效能,8,37659,0.3316,0.4805,Intel i5-14400F,RX9060XT,B760M,0.6462,15,0.5828,7,0.6335,4,1.0,1,0.6458,3,0.5162,4,0.3525,8,0.2004,9,0.1753,8,0.8531,4
遊戲,40000,0.0,指定 CPU:效能,9,37559,0.3314,0.4805,Intel i5-14400F,RX9060XT,B760M,0.6462,15,0.5828,7,0.6335,4,1.0,1,0.6458,3,0.5162,4,0.3525,8,0.2004,9,0.1753,8,0.8531,4
遊戲,40000,0.0,指定 CPU:效能,10,38199,0.3318,0.4805,Intel i5-14400F,RX9060XT,B760M,0.6462,15,0.5828,7,0.6335,4,1.0,1,0.6458,3,0.5162,4,0.3525,8,0.2004,9,0.1753,8,0.8531,4
遊戲,40000,0.0,指定 CPU:效能,11,37959,0.332,0.4805,Intel i5-14400F,RX9060XT,B760M,0.6462,15,0.5828,7,0.6335,4,1.0,1,0.6458,3,0.5162,4,0.3525,8,0.2004,9,0.1753,8,0.8531,4
遊戲,40000,0.0,指定 CPU:效能,12,38949,0.3607,0.6778,AMD R7 7700,RX9060XT,B850M,0.983,2,1.0,1,0.6335,4,1.0,1,0.6458,3,0.5162,4,1.0,1,0.6879,3,0.566,3,0.5164,6
遊戲,40000,0.0,指定 CPU:效能,13,38949,0.3607,0.6778,AMD R7 7700,RX9060XT,B850M,0.983,2,1.0,1,0.6335,4,1.0,1,0.6458,3,0.5162,4,1.0,1,0.6879,3,0.566,3,0.5164,6
遊戲,40000,0.0,指定 CPU:效能,14,37459,0.3307,0.4805,Intel i5-14400F,RX9060XT,B760M,0.6462,15,0.5828,7,0.6335,4,1.0,1,0.6458,3,0.5162,4,0.3525,8,0.2004,9,0.1753,8,0.8531,4
遊戲,40000,0.0,指定 CPU:效能,15,31849,0.2988,0.4781,AMD R5 5600XT,RX7650GRE,B550M,0.7545,,0.5227,,0.0597,15,0.5326,,0.1739,9,0.5186,,0.6043,6,0.2543,8,0.4315,5,0.9047,2
遊戲,40000,0.0,指定 CPU:效能,16,31689,0.2978,0.4781,AMD R5 5600XT,RX7650GRE,B550M,0.7545,,0.5227,,0.0597,15,0.5326,,0.1739,9,0.5186,,0.6043,6,0.2543,8,0.4315,5,0.9047,2
遊戲,40000,0.0,指定 CPU:效能,17,38359,0.3326,0.4805,Intel i5-14400F,RX9060XT,B760M,0.6462,15,0.5828,7,0.6335,4,1.0,1,0.6458,3,0.5162,4,0.3525,8,0.2004,9,0.1753,8,0.8531,4
遊戲,40000,0.0,指定 CPU:效能,18,39089,0.3603,0.6778,AMD R7 7700,RX9060XT,B850M,0.983,2,1.0,1,0.6335,4,1.0,1,0.6458,3,0.5162,4,1.0,1,0.6879,3,0.566,3,0.5164,6
遊戲,40000,0.0,指定 CPU:效能,19,38359,0.3326,0.4805,Intel i5-14400F,RX9060XT,B760M,0.6462,15,0.5828,7,0.6335,4,1.0,1,0.6458,3,0.5162,4,0.3525,8,0.2004,9,0.1753,8,0.8531,4
遊戲,40000,0.0,指定 CPU:CP值,0,38849,0.36,0.6778,AMD R7 7700,RX9060XT,B850M,0.983,2,1.0,1,0.6335,4,1.0,1,0.6458,3,0.5162,4,1.0,1,0.6879,3,0.566,3,0.5164,6
遊戲,40000,0.0,指定 CPU:CP值,1,37559,0.3314,0.4805,Intel i5-14400F,RX9060XT,B760M,0.6462,15,0.5828,7,0.6335,4,1.0,1,0.6458,3,0.5162,4,0.3525,8,0.2004,9,0.1753,8,0.8531,4
遊戲,40000,0.0,指定 CPU:CP值,2,31749,0.2986,0.4781,AMD R5 5600XT,RX7650GRE,B550M,0.7545,,0.5227,,0.0597,15,0.5326,,0.1739,9,0.5186,,0.6043,6,0.2543,8,0.4315,5,0.9047,2
遊戲,40000,0.0,指定 CPU:CP值,3,37659,0.3316,0.4805,Intel i5-14400F,RX9060XT,B760M,0.6462,15,0.5828,7,0.6335,4,1.0,1,0.6458,3,0.5162,4,0.3525,8,0.2004,9,0.1753,8,0.8531,4
遊戲,40000,0.0,指定 CPU:CP值,4,31989,0.3019,0.4781,AMD R5 5600XT,RX7650GRE,B550M,0.7545,,0.5227,,0.0597,15,0.5326,,0.1739,9,0.5186,,0.6043,6,0.2543,8,0.4315,5,0.9047,2
遊戲,40000,0.0,指定 CPU:CP值,5,32149,0.2992,0.4781,AMD R5 5600XT,RX7650GRE,B550M,0.7545,,0.5227,,0.0597,15,0.5326,,0.1739,9,0.5186,,0.6043,6,0.2543,8,0.4315,5,0.9047,2
遊戲,40000,0.0,指定 CPU:CP值,6,39049,0.3609,0.6778,AMD R7 7700,RX9060XT,B850M,0.983,2,1.0,1,0.6335,4,1.0,1,0.6458,3,0.5162,4,1.0,1,0.6879,3,0.566,3,0.5164,6
遊戲,40000,0.0,指定 CPU:CP值,7,31649,0.2979,0.4781,AMD R5 5600XT,RX7650GRE,B550M,0.7545,,0.5227,,0.0597,15,0.5326,,0.1739,9,0.5186,,0.6043,6,0.2543,8,0.4315,5,0.9047,2
遊戲,40000,0.0,指定 CPU:CP值,8,37559,0.3314,0.4805,Intel i5-14400F,RX9060XT,B760M,0.6462,15,0.5828,7,0.6335,4,1.0,1,0.6458,3,0.5162,4,0.3525,8,0.2004,9,0.1753,8,0.8531,4
遊戲,40000,0.0,指定 CPU:CP值,9,37559,0.3314,0.4805,Intel i5-14400F,RX9060XT,B760M,0.6462,15,0.5828,7,0.6335,4,1.0,1,0.6458,3,0.5162,4,0.3525,8,0.2004,9,0.1753,8,0.8531,4
遊戲,40000,0.0,指定 CPU:CP值,10,39099,0.397,0.5358,Intel Core Ultra 5 245KF,RX9060XT,B860M,0.6576,12,0.593,5,0.6335,4,1.0,1,0.6458,3,0.5162,4,0.6026,,0.4736,,0.4068,,0.5202,5
遊戲,40000,0.0,指定 CPU:CP值,11,37559,0.3309,0.4805,Intel i5-14400F,RX9060XT,B760M,0.6462,15,0.5828,7,0.6335,4,1.0,1,0.6458,3,0.5162,4,0.3525,8,0.2004,9,0.1753,8,0.8531,4
遊戲,40000,0.0,指定 CPU:CP值,12,38949,0.3607,0.6778,AMD R7 7700,RX9060XT,B850M,0.983,2,1.0,1,0.6335,4,1.0,1,0.6458,3,0.5162,4,1.0,1,0.6879,3,0.566,3,0.5164,6
遊戲,40000,0.0,指定 CPU:CP值,13,37859,0.3318,0.4805,Intel i5-14400F,RX9060XT,B760M,0.6462,15,0.5828,7,0.6335,4,1.0,1,0.6458,3,0.5162,4,0.3525,8,0.2004,9,0.1753,8,0.8531,4
遊戲,40000,0.0,指定 CPU:CP值,14,37759,0.3317,0.4805,Intel i5-14400F,RX9060XT,B760M,0.6462,15,0.5828,7,0.6335,4,1.0,1,0.6458,3,0.5162,4,0.3525,8,0.2004,9,0.1753,8,0.8531,4
遊戲,40000,0.0,指定 CPU:CP值,15,37459,0.3302,0.4805,Intel i5-14400F,RX9060XT,B760M,0.6462,15,0.5828,7,0.6335,4,1.0,1,0.6458,3,0.5162,4,0.3525,8,0.2004,9,0.1753,8,0.8531,4
遊戲,40000,0.0,指定 CPU:CP值,16,38059,0.3314,0.4805,Intel i5-14400F,RX9060XT,B760M,0.6462,15,0.5828,7,0.6335,4,1.0,1,0.6458,3,0.5162,4,0.3525,8,0.2004,9,0.1753,8,0.8531,4
遊戲,40000,0.0,指定 CPU:CP值,17,38899,0.3932,0.5358,Intel Core Ultra 5 245KF,RX9060XT,B860M,0.6576,12,0.593,5,0.6335,4,1.0,1,0.6458,3,0.5162,4,0.6026,,0.4736,,0.4068,,0.5202,5
遊戲,40000,0.0,指定 CPU:CP值,18,37859,0.3318,0.4805,Intel i5-14400F,RX9060XT,B760M,0.6462,15,0.5828,7,0.6335,4,1.0,1,0.6458,3,0.5162,4,0.3525,8,0.2004,9,0.1753,8,0.8531,4
遊戲,40000,0.0,指定 CPU:CP值,19,39049,0.3609,0.6778,AMD R7 7700,RX9060XT,B850M,0.983,2,1.0,1,0.6335,4,1.0,1,0.6458,3,0.5162,4,1.0,1,0.6879,3,0.566,3,0.5164,6
遊戲,40000,0.0,指定 GPU:效能,0,38949,0.3607,0.6778,AMD R7 7700,RX9060XT,B850M,0.983,2,1.0,1,0.6335,4,1.0,1,0.6458,3,0.5162,4,1.0,1,0.6879,3,0.566,3,0.5164,6
遊戲,40000,0.0,指定 GPU:效能,1,39149,0.361,0.6778,AMD R7 7700,RX9060XT,B850M,0.983,2,1.0,1,0.6335,4,1.0,1,0.6458,3,0.5162,4,1.0,1,0.6879,3,0.566,3,0.5164,6
遊戲,40000,0.0,指定 GPU:效能,2,37459,0.3307,0.4805,Intel i5-14400F,RX9060XT,B760M,0.6462,15,0.5828,7,0.6335,4,1.0,1,0.6458,3,0.5162,4,0.3525,8,0.2004,9,0.1753,8,0.8531,4
遊戲,40000,0.0,指定 GPU:效能,3,37499,0.3326,0.4805,Intel i5-14400F,RX9060XT,B760M,0.6462,15,0.5828,7,0.6335,4,1.0,1,0.6458,3,0.5162,4,0.3525,8,0.2004,9,0.1753,8,0.8531,4
遊戲,40000,0.0,指定 GPU:效能,4,38949,0.3607,0.6778,AMD R7 7700,RX9060XT,B850M,0.983,2,1.0,1,0.6335,4,1.0,1,0.6458,3,0.5162,4,1.0,1,0.6879,3,0.566,3,0.5164,6
遊戲,40000,0.0,指定 GPU:效能,5,37499,0.3306,0.4805,Intel i5-14400F,RX9060XT,B760M,0.6462,15,0.5828,7,0.6335,4,1.0,1,0.6458,3,0.5162,4,0.3525,8,0.2004,9,0.1753,8,0.8531,4
遊戲,40000,0.0,指定 GPU:效能,6,38099,0.3307,0.4805,Intel i5-14400F,RX9060XT,B760M,0.6462,15,0.5828,7,0.6335,4,1.0,1,0.6458,3,0.5162,4,0.3525,8,0.2004,9,0.1753,8,0.8531,4
遊戲,40000,0.0,指定 GPU:效能,7,31849,0.2988,0.4781,AMD R5 5600XT,RX7650GRE,B550M,0.7545,,0.5227,,0.0597,15,0.5326,,0.1739,9,0.5186,,0.6043,6,0.2543,8,0.4315,5,0.9047,2
遊戲,40000,0.0,指定 GPU:效能,8,39049,0.3609,0.6778,AMD R7 7700,RX9060XT,B850M,0.983,2,1.0,1,0.6335,4,1.0,1,0.6458,3,0.5162,4,1.0,1,0.6879,3,0.566,3,0.5164,6
遊戲,40000,0.0,指定 GPU:效能,9,37759,0.3311,0.4805,Intel i5-14400F,RX9060XT,B760M,0.6462,15,0.5828,7,0.6335,4,1.0,1,0.6458,3,0.5162,4,0.3525,8,0.2004,9,0.1753,8,0.8531,4
遊戲,40000,0.0,指定 GPU:效能,10,37659,0.3316,0.4805,Intel i5-14400F,RX9060XT,B760M,0.6462,15,0.5828,7,0.6335,4,1.0,1,0.6458,3,0.5162,4,0.3525,8,0.2004,9,0.1753,8,0.8531,4
遊戲,40000,0.0,指定 GPU:效能,11,37559,0.3314,0.4805,Intel i5-14400F,RX9060XT,B760M,0.6462,15,0.5828,7,0.6335,4,1.0,1,0.6458,3,0.5162,4,0.3525,8,0.2004,9,0.1753,8,0.8531,4
遊戲,40000,0.0,指定 GPU:效能,12,39049,0.3609,0.6778,AMD R7 7700,RX9060XT,B850M,0.983,2,1.0,1,0.6335,4,1.0,1,0.6458,3,0.5162,4,1.0,1,0.6879,3,0.566,3,0.5164,6
遊戲,40000,0.0,指定 GPU:效能,13,37759,0.3317,0.4805,Intel i5-14400F,RX9060XT,B760M,0.6462,15,0.5828,7,0.6335,4,1.0,1,0.6458,3,0.5162,4,0.3525,8,0.2004,9,0.1753,8,0.8531,4
遊戲,40000,0.0,指定 GPU:效能,14,37459,0.3307,0.4805,Intel i5-14400F,RX9060XT,B760M,0.6462,15,0.5828,7,0.6335,4,1.0,1,0.6458,3,0.5162,4,0.3525,8,0.2004,9,0.1753,8,0.8531,4
遊戲,40000,0.0,指定 GPU:效能,15,38949,0.3607,0.6778,AMD R7 7700,RX9060XT,B850M,0.983,2,1.0,1,0.6335,4,1.0,1,0.6458,3,0.5162,4,1.0,1,0.6879,3,0.566,3,0.5164,6
遊戲,40000,0.0,指定 GPU:效能,16,37699,0.3296,0.4805,Intel i5-14400F,RX9060XT,B760M,0.6462,15,0.5828,7,0.6335,4,1.0,1,0.6458,3,0.5162,4,0.3525,8,0.2004,9,0.1753,8,0.8531,4
遊戲,40000,0.0,指定 GPU:效能,17,39249,0.3613,0.6778,AMD R7 7700,RX9060XT,B850M,0.983,2,1.0,1,0.6335,4,1.0,1,0.6458,3,0.5162,4,1.0,1,0.6879,3,0.566,3,0.5164,6
遊戲,40000,0.0,指定 GPU:效能,18,37659,0.3316,0.4805,Intel i5-14400F,RX9060XT,B760M,0.6462,15,0.5828,7,0.6335,4,1.0,1,0.6458,3,0.5162,4,0.3525,8,0.2004,9,0.1753,8,0.8531,4
遊戲,40000,0.0,指定 GPU:效能,19,39049,0.3604,0.6778,AMD R7 7700,RX9060XT,B850M,0.983,2,1.0,1,0.6335,4,1.0,1,0.6458,3,0.5162,4,1.0,1,0.6879,3,0.566,3,0.5164,6
遊戲,40000,0.0,指定 GPU:穩定,0,31749,0.2986,0.4781,AMD R5 5600XT,RX7650GRE,B550M,0.7545,,0.5227,,0.0597,15,0.5326,,0.1739,9,0.5186,,0.6043,6,0.2543,8,0.4315,5,0.9047,2
遊戲,40000,0.0,指定 GPU:穩定,1,39459,0.3308,0.4805,Intel i5-14400,RX9060XT,B760M,0.6462,15,0.5828,7,0.6335,4,1.0,1,0.6458,3,0.5162,4,0.3525,8,0.2004,9,0.1753,8,0.8531,4
遊戲,40000,0.0,指定 GPU:穩定,2,37559,0.3314,0.4805,Intel i5-14400F,RX9060XT,B760M,0.6462,15,0.5828,7,0.6335,4,1.0,1,0.6458,3,0.5162,4,0.3525,8,0.2004,9,0.1753,8,0.8531,4
遊戲,40000,0.0,指定 GPU:穩定,3,37659,0.3305,0.4805,Intel i5-14400F,RX9060XT,B760M,0.6462,15,0.5828,7,0.6335,4,1.0,1,0.6458,3,0.5162,4,0.3525,8,0.2004,9,0.1753,8,0.8531,4
遊戲,40000,0.0,指定 GPU:穩定,4,38459,0.3329,0.4805,Intel i5-14400F,RX9060XT,B760M,0.6462,15,0.5828,7,0.6335,4,1.0,1,0.6458,3,0.5162,4,0.3525,8,0.2004,9,0.1753,8,0.8531,4
遊戲,40000,0.0,指定 GPU:穩定,5,38949,0.3602,0.6778,AMD R7 7700,RX9060XT,B850M,0.983,2,1.0,1,0.6335,4,1.0,1,0.6458,3,0.5162,4,1.0,1,0.6879,3,0.566,3,0.5164,6
遊戲,40000,0.0,指定 GPU:穩定,6,39099,0.3381,0.4805,Intel i5-14400F,RX9060XT,B760M,0.6462,15,0.5828,7,0.6335,4,1.0,1,0.6458,3,0.5162,4,0.3525,8,0.2004,9,0.1753,8,0.8531,4
遊戲,40000,0.0,指定 GPU:穩定,7,31949,0.2989,0.4781,AMD R5 5600XT,RX7650GRE,B550M,0.7545,,0.5227,,0.0597,15,0.5326,,0.1739,9,0.5186,,0.6043,6,0.2543,8,0.4315,5,0.9047,2
遊戲,40000,0.0,指定 GPU:穩定,8,38949,0.3607,0.6778,AMD R7 7700,RX9060XT,B850M,0.983,2,1.0,1,0.6335,4,1.0,1,0.6458,3,0.5162,4,1.0,1,0.6879,3,0.566,3,0.5164,6
遊戲,40000,0.0,指定 GPU:穩定,9,37959,0.332,0.4805,Intel i5-14400F,RX9060XT,B760M,0.6462,15,0.5828,7,0.6335,4,1.0,1,0.6458,3,0.5162,4,0.3525,8,0.2004,9,0.1753,8,0.8531,4
遊戲,40000,0.0,指定 GPU:穩定,10,37399,0.3294,0.4805,Intel i5-14400F,RX9060XT,B760M,0.6462,15,0.5828,7,0.6335,4,1.0,1,0.6458,3,0.5162,4,0.3525,8,0.2004,9,0.1753,8,0.8531,4
遊戲,40000,0.0,指定 GPU:穩定,11,37599,0.3307,0.4805,Intel i5-14400F,RX9060XT,B760M,0.6462,15,0.5828,7,0.6335,4,1.0,1,0.6458,3,0.5162,4,0.3525,8,0.2004,9,0.1753,8,0.8531,4
遊戲,40000,0.0,指定 GPU:穩定,12,37499,0.3306,0.4805,Intel i5-14400F,RX9060XT,B760M,0.6462,15,0.5828,7,0.6335,4,1.0,1,0.6458,3,0.5162,4,0.3525,8,0.2004,9,0.1753,8,0.8531,4
遊戲,40000,0.0,指定 GPU:穩定,13,39149,0.361,0.6778,AMD R7 7700,RX9060XT,B850M,0.983,2,1.0,1,0.6335,4,1.0,1,0.6458,3,0.5162,4,1.0,1,0.6879,3,0.566,3,0.5164,6
遊戲,40000,0.0,指定 GPU:穩定,14,37559,0.3314,0.4805,Intel i5-14400F,RX9060XT,B760M,0.6462,15,0.5828,7,0.6335,4,1.0,1,0.6458,3,0.5162,4,0.3525,8,0.2004,9,0.1753,8,0.8531,4
遊戲,40000,0.0,指定 GPU:穩定,15,31849,0.2987,0.4781,AMD R5 5600XT,RX7650GRE,B550M,0.7545,,0.5227,,0.0597,15,0.5326,,0.1739,9,0.5186,,0.6043,6,0.2543,8,0.4315,5,0.9047,2
遊戲,40000,0.0,指定 GPU:穩定,16,39699,0.3981,0.5358,Intel Core Ultra 5 245KF,RX9060XT,B860M,0.6576,12,0.593,5,0.6335,4,1.0,1,0.6458,3,0.5162,4,0.6026,,0.4736,,0.4068,,0.5202,5
遊戲,40000,0.0,指定 GPU:穩定,17,38499,0.3321,0.4805,Intel i5-14400F,RX9060XT,B760M,0.6462,15,0.5828,7,0.6335,4,1.0,1,0.6458,3,0.5162,4,0.3525,8,0.2004,9,0.1753,8,0.8531,4
遊戲,40000,0.0,指定 GPU:穩定,18,37659,0.3305,0.4805,Intel i5-14400F,RX9060XT,B760M,0.6462,15,0.5828,7,0.6335,4,1.0,1,0.6458,3,0.5162,4,0.3525,8,0.2004,9,0.1753,8,0.8531,4
遊戲,40000,0.0,指定 GPU:穩定,19,38599,0.3361,0.4805,Intel i5-14400F,RX9060XT,B760M,0.6462,15,0.5828,7,0.6335,4,1.0,1,0.6458,3,0.5162,4,0.3525,8,0.2004,9,0.1753,8,0.8531,4
遊戲,40000,0.0,指定 GPU:CP值,0,38059,0.3322,0.4805,Intel i5-14400F,RX9060XT,B760M,0.6462,15,0.5828,7,0.6335,4,1.0,1,0.6458,3,0.5162,4,0.3525,8,0.2004,9,0.1753,8,0.8531,4
遊戲,40000,0.0,指定 GPU:CP值,1,39349,0.3613,0.6778,AMD R7 7700,RX9060XT,B850M,0.983,2,1.0,1,0.6335,4,1.0,1,0.6458,3,0.5162,4,1.0,1,0.6879,3,0.566,3,0.5164,6
遊戲,40000,0.0,指定 GPU:CP值,2,31749,0.2986,0.4781,AMD R5 5600XT,RX7650GRE,B550M,0.7545,,0.5227,,0.0597,15,0.5326,,0.1739,9,0.5186,,0.6043,6,0.2543,8,0.4315,5,0.9047,2
遊戲,40000,0.0,指定 GPU:CP值,3,31749,0.2986,0.4781,AMD R5 5600XT,RX7650GRE,B550M,0.7545,,0.5227,,0.0597,15,0.5326,,0.1739,9,0.5186,,0.6043,6,0.2543,8,0.4315,5,0.9047,2
遊戲,40000,0.0,指定 GPU:CP值,4,39149,0.3611,0.6778,AMD R7 7700,RX9060XT,B850M,0.983,2,1.0,1,0.6335,4,1.0,1,0.6458,3,0.5162,4,1.0,1,0.6879,3,0.566,3,0.5164,6
遊戲,40000,0.0,指定 GPU:CP值,5,37659,0.3316,0.4805,Intel i5-14400F,RX9060XT,B760M,0.6462,15,0.5828,7,0.6335,4,1.0,1,0.6458,3,0.5162,4,0.3525,8,0.2004,9,0.1753,8,0.8531,4
遊戲,40000,0.0,指定 GPU:CP值,6,39049,0.3604,0.6778,AMD R7 7700,RX9060XT,B850M,0.983,2,1.0,1,0.6335,4,1.0,1,0.6458,3,0.5162,4,1.0,1,0.6879,3,0.566,3,0.5164,6
遊戲,40000,0.0,指定 GPU:CP值,7,37459,0.3307,0.4805,Intel i5-14400F,RX9060XT,B760M,0.6462,15,0.5828,7,0.6335,4,1.0,1,0.6458,3,0.5162,4,0.3525,8,0.2004,9,0.1753,8,0.8531,4
遊戲,40000,0.0,指定 GPU:CP值,8,38548,0.3337,0.4805,Intel i5-14400F,RX9060XT,B760M,0.6462,15,0.5828,7,0.6335,4,1.0,1,0.6458,3,0.5162,4,0.3525,8,0.2004,9,0.1753,8,0.8531,4
遊戲,40000,0.0,指定 GPU:CP值,9,37659,0.3316,0.4805,Intel i5-14400F,RX9060XT,B760M,0.6462,15,0.5828,7,0.6335,4,1.0,1,0.6458,3,0.5162,4,0.3525,8,0.2004,9,0.1753,8,0.8531,4
遊戲,40000,0.0,指定 GPU:CP值,10,39189,0.3615,0.6778,AMD R7 7700,RX9060XT,B850M,0.983,2,1.0,1,0.6335,4,1.0,1,0.6458,3,0.5162,4,1.0,1,0.6879,3,0.566,3,0.5164,6
遊戲,40000,0.0,指定 GPU:CP值,11,37759,0.3317,0.4805,Intel i5-14400F,RX9060XT,B760M,0.6462,15,0.5828,7,0.6335,4,1.0,1,0.6458,3,0.5162,4,0.3525,8,0.2004,9,0.1753,8,0.8531,4
遊戲,40000,0.0,指定 GPU:CP值,12,31949,0.2989,0.4781,AMD R5 5600XT,RX7650GRE,B550M,0.7545,,0.5227,,0.0597,15,0.5326,,0.1739,9,0.5186,,0.6043,6,0.2543,8,0.4315,5,0.9047,2
遊戲,40000,0.0,指定 GPU:CP值,13,39049,0.3609,0.6778,AMD R7 7700,RX9060XT,B850M,0.983,2,1.0,1,0.6335,4,1.0,1,0.6458,3,0.5162,4,1.0,1,0.6879,3,0.566,3,0.5164,6
遊戲,40000,0.0,指定 GPU:CP值,14,39149,0.361,0.6778,AMD R7 7700,RX9060XT,B850M,0.983,2,1.0,1,0.6335,4,1.0,1,0.6458,3,0.5162,4,1.0,1,0.6879,3,0.566,3,0.5164,6
遊戲,40000,0.0,指定 GPU:CP值,15,39049,0.3609,0.6778,AMD R7 7700,RX9060XT,B850M,0.983,2,1.0,1,0.6335,4,1.0,1,0.6458,3,0.5162,4,1.0,1,0.6879,3,0.566,3,0.5164,6
遊戲,40000,0.0,指定 GPU:CP值,16,31749,0.2981,0.4781,AMD R5 5600XT,RX7650GRE,B550M,0.7545,,0.5227,,0.0597,15,0.5326,,0.1739,9,0.5186,,0.6043,6,0.2543,8,0.4315,5,0.9047,2
遊戲,40000,0.0,指定 GPU:CP值,17,38949,0.3607,0.6778,AMD R7 7700,RX9060XT,B850M,0.983,2,1.0,1,0.6335,4,1.0,1,0.6458,3,0.5162,4,1.0,1,0.6879,3,0.566,3,0.5164,6
遊戲,40000,0.0,指定 GPU:CP值,18,31749,0.2986,0.4781,AMD R5 5600XT,RX7650GRE,B550M,0.7545,,0.5227,,0.0597,15,0.5326,,0.1739,9,0.5186,,0.6043,6,0.2543,8,0.4315,5,0.9047,2
遊戲,40000,0.0,指定 GPU:CP值,19,31849,0.2987,0.4781,AMD R5 5600XT,RX7650GRE,B550M,0.7545,,0.5227,,0.0597,15,0.5326,,0.1739,9,0.5186,,0.6043,6,0.2543,8,0.4315,5,0.9047,2
遊戲,40000,0.0,指定 GPU:VRAM,0,38299,0.3356,0.4805,Intel i5-14400F,RX9060XT,B760M,0.6462,15,0.5828,7,0.6335,4,1.0,1,0.6458,3,0.5162,4,0.3525,8,0.2004,9,0.1753,8,0.8531,4
遊戲,40000,0.0,指定 GPU:VRAM,1,38359,0.3326,0.4805,Intel i5-14400F,RX9060XT,B760M,0.6462,15,0.5828,7,0.6335,4,1.0,1,0.6458,3,0.5162,4,0.3525,8,0.2004,9,0.1753,8,0.8531,4
遊戲,40000,0.0,指定 GPU:VRAM,2,38849,0.3595,0.6778,AMD R7 7700,RX9060XT,B850M,0.983,2,1.0,1,0.6335,4,1.0,1,0.6458,3,0.5162,4,1.0,1,0.6879,3,0.566,3,0.5164,6
遊戲,40000,0.0,指定 GPU:VRAM,3,37459,0.3307,0.4805,Intel i5-14400F,RX9060XT,B760M,0.6462,15,0.5828,7,0.6335,4,1.0,1,0.6458,3,0.5162,4,0.3525,8,0.2004,9,0.1753,8,0.8531,4
遊戲,40000,0.0,指定 GPU:VRAM,4,37499,0.3306,0.4805,Intel i5-14400F,RX9060XT,B760M,0.6462,15,0.5828,7,0.6335,4,1.0,1,0.6458,3,0.5162,4,0.3525,8,0.2004,9,0.1753,8,0.8531,4
遊戲,40000,0.0,指定 GPU:VRAM,5,31649,0.2979,0.4781,AMD R5 5600XT,RX7650GRE,B550M,0.7545,,0.5227,,0.0597,15,0.5326,,0.1739,9,0.5186,,0.6043,6,0.2543,8,0.4315,5,0.9047,2
遊戲,40000,0.0,指定 GPU:VRAM,6,31689,0.2978,0.4781,AMD R5 5600XT,RX7650GRE,B550M,0.7545,,0.5227,,0.0597,15,0.5326,,0.1739,9,0.5186,,0.6043,6,0.2543,8,0.4315,5,0.9047,2
遊戲,40000,0.0,指定 GPU:VRAM,7,32049,0.2991,0.4781,AMD R5 5600XT,RX7650GRE,B550M,0.7545,,0.5227,,0.0597,15,0.5326,,0.1739,9,0.5186,,0.6043,6,0.2543,8,0.4315,5,0.9047,2
遊戲,40000,0.0,指定 GPU:VRAM,8,31749,0.2986,0.4781,AMD R5 5600XT,RX7650GRE,B550M,0.7545,,0.5227,,0.0597,15,0.5326,,0.1739,9,0.5186,,0.6043,6,0.2543,8,0.4315,5,0.9047,2
遊戲,40000,0.0,指定 GPU:VRAM,9,37559,0.3314,0.4805,Intel i5-14400F,RX9060XT,B760M,0.6462,15,0.5828,7,0.6335,4,1.0,1,0.6458,3,0.5162,4,0.3525,8,0.2004,9,0.1753,8,0.8531,4
遊戲,40000,0.0,指定 GPU:VRAM,10,31749,0.2986,0.4781,AMD R5 5600XT,RX7650GRE,B550M,0.7545,,0.5227,,0.0597,15,0.5326,,0.1739,9,0.5186,,0.6043,6,0.2543,8,0.4315,5,0.9047,2
遊戲,40000,0.0,指定 GPU:VRAM,11,31749,0.298,0.4781,AMD R5 5600XT,RX7650GRE,B550M,0.7545,,0.5227,,0.0597,15,0.5326,,0.1739,9,0.5186,,0.6043,6,0.2543,8,0.4315,5,0.9047,2
遊戲,40000,0.0,指定 GPU:VRAM,12,37759,0.3317,0.4805,Intel i5-14400F,RX9060XT,B760M,0.6462,15,0.5828,7,0.6335,4,1.0,1,0.6458,3,0.5162,4,0.3525,8,0.2004,9,0.1753,8,0.8531,4
遊戲,40000,0.0,指定 GPU:VRAM,13,31749,0.2986,0.4781,AMD R5 5600XT,RX7650GRE,B550M,0.7545,,0.5227,,0.0597,15,0.5326,,0.1739,9,0.5186,,0.6043,6,0.2543,8,0.4315,5,0.9047,2
遊戲,40000,0.0,指定 GPU:VRAM,14,38259,0.3319,0.4805,Intel i5-14400F,RX9060XT,B760M,0.6462,15,0.5828,7,0.6335,4,1.0,1,0.6458,3,0.5162,4,0.3525,8,0.2004,9,0.1753,8,0.8531,4
遊戲,40000,0.0,指定 GPU:VRAM,15,31749,0.2986,0.4781,AMD R5 5600XT,RX7650GRE,B550M,0.7545,,0.5227,,0.0597,15,0.5326,,0.1739,9,0.5186,,0.6043,6,0.2543,8,0.4315,5,0.9047,2
遊戲,40000,0.0,指定 GPU:VRAM,16,32049,0.2991,0.4781,AMD R5 5600XT,RX7650GRE,B550M,0.7545,,0.5227,,0.0597,15,0.5326,,0.1739,9,0.5186,,0.6043,6,0.2543,8,0.4315,5,0.9047,2
遊戲,40000,0.0,指定 GPU:VRAM,17,38399,0.3345,0.4805,Intel i5-14400F,RX9060XT,B760M,0.6462,15,0.5828,7,0.6335,4,1.0,1,0.6458,3,0.5162,4,0.3525,8,0.2004,9,0.1753,8,0.8531,4
遊戲,40000,0.0,指定 GPU:VRAM,18,31949,0.2989,0.4781,AMD R5 5600XT,RX7650GRE,B550M,0.7545,,0.5227,,0.0597,15,0.5326,,0.1739,9,0.5186,,0.6043,6,0.2543,8,0.4315,5,0.9047,2
遊戲,40000,0.0,指定 GPU:VRAM,19,31949,0.2989,0.4781,AMD R5 5600XT,RX7650GRE,B550M,0.7545,,0.5227,,0.0597,15,0.5326,,0.1739,9,0.5186,,0.6043,6,0.2543,8,0.4315,5,0.9047,2
遊戲,40000,0.0,指定 主機板:用料,0,37859,0.3313,0.4805,Intel i5-14400F,RX9060XT,B760M,0.6462,15,0.5828,7,0.6335,4,1.0,1,0.6458,3,0.5162,4,0.3525,8,0.2004,9,0.1753,8,0.8531,4
遊戲,40000,0.0,指定 主機板:用料,1,39049,0.3609,0.6778,AMD R7 7700,RX9060XT,B850M,0.983,2,1.0,1,0.6335,4,1.0,1,0.6458,3,0.5162,4,1.0,1,0.6879,3,0.566,3,0.5164,6
遊戲,40000,0.0,指定 主機板:用料,2,38159,0.3312,0.4805,Intel i5-14400F,RX9060XT,B760M,0.6462,15,0.5828,7,0.6335,4,1.0,1,0.6458,3,0.5162,4,0.3525,8,0.2004,9,0.1753,8,0.8531,4
遊戲,40000,0.0,指定 主機板:用料,3,39589,0.3647,0.6778,AMD R7 7700,RX9060XT,B850M,0.983,2,1.0,1,0.6335,4,1.0,1,0.6458,3,0.5162,4,1.0,1,0.6879,3,0.566,3,0.5164,6
遊戲,40000,0.0,指定 主機板:用料,4,38949,0.3602,0.6778,AMD R7 7700,RX9060XT,B850M,0.983,2,1.0,1,0.6335,4,1.0,1,0.6458,3,0.5162,4,1.0,1,0.6879,3,0.566,3,0.5164,6
遊戲,40000,0.0,指定 主機板:用料,5,39149,0.361,0.6778,AMD R7 7700,RX9060XT,B850M,0.983,2,1.0,1,0.6335,4,1.0,1,0.6458,3,0.5162,4,1.0,1,0.6879,3,0.566,3,0.5164,6
遊戲,40000,0.0,指定 主機板:用料,6,39549,0.3616,0.6778,AMD R7 7700,RX9060XT,B850M,0.983,2,1.0,1,0.6335,4,1.0,1,0.6458,3,0.5162,4,1.0,1,0.6879,3,0.566,3,0.5164,6
遊戲,40000,0.0,指定 主機板:用料,7,39849,0.3375,0.5889,AMD R5 7500F,RX9060XT,B850M,0.9777,4,0.8478,2,0.6335,4,1.0,1,0.6458,3,0.5162,4,1.0,1,0.6879,3,0.566,3,0.5164,6
遊戲,40000,0.0,指定 主機板:用料,8,38158,0.3231,0.4805,Intel i5-14400,RX9060XT,B760M,0.6462,15,0.5828,7,0.6335,4,1.0,1,0.6458,3,0.5162,4,0.3525,8,0.2004,9,0.1753,8,0.8531,4
遊戲,40000,0.0,指定 主機板:用料,9,39049,0.3609,0.6778,AMD R7 7700,RX9060XT,B850M,0.983,2,1.0,1,0.6335,4,1.0,1,0.6458,3,0.5162,4,1.0,1,0.6879,3,0.566,3,0.5164,6
遊戲,40000,0.0,指定 主機板:用料,10,38889,0.3599,0.6778,AMD R7 7700,RX9060XT,B850M,0.983,2,1.0,1,0.6335,4,1.0,1,0.6458,3,0.5162,4,1.0,1,0.6879,3,0.566,3,0.5164,6
遊戲,40000,0.0,指定 主機板:用料,11,38199,0.3368,0.4805,Intel i5-14400F,RX9060XT,B760M,0.6462,15,0.5828,7,0.6335,4,1.0,1,0.6458,3,0.5162,4,0.3525,8,0.2004,9,0.1753,8,0.8531,4
遊戲,40000,0.0,指定 主機板:用料,12,38949,0.3607,0.6778,AMD R7 7700,RX9060XT,B850M,0.983,2,1.0,1,0.6335,4,1.0,1,0.6458,3,0.5162,4,1.0,1,0.6879,3,0.566,3,0.5164,6
遊戲,40000,0.0,指定 主機板:用料,13,38459,0.3321,0.4805,Intel i5-14400F,RX9060XT,B760M,0.6462,15,0.5828,7,0.6335,4,1.0,1,0.6458,3,0.5162,4,0.3525,8,0.2004,9,0.1753,8,0.8531,4
遊戲,40000,0.0,指定 主機板:用料,14,38099,0.3315,0.4805,Intel i5-14400F,RX9060XT,B760M,0.6462,15,0.5828,7,0.6335,4,1.0,1,0.6458,3,0.5162,4,0.3525,8,0.2004,9,0.1753,8,0.8531,4
遊戲,40000,0.0,指定 主機板:用料,15,37359,0.33,0.4805,Intel i5-14400F,RX9060XT,B760M,0.6462,15,0.5828,7,0.6335,4,1.0,1,0.6458,3,0.5162,4,0.3525,8,0.2004,9,0.1753,8,0.8531,4
遊戲,40000,0.0,指定 主機板:用料,16,39989,0.3592,0.6778,AMD R7 7700,RX9060XT,B850M,0.983,2,1.0,1,0.6335,4,1.0,1,0.6458,3,0.5162,4,1.0,1,0.6879,3,0.566,3,0.5164,6
遊戲,40000,0.0,指定 主機板:用料,17,37499,0.3306,0.4805,Intel i5-14400F,RX9060XT,B760M,0.6462,15,0.5828,7,0.6335,4,1.0,1,0.6458,3,0.5162,4,0.3525,8,0.2004,9,0.1753,8,0.8531,4
遊戲,40000,0.0,指定 主機板:用料,18,39059,0.3306,0.4805,Intel i5-14400,RX9060XT,B760M,0.6462,15,0.5828,7,0.6335,4,1.0,1,0.6458,3,0.5162,4,0.3525,8,0.2004,9,0.1753,8,0.8531,4
遊戲,40000,0.0,指定 主機板:用料,19,37559,0.3314,0.4805,Intel i5-14400F,RX9060XT,B760M,0.6462,15,0.5828,7,0.6335,4,1.0,1,0.6458,3,0.5162,4,0.3525,8,0.2004,9,0.1753,8,0.8531,4
遊戲,40000,0.0,指定 主機板:擴充性,0,31349,0.298,0.4631,AMD R5 5600XT,RX7650GRE,A520M,0.7545,,0.5227,,0.0597,15,0.5326,,0.1739,9,0.5186,,0.6026,,0.4736,,0.4068,,0.4865,
遊戲,40000,0.0,指定 主機板:擴充性,1,38949,0.3607,0.6778,AMD R7 7700,RX9060XT,B850M,0.983,2,1.0,1,0.6335,4,1.0,1,0.6458,3,0.5162,4,1.0,1,0.6879,3,0.566,3,0.5164,6
遊戲,40000,0.0,指定 主機板:擴充性,2,39749,0.3612,0.6778,AMD R7 7700,RX9060XT,B850M,0.983,2,1.0,1,0.6335,4,1.0,1,0.6458,3,0.5162,4,1.0,1,0.6879,3,0.566,3,0.5164,6
遊戲,40000,0.0,指定 主機板:擴充性,3,37759,0.3317,0.4805,Intel i5-14400F,RX9060XT,B760M,0.6462,15,0.5828,7,0.6335,4,1.0,1,0.6458,3,0.5162,4,0.3525,8,0.2004,9,0.1753,8,0.8531,4
遊戲,40000,0.0,指定 主機板:擴充性,4,31249,0.2979,0.4631,AMD R5 5600XT,RX7650GRE,A520M,0.7545,,0.5227,,0.0597,15,0.5326,,0.1739,9,0.5186,,0.6026,,0.4736,,0.4068,,0.4865,
遊戲,40000,0.0,指定 主機板:擴充性,5,37859,0.3318,0.4805,Intel i5-14400F,RX9060XT,B760M,0.6462,15,0.5828,7,0.6335,4,1.0,1,0.6458,3,0.5162,4,0.3525,8,0.2004,9,0.1753,8,0.8531,4
遊戲,40000,0.0,指定 主機板:擴充性,6,39049,0.3609,0.6778,AMD R7 7700,RX9060XT,B850M,0.983,2,1.0,1,0.6335,4,1.0,1,0.6458,3,0.5162,4,1.0,1,0.6879,3,0.566,3,0.5164,6
遊戲,40000,0.0,指定 主機板:擴充性,7,39699,0.3953,0.5358,Intel Core Ultra 5 245KF,RX9060XT,B860M,0.6576,12,0.593,5,0.6335,4,1.0,1,0.6458,3,0.5162,4,0.6026,,0.4736,,0.4068,,0.5202,5
遊戲,40000,0.0,指定 主機板:擴充性,8,39149,0.361,0.6778,AMD R7 7700,RX9060XT,B850M,0.983,2,1.0,1,0.6335,4,1.0,1,0.6458,3,0.5162,4,1.0,1,0.6879,3,0.566,3,0.5164,6
遊戲,40000,0.0,指定 主機板:擴充性,9,39249,0.3612,0.6778,AMD R7 7700,RX9060XT,B850M,0.983,2,1.0,1,0.6335,4,1.0,1,0.6458,3,0.5162,4,1.0,1,0.6879,3,0.566,3,0.5164,6
遊戲,40000,0.0,指定 主機板:擴充性,10,31249,0.2979,0.4631,AMD R5 5600XT,RX7650GRE,A520M,0.7545,,0.5227,,0.0597,15,0.5326,,0.1739,9,0.5186,,0.6026,,0.4736,,0.4068,,0.4865,
遊戲,40000,0.0,指定 主機板:擴充性,11,37559,0.3314,0.4805,Intel i5-14400F,RX9060XT,B760M,0.6462,15,0.5828,7,0.6335,4,1.0,1,0.6458,3,0.5162,4,0.3525,8,0.2004,9,0.1753,8,0.8531,4
遊戲,40000,0.0,指定 主機板:擴充性,12,37459,0.3307,0.4805,Intel i5-14400F,RX9060XT,B760M,0.6462,15,0.5828,7,0.6335,4,1.0,1,0.6458,3,0.5162,4,0.3525,8,0.2004,9,0.1753,8,0.8531,4
遊戲,40000,0.0,指定 主機板:擴充性,13,37559,0.3314,0.4805,Intel i5-14400F,RX9060XT,B760M,0.6462,15,0.5828,7,0.6335,4,1.0,1,0.6458,3,0.5162,4,0.3525,8,0.2004,9,0.1753,8,0.8531,4
遊戲,40000,0.0,指定 主機板:擴充性,14,31349,0.298,0.4631,AMD R5 5600XT,RX7650GRE,A520M,0.7545,,0.5227,,0.0597,15,0.5326,,0.1739,9,0.5186,,0.6026,,0.4736,,0.4068,,0.4865,
遊戲,40000,0.0,指定 主機板:擴充性,15,37559,0.3314,0.4805,Intel i5-14400F,RX9060XT,B760M,0.6462,15,0.5828,7,0.6335,4,1.0,1,0.6458,3,0.5162,4,0.3525,8,0.2004,9,0.1753,8,0.8531,4
遊戲,40000,0.0,指定 主機板:擴充性,16,31349,0.298,0.4631,AMD R5 5600XT,RX7650GRE,A520M,0.7545,,0.5227,,0.0597,15,0.5326,,0.1739,9,0.5186,,0.6026,,0.4736,,0.4068,,0.4865,
遊戲,40000,0.0,指定 主機板:擴充性,17,37659,0.3316,0.4805,Intel i5-14400F,RX9060XT,B760M,0.6462,15,0.5828,7,0.6335,4,1.0,1,0.6458,3,0.5162,4,0.3525,8,0.2004,9,0.1753,8,0.8531,4
遊戲,40000,0.0,指定 主機板:擴充性,18,37859,0.3318,0.4805,Intel i5-14400F,RX9060XT,B760M,0.6462,15,0.5828,7,0.6335,4,1.0,1,0.6458,3,0.5162,4,0.3525,8,0.2004,9,0.1753,8,0.8531,4
遊戲,40000,0.0,指定 主機板:擴充性,19,31249,0.2979,0.4631,AMD R5 5600XT,RX7650GRE,A520M,0.7545,,0.5227,,0.0597,15,0.5326,,0.1739,9,0.5186,,0.6026,,0.4736,,0.4068,,0.4865,
遊戲,40000,0.0,指定 主機板:穩定,0,31749,0.2986,0.4781,AMD R5 5600XT,RX7650GRE,B550M,0.7545,,0.5227,,0.0597,15,0.5326,,0.1739,9,0.5186,,0.6043,6,0.2543,8,0.4315,5,0.9047,2
遊戲,40000,0.0,指定 主機板:穩定,1,31949,0.2989,0.4781,AMD R5 5600XT,RX7650GRE,B550M,0.7545,,0.5227,,0.0597,15,0.5326,,0.1739,9,0.5186,,0.6043,6,0.2543,8,0.4315,5,0.9047,2
遊戲,40000,0.0,指定 主機板:穩定,2,37559,0.3314,0.4805,Intel i5-14400F,RX9060XT,B760M,0.6462,15,0.5828,7,0.6335,4,1.0,1,0.6458,3,0.5162,4,0.3525,8,0.2004,9,0.1753,8,0.8531,4
遊戲,40000,0.0,指定 主機板:穩定,3,37859,0.3318,0.4805,Intel i5-14400F,RX9060XT,B760M,0.6462,15,0.5828,7,0.6335,4,1.0,1,0.6458,3,0.5162,4,0.3525,8,0.2004,9,0.1753,8,0.8531,4
遊戲,40000,0.0,指定 主機板:穩定,4,38159,0.3324,0.4805,Intel i5-14400F,RX9060XT,B760M,0.6462,15,0.5828,7,0.6335,4,1.0,1,0.6458,3,0.5162,4,0.3525,8,0.2004,9,0.1753,8,0.8531,4
遊戲,40000,0.0,指定 主機板:穩定,5,37559,0.3314,0.4805,Intel i5-14400F,RX9060XT,B760M,0.6462,15,0.5828,7,0.6335,4,1.0,1,0.6458,3,0.5162,4,0.3525,8,0.2004,9,0.1753,8,0.8531,4
遊戲,40000,0.0,指定 主機板:穩定,6,37859,0.3318,0.4805,Intel i5-14400F,RX9060XT,B760M,0.6462,15,0.5828,7,0.6335,4,1.0,1,0.6458,3,0.5162,4,0.3525,8,0.2004,9,0.1753,8,0.8531,4
遊戲,40000,0.0,指定 主機板:穩定,7,31749,0.2986,0.4781,AMD R5 5600XT,RX7650GRE,B550M,0.7545,,0.5227,,0.0597,15,0.5326,,0.1739,9,0.5186,,0.6043,6,0.2543,8,0.4315,5,0.9047,2
遊戲,40000,0.0,指定 主機板:穩定,8,38949,0.3602,0.6778,AMD R7 7700,RX9060XT,B850M,0.983,2,1.0,1,0.6335,4,1.0,1,0.6458,3,0.5162,4,1.0,1,0.6879,3,0.566,3,0.5164,6
遊戲,40000,0.0,指定 主機板:穩定,9,31749,0.2986,0.4781,AMD R5 5600XT,RX7650GRE,B550M,0.7545,,0.5227,,0.0597,15,0.5326,,0.1739,9,0.5186,,0.6043,6,0.2543,8,0.4315,5,0.9047,2
遊戲,40000,0.0,指定 主機板:穩定,10,31749,0.2986,0.4781,AMD R5 5600XT,RX7650GRE,B550M,0.7545,,0.5227,,0.0597,15,0.5326,,0.1739,9,0.5186,,0.6043,6,0.2543,8,0.4315,5,0.9047,2
遊戲,40000,0.0,指定 主機板:穩定,11,37459,0.3307,0.4805,Intel i5-14400F,RX9060XT,B760M,0.6462,15,0.5828,7,0.6335,4,1.0,1,0.6458,3,0.5162,4,0.3525,8,0.2004,9,0.1753,8,0.8531,4
遊戲,40000,0.0,指定 主機板:穩定,12,31749,0.298,0.4781,AMD R5 5600XT,RX7650GRE,B550M,0.7545,,0.5227,,0.0597,15,0.5326,,0.1739,9,0.5186,,0.6043,6,0.2543,8,0.4315,5,0.9047,2
遊戲,40000,0.0,指定 主機板:穩定,13,37759,0.3317,0.4805,Intel i5-14400F,RX9060XT,B760M,0.6462,15,0.5828,7,0.6335,4,1.0,1,0.6458,3,0.5162,4,0.3525,8,0.2004,9,0.1753,8,0.8531,4
遊戲,40000,0.0,指定 主機板:穩定,14,31749,0.2986,0.4781,AMD R5 5600XT,RX7650GRE,B550M,0.7545,,0.5227,,0.0597,15,0.5326,,0.1739,9,0.5186,,0.6043,6,0.2543,8,0.4315,5,0.9047,2
遊戲,40000,0.0,指定 主機板:穩定,15,31849,0.2987,0.4781,AMD R5 5600XT,RX7650GRE,B550M,0.7545,,0.5227,,0.0597,15,0.5326,,0.1739,9,0.5186,,0.6043,6,0.2543,8,0.4315,5,0.9047,2
遊戲,40000,0.0,指定 主機板:穩定,16,32049,0.299,0.4781,AMD R5 5600XT,RX7650GRE,B550M,0.7545,,0.5227,,0.0597,15,0.5326,,0.1739,9,0.5186,,0.6043,6,0.2543,8,0.4315,5,0.9047,2
遊戲,40000,0.0,指定 主機板:穩定,17,38159,0.3314,0.4805,Intel i5-14400F,RX9060XT,B760M,0.6462,15,0.5828,7,0.6335,4,1.0,1,0.6458,3,0.5162,4,0.3525,8,0.2004,9,0.1753,8,0.8531,4
遊戲,40000,0.0,指定 主機板:穩定,18,31949,0.2989,0.4781,AMD R5 5600XT,RX7650GRE,B550M,0.7545,,0.5227,,0.0597,15,0.5326,,0.1739,9,0.5186,,0.6043,6,0.2543,8,0.4315,5,0.9047,2
遊戲,40000,0.0,指定 主機板:穩定,19,39599,0.3269,0.4805,Intel i5-14400,RX9060XT,B760M,0.6462,15,0.5828,7,0.6335,4,1.0,1,0.6458,3,0.5162,4,0.3525,8,0.2004,9,0.1753,8,0.8531,4
遊戲,40000,0.0,指定 主機板:CP值,0,37699,0.3303,0.4805,Intel i5-14400F,RX9060XT,B760M,0.6462,15,0.5828,7,0.6335,4,1.0,1,0.6458,3,0.5162,4,0.3525,8,0.2004,9,0.1753,8,0.8531,4
遊戲,40000,0.0,指定 主機板:CP值,1,31549,0.2972,0.4781,AMD R5 5600XT,RX7650GRE,B550M,0.7545,,0.5227,,0.0597,15,0.5326,,0.1739,9,0.5186,,0.6043,6,0.2543,8,0.4315,5,0.9047,2
遊戲,40000,0.0,指定 主機板:CP值,2,31749,0.298,0.4781,AMD R5 5600XT,RX7650GRE,B550M,0.7545,,0.5227,,0.0597,15,0.5326,,0.1739,9,0.5186,,0.6043,6,0.2543,8,0.4315,5,0.9047,2
遊戲,40000,0.0,指定 主機板:CP值,3,31849,0.2988,0.4781,AMD R5 5600XT,RX7650GRE,B550M,0.7545,,0.5227,,0.0597,15,0.5326,,0.1739,9,0.5186,,0.6043,6,0.2543,8,0.4315,5,0.9047,2
遊戲,40000,0.0,指定 主機板:CP值,4,38658,0.3271,0.4805,Intel i5-14400F,RX9060XT,B760M,0.6462,15,0.5828,7,0.6335,4,1.0,1,0.6458,3,0.5162,4,0.3525,8,0.2004,9,0.1753,8,0.8531,4
遊戲,40000,0.0,指定 主機板:CP值,5,31649,0.2979,0.4781,AMD R5 5600XT,RX7650GRE,B550M,0.7545,,0.5227,,0.0597,15,0.5326,,0.1739,9,0.5186,,0.6043,6,0.2543,8,0.4315,5,0.9047,2
遊戲,40000,0.0,指定 主機板:CP值,6,31849,0.2987,0.4781,AMD R5 5600XT,RX7650GRE,B550M,0.7545,,0.5227,,0.0597,15,0.5326,,0.1739,9,0.5186,,0.6043,6,0.2543,8,0.4315,5,0.9047,2
遊戲,40000,0.0,指定 主機板:CP值,7,31749,0.2986,0.4781,AMD R5 5600XT,RX7650GRE,B550M,0.7545,,0.5227,,0.0597,15,0.5326,,0.1739,9,0.5186,,0.6043,6,0.2543,8,0.4315,5,0.9047,2
遊戲,40000,0.0,指定 主機板:CP值,8,31749,0.2986,0.4781,AMD R5 5600XT,RX7650GRE,B550M,0.7545,,0.5227,,0.0597,15,0.5326,,0.1739,9,0.5186,,0.6043,6,0.2543,8,0.4315,5,0.9047,2
遊戲,40000,0.0,指定 主機板:CP值,9,38949,0.3607,0.6198,AMD R7 7700,RX9060XT,B650M,0.983,2,1.0,1,0.6335,4,1.0,1,0.6458,3,0.5162,4,0.5795,7,0.2883,7,0.0,10,1.0,1
遊戲,40000,0.0,指定 主機板:CP值,10,31749,0.2986,0.4781,AMD R5 5600XT,RX7650GRE,B550M,0.7545,,0.5227,,0.0597,15,0.5326,,0.1739,9,0.5186,,0.6043,6,0.2543,8,0.4315,5,0.9047,2
遊戲,40000,0.0,指定 主機板:CP值,11,38359,0.332,0.4805,Intel i5-14400F,RX9060XT,B760M,0.6462,15,0.5828,7,0.6335,4,1.0,1,0.6458,3,0.5162,4,0.3525,8,0.2004,9,0.1753,8,0.8531,4
遊戲,40000,0.0,指定 主機板:CP值,12,37559,0.3314,0.4805,Intel i5-14400F,RX9060XT,B760M,0.6462,15,0.5828,7,0.6335,4,1.0,1,0.6458,3,0.5162,4,0.3525,8,0.2004,9,0.1753,8,0.8531,4
遊戲,40000,0.0,指定 主機板:CP值,13,37499,0.3306,0.4805,Intel i5-14400F,RX9060XT,B760M,0.6462,15,0.5828,7,0.6335,4,1.0,1,0.6458,3,0.5162,4,0.3525,8,0.2004,9,0.1753,8,0.8531,4
遊戲,40000,0.0,指定 主機板:CP值,14,31749,0.2986,0.4781,AMD R5 5600XT,RX7650GRE,B550M,0.7545,,0.5227,,0.0597,15,0.5326,,0.1739,9,0.5186,,0.6043,6,0.2543,8,0.4315,5,0.9047,2
遊戲,40000,0.0,指定 主機板:CP值,15,31949,0.2989,0.4781,AMD R5 5600XT,RX7650GRE,B550M,0.7545,,0.5227,,0.0597,15,0.5326,,0.1739,9,0.5186,,0.6043,6,0.2543,8,0.4315,5,0.9047,2
遊戲,40000,0.0,指定 主機板:CP值,16,31849,0.2987,0.4781,AMD R5 5600XT,RX7650GRE,B550M,0.7545,,0.5227,,0.0597,15,0.5326,,0.1739,9,0.5186,,0.6043,6,0.2543,8,0.4315,5,0.9047,2
遊戲,40000,0.0,指定 主機板:CP值,17,37959,0.332,0.4805,Intel i5-14400F,RX9060XT,B760M,0.6462,15,0.5828,7,0.6335,4,1.0,1,0.6458,3,0.5162,4,0.3525,8,0.2004,9,0.1753,8,0.8531,4
遊戲,40000,0.0,指定 主機板:CP值,18,31749,0.2986,0.4781,AMD R5 5600XT,RX7650GRE,B550M,0.7545,,0.5227,,0.0597,15,0.5326,,0.1739,9,0.5186,,0.6043,6,0.2543,8,0.4315,5,0.9047,2
遊戲,40000,0.0,指定 主機板:CP值,19,31849,0.2987,0.4781,AMD R5 5600XT,RX7650GRE,B550M,0.7545,,0.5227,,0.0597,15,0.5326,,0.1739,9,0.5186,,0.6043,6,0.2543,8,0.4315,5,0.9047,2
遊戲,60000,0.0,無口碑,0,55812,0.552,0.5213,Intel Core Ultra 5 245KF,RTX5070,B860M,0.6576,12,0.593,5,0.6123,5,0.6305,6,0.4095,6,0.2741,8,0.6026,,0.4736,,0.4068,,0.5202,5
遊戲,60000,0.0,無口碑,1,55812,0.552,0.5213,Intel Core Ultra 5 245KF,RTX5070,B860M,0.6576,12,0.593,5,0.6123,5,0.6305,6,0.4095,6,0.2741,8,0.6026,,0.4736,,0.4068,,0.5202,5
遊戲,60000,0.0,無口碑,2,55812,0.552,0.5213,Intel Core Ultra 5 245KF,RTX5070,B860M,0.6576,12,0.593,5,0.6123,5,0.6305,6,0.4095,6,0.2741,8,0.6026,,0.4736,,0.4068,,0.5202,5
遊戲,60000,0.0,無口碑,3,55812,0.552,0.5213,Intel Core Ultra 5 245KF,RTX5070,B860M,0.6576,12,0.593,5,0.6123,5,0.6305,6,0.4095,6,0.2741,8,0.6026,,0.4736,,0.4068,,0.5202,5
遊戲,60000,0.0,無口碑,4,55812,0.552,0.5213,Intel Core Ultra 5 245KF,RTX5070,B860M,0.6576,12,0.593,5,0.6123,5,0.6305,6,0.4095,6,0.2741,8,0.6026,,0.4736,,0.4068,,0.5202,5
遊戲,60000,0.0,無口碑,5,55812,0.552,0.5213,Intel Core Ultra 5 245KF,RTX5070,B860M,0.6576,12,0.593,5,0.6123,5,0.6305,6,0.4095,6,0.2741,8,0.6026,,0.4736,,0.4068,,0.5202,5
遊戲,60000,0.0,無口碑,6,59987,0.564,0.5226,AMD R9 9900X,RTX5070,B650M,0.6651,11,0.5227,,0.6123,5,0.6305,6,0.4095,6,0.2741,8,0.5795,7,0.2883,7,0.0,10,1.0,1
遊戲,60000,0.0,無口碑,7,55812,0.552,0.5213,Intel Core Ultra 5 245KF,RTX5070,B860M,0.6576,12,0.593,5,0.6123,5,0.6305,6,0.4095,6,0.2741,8,0.6026,,0.4736,,0.4068,,0.5202,5
遊戲,60000,0.0,無口碑,8,55812,0.552,0.5213,Intel Core Ultra 5 245KF,RTX5070,B860M,0.6576,12,0.593,5,0.6123,5,0.6305,6,0.4095,6,0.2741,8,0.6026,,0.4736,,0.4068,,0.5202,5
遊戲,60000,0.0,無口碑,9,55812,0.552,0.5213,Intel Core Ultra 5 245KF,RTX5070,B860M,0.6576,12,0.593,5,0.6123,5,0.6305,6,0.4095,6,0.2741,8,0.6026,,0.4736,,0.4068,,0.5202,5
遊戲,60000,0.0,無口碑,10,55812,0.552,0.5213,Intel Core Ultra 5 245KF,RTX5070,B860M,0.6576,12,0.593,5,0.6123,5,0.6305,6,0.4095,6,0.2741,8,0.6026,,0.4736,,0.4068,,0.5202,5
遊戲,60000,0.0,無口碑,11,55812,0.552,0.5213,Intel Core Ultra 5 245KF,RTX5070,B860M,0.6576,12,0.593,5,0.6123,5,0.6305,6,0.4095,6,0.2741,8,0.6026,,0.4736,,0.4068,,0.5202,5
遊戲,60000,0.0,無口碑,12,59987,0.564,0.5226,AMD R9 9900X,RTX5070,B650M,0.6651,11,0.5227,,0.6123,5,0.6305,6,0.4095,6,0.2741,8,0.5795,7,0.2883,7,0.0,10,1.0,1
遊戲,60000,0.0,無口碑,13,55812,0.552,0.5213,Intel Core Ultra 5 245KF,RTX5070,B860M,0.6576,12,0.593,5,0.6123,5,0.6305,6,0.4095,6,0.2741,8,0.6026,,0.4736,,0.4068,,0.5202,5
遊戲,60000,0.0,無口碑,14,55812,0.552,0.5213,Intel Core Ultra 5 245KF,RTX5070,B860M,0.6576,12,0.593,5,0.6123,5,0.6305,6,0.4095,6,0.2741,8,0.6026,,0.4736,,0.4068,,0.5202,5
遊戲,60000,0.0,無口碑,15,55812,0.552,0.5213,Intel Core Ultra 5 245KF,RTX5070,B860M,0.6576,12,0.593,5,0.6123,5,0.6305,6,0.4095,6,0.2741,8,0.6026,,0.4736,,0.4068,,0.5202,5
遊戲,60000,0.0,無口碑,16,55812,0.552,0.5213,Intel Core Ultra 5 245KF,RTX5070,B860M,0.6576,12,0.593,5,0.6123,5,0.6305,6,0.4095,6,0.2741,8,0.6026,,0.4736,,0.4068,,0.5202,5
遊戲,60000,0.0,無口碑,17,59987,0.564,0.5226,AMD R9 9900X,RTX5070,B650M,0.6651,11,0.5227,,0.6123,5,0.6305,6,0.4095,6,0.2741,8,0.5795,7,0.2883,7,0.0,10,1.0,1
遊戲,60000,0.0,無口碑,18,55812,0.552,0.5213,Intel Core Ultra 5 245KF,RTX5070,B860M,0.6576,12,0.593,5,0.6123,5,0.6305,6,0.4095,6,0.2741,8,0.6026,,0.4736,,0.4068,,0.5202,5
遊戲,60000,0.0,無口碑,19,55812,0.552,0.5213,Intel Core Ultra 5 245KF,RTX5070,B860M,0.6576,12,0.593,5,0.6123,5,0.6305,6,0.4095,6,0.2741,8,0.6026,,0.4736,,0.4068,,0.5202,5
遊戲,60000,0.0,有口碑,0,55787,0.4497,0.7706,AMD R7 7700,RX9070,B850M,0.983,2,1.0,1,1.0,1,0.6673,5,1.0,1,1.0,1,1.0,1,0.6879,3,0.566,3,0.5164,6
遊戲,60000,0.0,有口碑,1,55787,0.4497,0.7706,AMD R7 7700,RX9070,B850M,0.983,2,1.0,1,1.0,1,0.6673,5,1.0,1,1.0,1,1.0,1,0.6879,3,0.566,3,0.5164,6
遊戲,60000,0.0,有口碑,2,55787,0.4497,0.7706,AMD R7 7700,RX9070,B850M,0.983,2,1.0,1,1.0,1,0.6673,5,1.0,1,1.0,1,1.0,1,0.6879,3,0.566,3,0.5164,6
遊戲,60000,0.0,有口碑,3,55787,0.4497,0.7706,AMD R7 7700,RX9070,B850M,0.983,2,1.0,1,1.0,1,0.6673,5,1.0,1,1.0,1,1.0,1,0.6879,3,0.566,3,0.5164,6
遊戲,60000,0.0,有口碑,4,55787,0.4497,0.7706,AMD R7 7700,RX9070,B850M,0.983,2,1.0,1,1.0,1,0.6673,5,1.0,1,1.0,1,1.0,1,0.6879,3,0.566,3,0.5164,6
遊戲,60000,0.0,有口碑,5,55787,0.4497,0.7706,AMD R7 7700,RX9070,B850M,0.983,2,1.0,1,1.0,1,0.6673,5,1.0,1,1.0,1,1.0,1,0.6879,3,0.566,3,0.5164,6
遊戲,60000,0.0,有口碑,6,55787,0.4497,0.7706,AMD R7 7700,RX9070,B850M,0.983,2,1.0,1,1.0,1,0.6673,5,1.0,1,1.0,1,1.0,1,0.6879,3,0.566,3,0.5164,6
遊戲,60000,0.0,有口碑,7,55787,0.4497,0.7706,AMD R7 7700,RX9070,B850M,0.983,2,1.0,1,1.0,1,0.6673,5,1.0,1,1.0,1,1.0,1,0.6879,3,0.566,3,0.5164,6
遊戲,60000,0.0,有口碑,8,55787,0.4497,0.7706,AMD R7 7700,RX9070,B850M,0.983,2,1.0,1,1.0,1,0.6673,5,1.0,1,1.0,1,1.0,1,0.6879,3,0.566,3,0.5164,6
遊戲,60000,0.0,有口碑,9,55787,0.4497,0.7706,AMD R7 7700,RX9070,B850M,0.983,2,1.0,1,1.0,1,0.6673,5,1.0,1,1.0,1,1.0,1,0.6879,3,0.566,3,0.5164,6
遊戲,60000,0.0,有口碑,10,55787,0.4497,0.7706,AMD R7 7700,RX9070,B850M,0.983,2,1.0,1,1.0,1,0.6673,5,1.0,1,1.0,1,1.0,1,0.6879,3,0.566,3,0.5164,6
遊戲,60000,0.0,有口碑,11,55787,0.4497,0.7706,AMD R7 7700,RX9070,B850M,0.983,2,1.0,1,1.0,1,0.6673,5,1.0,1,1.0,1,1.0,1,0.6879,3,0.566,3,0.5164,6
遊戲,60000,0.0,有口碑,12,55787,0.4497,0.7706,AMD R7 7700,RX9070,B850M,0.983,2,1.0,1,1.0,1,0.6673,5,1.0,1,1.0,1,1.0,1,0.6879,3,0.566,3,0.5164,6
遊戲,60000,0.0,有口碑,13,55787,0.4497,0.7706,AMD R7 7700,RX9070,B850M,0.983,2,1.0,1,1.0,1,0.6673,5,1.0,1,1.0,1,1.0,1,0.6879,3,0.566,3,0.5164,6
遊戲,60000,0.0,有口碑,14,55787,0.4497,0.7706,AMD R7 7700,RX9070,B850M,0.983,2,1.0,1,1.0,1,0.6673,5,1.0,1,1.0,1,1.0,1,0.6879,3,0.566,3,0.5164,6
遊戲,60000,0.0,有口碑,15,55787,0.4497,0.7706,AMD R7 7700,RX9070,B850M,0.983,2,1.0,1,1.0,1,0.6673,5,1.0,1,1.0,1,1.0,1,0.6879,3,0.566,3,0.5164,6
遊戲,60000,0.0,有口碑,16,55787,0.4497,0.7706,AMD R7 7700,RX9070,B850M,0.983,2,1.0,1,1.0,1,0.6673,5,1.0,1,1.0,1,1.0,1,0.6879,3,0.566,3,0.5164,6
遊戲,60000,0.0,有口碑,17,55787,0.4497,0.7706,AMD R7 7700,RX9070,B850M,0.983,2,1.0,1,1.0,1,0.6673,5,1.0,1,1.0,1,1.0,1,0.6879,3,0.566,3,0.5164,6
遊戲,60000,0.0,有口碑,18,55787,0.4497,0.7706,AMD R7 7700,RX9070,B850M,0.983,2,1.0,1,1.0,1,0.6673,5,1.0,1,1.0,1,1.0,1,0.6879,3,0.566,3,0.5164,6
遊戲,60000,0.0,有口碑,19,55787,0.4497,0.7706,AMD R7 7700,RX9070,B850M,0.983,2,1.0,1,1.0,1,0.6673,5,1.0,1,1.0,1,1.0,1,0.6879,3,0.566,3,0.5164,6
遊戲,60000,0.0,指定 CPU:效能,0,55787,0.4497,0.7706,AMD R7 7700,RX9070,B850M,0.983,2,1.0,1,1.0,1,0.6673,5,1.0,1,1.0,1,1.0,1,0.6879,3,0.566,3,0.5164,6
遊戲,60000,0.0,指定 CPU:效能,1,55787,0.4497,0.7706,AMD R7 7700,RX9070,B850M,0.983,2,1.0,1,1.0,1,0.6673,5,1.0,1,1.0,1,1.0,1,0.6879,3,0.566,3,0.5164,6
遊戲,60000,0.0,指定 CPU:效能,2,55787,0.4497,0.7706,AMD R7 7700,RX9070,B850M,0.983,2,1.0,1,1.0,1,0.6673,5,1.0,1,1.0,1,1.0,1,0.6879,3,0.566,3,0.5164,6
遊戲,60000,0.0,指定 CPU:效能,3,55787,0.4497,0.7706,AMD R7 7700,RX9070,B850M,0.983,2,1.0,1,1.0,1,0.6673,5,1.0,1,1.0,1,1.0,1,0.6879,3,0.566,3,0.5164,6
遊戲,60000,0.0,指定 CPU:效能,4,55787,0.4497,0.7706,AMD R7 7700,RX9070,B850M,0.983,2,1.0,1,1.0,1,0.6673,5,1.0,1,1.0,1,1.0,1,0.6879,3,0.566,3,0.5164,6
遊戲,60000,0.0,指定 CPU:效能,5,55787,0.4497,0.7706,AMD R7 7700,RX9070,B850M,0.983,2,1.0,1,1.0,1,0.6673,5,1.0,1,1.0,1,1.0,1,0.6879,3,0.566,3,0.5164,6
遊戲,60000,0.0,指定 CPU:效能,6,55787,0.4497,0.7706,AMD R7 7700,RX9070,B850M,0.983,2,1.0,1,1.0,1,0.6673,5,1.0,1,1.0,1,1.0,1,0.6879,3,0.566,3,0.5164,6
遊戲,60000,0.0,指定 CPU:效能,7,55787,0.4497,0.7706,AMD R7 7700,RX9070,B850M,0.983,2,1.0,1,1.0,1,0.6673,5,1.0,1,1.0,1,1.0,1,0.6879,3,0.566,3,0.5164,6
遊戲,60000,0.0,指定 CPU:效能,8,55787,0.4497,0.7706,AMD R7 7700,RX9070,B850M,0.983,2,1.0,1,1.0,1,0.6673,5,1.0,1,1.0,1,1.0,1,0.6879,3,0.566,3,0.5164,6
遊戲,60000,0.0,指定 CPU:效能,9,55787,0.4497,0.7706,AMD R7 7700,RX9070,B850M,0.983,2,1.0,1,1.0,1,0.6673,5,1.0,1,1.0,1,1.0,1,0.6879,3,0.566,3,0.5164,6
遊戲,60000,0.0,指定 CPU:效能,10,55787,0.4497,0.7706,AMD R7 7700,RX9070,B850M,0.983,2,1.0,1,1.0,1,0.6673,5,1.0,1,1.0,1,1.0,1,0.6879,3,0.566,3,0.5164,6
遊戲,60000,0.0,指定 CPU:效能,11,55787,0.4497,0.7706,AMD R7 7700,RX9070,B850M,0.983,2,1.0,1,1.0,1,0.6673,5,1.0,1,1.0,1,1.0,1,0.6879,3,0.566,3,0.5164,6
遊戲,60000,0.0,指定 CPU:效能,12,55787,0.4497,0.7706,AMD R7 7700,RX9070,B850M,0.983,2,1.0,1,1.0,1,0.6673,5,1.0,1,1.0,1,1.0,1,0.6879,3,0.566,3,0.5164,6
遊戲,60000,0.0,指定 CPU:效能,13,55787,0.4497,0.7706,AMD R7 7700,RX9070,B850M,0.983,2,1.0,1,1.0,1,0.6673,5,1.0,1,1.0,1,1.0,1,0.6879,3,0.566,3,0.5164,6
遊戲,60000,0.0,指定 CPU:效能,14,55787,0.4497,0.7706,AMD R7 7700,RX9070,B850M,0.983,2,1.0,1,1.0,1,0.6673,5,1.0,1,1.0,1,1.0,1,0.6879,3,0.566,3,0.5164,6
遊戲,60000,0.0,指定 CPU:效能,15,55787,0.4497,0.7706,AMD R7 7700,RX9070,B850M,0.983,2,1.0,1,1.0,1,0.6673,5,1.0,1,1.0,1,1.0,1,0.6879,3,0.566,3,0.5164,6
遊戲,60000,0.0,指定 CPU:效能,16,55787,0.4497,0.7706,AMD R7 7700,RX9070,B850M,0.983,2,1.0,1,1.0,1,0.6673,5,1.0,1,1.0,1,1.0,1,0.6879,3,0.566,3,0.5164,6
遊戲,60000,0.0,指定 CPU:效能,17,55787,0.4497,0.7706,AMD R7 7700,RX9070,B850M,0.983,2,1.0,1,1.0,1,0.6673,5,1.0,1,1.0,1,1.0,1,0.6879,3,0.566,3,0.5164,6
遊戲,60000,0.0,指定 CPU:效能,18,55787,0.4497,0.7706,AMD R7 7700,RX9070,B850M,0.983,2,1.0,1,1.0,1,0.6673,5,1.0,1,1.0,1,1.0,1,0.6879,3,0.566,3,0.5164,6
遊戲,60000,0.0,指定 CPU:效能,19,55787,0.4497,0.7706,AMD R7 7700,RX9070,B850M,0.983,2,1.0,1,1.0,1,0.6673,5,1.0,1,1.0,1,1.0,1,0.6879,3,0.566,3,0.5164,6
遊戲,60000,0.0,指定 CPU:CP值,0,55787,0.4497,0.7706,AMD R7 7700,RX9070,B850M,0.983,2,1.0,1,1.0,1,0.6673,5,1.0,1,1.0,1,1.0,1,0.6879,3,0.566,3,0.5164,6
遊戲,60000,0.0,指定 CPU:CP值,1,55787,0.4497,0.7706,AMD R7 7700,RX9070,B850M,0.983,2,1.0,1,1.0,1,0.6673,5,1.0,1,1.0,1,1.0,1,0.6879,3,0.566,3,0.5164,6
遊戲,60000,0.0,指定 CPU:CP值,2,55787,0.4497,0.7706,AMD R7 7700,RX9070,B850M,0.983,2,1.0,1,1.0,1,0.6673,5,1.0,1,1.0,1,1.0,1,0.6879,3,0.566,3,0.5164,6
遊戲,60000,0.0,指定 CPU:CP值,3,55787,0.4497,0.7706,AMD R7 7700,RX9070,B850M,0.983,2,1.0,1,1.0,1,0.6673,5,1.0,1,1.0,1,1.0,1,0.6879,3,0.566,3,0.5164,6
遊戲,60000,0.0,指定 CPU:CP值,4,55787,0.4497,0.7706,AMD R7 7700,RX9070,B850M,0.983,2,1.0,1,1.0,1,0.6673,5,1.0,1,1.0,1,1.0,1,0.6879,3,0.566,3,0.5164,6
遊戲,60000,0.0,指定 CPU:CP值,5,55787,0.4497,0.7706,AMD R7 7700,RX9070,B850M,0.983,2,1.0,1,1.0,1,0.6673,5,1.0,1,1.0,1,1.0,1,0.6879,3,0.566,3,0.5164,6
遊戲,60000,0.0,指定 CPU:CP值,6,55787,0.4497,0.7706,AMD R7 7700,RX9070,B850M,0.983,2,1.0,1,1.0,1,0.6673,5,1.0,1,1.0,1,1.0,1,0.6879,3,0.566,3,0.5164,6
遊戲,60000,0.0,指定 CPU:CP值,7,55787,0.4497,0.7706,AMD R7 7700,RX9070,B850M,0.983,2,1.0,1,1.0,1,0.6673,5,1.0,1,1.0,1,1.0,1,0.6879,3,0.566,3,0.5164,6
遊戲,60000,0.0,指定 CPU:CP值,8,55787,0.4497,0.7706,AMD R7 7700,RX9070,B850M,0.983,2,1.0,1,1.0,1,0.6673,5,1.0,1,1.0,1,1.0,1,0.6879,3,0.566,3,0.5164,6
遊戲,60000,0.0,指定 CPU:CP值,9,55787,0.4497,0.7706,AMD R7 7700,RX9070,B850M,0.983,2,1.0,1,1.0,1,0.6673,5,1.0,1,1.0,1,1.0,1,0.6879,3,0.566,3,0.5164,6
遊戲,60000,0.0,指定 CPU:CP值,10,55787,0.4497,0.7706,AMD R7 7700,RX9070,B850M,0.983,2,1.0,1,1.0,1,0.6673,5,1.0,1,1.0,1,1.0,1,0.6879,3,0.566,3,0.5164,6
遊戲,60000,0.0,指定 CPU:CP值,11,55787,0.4497,0.7706,AMD R7 7700,RX9070,B850M,0.983,2,1.0,1,1.0,1,0.6673,5,1.0,1,1.0,1,1.0,1,0.6879,3,0.566,3,0.5164,6
遊戲,60000,0.0,指定 CPU:CP值,12,55787,0.4497,0.7706,AMD R7 7700,RX9070,B850M,0.983,2,1.0,1,1.0,1,0.6673,5,1.0,1,1.0,1,1.0,1,0.6879,3,0.566,3,0.5164,6
遊戲,60000,0.0,指定 CPU:CP值,13,55787,0.4497,0.7706,AMD R7 7700,RX9070,B850M,0.983,2,1.0,1,1.0,1,0.6673,5,1.0,1,1.0,1,1.0,1,0.6879,3,0.566,3,0.5164,6
遊戲,60000,0.0,指定 CPU:CP值,14,55787,0.4497,0.7706,AMD R7 7700,RX9070,B850M,0.983,2,1.0,1,1.0,1,0.6673,5,1.0,1,1.0,1,1.0,1,0.6879,3,0.566,3,0.5164,6
遊戲,60000,0.0,指定 CPU:CP值,15,55787,0.4497,0.7706,AMD R7 7700,RX9070,B850M,0.983,2,1.0,1,1.0,1,0.6673,5,1.0,1,1.0,1,1.0,1,0.6879,3,0.566,3,0.5164,6
遊戲,60000,0.0,指定 CPU:CP值,16,55787,0.4497,0.7706,AMD R7 7700,RX9070,B850M,0.983,2,1.0,1,1.0,1,0.6673,5,1.0,1,1.0,1,1.0,1,0.6879,3,0.566,3,0.5164,6
遊戲,60000,0.0,指定 CPU:CP值,17,55787,0.4497,0.7706,AMD R7 7700,RX9070,B850M,0.983,2,1.0,1,1.0,1,0.6673,5,1.0,1,1.0,1,1.0,1,0.6879,3,0.566,3,0.5164,6
遊戲,60000,0.0,指定 CPU:CP值,18,55787,0.4497,0.7706,AMD R7 7700,RX9070,B850M,0.983,2,1.0,1,1.0,1,0.6673,5,1.0,1,1.0,1,1.0,1,0.6879,3,0.566,3,0.5164,6
遊戲,60000,0.0,指定 CPU:CP值,19,55787,0.4497,0.7706,AMD R7 7700,RX9070,B850M,0.983,2,1.0,1,1.0,1,0.6673,5,1.0,1,1.0,1,1.0,1,0.6879,3,0.566,3,0.5164,6
遊戲,60000,0.0,指定 GPU:效能,0,55787,0.4497,0.7706,AMD R7 7700,RX9070,B850M,0.983,2,1.0,1,1.0,1,0.6673,5,1.0,1,1.0,1,1.0,1,0.6879,3,0.566,3,0.5164,6
遊戲,60000,0.0,指定 GPU:效能,1,55787,0.4497,0.7706,AMD R7 7700,RX9070,B850M,0.983,2,1.0,1,1.0,1,0.6673,5,1.0,1,1.0,1,1.0,1,0.6879,3,0.566,3,0.5164,6
遊戲,60000,0.0,指定 GPU:效能,2,55787,0.4497,0.7706,AMD R7 7700,RX9070,B850M,0.983,2,1.0,1,1.0,1,0.6673,5,1.0,1,1.0,1,1.0,1,0.6879,3,0.566,3,0.5164,6
遊戲,60000,0.0,指定 GPU:效能,3,55787,0.4497,0.7706,AMD R7 7700,RX9070,B850M,0.983,2,1.0,1,1.0,1,0.6673,5,1.0,1,1.0,1,1.0,1,0.6879,3,0.566,3,0.5164,6
遊戲,60000,0.0,指定 GPU:效能,4,55787,0.4497,0.7706,AMD R7 7700,RX9070,B850M,0.983,2,1.0,1,1.0,1,0.6673,5,1.0,1,1.0,1,1.0,1,0.6879,3,0.566,3,0.5164,6
遊戲,60000,0.0,指定 GPU:效能,5,55787,0.4497,0.7706,AMD R7 7700,RX9070,B850M,0.983,2,1.0,1,1.0,1,0.6673,5,1.0,1,1.0,1,1.0,1,0.6879,3,0.566,3,0.5164,6
遊戲,60000,0.0,指定 GPU:效能,6,55787,0.4497,0.7706,AMD R7 7700,RX9070,B850M,0.983,2,1.0,1,1.0,1,0.6673,5,1.0,1,1.0,1,1.0,1,0.6879,3,0.566,3,0.5164,6
遊戲,60000,0.0,指定 GPU:效能,7,55787,0.4497,0.7706,AMD R7 7700,RX9070,B850M,0.983,2,1.0,1,1.0,1,0.6673,5,1.0,1,1.0,1,1.0,1,0.6879,3,0.566,3,0.5164,6
遊戲,60000,0.0,指定 GPU:效能,8,55787,0.4497,0.7706,AMD R7 7700,RX9070,B850M,0.983,2,1.0,1,1.0,1,0.6673,5,1.0,1,1.0,1,1.0,1,0.6879,3,0.566,3,0.5164,6
遊戲,60000,0.0,指定 GPU:效能,9,55787,0.4497,0.7706,AMD R7 7700,RX9070,B850M,0.983,2,1.0,1,1.0,1,0.6673,5,1.0,1,1.0,1,1.0,1,0.6879,3,0.566,3,0.5164,6
遊戲,60000,0.0,指定 GPU:效能,10,55787,0.4497,0.7706,AMD R7 7700,RX9070,B850M,0.983,2,1.0,1,1.0,1,0.6673,5,1.0,1,1.0,1,1.0,1,0.6879,3,0.566,3,0.5164,6
遊戲,60000,0.0,指定 GPU:效能,11,55787,0.4497,0.7706,AMD R7 7700,RX9070,B850M,0.983,2,1.0,1,1.0,1,0.6673,5,1.0,1,1.0,1,1.0,1,0.6879,3,0.566,3,0.5164,6
遊戲,60000,0.0,指定 GPU:效能,12,55787,0.4497,0.7706,AMD R7 7700,RX9070,B850M,0.983,2,1.0,1,1.0,1,0.6673,5,1.0,1,1.0,1,1.0,1,0.6879,3,0.566,3,0.5164,6
遊戲,60000,0.0,指定 GPU:效能,13,55787,0.4497,0.7706,AMD R7 7700,RX9070,B850M,0.983,2,1.0,1,1.0,1,0.6673,5,1.0,1,1.0,1,1.0,1,0.6879,3,0.566,3,0.5164,6
遊戲,60000,0.0,指定 GPU:效能,14,55787,0.4497,0.7706,AMD R7 7700,RX9070,B850M,0.983,2,1.0,1,1.0,1,0.6673,5,1.0,1,1.0,1,1.0,1,0.6879,3,0.566,3,0.5164,6
遊戲,60000,0.0,指定 GPU:效能,15,55787,0.4497,0.7706,AMD R7 7700,RX9070,B850M,0.983,2,1.0,1,1.0,1,0.6673,5,1.0,1,1.0,1,1.0,1,0.6879,3,0.566,3,0.5164,6
遊戲,60000,0.0,指定 GPU:效能,16,55787,0.4497,0.7706,AMD R7 7700,RX9070,B850M,0.983,2,1.0,1,1.0,1,0.6673,5,1.0,1,1.0,1,1.0,1,0.6879,3,0.566,3,0.5164,6
遊戲,60000,0.0,指定 GPU:效能,17,55787,0.4497,0.7706,AMD R7 7700,RX9070,B850M,0.983,2,1.0,1,1.0,1,0.6673,5,1.0,1,1.0,1,1.0,1,0.6879,3,0.566,3,0.5164,6
遊戲,60000,0.0,指定 GPU:效能,18,55787,0.4497,0.7706,AMD R7 7700,RX9070,B850M,0.983,2,1.0,1,1.0,1,0.6673,5,1.0,1,1.0,1,1.0,1,0.6879,3,0.566,3,0.5164,6
遊戲,60000,0.0,指定 GPU:效能,19,55787,0.4497,0.7706,AMD R7 7700,RX9070,B850M,0.983,2,1.0,1,1.0,1,0.6673,5,1.0,1,1.0,1,1.0,1,0.6879,3,0.566,3,0.5164,6
遊戲,60000,0.0,指定 GPU:穩定,0,53787,0.4887,0.6633,AMD R7 7700,RTX5070,B850M,0.983,2,1.0,1,0.6123,5,0.6305,6,0.4095,6,0.2741,8,1.0,1,0.6879,3,0.566,3,0.5164,6
遊戲,60000,0.0,指定 GPU:穩定,1,53787,0.4887,0.6633,AMD R7 7700,RTX5070,B850M,0.983,2,1.0,1,0.6123,5,0.6305,6,0.4095,6,0.2741,8,1.0,1,0.6879,3,0.566,3,0.5164,6
遊戲,60000,0.0,指定 GPU:穩定,2,53787,0.4887,0.6633,AMD R7 7700,RTX5070,B850M,0.983,2,1.0,1,0.6123,5,0.6305,6,0.4095,6,0.2741,8,1.0,1,0.6879,3,0.566,3,0.5164,6
遊戲,60000,0.0,指定 GPU:穩定,3,53787,0.4887,0.6633,AMD R7 7700,RTX5070,B850M,0.983,2,1.0,1,0.6123,5,0.6305,6,0.4095,6,0.2741,8,1.0,1,0.6879,3,0.566,3,0.5164,6
遊戲,60000,0.0,指定 GPU:穩定,4,53787,0.4887,0.6633,AMD R7 7700,RTX5070,B850M,0.983,2,1.0,1,0.6123,5,0.6305,6,0.4095,6,0.2741,8,1.0,1,0.6879,3,0.566,3,0.5164,6
遊戲,60000,0.0,指定 GPU:穩定,5,53787,0.4887,0.6633,AMD R7 7700,RTX5070,B850M,0.983,2,1.0,1,0.6123,5,0.6305,6,0.4095,6,0.2741,8,1.0,1,0.6879,3,0.566,3,0.5164,6
遊戲,60000,0.0,指定 GPU:穩定,6,53787,0.4887,0.6633,AMD R7 7700,RTX5070,B850M,0.983,2,1.0,1,0.6123,5,0.6305,6,0.4095,6,0.2741,8,1.0,1,0.6879,3,0.566,3,0.5164,6
遊戲,60000,0.0,指定 GPU:穩定,7,53787,0.4887,0.6633,AMD R7 7700,RTX5070,B850M,0.983,2,1.0,1,0.6123,5,0.6305,6,0.4095,6,0.2741,8,1.0,1,0.6879,3,0.566,3,0.5164,6
遊戲,60000,0.0,指定 GPU:穩定,8,53787,0.4887,0.6633,AMD R7 7700,RTX5070,B850M,0.983,2,1.0,1,0.6123,5,0.6305,6,0.4095,6,0.2741,8,1.0,1,0.6879,3,0.566,3,0.5164,6
遊戲,60000,0.0,指定 GPU:穩定,9,53787,0.4887,0.6633,AMD R7 7700,RTX5070,B850M,0.983,2,1.0,1,0.6123,5,0.6305,6,0.4095,6,0.2741,8,1.0,1,0.6879,3,0.566,3,0.5164,6
遊戲,60000,0.0,指定 GPU:穩定,10,53787,0.4887,0.6633,AMD R7 7700,RTX5070,B850M,0.983,2,1.0,1,0.6123,5,0.6305,6,0.4095,6,0.2741,8,1.0,1,0.6879,3,0.566,3,0.5164,6
遊戲,60000,0.0,指定 GPU:穩定,11,53787,0.4887,0.6633,AMD R7 7700,RTX5070,B850M,0.983,2,1.0,1,0.6123,5,0.6305,6,0.4095,6,0.2741,8,1.0,1,0.6879,3,0.566,3,0.5164,6
遊戲,60000,0.0,指定 GPU:穩定,12,53787,0.4887,0.6633,AMD R7 7700,RTX5070,B850M,0.983,2,1.0,1,0.6123,5,0.6305,6,0.4095,6,0.2741,8,1.0,1,0.6879,3,0.566,3,0.5164,6
遊戲,60000,0.0,指定 GPU:穩定,13,53787,0.4887,0.6633,AMD R7 7700,RTX5070,B850M,0.983,2,1.0,1,0.6123,5,0.6305,6,0.4095,6,0.2741,8,1.0,1,0.6879,3,0.566,3,0.5164,6
遊戲,60000,0.0,指定 GPU:穩定,14,53787,0.4887,0.6633,AMD R7 7700,RTX5070,B850M,0.983,2,1.0,1,0.6123,5,0.6305,6,0.4095,6,0.2741,8,1.0,1,0.6879,3,0.566,3,0.5164,6
遊戲,60000,0.0,指定 GPU:穩定,15,53787,0.4887,0.6633,AMD R7 7700,RTX5070,B850M,0.983,2,1.0,1,0.6123,5,0.6305,6,0.4095,6,0.2741,8,1.0,1,0.6879,3,0.566,3,0.5164,6
遊戲,60000,0.0,指定 GPU:穩定,16,53787,0.4887,0.6633,AMD R7 7700,RTX5070,B850M,0.983,2,1.0,1,0.6123,5,0.6305,6,0.4095,6,0.2741,8,1.0,1,0.6879,3,0.566,3,0.5164,6
遊戲,60000,0.0,指定 GPU:穩定,17,53787,0.4887,0.6633,AMD R7 7700,RTX5070,B850M,0.983,2,1.0,1,0.6123,5,0.6305,6,0.4095,6,0.2741,8,1.0,1,0.6879,3,0.566,3,0.5164,6
遊戲,60000,0.0,指定 GPU:穩定,18,53787,0.4887,0.6633,AMD R7 7700,RTX5070,B850M,0.983,2,1.0,1,0.6123,5,0.6305,6,0.4095,6,0.2741,8,1.0,1,0.6879,3,0.566,3,0.5164,6
遊戲,60000,0.0,指定 GPU:穩定,19,53787,0.4887,0.6633,AMD R7 7700,RTX5070,B850M,0.983,2,1.0,1,0.6123,5,0.6305,6,0.4095,6,0.2741,8,1.0,1,0.6879,3,0.566,3,0.5164,6
遊戲,60000,0.0,指定 GPU:CP值,0,55787,0.4497,0.7706,AMD R7 7700,RX9070,B850M,0.983,2,1.0,1,1.0,1,0.6673,5,1.0,1,1.0,1,1.0,1,0.6879,3,0.566,3,0.5164,6
遊戲,60000,0.0,指定 GPU:CP值,1,55787,0.4497,0.7706,AMD R7 7700,RX9070,B850M,0.983,2,1.0,1,1.0,1,0.6673,5,1.0,1,1.0,1,1.0,1,0.6879,3,0.566,3,0.5164,6
遊戲,60000,0.0,指定 GPU:CP值,2,55787,0.4497,0.7706,AMD R7 7700,RX9070,B850M,0.983,2,1.0,1,1.0,1,0.6673,5,1.0,1,1.0,1,1.0,1,0.6879,3,0.566,3,0.5164,6
遊戲,60000,0.0,指定 GPU:CP值,3,55787,0.4497,0.7706,AMD R7 7700,RX9070,B850M,0.983,2,1.0,1,1.0,1,0.6673,5,1.0,1,1.0,1,1.0,1,0.6879,3,0.566,3,0.5164,6
遊戲,60000,0.0,指定 GPU:CP值,4,55787,0.4497,0.7706,AMD R7 7700,RX9070,B850M,0.983,2,1.0,1,1.0,1,0.6673,5,1.0,1,1.0,1,1.0,1,0.6879,3,0.566,3,0.5164,6
遊戲,60000,0.0,指定 GPU:CP值,5,55787,0.4497,0.7706,AMD R7 7700,RX9070,B850M,0.983,2,1.0,1,1.0,1,0.6673,5,1.0,1,1.0,1,1.0,1,0.6879,3,0.566,3,0.5164,6
遊戲,60000,0.0,指定 GPU:CP值,6,55787,0.4497,0.7706,AMD R7 7700,RX9070,B850M,0.983,2,1.0,1,1.0,1,0.6673,5,1.0,1,1.0,1,1.0,1,0.6879,3,0.566,3,0.5164,6
遊戲,60000,0.0,指定 GPU:CP值,7,55787,0.4497,0.7706,AMD R7 7700,RX9070,B850M,0.983,2,1.0,1,1.0,1,0.6673,5,1.0,1,1.0,1,1.0,1,0.6879,3,0.566,3,0.5164,6
遊戲,60000,0.0,指定 GPU:CP值,8,55787,0.4497,0.7706,AMD R7 7700,RX9070,B850M,0.983,2,1.0,1,1.0,1,0.6673,5,1.0,1,1.0,1,1.0,1,0.6879,3,0.566,3,0.5164,6
遊戲,60000,0.0,指定 GPU:CP值,9,55787,0.4497,0.7706,AMD R7 7700,RX9070,B850M,0.983,2,1.0,1,1.0,1,0.6673,5,1.0,1,1.0,1,1.0,1,0.6879,3,0.566,3,0.5164,6
遊戲,60000,0.0,指定 GPU:CP值,10,55787,0.4497,0.7706,AMD R7 7700,RX9070,B850M,0.983,2,1.0,1,1.0,1,0.6673,5,1.0,1,1.0,1,1.0,1,0.6879,3,0.566,3,0.5164,6
遊戲,60000,0.0,指定 GPU:CP值,11,55787,0.4497,0.7706,AMD R7 7700,RX9070,B850M,0.983,2,1.0,1,1.0,1,0.6673,5,1.0,1,1.0,1,1.0,1,0.6879,3,0.566,3,0.5164,6
遊戲,60000,0.0,指定 GPU:CP值,12,55787,0.4497,0.7706,AMD R7 7700,RX9070,B850M,0.983,2,1.0,1,1.0,1,0.6673,5,1.0,1,1.0,1,1.0,1,0.6879,3,0.566,3,0.5164,6
遊戲,60000,0.0,指定 GPU:CP值,13,55787,0.4497,0.7706,AMD R7 7700,RX9070,B850M,0.983,2,1.0,1,1.0,1,0.6673,5,1.0,1,1.0,1,1.0,1,0.6879,3,0.566,3,0.5164,6
遊戲,60000,0.0,指定 GPU:CP值,14,55787,0.4497,0.7706,AMD R7 7700,RX9070,B850M,0.983,2,1.0,1,1.0,1,0.6673,5,1.0,1,1.0,1,1.0,1,0.6879,3,0.566,3,0.5164,6
遊戲,60000,0.0,指定 GPU:CP值,15,55787,0.4497,0.7706,AMD R7 7700,RX9070,B850M,0.983,2,1.0,1,1.0,1,0.6673,5,1.0,1,1.0,1,1.0,1,0.6879,3,0.566,3,0.5164,6
遊戲,60000,0.0,指定 GPU:CP值,16,55787,0.4497,0.7706,AMD R7 7700,RX9070,B850M,0.983,2,1.0,1,1.0,1,0.6673,5,1.0,1,1.0,1,1.0,1,0.6879,3,0.566,3,0.5164,6
遊戲,60000,0.0,指定 GPU:CP值,17,55787,0.4497,0.7706,AMD R7 7700,RX9070,B850M,0.983,2,1.0,1,1.0,1,0.6673,5,1.0,1,1.0,1,1.0,1,0.6879,3,0.566,3,0.5164,6
遊戲,60000,0.0,指定 GPU:CP值,18,55787,0.4497,0.7706,AMD R7 7700,RX9070,B850M,0.983,2,1.0,1,1.0,1,0.6673,5,1.0,1,1.0,1,1.0,1,0.6879,3,0.566,3,0.5164,6
遊戲,60000,0.0,指定 GPU:CP值,19,55787,0.4497,0.7706,AMD R7 7700,RX9070,B850M,0.983,2,1.0,1,1.0,1,0.6673,5,1.0,1,1.0,1,1.0,1,0.6879,3,0.566,3,0.5164,6
遊戲,60000,0.0,指定 GPU:VRAM,0,55787,0.4497,0.7706,AMD R7 7700,RX9070,B850M,0.983,2,1.0,1,1.0,1,0.6673,5,1.0,1,1.0,1,1.0,1,0.6879,3,0.566,3,0.5164,6
遊戲,60000,0.0,指定 GPU:VRAM,1,55787,0.4497,0.7706,AMD R7 7700,RX9070,B850M,0.983,2,1.0,1,1.0,1,0.6673,5,1.0,1,1.0,1,1.0,1,0.6879,3,0.566,3,0.5164,6
遊戲,60000,0.0,指定 GPU:VRAM,2,55787,0.4497,0.7706,AMD R7 7700,RX9070,B850M,0.983,2,1.0,1,1.0,1,0.6673,5,1.0,1,1.0,1,1.0,1,0.6879,3,0.566,3,0.5164,6
遊戲,60000,0.0,指定 GPU:VRAM,3,55787,0.4497,0.7706,AMD R7 7700,RX9070,B850M,0.983,2,1.0,1,1.0,1,0.6673,5,1.0,1,1.0,1,1.0,1,0.6879,3,0.566,3,0.5164,6
遊戲,60000,0.0,指定 GPU:VRAM,4,55787,0.4497,0.7706,AMD R7 7700,RX9070,B850M,0.983,2,1.0,1,1.0,1,0.6673,5,1.0,1,1.0,1,1.0,1,0.6879,3,0.566,3,0.5164,6
遊戲,60000,0.0,指定 GPU:VRAM,5,55787,0.4497,0.7706,AMD R7 7700,RX9070,B850M,0.983,2,1.0,1,1.0,1,0.6673,5,1.0,1,1.0,1,1.0,1,0.6879,3,0.566,3,0.5164,6
遊戲,60000,0.0,指定 GPU:VRAM,6,55787,0.4497,0.7706,AMD R7 7700,RX9070,B850M,0.983,2,1.0,1,1.0,1,0.6673,5,1.0,1,1.0,1,1.0,1,0.6879,3,0.566,3,0.5164,6
遊戲,60000,0.0,指定 GPU:VRAM,7,55787,0.4497,0.7706,AMD R7 7700,RX9070,B850M,0.983,2,1.0,1,1.0,1,0.6673,5,1.0,1,1.0,1,1.0,1,0.6879,3,0.566,3,0.5164,6
遊戲,60000,0.0,指定 GPU:VRAM,8,55787,0.4497,0.7706,AMD R7 7700,RX9070,B850M,0.983,2,1.0,1,1.0,1,0.6673,5,1.0,1,1.0,1,1.0,1,0.6879,3,0.566,3,0.5164,6
遊戲,60000,0.0,指定 GPU:VRAM,9,55787,0.4497,0.7706,AMD R7 7700,RX9070,B850M,0.983,2,1.0,1,1.0,1,0.6673,5,1.0,1,1.0,1,1.0,1,0.6879,3,0.566,3,0.5164,6
遊戲,60000,0.0,指定 GPU:VRAM,10,55787,0.4497,0.7706,AMD R7 7700,RX9070,B850M,0.983,2,1.0,1,1.0,1,0.6673,5,1.0,1,1.0,1,1.0,1,0.6879,3,0.566,3,0.5164,6
遊戲,60000,0.0,指定 GPU:VRAM,11,55787,0.4497,0.7706,AMD R7 7700,RX9070,B850M,0.983,2,1.0,1,1.0,1,0.6673,5,1.0,1,1.0,1,1.0,1,0.6879,3,0.566,3,0.5164,6
遊戲,60000,0.0,指定 GPU:VRAM,12,55787,0.4497,0.7706,AMD R7 7700,RX9070,B850M,0.983,2,1.0,1,1.0,1,0.6673,5,1.0,1,1.0,1,1.0,1,0.6879,3,0.566,3,0.5164,6
遊戲,60000,0.0,指定 GPU:VRAM,13,55787,0.4497,0.7706,AMD R7 7700,RX9070,B850M,0.983,2,1.0,1,1.0,1,0.6673,5,1.0,1,1.0,1,1.0,1,0.6879,3,0.566,3,0.5164,6
遊戲,60000,0.0,指定 GPU:VRAM,14,55787,0.4497,0.7706,AMD R7 7700,RX9070,B850M,0.983,2,1.0,1,1.0,1,0.6673,5,1.0,1,1.0,1,1.0,1,0.6879,3,0.566,3,0.5164,6
遊戲,60000,0.0,指定 GPU:VRAM,15,55787,0.4497,0.7706,AMD R7 7700,RX9070,B850M,0.983,2,1.0,1,1.0,1,0.6673,5,1.0,1,1.0,1,1.0,1,0.6879,3,0.566,3,0.5164,6
遊戲,60000,0.0,指定 GPU:VRAM,16,55787,0.4497,0.7706,AMD R7 7700,RX9070,B850M,0.983,2,1.0,1,1.0,1,0.6673,5,1.0,1,1.0,1,1.0,1,0.6879,3,0.566,3,0.5164,6
遊戲,60000,0.0,指定 GPU:VRAM,17,55787,0.4497,0.7706,AMD R7 7700,RX9070,B850M,0.983,2,1.0,1,1.0,1,0.6673,5,1.0,1,1.0,1,1.0,1,0.6879,3,0.566,3,0.5164,6
遊戲,60000,0.0,指定 GPU:VRAM,18,55787,0.4497,0.7706,AMD R7 7700,RX9070,B850M,0.983,2,1.0,1,1.0,1,0.6673,5,1.0,1,1.0,1,1.0,1,0.6879,3,0.566,3,0.5164,6
遊戲,60000,0.0,指定 GPU:VRAM,19,55787,0.4497,0.7706,AMD R7 7700,RX9070,B850M,0.983,2,1.0,1,1.0,1,0.6673,5,1.0,1,1.0,1,1.0,1,0.6879,3,0.566,3,0.5164,6
遊戲,60000,0.0,指定 主機板:用料,0,55787,0.4497,0.7706,AMD R7 7700,RX9070,B850M,0.983,2,1.0,1,1.0,1,0.6673,5,1.0,1,1.0,1,1.0,1,0.6879,3,0.566,3,0.5164,6
遊戲,60000,0.0,指定 主機板:用料,1,55787,0.4497,0.7706,AMD R7 7700,RX9070,B850M,0.983,2,1.0,1,1.0,1,0.6673,5,1.0,1,1.0,1,1.0,1,0.6879,3,0.566,3,0.5164,6
遊戲,60000,0.0,指定 主機板:用料,2,55787,0.4497,0.7706,AMD R7 7700,RX9070,B850M,0.983,2,1.0,1,1.0,1,0.6673,5,1.0,1,1.0,1,1.0,1,0.6879,3,0.566,3,0.5164,6
遊戲,60000,0.0,指定 主機板:用料,3,55787,0.4497,0.7706,AMD R7 7700,RX9070,B850M,0.983,2,1.0,1,1.0,1,0.6673,5,1.0,1,1.0,1,1.0,1,0.6879,3,0.566,3,0.5164,6
遊戲,60000,0.0,指定 主機板:用料,4,55787,0.4497,0.7706,AMD R7 7700,RX9070,B850M,0.983,2,1.0,1,1.0,1,0.6673,5,1.0,1,1.0,1,1.0,1,0.6879,3,0.566,3,0.5164,6
遊戲,60000,0.0,指定 主機板:用料,5,55787,0.4497,0.7706,AMD R7 7700,RX9070,B850M,0.983,2,1.0,1,1.0,1,0.6673,5,1.0,1,1.0,1,1.0,1,0.6879,3,0.566,3,0.5164,6
遊戲,60000,0.0,指定 主機板:用料,6,55787,0.4497,0.7706,AMD R7 7700,RX9070,B850M,0.983,2,1.0,1,1.0,1,0.6673,5,1.0,1,1.0,1,1.0,1,0.6879,3,0.566,3,0.5164,6
遊戲,60000,0.0,指定 主機板:用料,7,55787,0.4497,0.7706,AMD R7 7700,RX9070,B850M,0.983,2,1.0,1,1.0,1,0.6673,5,1.0,1,1.0,1,1.0,1,0.6879,3,0.566,3,0.5164,6
遊戲,60000,0.0,指定 主機板:用料,8,55787,0.4497,0.7706,AMD R7 7700,RX9070,B850M,0.983,2,1.0,1,1.0,1,0.6673,5,1.0,1,1.0,1,1.0,1,0.6879,3,0.566,3,0.5164,6
遊戲,60000,0.0,指定 主機板:用料,9,55787,0.4497,0.7706,AMD R7 7700,RX9070,B850M,0.983,2,1.0,1,1.0,1,0.6673,5,1.0,1,1.0,1,1.0,1,0.6879,3,0.566,3,0.5164,6
遊戲,60000,0.0,指定 主機板:用料,10,55787,0.4497,0.7706,AMD R7 7700,RX9070,B850M,0.983,2,1.0,1,1.0,1,0.6673,5,1.0,1,1.0,1,1.0,1,0.6879,3,0.566,3,0.5164,6
遊戲,60000,0.0,指定 主機板:用料,11,55787,0.4497,0.7706,AMD R7 7700,RX9070,B850M,0.983,2,1.0,1,1.0,1,0.6673,5,1.0,1,1.0,1,1.0,1,0.6879,3,0.566,3,0.5164,6
遊戲,60000,0.0,指定 主機板:用料,12,55787,0.4497,0.7706,AMD R7 7700,RX9070,B850M,0.983,2,1.0,1,1.0,1,0.6673,5,1.0,1,1.0,1,1.0,1,0.6879,3,0.566,3,0.5164,6
遊戲,60000,0.0,指定 主機板:用料,13,55787,0.4497,0.7706,AMD R7 7700,RX9070,B850M,0.983,2,1.0,1,1.0,1,0.6673,5,1.0,1,1.0,1,1.0,1,0.6879,3,0.566,3,0.5164,6
遊戲,60000,0.0,指定 主機板:用料,14,55787,0.4497,0.7706,AMD R7 7700,RX9070,B850M,0.983,2,1.0,1,1.0,1,0.6673,5,1.0,1,1.0,1,1.0,1,0.6879,3,0.566,3,0.5164,6
遊戲,60000,0.0,指定 主機板:用料,15,55787,0.4497,0.7706,AMD R7 7700,RX9070,B850M,0.983,2,1.0,1,1.0,1,0.6673,5,1.0,1,1.0,1,1.0,1,0.6879,3,0.566,3,0.5164,6
遊戲,60000,0.0,指定 主機板:用料,16,55787,0.4497,0.7706,AMD R7 7700,RX9070,B850M,0.983,2,1.0,1,1.0,1,0.6673,5,1.0,1,1.0,1,1.0,1,0.6879,3,0.566,3,0.5164,6
遊戲,60000,0.0,指定 主機板:用料,17,55787,0.4497,0.7706,AMD R7 7700,RX9070,B850M,0.983,2,1.0,1,1.0,1,0.6673,5,1.0,1,1.0,1,1.0,1,0.6879,3,0.566,3,0.5164,6
遊戲,60000,0.0,指定 主機板:用料,18,55787,0.4497,0.7706,AMD R7 7700,RX9070,B850M,0.983,2,1.0,1,1.0,1,0.6673,5,1.0,1,1.0,1,1.0,1,0.6879,3,0.566,3,0.5164,6
遊戲,60000,0.0,指定 主機板:用料,19,55787,0.4497,0.7706,AMD R7 7700,RX9070,B850M,0.983,2,1.0,1,1.0,1,0.6673,5,1.0,1,1.0,1,1.0,1,0.6879,3,0.566,3,0.5164,6
遊戲,60000,0.0,指定 主機板:擴充性,0,55787,0.4497,0.7706,AMD R7 7700,RX9070,B850M,0.983,2,1.0,1,1.0,1,0.6673,5,1.0,1,1.0,1,1.0,1,0.6879,3,0.566,3,0.5164,6
遊戲,60000,0.0,指定 主機板:擴充性,1,55787,0.4497,0.7706,AMD R7 7700,RX9070,B850M,0.983,2,1.0,1,1.0,1,0.6673,5,1.0,1,1.0,1,1.0,1,0.6879,3,0.566,3,0.5164,6
遊戲,60000,0.0,指定 主機板:擴充性,2,55787,0.4497,0.7706,AMD R7 7700,RX9070,B850M,0.983,2,1.0,1,1.0,1,0.6673,5,1.0,1,1.0,1,1.0,1,0.6879,3,0.566,3,0.5164,6
遊戲,60000,0.0,指定 主機板:擴充性,3,55787,0.4497,0.7706,AMD R7 7700,RX9070,B850M,0.983,2,1.0,1,1.0,1,0.6673,5,1.0,1,1.0,1,1.0,1,0.6879,3,0.566,3,0.5164,6
遊戲,60000,0.0,指定 主機板:擴充性,4,55787,0.4497,0.7706,AMD R7 7700,RX9070,B850M,0.983,2,1.0,1,1.0,1,0.6673,5,1.0,1,1.0,1,1.0,1,0.6879,3,0.566,3,0.5164,6
遊戲,60000,0.0,指定 主機板:擴充性,5,55787,0.4497,0.7706,AMD R7 7700,RX9070,B850M,0.983,2,1.0,1,1.0,1,0.6673,5,1.0,1,1.0,1,1.0,1,0.6879,3,0.566,3,0.5164,6
遊戲,60000,0.0,指定 主機板:擴充性,6,55787,0.4497,0.7706,AMD R7 7700,RX9070,B850M,0.983,2,1.0,1,1.0,1,0.6673,5,1.0,1,1.0,1,1.0,1,0.6879,3,0.566,3,0.5164,6
遊戲,60000,0.0,指定 主機板:擴充性,7,55787,0.4497,0.7706,AMD R7 7700,RX9070,B850M,0.983,2,1.0,1,1.0,1,0.6673,5,1.0,1,1.0,1,1.0,1,0.6879,3,0.566,3,0.5164,6
遊戲,60000,0.0,指定 主機板:擴充性,8,55787,0.4497,0.7706,AMD R7 7700,RX9070,B850M,0.983,2,1.0,1,1.0,1,0.6673,5,1.0,1,1.0,1,1.0,1,0.6879,3,0.566,3,0.5164,6
遊戲,60000,0.0,指定 主機板:擴充性,9,55787,0.4497,0.7706,AMD R7 7700,RX9070,B850M,0.983,2,1.0,1,1.0,1,0.6673,5,1.0,1,1.0,1,1.0,1,0.6879,3,0.566,3,0.5164,6
遊戲,60000,0.0,指定 主機板:擴充性,10,55787,0.4497,0.7706,AMD R7 7700,RX9070,B850M,0.983,2,1.0,1,1.0,1,0.6673,5,1.0,1,1.0,1,1.0,1,0.6879,3,0.566,3,0.5164,6
遊戲,60000,0.0,指定 主機板:擴充性,11,55787,0.4497,0.7706,AMD R7 7700,RX9070,B850M,0.983,2,1.0,1,1.0,1,0.6673,5,1.0,1,1.0,1,1.0,1,0.6879,3,0.566,3,0.5164,6
遊戲,60000,0.0,指定 主機板:擴充性,12,55787,0.4497,0.7706,AMD R7 7700,RX9070,B850M,0.983,2,1.0,1,1.0,1,0.6673,5,1.0,1,1.0,1,1.0,1,0.6879,3,0.566,3,0.5164,6
遊戲,60000,0.0,指定 主機板:擴充性,13,55787,0.4497,0.7706,AMD R7 7700,RX9070,B850M,0.983,2,1.0,1,1.0,1,0.6673,5,1.0,1,1.0,1,1.0,1,0.6879,3,0.566,3,0.5164,6
遊戲,60000,0.0,指定 主機板:擴充性,14,55787,0.4497,0.7706,AMD R7 7700,RX9070,B850M,0.983,2,1.0,1,1.0,1,0.6673,5,1.0,1,1.0,1,1.0,1,0.6879,3,0.566,3,0.5164,6
遊戲,60000,0.0,指定 主機板:擴充性,15,55787,0.4497,0.7706,AMD R7 7700,RX9070,B850M,0.983,2,1.0,1,1.0,1,0.6673,5,1.0,1,1.0,1,1.0,1,0.6879,3,0.566,3,0.5164,6
遊戲,60000,0.0,指定 主機板:擴充性,16,59522,0.5107,0.6705,Intel Core Ultra 5 245KF,RX9070,Z890,0.6576,12,0.593,5,1.0,1,0.6673,5,1.0,1,1.0,1,0.9611,2,1.0,1,0.263,7,0.2458,9
遊戲,60000,0.0,指定 主機板:擴充性,17,59522,0.5107,0.6705,Intel Core Ultra 5 245KF,RX9070,Z890,0.6576,12,0.593,5,1.0,1,0.6673,5,1.0,1,1.0,1,0.9611,2,1.0,1,0.263,7,0.2458,9
遊戲,60000,0.0,指定 主機板:擴充性,18,55787,0.4497,0.7706,AMD R7 7700,RX9070,B850M,0.983,2,1.0,1,1.0,1,0.6673,5,1.0,1,1.0,1,1.0,1,0.6879,3,0.566,3,0.5164,6
遊戲,60000,0.0,指定 主機板:擴充性,19,55787,0.4497,0.7706,AMD R7 7700,RX9070,B850M,0.983,2,1.0,1,1.0,1,0.6673,5,1.0,1,1.0,1,1.0,1,0.6879,3,0.566,3,0.5164,6
遊戲,60000,0.0,指定 主機板:穩定,0,55787,0.4497,0.7706,AMD R7 7700,RX9070,B850M,0.983,2,1.0,1,1.0,1,0.6673,5,1.0,1,1.0,1,1.0,1,0.6879,3,0.566,3,0.5164,6
遊戲,60000,0.0,指定 主機板:穩定,1,55787,0.4497,0.7706,AMD R7 7700,RX9070,B850M,0.983,2,1.0,1,1.0,1,0.6673,5,1.0,1,1.0,1,1.0,1,0.6879,3,0.566,3,0.5164,6
遊戲,60000,0.0,指定 主機板:穩定,2,55787,0.4497,0.7706,AMD R7 7700,RX9070,B850M,0.983,2,1.0,1,1.0,1,0.6673,5,1.0,1,1.0,1,1.0,1,0.6879,3,0.566,3,0.5164,6
遊戲,60000,0.0,指定 主機板:穩定,3,55787,0.4497,0.7706,AMD R7 7700,RX9070,B850M,0.983,2,1.0,1,1.0,1,0.6673,5,1.0,1,1.0,1,1.0,1,0.6879,3,0.566,3,0.5164,6
遊戲,60000,0.0,指定 主機板:穩定,4,55787,0.4497,0.7706,AMD R7 7700,RX9070,B850M,0.983,2,1.0,1,1.0,1,0.6673,5,1.0,1,1.0,1,1.0,1,0.6879,3,0.566,3,0.5164,6
遊戲,60000,0.0,指定 主機板:穩定,5,55787,0.4497,0.7706,AMD R7 7700,RX9070,B850M,0.983,2,1.0,1,1.0,1,0.6673,5,1.0,1,1.0,1,1.0,1,0.6879,3,0.566,3,0.5164,6
遊戲,60000,0.0,指定 主機板:穩定,6,55787,0.4497,0.7706,AMD R7 7700,RX9070,B850M,0.983,2,1.0,1,1.0,1,0.6673,5,1.0,1,1.0,1,1.0,1,0.6879,3,0.566,3,0.5164,6
遊戲,60000,0.0,指定 主機板:穩定,7,55787,0.4497,0.7706,AMD R7 7700,RX9070,B850M,0.983,2,1.0,1,1.0,1,0.6673,5,1.0,1,1.0,1,1.0,1,0.6879,3,0.566,3,0.5164,6
遊戲,60000,0.0,指定 主機板:穩定,8,55787,0.4497,0.7706,AMD R7 7700,RX9070,B850M,0.983,2,1.0,1,1.0,1,0.6673,5,1.0,1,1.0,1,1.0,1,0.6879,3,0.566,3,0.5164,6
遊戲,60000,0.0,指定 主機板:穩定,9,55787,0.4497,0.7706,AMD R7 7700,RX9070,B850M,0.983,2,1.0,1,1.0,1,0.6673,5,1.0,1,1.0,1,1.0,1,0.6879,3,0.566,3,0.5164,6
遊戲,60000,0.0,指定 主機板:穩定,10,55787,0.4497,0.7706,AMD R7 7700,RX9070,B850M,0.983,2,1.0,1,1.0,1,0.6673,5,1.0,1,1.0,1,1.0,1,0.6879,3,0.566,3,0.5164,6
遊戲,60000,0.0,指定 主機板:穩定,11,55787,0.4497,0.7706,AMD R7 7700,RX9070,B850M,0.983,2,1.0,1,1.0,1,0.6673,5,1.0,1,1.0,1,1.0,1,0.6879,3,0.566,3,0.5164,6
遊戲,60000,0.0,指定 主機板:穩定,12,55787,0.4497,0.7706,AMD R7 7700,RX9070,B850M,0.983,2,1.0,1,1.0,1,0.6673,5,1.0,1,1.0,1,1.0,1,0.6879,3,0.566,3,0.5164,6
遊戲,60000,0.0,指定 主機板:穩定,13,55787,0.4497,0.7706,AMD R7 7700,RX9070,B850M,0.983,2,1.0,1,1.0,1,0.6673,5,1.0,1,1.0,1,1.0,1,0.6879,3,0.566,3,0.5164,6
遊戲,60000,0.0,指定 主機板:穩定,14,55787,0.4497,0.7706,AMD R7 7700,RX9070,B850M,0.983,2,1.0,1,1.0,1,0.6673,5,1.0,1,1.0,1,1.0,1,0.6879,3,0.566,3,0.5164,6
遊戲,60000,0.0,指定 主機板:穩定,15,55787,0.4497,0.7706,AMD R7 7700,RX9070,B850M,0.983,2,1.0,1,1.0,1,0.6673,5,1.0,1,1.0,1,1.0,1,0.6879,3,0.566,3,0.5164,6
遊戲,60000,0.0,指定 主機板:穩定,16,55787,0.4497,0.7706,AMD R7 7700,RX9070,B850M,0.983,2,1.0,1,1.0,1,0.6673,5,1.0,1,1.0,1,1.0,1,0.6879,3,0.566,3,0.5164,6
遊戲,60000,0.0,指定 主機板:穩定,17,55787,0.4497,0.7706,AMD R7 7700,RX9070,B850M,0.983,2,1.0,1,1.0,1,0.6673,5,1.0,1,1.0,1,1.0,1,0.6879,3,0.566,3,0.5164,6
遊戲,60000,0.0,指定 主機板:穩定,18,55787,0.4497,0.7706,AMD R7 7700,RX9070,B850M,0.983,2,1.0,1,1.0,1,0.6673,5,1.0,1,1.0,1,1.0,1,0.6879,3,0.566,3,0.5164,6
遊戲,60000,0.0,指定 主機板:穩定,19,55787,0.4497,0.7706,AMD R7 7700,RX9070,B850M,0.983,2,1.0,1,1.0,1,0.6673,5,1.0,1,1.0,1,1.0,1,0.6879,3,0.566,3,0.5164,6
遊戲,60000,0.0,指定 主機板:CP值,0,55787,0.4497,0.7126,AMD R7 7700,RX9070,B650M,0.983,2,1.0,1,1.0,1,0.6673,5,1.0,1,1.0,1,0.5795,7,0.2883,7,0.0,10,1.0,1
遊戲,60000,0.0,指定 主機板:CP值,1,55787,0.4497,0.7126,AMD R7 7700,RX9070,B650M,0.983,2,1.0,1,1.0,1,0.6673,5,1.0,1,1.0,1,0.5795,7,0.2883,7,0.0,10,1.0,1
遊戲,60000,0.0,指定 主機板:CP值,2,55787,0.4497,0.7126,AMD R7 7700,RX9070,B650M,0.983,2,1.0,1,1.0,1,0.6673,5,1.0,1,1.0,1,0.5795,7,0.2883,7,0.0,10,1.0,1
遊戲,60000,0.0,指定 主機板:CP值,3,55787,0.4497,0.7126,AMD R7 7700,RX9070,B650M,0.983,2,1.0,1,1.0,1,0.6673,5,1.0,1,1.0,1,0.5795,7,0.2883,7,0.0,10,1.0,1
遊戲,60000,0.0,指定 主機板:CP值,4,55787,0.4497,0.7126,AMD R7 7700,RX9070,B650M,0.983,2,1.0,1,1.0,1,0.6673,5,1.0,1,1.0,1,0.5795,7,0.2883,7,0.0,10,1.0,1
遊戲,60000,0.0,指定 主機板:CP值,5,55787,0.4497,0.7126,AMD R7 7700,RX9070,B650M,0.983,2,1.0,1,1.0,1,0.6673,5,1.0,1,1.0,1,0.5795,7,0.2883,7,0.0,10,1.0,1
遊戲,60000,0.0,指定 主機板:CP值,6,55787,0.4497,0.7126,AMD R7 7700,RX9070,B650M,0.983,2,1.0,1,1.0,1,0.6673,5,1.0,1,1.0,1,0.5795,7,0.2883,7,0.0,10,1.0,1
遊戲,60000,0.0,指定 主機板:CP值,7,55787,0.4497,0.7126,AMD R7 7700,RX9070,B650M,0.983,2,1.0,1,1.0,1,0.6673,5,1.0,1,1.0,1,0.5795,7,0.2883,7,0.0,10,1.0,1
遊戲,60000,0.0,指定 主機板:CP值,8,55787,0.4497,0.7126,AMD R7 7700,RX9070,B650M,0.983,2,1.0,1,1.0,1,0.6673,5,1.0,1,1.0,1,0.5795,7,0.2883,7,0.0,10,1.0,1
遊戲,60000,0.0,指定 主機板:CP值,9,55787,0.4497,0.7126,AMD R7 7700,RX9070,B650M,0.983,2,1.0,1,1.0,1,0.6673,5,1.0,1,1.0,1,0.5795,7,0.2883,7,0.0,10,1.0,1
遊戲,60000,0.0,指定 主機板:CP值,10,55787,0.4497,0.7126,AMD R7 7700,RX9070,B650M,0.983,2,1.0,1,1.0,1,0.6673,5,1.0,1,1.0,1,0.5795,7,0.2883,7,0.0,10,1.0,1
遊戲,60000,0.0,指定 主機板:CP值,11,55787,0.4497,0.7126,AMD R7 7700,RX9070,B650M,0.983,2,1.0,1,1.0,1,0.6673,5,1.0,1,1.0,1,0.5795,7,0.2883,7,0.0,10,1.0,1
遊戲,60000,0.0,指定 主機板:CP值,12,55787,0.4497,0.7126,AMD R7 7700,RX9070,B650M,0.983,2,1.0,1,1.0,1,0.6673,5,1.0,1,1.0,1,0.5795,7,0.2883,7,0.0,10,1.0,1
遊戲,60000,0.0,指定 主機板:CP值,13,55787,0.4497,0.7126,AMD R7 7700,RX9070,B650M,0.983,2,1.0,1,1.0,1,0.6673,5,1.0,1,1.0,1,0.5795,7,0.2883,7,0.0,10,1.0,1
遊戲,60000,0.0,指定 主機板:CP值,14,55787,0.4497,0.7126,AMD R7 7700,RX9070,B650M,0.983,2,1.0,1,1.0,1,0.6673,5,1.0,1,1.0,1,0.5795,7,0.2883,7,0.0,10,1.0,1
遊戲,60000,0.0,指定 主機板:CP值,15,55787,0.4497,0.7126,AMD R7 7700,RX9070,B650M,0.983,2,1.0,1,1.0,1,0.6673,5,1.0,1,1.0,1,0.5795,7,0.2883,7,0.0,10,1.0,1
遊戲,60000,0.0,指定 主機板:CP值,16,55787,0.4497,0.7126,AMD R7 7700,RX9070,B650M,0.983,2,1.0,1,1.0,1,0.6673,5,1.0,1,1.0,1,0.5795,7,0.2883,7,0.0,10,1.0,1
遊戲,60000,0.0,指定 主機板:CP值,17,55787,0.4497,0.7126,AMD R7 7700,RX9070,B650M,0.983,2,1.0,1,1.0,1,0.6673,5,1.0,1,1.0,1,0.5795,7,0.2883,7,0.0,10,1.0,1
遊戲,60000,0.0,指定 主機板:CP值,18,55787,0.4497,0.7126,AMD R7 7700,RX9070,B650M,0.983,2,1.0,1,1.0,1,0.6673,5,1.0,1,1.0,1,0.5795,7,0.2883,7,0.0,10,1.0,1
遊戲,60000,0.0,指定 主機板:CP值,19,55787,0.4497,0.7126,AMD R7 7700,RX9070,B650M,0.983,2,1.0,1,1.0,1,0.6673,5,1.0,1,1.0,1,0.5795,7,0.2883,7,0.0,10,1.0,1
