usage,budget,pref_term_share,pref_share,condition,seed,total_price,perf,sentiment,model_CPU,model_GPU,model_主機板,norm_CPU:效能,rank_CPU:效能,norm_CPU:CP值,rank_CPU:CP值,norm_GPU:效能,rank_GPU:效能,norm_GPU:穩定,rank_GPU:穩定,norm_GPU:CP值,rank_GPU:CP值,norm_GPU:VRAM,rank_GPU:VRAM,norm_主機板:用料,rank_主機板:用料,norm_主機板:擴充性,rank_主機板:擴充性,norm_主機板:穩定,rank_主機板:穩定,norm_主機板:CP值,rank_主機板:CP值
遊戲,30000,0.0,1.0,無口碑,0,29924,0.3121,0.4631,AMD R5 5600XT,RX7650GRE,A520M,0.7545,,0.5227,,0.0597,15,0.5326,,0.1739,9,0.5186,,0.6026,,0.4736,,0.4068,,0.4865,
遊戲,30000,0.0,1.0,無口碑,1,29624,0.3095,0.4631,AMD R5 5600XT,RX7650GRE,A520M,0.7545,,0.5227,,0.0597,15,0.5326,,0.1739,9,0.5186,,0.6026,,0.4736,,0.4068,,0.4865,
遊戲,30000,0.0,1.0,無口碑,2,29434,0.3035,0.4631,AMD R5 5600XT,RX7650GRE,A520M,0.7545,,0.5227,,0.0597,15,0.5326,,0.1739,9,0.5186,,0.6026,,0.4736,,0.4068,,0.4865,
遊戲,30000,0.0,1.0,無口碑,3,29334,0.3033,0.4631,AMD R5 5600XT,RX7650GRE,A520M,0.7545,,0.5227,,0.0597,15,0.5326,,0.1739,9,0.5186,,0.6026,,0.4736,,0.4068,,0.4865,
遊戲,30000,0.0,1.0,無口碑,4,29589,0.31,0.4631,AMD R5 5600XT,RX7650GRE,A520M,0.7545,,0.5227,,0.0597,15,0.5326,,0.1739,9,0.5186,,0.6026,,0.4736,,0.4068,,0.4865,
遊戲,30000,0.0,1.0,無口碑,5,29724,0.3097,0.4631,AMD R5 5600XT,RX7650GRE,A520M,0.7545,,0.5227,,0.0597,15,0.5326,,0.1739,9,0.5186,,0.6026,,0.4736,,0.4068,,0.4865,
遊戲,30000,0.0,1.0,無口碑,6,29434,0.3034,0.4631,AMD R5 5600XT,RX7650GRE,A520M,0.7545,,0.5227,,0.0597,15,0.5326,,0.1739,9,0.5186,,0.6026,,0.4736,,0.4068,,0.4865,
遊戲,30000,0.0,1.0,無口碑,7,29989,0.3132,0.4631,AMD R5 5600XT,RX7650GRE,A520M,0.7545,,0.5227,,0.0597,15,0.5326,,0.1739,9,0.5186,,0.6026,,0.4736,,0.4068,,0.4865,
遊戲,30000,0.0,1.0,無口碑,8,29724,0.3107,0.4631,AMD R5 5600XT,RX7650GRE,A520M,0.7545,,0.5227,,0.0597,15,0.5326,,0.1739,9,0.5186,,0.6026,,0.4736,,0.4068,,0.4865,
遊戲,30000,0.0,1.0,無口碑,9,29234,0.3025,0.4631,AMD R5 5600XT,RX7650GRE,A520M,0.7545,,0.5227,,0.0597,15,0.5326,,0.1739,9,0.5186,,0.6026,,0.4736,,0.4068,,0.4865,
遊戲,30000,0.0,1.0,無口碑,10,29434,0.3034,0.4631,AMD R5 5600XT,RX7650GRE,A520M,0.7545,,0.5227,,0.0597,15,0.5326,,0.1739,9,0.5186,,0.6026,,0.4736,,0.4068,,0.4865,
遊戲,30000,0.0,1.0,無口碑,11,29939,0.3135,0.4631,AMD R5 5600XT,RX7650GRE,A520M,0.7545,,0.5227,,0.0597,15,0.5326,,0.1739,9,0.5186,,0.6026,,0.4736,,0.4068,,0.4865,
遊戲,30000,0.0,1.0,無口碑,12,29739,0.3114,0.4631,AMD R5 5600XT,RX7650GRE,A520M,0.7545,,0.5227,,0.0597,15,0.5326,,0.1739,9,0.5186,,0.6026,,0.4736,,0.4068,,0.4865,
遊戲,30000,0.0,1.0,無口碑,13,29334,0.3033,0.4631,AMD R5 5600XT,RX7650GRE,A520M,0.7545,,0.5227,,0.0597,15,0.5326,,0.1739,9,0.5186,,0.6026,,0.4736,,0.4068,,0.4865,
遊戲,30000,0.0,1.0,無口碑,14,29724,0.3112,0.4631,AMD R5 5600XT,RX7650GRE,A520M,0.7545,,0.5227,,0.0597,15,0.5326,,0.1739,9,0.5186,,0.6026,,0.4736,,0.4068,,0.4865,
遊戲,30000,0.0,1.0,無口碑,15,29724,0.3097,0.4631,AMD R5 5600XT,RX7650GRE,A520M,0.7545,,0.5227,,0.0597,15,0.5326,,0.1739,9,0.5186,,0.6026,,0.4736,,0.4068,,0.4865,
遊戲,30000,0.0,1.0,無口碑,16,29739,0.3109,0.4631,AMD R5 5600XT,RX7650GRE,A520M,0.7545,,0.5227,,0.0597,15,0.5326,,0.1739,9,0.5186,,0.6026,,0.4736,,0.4068,,0.4865,
遊戲,30000,0.0,1.0,無口碑,17,29634,0.3038,0.4631,AMD R5 5600XT,RX7650GRE,A520M,0.7545,,0.5227,,0.0597,15,0.5326,,0.1739,9,0.5186,,0.6026,,0.4736,,0.4068,,0.4865,
遊戲,30000,0.0,1.0,無口碑,18,29939,0.3123,0.4631,AMD R5 5600XT,RX7650GRE,A520M,0.7545,,0.5227,,0.0597,15,0.5326,,0.1739,9,0.5186,,0.6026,,0.4736,,0.4068,,0.4865,
遊戲,30000,0.0,1.0,無口碑,19,29334,0.3032,0.4631,AMD R5 5600XT,RX7650GRE,A520M,0.7545,,0.5227,,0.0597,15,0.5326,,0.1739,9,0.5186,,0.6026,,0.4736,,0.4068,,0.4865,
遊戲,30000,0.0,1.0,有口碑,0,28739,0.2852,0.4781,AMD R5 5600XT,RX7650GRE,B550M,0.7545,,0.5227,,0.0597,15,0.5326,,0.1739,9,0.5186,,0.6043,6,0.2543,8,0.4315,5,0.9047,2
遊戲,30000,0.0,1.0,有口碑,1,28339,0.2846,0.4781,AMD R5 5600XT,RX7650GRE,B550M,0.7545,,0.5227,,0.0597,15,0.5326,,0.1739,9,0.5186,,0.6043,6,0.2543,8,0.4315,5,0.9047,2
遊戲,30000,0.0,1.0,有口碑,2,28739,0.2853,0.4781,AMD R5 5600XT,RX7650GRE,B550M,0.7545,,0.5227,,0.0597,15,0.5326,,0.1739,9,0.5186,,0.6043,6,0.2543,8,0.4315,5,0.9047,2
遊戲,30000,0.0,1.0,有口碑,3,28239,0.2839,0.4781,AMD R5 5600XT,RX7650GRE,B550M,0.7545,,0.5227,,0.0597,15,0.5326,,0.1739,9,0.5186,,0.6043,6,0.2543,8,0.4315,5,0.9047,2
遊戲,30000,0.0,1.0,有口碑,4,28339,0.2846,0.4781,AMD R5 5600XT,RX7650GRE,B550M,0.7545,,0.5227,,0.0597,15,0.5326,,0.1739,9,0.5186,,0.6043,6,0.2543,8,0.4315,5,0.9047,2
遊戲,30000,0.0,1.0,有口碑,5,28439,0.2848,0.4781,AMD R5 5600XT,RX7650GRE,B550M,0.7545,,0.5227,,0.0597,15,0.5326,,0.1739,9,0.5186,,0.6043,6,0.2543,8,0.4315,5,0.9047,2
遊戲,30000,0.0,1.0,有口碑,6,28339,0.2846,0.4781,AMD R5 5600XT,RX7650GRE,B550M,0.7545,,0.5227,,0.0597,15,0.5326,,0.1739,9,0.5186,,0.6043,6,0.2543,8,0.4315,5,0.9047,2
遊戲,30000,0.0,1.0,有口碑,7,28639,0.2851,0.4781,AMD R5 5600XT,RX7650GRE,B550M,0.7545,,0.5227,,0.0597,15,0.5326,,0.1739,9,0.5186,,0.6043,6,0.2543,8,0.4315,5,0.9047,2
遊戲,30000,0.0,1.0,有口碑,8,28539,0.2849,0.4781,AMD R5 5600XT,RX7650GRE,B550M,0.7545,,0.5227,,0.0597,15,0.5326,,0.1739,9,0.5186,,0.6043,6,0.2543,8,0.4315,5,0.9047,2
遊戲,30000,0.0,1.0,有口碑,9,28539,0.2849,0.4781,AMD R5 5600XT,RX7650GRE,B550M,0.7545,,0.5227,,0.0597,15,0.5326,,0.1739,9,0.5186,,0.6043,6,0.2543,8,0.4315,5,0.9047,2
遊戲,30000,0.0,1.0,有口碑,10,28339,0.2835,0.4781,AMD R5 5600XT,RX7650GRE,B550M,0.7545,,0.5227,,0.0597,15,0.5326,,0.1739,9,0.5186,,0.6043,6,0.2543,8,0.4315,5,0.9047,2
遊戲,30000,0.0,1.0,有口碑,11,28889,0.2856,0.4781,AMD R5 5600XT,RX7650GRE,B550M,0.7545,,0.5227,,0.0597,15,0.5326,,0.1739,9,0.5186,,0.6043,6,0.2543,8,0.4315,5,0.9047,2
遊戲,30000,0.0,1.0,有口碑,12,28399,0.2854,0.4781,AMD R5 5600XT,RX7650GRE,B550M,0.7545,,0.5227,,0.0597,15,0.5326,,0.1739,9,0.5186,,0.6043,6,0.2543,8,0.4315,5,0.9047,2
遊戲,30000,0.0,1.0,有口碑,13,28499,0.2856,0.4781,AMD R5 5600XT,RX7650GRE,B550M,0.7545,,0.5227,,0.0597,15,0.5326,,0.1739,9,0.5186,,0.6043,6,0.2543,8,0.4315,5,0.9047,2
遊戲,30000,0.0,1.0,有口碑,14,28439,0.2843,0.4781,AMD R5 5600XT,RX7650GRE,B550M,0.7545,,0.5227,,0.0597,15,0.5326,,0.1739,9,0.5186,,0.6043,6,0.2543,8,0.4315,5,0.9047,2
遊戲,30000,0.0,1.0,有口碑,15,28339,0.2835,0.4781,AMD R5 5600XT,RX7650GRE,B550M,0.7545,,0.5227,,0.0597,15,0.5326,,0.1739,9,0.5186,,0.6043,6,0.2543,8,0.4315,5,0.9047,2
遊戲,30000,0.0,1.0,有口碑,16,28539,0.2849,0.4781,AMD R5 5600XT,RX7650GRE,B550M,0.7545,,0.5227,,0.0597,15,0.5326,,0.1739,9,0.5186,,0.6043,6,0.2543,8,0.4315,5,0.9047,2
遊戲,30000,0.0,1.0,有口碑,17,28599,0.2858,0.4781,AMD R5 5600XT,RX7650GRE,B550M,0.7545,,0.5227,,0.0597,15,0.5326,,0.1739,9,0.5186,,0.6043,6,0.2543,8,0.4315,5,0.9047,2
遊戲,30000,0.0,1.0,有口碑,18,28889,0.2852,0.4781,AMD R5 5600XT,RX7650GRE,B550M,0.7545,,0.5227,,0.0597,15,0.5326,,0.1739,9,0.5186,,0.6043,6,0.2543,8,0.4315,5,0.9047,2
遊戲,30000,0.0,1.0,有口碑,19,28499,0.2845,0.4781,AMD R5 5600XT,RX7650GRE,B550M,0.7545,,0.5227,,0.0597,15,0.5326,,0.1739,9,0.5186,,0.6043,6,0.2543,8,0.4315,5,0.9047,2
遊戲,30000,0.0,1.0,指定 CPU:效能,0,28789,0.2878,0.4781,AMD R5 5600XT,RX7650GRE,B550M,0.7545,,0.5227,,0.0597,15,0.5326,,0.1739,9,0.5186,,0.6043,6,0.2543,8,0.4315,5,0.9047,2
遊戲,30000,0.0,1.0,指定 CPU:效能,1,28539,0.2844,0.4781,AMD R5 5600XT,RX7650GRE,B550M,0.7545,,0.5227,,0.0597,15,0.5326,,0.1739,9,0.5186,,0.6043,6,0.2543,8,0.4315,5,0.9047,2
遊戲,30000,0.0,1.0,指定 CPU:效能,2,28539,0.2849,0.4781,AMD R5 5600XT,RX7650GRE,B550M,0.7545,,0.5227,,0.0597,15,0.5326,,0.1739,9,0.5186,,0.6043,6,0.2543,8,0.4315,5,0.9047,2
遊戲,30000,0.0,1.0,指定 CPU:效能,3,28699,0.2859,0.4781,AMD R5 5600XT,RX7650GRE,B550M,0.7545,,0.5227,,0.0597,15,0.5326,,0.1739,9,0.5186,,0.6043,6,0.2543,8,0.4315,5,0.9047,2
遊戲,30000,0.0,1.0,指定 CPU:效能,4,29919,0.3027,0.517,AMD R5 7500F,RX7650GRE,B850M,0.9777,4,0.8478,2,0.0597,15,0.5326,,0.1739,9,0.5186,,1.0,1,0.6879,3,0.566,3,0.5164,6
遊戲,30000,0.0,1.0,指定 CPU:效能,5,28339,0.2846,0.4781,AMD R5 5600XT,RX7650GRE,B550M,0.7545,,0.5227,,0.0597,15,0.5326,,0.1739,9,0.5186,,0.6043,6,0.2543,8,0.4315,5,0.9047,2
遊戲,30000,0.0,1.0,指定 CPU:效能,6,28339,0.2846,0.4781,AMD R5 5600XT,RX7650GRE,B550M,0.7545,,0.5227,,0.0597,15,0.5326,,0.1739,9,0.5186,,0.6043,6,0.2543,8,0.4315,5,0.9047,2
遊戲,30000,0.0,1.0,指定 CPU:效能,7,29899,0.2838,0.4781,AMD R5 5600XT,RX7650GRE,B550M,0.7545,,0.5227,,0.0597,15,0.5326,,0.1739,9,0.5186,,0.6043,6,0.2543,8,0.4315,5,0.9047,2
遊戲,30000,0.0,1.0,指定 CPU:效能,8,28539,0.2849,0.4781,AMD R5 5600XT,RX7650GRE,B550M,0.7545,,0.5227,,0.0597,15,0.5326,,0.1739,9,0.5186,,0.6043,6,0.2543,8,0.4315,5,0.9047,2
遊戲,30000,0.0,1.0,指定 CPU:效能,9,28539,0.2849,0.4781,AMD R5 5600XT,RX7650GRE,B550M,0.7545,,0.5227,,0.0597,15,0.5326,,0.1739,9,0.5186,,0.6043,6,0.2543,8,0.4315,5,0.9047,2
遊戲,30000,0.0,1.0,指定 CPU:效能,10,28439,0.2847,0.4781,AMD R5 5600XT,RX7650GRE,B550M,0.7545,,0.5227,,0.0597,15,0.5326,,0.1739,9,0.5186,,0.6043,6,0.2543,8,0.4315,5,0.9047,2
遊戲,30000,0.0,1.0,指定 CPU:效能,11,30739,0.3122,0.531,AMD R5 7500F,RX9060XT,B650M,0.9777,4,0.8478,2,0.6335,4,1.0,1,0.6458,3,0.5162,4,0.5795,7,0.2883,7,0.0,10,1.0,1
遊戲,30000,0.0,1.0,指定 CPU:效能,12,28539,0.2849,0.4781,AMD R5 5600XT,RX7650GRE,B550M,0.7545,,0.5227,,0.0597,15,0.5326,,0.1739,9,0.5186,,0.6043,6,0.2543,8,0.4315,5,0.9047,2
遊戲,30000,0.0,1.0,指定 CPU:效能,13,28389,0.2848,0.4781,AMD R5 5600XT,RX7650GRE,B550M,0.7545,,0.5227,,0.0597,15,0.5326,,0.1739,9,0.5186,,0.6043,6,0.2543,8,0.4315,5,0.9047,2
遊戲,30000,0.0,1.0,指定 CPU:效能,14,28339,0.2846,0.4781,AMD R5 5600XT,RX7650GRE,B550M,0.7545,,0.5227,,0.0597,15,0.5326,,0.1739,9,0.5186,,0.6043,6,0.2543,8,0.4315,5,0.9047,2
遊戲,30000,0.0,1.0,指定 CPU:效能,15,28339,0.2846,0.4781,AMD R5 5600XT,RX7650GRE,B550M,0.7545,,0.5227,,0.0597,15,0.5326,,0.1739,9,0.5186,,0.6043,6,0.2543,8,0.4315,5,0.9047,2
遊戲,30000,0.0,1.0,指定 CPU:效能,16,28189,0.2821,0.4781,AMD R5 5600XT,RX7650GRE,B550M,0.7545,,0.5227,,0.0597,15,0.5326,,0.1739,9,0.5186,,0.6043,6,0.2543,8,0.4315,5,0.9047,2
遊戲,30000,0.0,1.0,指定 CPU:效能,17,28839,0.2853,0.4781,AMD R5 5600XT,RX7650GRE,B550M,0.7545,,0.5227,,0.0597,15,0.5326,,0.1739,9,0.5186,,0.6043,6,0.2543,8,0.4315,5,0.9047,2
遊戲,30000,0.0,1.0,指定 CPU:效能,18,28489,0.285,0.4781,AMD R5 5600XT,RX7650GRE,B550M,0.7545,,0.5227,,0.0597,15,0.5326,,0.1739,9,0.5186,,0.6043,6,0.2543,8,0.4315,5,0.9047,2
遊戲,30000,0.0,1.0,指定 CPU:效能,19,28739,0.2852,0.4781,AMD R5 5600XT,RX7650GRE,B550M,0.7545,,0.5227,,0.0597,15,0.5326,,0.1739,9,0.5186,,0.6043,6,0.2543,8,0.4315,5,0.9047,2
遊戲,30000,0.0,1.0,指定 CPU:CP值,0,28439,0.2848,0.4781,AMD R5 5600XT,RX7650GRE,B550M,0.7545,,0.5227,,0.0597,15,0.5326,,0.1739,9,0.5186,,0.6043,6,0.2543,8,0.4315,5,0.9047,2
遊戲,30000,0.0,1.0,指定 CPU:CP值,1,28549,0.2852,0.4781,AMD R5 5600XT,RX7650GRE,B550M,0.7545,,0.5227,,0.0597,15,0.5326,,0.1739,9,0.5186,,0.6043,6,0.2543,8,0.4315,5,0.9047,2
遊戲,30000,0.0,1.0,指定 CPU:CP值,2,29619,0.2996,0.517,AMD R5 7500F,RX7650GRE,B850M,0.9777,4,0.8478,2,0.0597,15,0.5326,,0.1739,9,0.5186,,1.0,1,0.6879,3,0.566,3,0.5164,6
遊戲,30000,0.0,1.0,指定 CPU:CP值,3,28739,0.2853,0.4781,AMD R5 5600XT,RX7650GRE,B550M,0.7545,,0.5227,,0.0597,15,0.5326,,0.1739,9,0.5186,,0.6043,6,0.2543,8,0.4315,5,0.9047,2
遊戲,30000,0.0,1.0,指定 CPU:CP值,4,28539,0.2849,0.4781,AMD R5 5600XT,RX7650GRE,B550M,0.7545,,0.5227,,0.0597,15,0.5326,,0.1739,9,0.5186,,0.6043,6,0.2543,8,0.4315,5,0.9047,2
遊戲,30000,0.0,1.0,指定 CPU:CP值,5,28439,0.2848,0.4781,AMD R5 5600XT,RX7650GRE,B550M,0.7545,,0.5227,,0.0597,15,0.5326,,0.1739,9,0.5186,,0.6043,6,0.2543,8,0.4315,5,0.9047,2
遊戲,30000,0.0,1.0,指定 CPU:CP值,6,28339,0.2846,0.4781,AMD R5 5600XT,RX7650GRE,B550M,0.7545,,0.5227,,0.0597,15,0.5326,,0.1739,9,0.5186,,0.6043,6,0.2543,8,0.4315,5,0.9047,2
遊戲,30000,0.0,1.0,指定 CPU:CP值,7,28239,0.2832,0.4781,AMD R5 5600XT,RX7650GRE,B550M,0.7545,,0.5227,,0.0597,15,0.5326,,0.1739,9,0.5186,,0.6043,6,0.2543,8,0.4315,5,0.9047,2
遊戲,30000,0.0,1.0,指定 CPU:CP值,8,28339,0.2846,0.4781,AMD R5 5600XT,RX7650GRE,B550M,0.7545,,0.5227,,0.0597,15,0.5326,,0.1739,9,0.5186,,0.6043,6,0.2543,8,0.4315,5,0.9047,2
遊戲,30000,0.0,1.0,指定 CPU:CP值,9,28339,0.2846,0.4781,AMD R5 5600XT,RX7650GRE,B550M,0.7545,,0.5227,,0.0597,15,0.5326,,0.1739,9,0.5186,,0.6043,6,0.2543,8,0.4315,5,0.9047,2
遊戲,30000,0.0,1.0,指定 CPU:CP值,10,28949,0.2866,0.4781,AMD R5 5600XT,RX7650GRE,B550M,0.7545,,0.5227,,0.0597,15,0.5326,,0.1739,9,0.5186,,0.6043,6,0.2543,8,0.4315,5,0.9047,2
遊戲,30000,0.0,1.0,指定 CPU:CP值,11,29829,0.2959,0.459,AMD R5 7500F,RX7650GRE,B650M,0.9777,4,0.8478,2,0.0597,15,0.5326,,0.1739,9,0.5186,,0.5795,7,0.2883,7,0.0,10,1.0,1
遊戲,30000,0.0,1.0,指定 CPU:CP值,12,28839,0.2855,0.4781,AMD R5 5600XT,RX7650GRE,B550M,0.7545,,0.5227,,0.0597,15,0.5326,,0.1739,9,0.5186,,0.6043,6,0.2543,8,0.4315,5,0.9047,2
遊戲,30000,0.0,1.0,指定 CPU:CP值,13,28539,0.2844,0.4781,AMD R5 5600XT,RX7650GRE,B550M,0.7545,,0.5227,,0.0597,15,0.5326,,0.1739,9,0.5186,,0.6043,6,0.2543,8,0.4315,5,0.9047,2
遊戲,30000,0.0,1.0,指定 CPU:CP值,14,28539,0.2849,0.4781,AMD R5 5600XT,RX7650GRE,B550M,0.7545,,0.5227,,0.0597,15,0.5326,,0.1739,9,0.5186,,0.6043,6,0.2543,8,0.4315,5,0.9047,2
遊戲,30000,0.0,1.0,指定 CPU:CP值,15,31529,0.3122,0.531,AMD R5 7500F,RX9060XT,B650M,0.9777,4,0.8478,2,0.6335,4,1.0,1,0.6458,3,0.5162,4,0.5795,7,0.2883,7,0.0,10,1.0,1
遊戲,30000,0.0,1.0,指定 CPU:CP值,16,28639,0.2851,0.4781,AMD R5 5600XT,RX7650GRE,B550M,0.7545,,0.5227,,0.0597,15,0.5326,,0.1739,9,0.5186,,0.6043,6,0.2543,8,0.4315,5,0.9047,2
遊戲,30000,0.0,1.0,指定 CPU:CP值,17,28339,0.2846,0.4781,AMD R5 5600XT,RX7650GRE,B550M,0.7545,,0.5227,,0.0597,15,0.5326,,0.1739,9,0.5186,,0.6043,6,0.2543,8,0.4315,5,0.9047,2
遊戲,30000,0.0,1.0,指定 CPU:CP值,18,28839,0.2854,0.4781,AMD R5 5600XT,RX7650GRE,B550M,0.7545,,0.5227,,0.0597,15,0.5326,,0.1739,9,0.5186,,0.6043,6,0.2543,8,0.4315,5,0.9047,2
遊戲,30000,0.0,1.0,指定 CPU:CP值,19,28339,0.2846,0.4781,AMD R5 5600XT,RX7650GRE,B550M,0.7545,,0.5227,,0.0597,15,0.5326,,0.1739,9,0.5186,,0.6043,6,0.2543,8,0.4315,5,0.9047,2
遊戲,30000,0.0,1.0,指定 GPU:效能,0,28339,0.2846,0.4781,AMD R5 5600XT,RX7650GRE,B550M,0.7545,,0.5227,,0.0597,15,0.5326,,0.1739,9,0.5186,,0.6043,6,0.2543,8,0.4315,5,0.9047,2
遊戲,30000,0.0,1.0,指定 GPU:效能,1,29649,0.2573,0.4496,Intel i3-14100,RX7650GRE,H610M,0.6558,14,0.3799,15,0.0597,15,0.5326,,0.1739,9,0.5186,,0.6026,,0.4736,,0.4068,,0.4865,
遊戲,30000,0.0,1.0,指定 GPU:效能,2,29239,0.286,0.4781,AMD R5 5600XT,RX7650GRE,B550M,0.7545,,0.5227,,0.0597,15,0.5326,,0.1739,9,0.5186,,0.6043,6,0.2543,8,0.4315,5,0.9047,2
遊戲,30000,0.0,1.0,指定 GPU:效能,3,29099,0.286,0.4781,AMD R5 5600XT,RX7650GRE,B550M,0.7545,,0.5227,,0.0597,15,0.5326,,0.1739,9,0.5186,,0.6043,6,0.2543,8,0.4315,5,0.9047,2
遊戲,30000,0.0,1.0,指定 GPU:效能,4,28539,0.2844,0.4781,AMD R5 5600XT,RX7650GRE,B550M,0.7545,,0.5227,,0.0597,15,0.5326,,0.1739,9,0.5186,,0.6043,6,0.2543,8,0.4315,5,0.9047,2
遊戲,30000,0.0,1.0,指定 GPU:效能,5,28989,0.2859,0.4781,AMD R5 5600XT,RX7650GRE,B550M,0.7545,,0.5227,,0.0597,15,0.5326,,0.1739,9,0.5186,,0.6043,6,0.2543,8,0.4315,5,0.9047,2
遊戲,30000,0.0,1.0,指定 GPU:效能,6,28839,0.2854,0.4781,AMD R5 5600XT,RX7650GRE,B550M,0.7545,,0.5227,,0.0597,15,0.5326,,0.1739,9,0.5186,,0.6043,6,0.2543,8,0.4315,5,0.9047,2
遊戲,30000,0.0,1.0,指定 GPU:效能,7,28239,0.2839,0.4781,AMD R5 5600XT,RX7650GRE,B550M,0.7545,,0.5227,,0.0597,15,0.5326,,0.1739,9,0.5186,,0.6043,6,0.2543,8,0.4315,5,0.9047,2
遊戲,30000,0.0,1.0,指定 GPU:效能,8,28739,0.2852,0.4781,AMD R5 5600XT,RX7650GRE,B550M,0.7545,,0.5227,,0.0597,15,0.5326,,0.1739,9,0.5186,,0.6043,6,0.2543,8,0.4315,5,0.9047,2
遊戲,30000,0.0,1.0,指定 GPU:效能,9,28439,0.2847,0.4781,AMD R5 5600XT,RX7650GRE,B550M,0.7545,,0.5227,,0.0597,15,0.5326,,0.1739,9,0.5186,,0.6043,6,0.2543,8,0.4315,5,0.9047,2
遊戲,30000,0.0,1.0,指定 GPU:效能,10,28389,0.2848,0.4781,AMD R5 5600XT,RX7650GRE,B550M,0.7545,,0.5227,,0.0597,15,0.5326,,0.1739,9,0.5186,,0.6043,6,0.2543,8,0.4315,5,0.9047,2
遊戲,30000,0.0,1.0,指定 GPU:效能,11,28389,0.2848,0.4781,AMD R5 5600XT,RX7650GRE,B550M,0.7545,,0.5227,,0.0597,15,0.5326,,0.1739,9,0.5186,,0.6043,6,0.2543,8,0.4315,5,0.9047,2
遊戲,30000,0.0,1.0,指定 GPU:效能,12,28539,0.2849,0.4781,AMD R5 5600XT,RX7650GRE,B550M,0.7545,,0.5227,,0.0597,15,0.5326,,0.1739,9,0.5186,,0.6043,6,0.2543,8,0.4315,5,0.9047,2
遊戲,30000,0.0,1.0,指定 GPU:效能,13,28339,0.2846,0.4781,AMD R5 5600XT,RX7650GRE,B550M,0.7545,,0.5227,,0.0597,15,0.5326,,0.1739,9,0.5186,,0.6043,6,0.2543,8,0.4315,5,0.9047,2
遊戲,30000,0.0,1.0,指定 GPU:效能,14,29139,0.2858,0.4781,AMD R5 5600XT,RX7650GRE,B550M,0.7545,,0.5227,,0.0597,15,0.5326,,0.1739,9,0.5186,,0.6043,6,0.2543,8,0.4315,5,0.9047,2
遊戲,30000,0.0,1.0,指定 GPU:效能,15,28439,0.2842,0.4781,AMD R5 5600XT,RX7650GRE,B550M,0.7545,,0.5227,,0.0597,15,0.5326,,0.1739,9,0.5186,,0.6043,6,0.2543,8,0.4315,5,0.9047,2
遊戲,30000,0.0,1.0,指定 GPU:效能,16,28639,0.2845,0.4781,AMD R5 5600XT,RX7650GRE,B550M,0.7545,,0.5227,,0.0597,15,0.5326,,0.1739,9,0.5186,,0.6043,6,0.2543,8,0.4315,5,0.9047,2
遊戲,30000,0.0,1.0,指定 GPU:效能,17,28449,0.2848,0.4781,AMD R5 5600XT,RX7650GRE,B550M,0.7545,,0.5227,,0.0597,15,0.5326,,0.1739,9,0.5186,,0.6043,6,0.2543,8,0.4315,5,0.9047,2
遊戲,30000,0.0,1.0,指定 GPU:效能,18,28439,0.2837,0.4781,AMD R5 5600XT,RX7650GRE,B550M,0.7545,,0.5227,,0.0597,15,0.5326,,0.1739,9,0.5186,,0.6043,6,0.2543,8,0.4315,5,0.9047,2
遊戲,30000,0.0,1.0,指定 GPU:效能,19,28639,0.2851,0.4781,AMD R5 5600XT,RX7650GRE,B550M,0.7545,,0.5227,,0.0597,15,0.5326,,0.1739,9,0.5186,,0.6043,6,0.2543,8,0.4315,5,0.9047,2
遊戲,30000,0.0,1.0,指定 GPU:穩定,0,28439,0.2848,0.4781,AMD R5 5600XT,RX7650GRE,B550M,0.7545,,0.5227,,0.0597,15,0.5326,,0.1739,9,0.5186,,0.6043,6,0.2543,8,0.4315,5,0.9047,2
遊戲,30000,0.0,1.0,指定 GPU:穩定,1,28639,0.2845,0.4781,AMD R5 5600XT,RX7650GRE,B550M,0.7545,,0.5227,,0.0597,15,0.5326,,0.1739,9,0.5186,,0.6043,6,0.2543,8,0.4315,5,0.9047,2
遊戲,30000,0.0,1.0,指定 GPU:穩定,2,28339,0.2846,0.4781,AMD R5 5600XT,RX7650GRE,B550M,0.7545,,0.5227,,0.0597,15,0.5326,,0.1739,9,0.5186,,0.6043,6,0.2543,8,0.4315,5,0.9047,2
遊戲,30000,0.0,1.0,指定 GPU:穩定,3,28739,0.2853,0.4781,AMD R5 5600XT,RX7650GRE,B550M,0.7545,,0.5227,,0.0597,15,0.5326,,0.1739,9,0.5186,,0.6043,6,0.2543,8,0.4315,5,0.9047,2
遊戲,30000,0.0,1.0,指定 GPU:穩定,4,28739,0.2853,0.4781,AMD R5 5600XT,RX7650GRE,B550M,0.7545,,0.5227,,0.0597,15,0.5326,,0.1739,9,0.5186,,0.6043,6,0.2543,8,0.4315,5,0.9047,2
遊戲,30000,0.0,1.0,指定 GPU:穩定,5,29239,0.286,0.4781,AMD R5 5600XT,RX7650GRE,B550M,0.7545,,0.5227,,0.0597,15,0.5326,,0.1739,9,0.5186,,0.6043,6,0.2543,8,0.4315,5,0.9047,2
遊戲,30000,0.0,1.0,指定 GPU:穩定,6,28339,0.2846,0.4781,AMD R5 5600XT,RX7650GRE,B550M,0.7545,,0.5227,,0.0597,15,0.5326,,0.1739,9,0.5186,,0.6043,6,0.2543,8,0.4315,5,0.9047,2
遊戲,30000,0.0,1.0,指定 GPU:穩定,7,28339,0.2846,0.4781,AMD R5 5600XT,RX7650GRE,B550M,0.7545,,0.5227,,0.0597,15,0.5326,,0.1739,9,0.5186,,0.6043,6,0.2543,8,0.4315,5,0.9047,2
遊戲,30000,0.0,1.0,指定 GPU:穩定,8,28439,0.2847,0.4781,AMD R5 5600XT,RX7650GRE,B550M,0.7545,,0.5227,,0.0597,15,0.5326,,0.1739,9,0.5186,,0.6043,6,0.2543,8,0.4315,5,0.9047,2
遊戲,30000,0.0,1.0,指定 GPU:穩定,9,29939,0.2821,0.4781,AMD R5 5600XT,RX7650GRE,B550M,0.7545,,0.5227,,0.0597,15,0.5326,,0.1739,9,0.5186,,0.6043,6,0.2543,8,0.4315,5,0.9047,2
遊戲,30000,0.0,1.0,指定 GPU:穩定,10,28539,0.2849,0.4781,AMD R5 5600XT,RX7650GRE,B550M,0.7545,,0.5227,,0.0597,15,0.5326,,0.1739,9,0.5186,,0.6043,6,0.2543,8,0.4315,5,0.9047,2
遊戲,30000,0.0,1.0,指定 GPU:穩定,11,28539,0.2849,0.4781,AMD R5 5600XT,RX7650GRE,B550M,0.7545,,0.5227,,0.0597,15,0.5326,,0.1739,9,0.5186,,0.6043,6,0.2543,8,0.4315,5,0.9047,2
遊戲,30000,0.0,1.0,指定 GPU:穩定,12,28339,0.2846,0.4781,AMD R5 5600XT,RX7650GRE,B550M,0.7545,,0.5227,,0.0597,15,0.5326,,0.1739,9,0.5186,,0.6043,6,0.2543,8,0.4315,5,0.9047,2
遊戲,30000,0.0,1.0,指定 GPU:穩定,13,28639,0.2851,0.4781,AMD R5 5600XT,RX7650GRE,B550M,0.7545,,0.5227,,0.0597,15,0.5326,,0.1739,9,0.5186,,0.6043,6,0.2543,8,0.4315,5,0.9047,2
遊戲,30000,0.0,1.0,指定 GPU:穩定,14,28539,0.2849,0.4781,AMD R5 5600XT,RX7650GRE,B550M,0.7545,,0.5227,,0.0597,15,0.5326,,0.1739,9,0.5186,,0.6043,6,0.2543,8,0.4315,5,0.9047,2
遊戲,30000,0.0,1.0,指定 GPU:穩定,15,28339,0.284,0.4781,AMD R5 5600XT,RX7650GRE,B550M,0.7545,,0.5227,,0.0597,15,0.5326,,0.1739,9,0.5186,,0.6043,6,0.2543,8,0.4315,5,0.9047,2
遊戲,30000,0.0,1.0,指定 GPU:穩定,16,28739,0.2853,0.4781,AMD R5 5600XT,RX7650GRE,B550M,0.7545,,0.5227,,0.0597,15,0.5326,,0.1739,9,0.5186,,0.6043,6,0.2543,8,0.4315,5,0.9047,2
遊戲,30000,0.0,1.0,指定 GPU:穩定,17,29189,0.2837,0.4781,AMD R5 5600XT,RX7650GRE,B550M,0.7545,,0.5227,,0.0597,15,0.5326,,0.1739,9,0.5186,,0.6043,6,0.2543,8,0.4315,5,0.9047,2
遊戲,30000,0.0,1.0,指定 GPU:穩定,18,28639,0.285,0.4781,AMD R5 5600XT,RX7650GRE,B550M,0.7545,,0.5227,,0.0597,15,0.5326,,0.1739,9,0.5186,,0.6043,6,0.2543,8,0.4315,5,0.9047,2
遊戲,30000,0.0,1.0,指定 GPU:穩定,19,28339,0.2846,0.4781,AMD R5 5600XT,RX7650GRE,B550M,0.7545,,0.5227,,0.0597,15,0.5326,,0.1739,9,0.5186,,0.6043,6,0.2543,8,0.4315,5,0.9047,2
遊戲,30000,0.0,1.0,指定 GPU:CP值,0,28789,0.2854,0.4781,AMD R5 5600XT,RX7650GRE,B550M,0.7545,,0.5227,,0.0597,15,0.5326,,0.1739,9,0.5186,,0.6043,6,0.2543,8,0.4315,5,0.9047,2
遊戲,30000,0.0,1.0,指定 GPU:CP值,1,28539,0.2849,0.4781,AMD R5 5600XT,RX7650GRE,B550M,0.7545,,0.5227,,0.0597,15,0.5326,,0.1739,9,0.5186,,0.6043,6,0.2543,8,0.4315,5,0.9047,2
遊戲,30000,0.0,1.0,指定 GPU:CP值,2,28639,0.2851,0.4781,AMD R5 5600XT,RX7650GRE,B550M,0.7545,,0.5227,,0.0597,15,0.5326,,0.1739,9,0.5186,,0.6043,6,0.2543,8,0.4315,5,0.9047,2
遊戲,30000,0.0,1.0,指定 GPU:CP值,3,28389,0.284,0.4781,AMD R5 5600XT,RX7650GRE,B550M,0.7545,,0.5227,,0.0597,15,0.5326,,0.1739,9,0.5186,,0.6043,6,0.2543,8,0.4315,5,0.9047,2
遊戲,30000,0.0,1.0,指定 GPU:CP值,4,28339,0.2846,0.4781,AMD R5 5600XT,RX7650GRE,B550M,0.7545,,0.5227,,0.0597,15,0.5326,,0.1739,9,0.5186,,0.6043,6,0.2543,8,0.4315,5,0.9047,2
遊戲,30000,0.0,1.0,指定 GPU:CP值,5,28589,0.2851,0.4781,AMD R5 5600XT,RX7650GRE,B550M,0.7545,,0.5227,,0.0597,15,0.5326,,0.1739,9,0.5186,,0.6043,6,0.2543,8,0.4315,5,0.9047,2
遊戲,30000,0.0,1.0,指定 GPU:CP值,6,28339,0.2846,0.4781,AMD R5 5600XT,RX7650GRE,B550M,0.7545,,0.5227,,0.0597,15,0.5326,,0.1739,9,0.5186,,0.6043,6,0.2543,8,0.4315,5,0.9047,2
遊戲,30000,0.0,1.0,指定 GPU:CP值,7,28339,0.284,0.4781,AMD R5 5600XT,RX7650GRE,B550M,0.7545,,0.5227,,0.0597,15,0.5326,,0.1739,9,0.5186,,0.6043,6,0.2543,8,0.4315,5,0.9047,2
遊戲,30000,0.0,1.0,指定 GPU:CP值,8,29939,0.2846,0.4781,AMD R5 5600XT,RX7650GRE,B550M,0.7545,,0.5227,,0.0597,15,0.5326,,0.1739,9,0.5186,,0.6043,6,0.2543,8,0.4315,5,0.9047,2
遊戲,30000,0.0,1.0,指定 GPU:CP值,9,28389,0.2835,0.4781,AMD R5 5600XT,RX7650GRE,B550M,0.7545,,0.5227,,0.0597,15,0.5326,,0.1739,9,0.5186,,0.6043,6,0.2543,8,0.4315,5,0.9047,2
遊戲,30000,0.0,1.0,指定 GPU:CP值,10,28389,0.2848,0.4781,AMD R5 5600XT,RX7650GRE,B550M,0.7545,,0.5227,,0.0597,15,0.5326,,0.1739,9,0.5186,,0.6043,6,0.2543,8,0.4315,5,0.9047,2
遊戲,30000,0.0,1.0,指定 GPU:CP值,11,31178,0.3268,0.4908,Intel Core Ultra 5 225F,RX9060XT,H810M,0.4811,23,0.0,22,0.6335,4,1.0,1,0.6458,3,0.5162,4,0.6026,,0.4736,,0.4068,,0.4865,
遊戲,30000,0.0,1.0,指定 GPU:CP值,12,28939,0.2855,0.4781,AMD R5 5600XT,RX7650GRE,B550M,0.7545,,0.5227,,0.0597,15,0.5326,,0.1739,9,0.5186,,0.6043,6,0.2543,8,0.4315,5,0.9047,2
遊戲,30000,0.0,1.0,指定 GPU:CP值,13,28539,0.2849,0.4781,AMD R5 5600XT,RX7650GRE,B550M,0.7545,,0.5227,,0.0597,15,0.5326,,0.1739,9,0.5186,,0.6043,6,0.2543,8,0.4315,5,0.9047,2
遊戲,30000,0.0,1.0,指定 GPU:CP值,14,28589,0.2851,0.4781,AMD R5 5600XT,RX7650GRE,B550M,0.7545,,0.5227,,0.0597,15,0.5326,,0.1739,9,0.5186,,0.6043,6,0.2543,8,0.4315,5,0.9047,2
遊戲,30000,0.0,1.0,指定 GPU:CP值,15,28539,0.2843,0.4781,AMD R5 5600XT,RX7650GRE,B550M,0.7545,,0.5227,,0.0597,15,0.5326,,0.1739,9,0.5186,,0.6043,6,0.2543,8,0.4315,5,0.9047,2
遊戲,30000,0.0,1.0,指定 GPU:CP值,16,28439,0.2847,0.4781,AMD R5 5600XT,RX7650GRE,B550M,0.7545,,0.5227,,0.0597,15,0.5326,,0.1739,9,0.5186,,0.6043,6,0.2543,8,0.4315,5,0.9047,2
遊戲,30000,0.0,1.0,指定 GPU:CP值,17,28439,0.2847,0.4781,AMD R5 5600XT,RX7650GRE,B550M,0.7545,,0.5227,,0.0597,15,0.5326,,0.1739,9,0.5186,,0.6043,6,0.2543,8,0.4315,5,0.9047,2
遊戲,30000,0.0,1.0,指定 GPU:CP值,18,28599,0.2847,0.4781,AMD R5 5600XT,RX7650GRE,B550M,0.7545,,0.5227,,0.0597,15,0.5326,,0.1739,9,0.5186,,0.6043,6,0.2543,8,0.4315,5,0.9047,2
遊戲,30000,0.0,1.0,指定 GPU:CP值,19,28339,0.2846,0.4781,AMD R5 5600XT,RX7650GRE,B550M,0.7545,,0.5227,,0.0597,15,0.5326,,0.1739,9,0.5186,,0.6043,6,0.2543,8,0.4315,5,0.9047,2
遊戲,30000,0.0,1.0,指定 GPU:VRAM,0,28139,0.2832,0.4781,AMD R5 5600XT,RX7650GRE,B550M,0.7545,,0.5227,,0.0597,15,0.5326,,0.1739,9,0.5186,,0.6043,6,0.2543,8,0.4315,5,0.9047,2
遊戲,30000,0.0,1.0,指定 GPU:VRAM,1,28439,0.2848,0.4781,AMD R5 5600XT,RX7650GRE,B550M,0.7545,,0.5227,,0.0597,15,0.5326,,0.1739,9,0.5186,,0.6043,6,0.2543,8,0.4315,5,0.9047,2
遊戲,30000,0.0,1.0,指定 GPU:VRAM,2,28339,0.2846,0.4781,AMD R5 5600XT,RX7650GRE,B550M,0.7545,,0.5227,,0.0597,15,0.5326,,0.1739,9,0.5186,,0.6043,6,0.2543,8,0.4315,5,0.9047,2
遊戲,30000,0.0,1.0,指定 GPU:VRAM,3,28539,0.2844,0.4781,AMD R5 5600XT,RX7650GRE,B550M,0.7545,,0.5227,,0.0597,15,0.5326,,0.1739,9,0.5186,,0.6043,6,0.2543,8,0.4315,5,0.9047,2
遊戲,30000,0.0,1.0,指定 GPU:VRAM,4,28939,0.2855,0.4781,AMD R5 5600XT,RX7650GRE,B550M,0.7545,,0.5227,,0.0597,15,0.5326,,0.1739,9,0.5186,,0.6043,6,0.2543,8,0.4315,5,0.9047,2
遊戲,30000,0.0,1.0,指定 GPU:VRAM,5,28339,0.2846,0.4781,AMD R5 5600XT,RX7650GRE,B550M,0.7545,,0.5227,,0.0597,15,0.5326,,0.1739,9,0.5186,,0.6043,6,0.2543,8,0.4315,5,0.9047,2
遊戲,30000,0.0,1.0,指定 GPU:VRAM,6,28539,0.2844,0.4781,AMD R5 5600XT,RX7650GRE,B550M,0.7545,,0.5227,,0.0597,15,0.5326,,0.1739,9,0.5186,,0.6043,6,0.2543,8,0.4315,5,0.9047,2
遊戲,30000,0.0,1.0,指定 GPU:VRAM,7,28949,0.2858,0.4781,AMD R5 5600XT,RX7650GRE,B550M,0.7545,,0.5227,,0.0597,15,0.5326,,0.1739,9,0.5186,,0.6043,6,0.2543,8,0.4315,5,0.9047,2
遊戲,30000,0.0,1.0,指定 GPU:VRAM,8,28939,0.2855,0.4781,AMD R5 5600XT,RX7650GRE,B550M,0.7545,,0.5227,,0.0597,15,0.5326,,0.1739,9,0.5186,,0.6043,6,0.2543,8,0.4315,5,0.9047,2
遊戲,30000,0.0,1.0,指定 GPU:VRAM,9,28539,0.2849,0.4781,AMD R5 5600XT,RX7650GRE,B550M,0.7545,,0.5227,,0.0597,15,0.5326,,0.1739,9,0.5186,,0.6043,6,0.2543,8,0.4315,5,0.9047,2
遊戲,30000,0.0,1.0,指定 GPU:VRAM,10,28439,0.2848,0.4781,AMD R5 5600XT,RX7650GRE,B550M,0.7545,,0.5227,,0.0597,15,0.5326,,0.1739,9,0.5186,,0.6043,6,0.2543,8,0.4315,5,0.9047,2
遊戲,30000,0.0,1.0,指定 GPU:VRAM,11,28389,0.2848,0.4781,AMD R5 5600XT,RX7650GRE,B550M,0.7545,,0.5227,,0.0597,15,0.5326,,0.1739,9,0.5186,,0.6043,6,0.2543,8,0.4315,5,0.9047,2
遊戲,30000,0.0,1.0,指定 GPU:VRAM,12,29189,0.2863,0.4781,AMD R5 5600XT,RX7650GRE,B550M,0.7545,,0.5227,,0.0597,15,0.5326,,0.1739,9,0.5186,,0.6043,6,0.2543,8,0.4315,5,0.9047,2
遊戲,30000,0.0,1.0,指定 GPU:VRAM,13,28689,0.2852,0.4781,AMD R5 5600XT,RX7650GRE,B550M,0.7545,,0.5227,,0.0597,15,0.5326,,0.1739,9,0.5186,,0.6043,6,0.2543,8,0.4315,5,0.9047,2
遊戲,30000,0.0,1.0,指定 GPU:VRAM,14,28339,0.2846,0.4781,AMD R5 5600XT,RX7650GRE,B550M,0.7545,,0.5227,,0.0597,15,0.5326,,0.1739,9,0.5186,,0.6043,6,0.2543,8,0.4315,5,0.9047,2
遊戲,30000,0.0,1.0,指定 GPU:VRAM,15,28539,0.2849,0.4781,AMD R5 5600XT,RX7650GRE,B550M,0.7545,,0.5227,,0.0597,15,0.5326,,0.1739,9,0.5186,,0.6043,6,0.2543,8,0.4315,5,0.9047,2
遊戲,30000,0.0,1.0,指定 GPU:VRAM,16,28639,0.285,0.4781,AMD R5 5600XT,RX7650GRE,B550M,0.7545,,0.5227,,0.0597,15,0.5326,,0.1739,9,0.5186,,0.6043,6,0.2543,8,0.4315,5,0.9047,2
遊戲,30000,0.0,1.0,指定 GPU:VRAM,17,28739,0.2852,0.4781,AMD R5 5600XT,RX7650GRE,B550M,0.7545,,0.5227,,0.0597,15,0.5326,,0.1739,9,0.5186,,0.6043,6,0.2543,8,0.4315,5,0.9047,2
遊戲,30000,0.0,1.0,指定 GPU:VRAM,18,28339,0.2846,0.4781,AMD R5 5600XT,RX7650GRE,B550M,0.7545,,0.5227,,0.0597,15,0.5326,,0.1739,9,0.5186,,0.6043,6,0.2543,8,0.4315,5,0.9047,2
遊戲,30000,0.0,1.0,指定 GPU:VRAM,19,28389,0.2848,0.4781,AMD R5 5600XT,RX7650GRE,B550M,0.7545,,0.5227,,0.0597,15,0.5326,,0.1739,9,0.5186,,0.6043,6,0.2543,8,0.4315,5,0.9047,2
遊戲,30000,0.0,1.0,指定 主機板:用料,0,28039,0.2837,0.4631,AMD R5 5600XT,RX7650GRE,A520M,0.7545,,0.5227,,0.0597,15,0.5326,,0.1739,9,0.5186,,0.6026,,0.4736,,0.4068,,0.4865,
遊戲,30000,0.0,1.0,指定 主機板:用料,1,27739,0.2832,0.4631,AMD R5 5600XT,RX7650GRE,A520M,0.7545,,0.5227,,0.0597,15,0.5326,,0.1739,9,0.5186,,0.6026,,0.4736,,0.4068,,0.4865,
遊戲,30000,0.0,1.0,指定 主機板:用料,2,27939,0.284,0.4631,AMD R5 5600XT,RX7650GRE,A520M,0.7545,,0.5227,,0.0597,15,0.5326,,0.1739,9,0.5186,,0.6026,,0.4736,,0.4068,,0.4865,
遊戲,30000,0.0,1.0,指定 主機板:用料,3,27999,0.2848,0.4631,AMD R5 5600XT,RX7650GRE,A520M,0.7545,,0.5227,,0.0597,15,0.5326,,0.1739,9,0.5186,,0.6026,,0.4736,,0.4068,,0.4865,
遊戲,30000,0.0,1.0,指定 主機板:用料,4,27939,0.284,0.4631,AMD R5 5600XT,RX7650GRE,A520M,0.7545,,0.5227,,0.0597,15,0.5326,,0.1739,9,0.5186,,0.6026,,0.4736,,0.4068,,0.4865,
遊戲,30000,0.0,1.0,指定 主機板:用料,5,27739,0.2827,0.4631,AMD R5 5600XT,RX7650GRE,A520M,0.7545,,0.5227,,0.0597,15,0.5326,,0.1739,9,0.5186,,0.6026,,0.4736,,0.4068,,0.4865,
遊戲,30000,0.0,1.0,指定 主機板:用料,6,27889,0.2841,0.4631,AMD R5 5600XT,RX7650GRE,A520M,0.7545,,0.5227,,0.0597,15,0.5326,,0.1739,9,0.5186,,0.6026,,0.4736,,0.4068,,0.4865,
遊戲,30000,0.0,1.0,指定 主機板:用料,7,28239,0.2846,0.4631,AMD R5 5600XT,RX7650GRE,A520M,0.7545,,0.5227,,0.0597,15,0.5326,,0.1739,9,0.5186,,0.6026,,0.4736,,0.4068,,0.4865,
遊戲,30000,0.0,1.0,指定 主機板:用料,8,28139,0.2844,0.4631,AMD R5 5600XT,RX7650GRE,A520M,0.7545,,0.5227,,0.0597,15,0.5326,,0.1739,9,0.5186,,0.6026,,0.4736,,0.4068,,0.4865,
遊戲,30000,0.0,1.0,指定 主機板:用料,9,27839,0.2839,0.4631,AMD R5 5600XT,RX7650GRE,A520M,0.7545,,0.5227,,0.0597,15,0.5326,,0.1739,9,0.5186,,0.6026,,0.4736,,0.4068,,0.4865,
遊戲,30000,0.0,1.0,指定 主機板:用料,10,28139,0.2844,0.4631,AMD R5 5600XT,RX7650GRE,A520M,0.7545,,0.5227,,0.0597,15,0.5326,,0.1739,9,0.5186,,0.6026,,0.4736,,0.4068,,0.4865,
遊戲,30000,0.0,1.0,指定 主機板:用料,11,28489,0.285,0.4781,AMD R5 5600XT,RX7650GRE,B550M,0.7545,,0.5227,,0.0597,15,0.5326,,0.1739,9,0.5186,,0.6043,6,0.2543,8,0.4315,5,0.9047,2
遊戲,30000,0.0,1.0,指定 主機板:用料,12,27889,0.2825,0.4631,AMD R5 5600XT,RX7650GRE,A520M,0.7545,,0.5227,,0.0597,15,0.5326,,0.1739,9,0.5186,,0.6026,,0.4736,,0.4068,,0.4865,
遊戲,30000,0.0,1.0,指定 主機板:用料,13,27839,0.2839,0.4631,AMD R5 5600XT,RX7650GRE,A520M,0.7545,,0.5227,,0.0597,15,0.5326,,0.1739,9,0.5186,,0.6026,,0.4736,,0.4068,,0.4865,
遊戲,30000,0.0,1.0,指定 主機板:用料,14,27939,0.284,0.4631,AMD R5 5600XT,RX7650GRE,A520M,0.7545,,0.5227,,0.0597,15,0.5326,,0.1739,9,0.5186,,0.6026,,0.4736,,0.4068,,0.4865,
遊戲,30000,0.0,1.0,指定 主機板:用料,15,29779,0.3026,0.517,AMD R5 7500F,RX7650GRE,B850M,0.9777,4,0.8478,2,0.0597,15,0.5326,,0.1739,9,0.5186,,1.0,1,0.6879,3,0.566,3,0.5164,6
遊戲,30000,0.0,1.0,指定 主機板:用料,16,27899,0.2847,0.4631,AMD R5 5600XT,RX7650GRE,A520M,0.7545,,0.5227,,0.0597,15,0.5326,,0.1739,9,0.5186,,0.6026,,0.4736,,0.4068,,0.4865,
遊戲,30000,0.0,1.0,指定 主機板:用料,17,27939,0.284,0.4631,AMD R5 5600XT,RX7650GRE,A520M,0.7545,,0.5227,,0.0597,15,0.5326,,0.1739,9,0.5186,,0.6026,,0.4736,,0.4068,,0.4865,
遊戲,30000,0.0,1.0,指定 主機板:用料,18,27939,0.284,0.4631,AMD R5 5600XT,RX7650GRE,A520M,0.7545,,0.5227,,0.0597,15,0.5326,,0.1739,9,0.5186,,0.6026,,0.4736,,0.4068,,0.4865,
遊戲,30000,0.0,1.0,指定 主機板:用料,19,27939,0.284,0.4631,AMD R5 5600XT,RX7650GRE,A520M,0.7545,,0.5227,,0.0597,15,0.5326,,0.1739,9,0.5186,,0.6026,,0.4736,,0.4068,,0.4865,
遊戲,30000,0.0,1.0,指定 主機板:擴充性,0,27939,0.284,0.4631,AMD R5 5600XT,RX7650GRE,A520M,0.7545,,0.5227,,0.0597,15,0.5326,,0.1739,9,0.5186,,0.6026,,0.4736,,0.4068,,0.4865,
遊戲,30000,0.0,1.0,指定 主機板:擴充性,1,27839,0.2839,0.4631,AMD R5 5600XT,RX7650GRE,A520M,0.7545,,0.5227,,0.0597,15,0.5326,,0.1739,9,0.5186,,0.6026,,0.4736,,0.4068,,0.4865,
遊戲,30000,0.0,1.0,指定 主機板:擴充性,2,27839,0.2839,0.4631,AMD R5 5600XT,RX7650GRE,A520M,0.7545,,0.5227,,0.0597,15,0.5326,,0.1739,9,0.5186,,0.6026,,0.4736,,0.4068,,0.4865,
遊戲,30000,0.0,1.0,指定 主機板:擴充性,3,28039,0.2842,0.4631,AMD R5 5600XT,RX7650GRE,A520M,0.7545,,0.5227,,0.0597,15,0.5326,,0.1739,9,0.5186,,0.6026,,0.4736,,0.4068,,0.4865,
遊戲,30000,0.0,1.0,指定 主機板:擴充性,4,27839,0.2839,0.4631,AMD R5 5600XT,RX7650GRE,A520M,0.7545,,0.5227,,0.0597,15,0.5326,,0.1739,9,0.5186,,0.6026,,0.4736,,0.4068,,0.4865,
遊戲,30000,0.0,1.0,指定 主機板:擴充性,5,27999,0.2849,0.4631,AMD R5 5600XT,RX7650GRE,A520M,0.7545,,0.5227,,0.0597,15,0.5326,,0.1739,9,0.5186,,0.6026,,0.4736,,0.4068,,0.4865,
遊戲,30000,0.0,1.0,指定 主機板:擴充性,6,27999,0.2848,0.4631,AMD R5 5600XT,RX7650GRE,A520M,0.7545,,0.5227,,0.0597,15,0.5326,,0.1739,9,0.5186,,0.6026,,0.4736,,0.4068,,0.4865,
遊戲,30000,0.0,1.0,指定 主機板:擴充性,7,27689,0.2827,0.4631,AMD R5 5600XT,RX7650GRE,A520M,0.7545,,0.5227,,0.0597,15,0.5326,,0.1739,9,0.5186,,0.6026,,0.4736,,0.4068,,0.4865,
遊戲,30000,0.0,1.0,指定 主機板:擴充性,8,27939,0.284,0.4631,AMD R5 5600XT,RX7650GRE,A520M,0.7545,,0.5227,,0.0597,15,0.5326,,0.1739,9,0.5186,,0.6026,,0.4736,,0.4068,,0.4865,
遊戲,30000,0.0,1.0,指定 主機板:擴充性,9,27839,0.2839,0.4631,AMD R5 5600XT,RX7650GRE,A520M,0.7545,,0.5227,,0.0597,15,0.5326,,0.1739,9,0.5186,,0.6026,,0.4736,,0.4068,,0.4865,
遊戲,30000,0.0,1.0,指定 主機板:擴充性,10,27839,0.2839,0.4631,AMD R5 5600XT,RX7650GRE,A520M,0.7545,,0.5227,,0.0597,15,0.5326,,0.1739,9,0.5186,,0.6026,,0.4736,,0.4068,,0.4865,
遊戲,30000,0.0,1.0,指定 主機板:擴充性,11,27939,0.284,0.4631,AMD R5 5600XT,RX7650GRE,A520M,0.7545,,0.5227,,0.0597,15,0.5326,,0.1739,9,0.5186,,0.6026,,0.4736,,0.4068,,0.4865,
遊戲,30000,0.0,1.0,指定 主機板:擴充性,12,27789,0.2826,0.4631,AMD R5 5600XT,RX7650GRE,A520M,0.7545,,0.5227,,0.0597,15,0.5326,,0.1739,9,0.5186,,0.6026,,0.4736,,0.4068,,0.4865,
遊戲,30000,0.0,1.0,指定 主機板:擴充性,13,27939,0.284,0.4631,AMD R5 5600XT,RX7650GRE,A520M,0.7545,,0.5227,,0.0597,15,0.5326,,0.1739,9,0.5186,,0.6026,,0.4736,,0.4068,,0.4865,
遊戲,30000,0.0,1.0,指定 主機板:擴充性,14,28139,0.2844,0.4631,AMD R5 5600XT,RX7650GRE,A520M,0.7545,,0.5227,,0.0597,15,0.5326,,0.1739,9,0.5186,,0.6026,,0.4736,,0.4068,,0.4865,
遊戲,30000,0.0,1.0,指定 主機板:擴充性,15,27999,0.2848,0.4631,AMD R5 5600XT,RX7650GRE,A520M,0.7545,,0.5227,,0.0597,15,0.5326,,0.1739,9,0.5186,,0.6026,,0.4736,,0.4068,,0.4865,
遊戲,30000,0.0,1.0,指定 主機板:擴充性,16,27839,0.2839,0.4631,AMD R5 5600XT,RX7650GRE,A520M,0.7545,,0.5227,,0.0597,15,0.5326,,0.1739,9,0.5186,,0.6026,,0.4736,,0.4068,,0.4865,
遊戲,30000,0.0,1.0,指定 主機板:擴充性,17,28039,0.2842,0.4631,AMD R5 5600XT,RX7650GRE,A520M,0.7545,,0.5227,,0.0597,15,0.5326,,0.1739,9,0.5186,,0.6026,,0.4736,,0.4068,,0.4865,
遊戲,30000,0.0,1.0,指定 主機板:擴充性,18,28139,0.2844,0.4631,AMD R5 5600XT,RX7650GRE,A520M,0.7545,,0.5227,,0.0597,15,0.5326,,0.1739,9,0.5186,,0.6026,,0.4736,,0.4068,,0.4865,
遊戲,30000,0.0,1.0,指定 主機板:擴充性,19,27839,0.2839,0.4631,AMD R5 5600XT,RX7650GRE,A520M,0.7545,,0.5227,,0.0597,15,0.5326,,0.1739,9,0.5186,,0.6026,,0.4736,,0.4068,,0.4865,
遊戲,30000,0.0,1.0,指定 主機板:穩定,0,28889,0.2856,0.4781,AMD R5 5600XT,RX7650GRE,B550M,0.7545,,0.5227,,0.0597,15,0.5326,,0.1739,9,0.5186,,0.6043,6,0.2543,8,0.4315,5,0.9047,2
遊戲,30000,0.0,1.0,指定 主機板:穩定,1,28539,0.2849,0.4781,AMD R5 5600XT,RX7650GRE,B550M,0.7545,,0.5227,,0.0597,15,0.5326,,0.1739,9,0.5186,,0.6043,6,0.2543,8,0.4315,5,0.9047,2
遊戲,30000,0.0,1.0,指定 主機板:穩定,2,28439,0.2847,0.4781,AMD R5 5600XT,RX7650GRE,B550M,0.7545,,0.5227,,0.0597,15,0.5326,,0.1739,9,0.5186,,0.6043,6,0.2543,8,0.4315,5,0.9047,2
遊戲,30000,0.0,1.0,指定 主機板:穩定,3,28439,0.2847,0.4781,AMD R5 5600XT,RX7650GRE,B550M,0.7545,,0.5227,,0.0597,15,0.5326,,0.1739,9,0.5186,,0.6043,6,0.2543,8,0.4315,5,0.9047,2
遊戲,30000,0.0,1.0,指定 主機板:穩定,4,28639,0.285,0.4781,AMD R5 5600XT,RX7650GRE,B550M,0.7545,,0.5227,,0.0597,15,0.5326,,0.1739,9,0.5186,,0.6043,6,0.2543,8,0.4315,5,0.9047,2
遊戲,30000,0.0,1.0,指定 主機板:穩定,5,28339,0.2846,0.4781,AMD R5 5600XT,RX7650GRE,B550M,0.7545,,0.5227,,0.0597,15,0.5326,,0.1739,9,0.5186,,0.6043,6,0.2543,8,0.4315,5,0.9047,2
遊戲,30000,0.0,1.0,指定 主機板:穩定,6,28239,0.2834,0.4781,AMD R5 5600XT,RX7650GRE,B550M,0.7545,,0.5227,,0.0597,15,0.5326,,0.1739,9,0.5186,,0.6043,6,0.2543,8,0.4315,5,0.9047,2
遊戲,30000,0.0,1.0,指定 主機板:穩定,7,28139,0.2832,0.4781,AMD R5 5600XT,RX7650GRE,B550M,0.7545,,0.5227,,0.0597,15,0.5326,,0.1739,9,0.5186,,0.6043,6,0.2543,8,0.4315,5,0.9047,2
遊戲,30000,0.0,1.0,指定 主機板:穩定,8,28739,0.2853,0.4781,AMD R5 5600XT,RX7650GRE,B550M,0.7545,,0.5227,,0.0597,15,0.5326,,0.1739,9,0.5186,,0.6043,6,0.2543,8,0.4315,5,0.9047,2
遊戲,30000,0.0,1.0,指定 主機板:穩定,9,28539,0.2849,0.4781,AMD R5 5600XT,RX7650GRE,B550M,0.7545,,0.5227,,0.0597,15,0.5326,,0.1739,9,0.5186,,0.6043,6,0.2543,8,0.4315,5,0.9047,2
遊戲,30000,0.0,1.0,指定 主機板:穩定,10,28439,0.2848,0.4781,AMD R5 5600XT,RX7650GRE,B550M,0.7545,,0.5227,,0.0597,15,0.5326,,0.1739,9,0.5186,,0.6043,6,0.2543,8,0.4315,5,0.9047,2
遊戲,30000,0.0,1.0,指定 主機板:穩定,11,28949,0.2858,0.4781,AMD R5 5600XT,RX7650GRE,B550M,0.7545,,0.5227,,0.0597,15,0.5326,,0.1739,9,0.5186,,0.6043,6,0.2543,8,0.4315,5,0.9047,2
遊戲,30000,0.0,1.0,指定 主機板:穩定,12,28589,0.2853,0.4781,AMD R5 5600XT,RX7650GRE,B550M,0.7545,,0.5227,,0.0597,15,0.5326,,0.1739,9,0.5186,,0.6043,6,0.2543,8,0.4315,5,0.9047,2
遊戲,30000,0.0,1.0,指定 主機板:穩定,13,28539,0.2849,0.4781,AMD R5 5600XT,RX7650GRE,B550M,0.7545,,0.5227,,0.0597,15,0.5326,,0.1739,9,0.5186,,0.6043,6,0.2543,8,0.4315,5,0.9047,2
遊戲,30000,0.0,1.0,指定 主機板:穩定,14,28689,0.2852,0.4781,AMD R5 5600XT,RX7650GRE,B550M,0.7545,,0.5227,,0.0597,15,0.5326,,0.1739,9,0.5186,,0.6043,6,0.2543,8,0.4315,5,0.9047,2
遊戲,30000,0.0,1.0,指定 主機板:穩定,15,29888,0.2956,0.3959,AMD R5 7500F,RX7650GRE,A620,0.9777,4,0.8478,2,0.0597,15,0.5326,,0.1739,9,0.5186,,0.0,10,0.0,10,1.0,1,0.1273,10
遊戲,30000,0.0,1.0,指定 主機板:穩定,16,28939,0.2849,0.4781,AMD R5 5600XT,RX7650GRE,B550M,0.7545,,0.5227,,0.0597,15,0.5326,,0.1739,9,0.5186,,0.6043,6,0.2543,8,0.4315,5,0.9047,2
遊戲,30000,0.0,1.0,指定 主機板:穩定,17,28639,0.2851,0.4781,AMD R5 5600XT,RX7650GRE,B550M,0.7545,,0.5227,,0.0597,15,0.5326,,0.1739,9,0.5186,,0.6043,6,0.2543,8,0.4315,5,0.9047,2
遊戲,30000,0.0,1.0,指定 主機板:穩定,18,28339,0.2846,0.4781,AMD R5 5600XT,RX7650GRE,B550M,0.7545,,0.5227,,0.0597,15,0.5326,,0.1739,9,0.5186,,0.6043,6,0.2543,8,0.4315,5,0.9047,2
遊戲,30000,0.0,1.0,指定 主機板:穩定,19,28989,0.2858,0.4781,AMD R5 5600XT,RX7650GRE,B550M,0.7545,,0.5227,,0.0597,15,0.5326,,0.1739,9,0.5186,,0.6043,6,0.2543,8,0.4315,5,0.9047,2
遊戲,30000,0.0,1.0,指定 主機板:CP值,0,28789,0.2854,0.4781,AMD R5 5600XT,RX7650GRE,B550M,0.7545,,0.5227,,0.0597,15,0.5326,,0.1739,9,0.5186,,0.6043,6,0.2543,8,0.4315,5,0.9047,2
遊戲,30000,0.0,1.0,指定 主機板:CP值,1,28789,0.2854,0.4781,AMD R5 5600XT,RX7650GRE,B550M,0.7545,,0.5227,,0.0597,15,0.5326,,0.1739,9,0.5186,,0.6043,6,0.2543,8,0.4315,5,0.9047,2
遊戲,30000,0.0,1.0,指定 主機板:CP值,2,28339,0.2846,0.4781,AMD R5 5600XT,RX7650GRE,B550M,0.7545,,0.5227,,0.0597,15,0.5326,,0.1739,9,0.5186,,0.6043,6,0.2543,8,0.4315,5,0.9047,2
遊戲,30000,0.0,1.0,指定 主機板:CP值,3,28339,0.284,0.4781,AMD R5 5600XT,RX7650GRE,B550M,0.7545,,0.5227,,0.0597,15,0.5326,,0.1739,9,0.5186,,0.6043,6,0.2543,8,0.4315,5,0.9047,2
遊戲,30000,0.0,1.0,指定 主機板:CP值,4,28539,0.2849,0.4781,AMD R5 5600XT,RX7650GRE,B550M,0.7545,,0.5227,,0.0597,15,0.5326,,0.1739,9,0.5186,,0.6043,6,0.2543,8,0.4315,5,0.9047,2
遊戲,30000,0.0,1.0,指定 主機板:CP值,5,28639,0.2851,0.4781,AMD R5 5600XT,RX7650GRE,B550M,0.7545,,0.5227,,0.0597,15,0.5326,,0.1739,9,0.5186,,0.6043,6,0.2543,8,0.4315,5,0.9047,2
遊戲,30000,0.0,1.0,指定 主機板:CP值,6,28639,0.2851,0.4781,AMD R5 5600XT,RX7650GRE,B550M,0.7545,,0.5227,,0.0597,15,0.5326,,0.1739,9,0.5186,,0.6043,6,0.2543,8,0.4315,5,0.9047,2
遊戲,30000,0.0,1.0,指定 主機板:CP值,7,28739,0.2852,0.4781,AMD R5 5600XT,RX7650GRE,B550M,0.7545,,0.5227,,0.0597,15,0.5326,,0.1739,9,0.5186,,0.6043,6,0.2543,8,0.4315,5,0.9047,2
遊戲,30000,0.0,1.0,指定 主機板:CP值,8,29899,0.2854,0.4781,AMD R5 5600XT,RX7650GRE,B550M,0.7545,,0.5227,,0.0597,15,0.5326,,0.1739,9,0.5186,,0.6043,6,0.2543,8,0.4315,5,0.9047,2
遊戲,30000,0.0,1.0,指定 主機板:CP值,9,28339,0.284,0.4781,AMD R5 5600XT,RX7650GRE,B550M,0.7545,,0.5227,,0.0597,15,0.5326,,0.1739,9,0.5186,,0.6043,6,0.2543,8,0.4315,5,0.9047,2
遊戲,30000,0.0,1.0,指定 主機板:CP值,10,28539,0.2849,0.4781,AMD R5 5600XT,RX7650GRE,B550M,0.7545,,0.5227,,0.0597,15,0.5326,,0.1739,9,0.5186,,0.6043,6,0.2543,8,0.4315,5,0.9047,2
遊戲,30000,0.0,1.0,指定 主機板:CP值,11,28339,0.2846,0.4781,AMD R5 5600XT,RX7650GRE,B550M,0.7545,,0.5227,,0.0597,15,0.5326,,0.1739,9,0.5186,,0.6043,6,0.2543,8,0.4315,5,0.9047,2
遊戲,30000,0.0,1.0,指定 主機板:CP值,12,28339,0.2846,0.4781,AMD R5 5600XT,RX7650GRE,B550M,0.7545,,0.5227,,0.0597,15,0.5326,,0.1739,9,0.5186,,0.6043,6,0.2543,8,0.4315,5,0.9047,2
遊戲,30000,0.0,1.0,指定 主機板:CP值,13,28439,0.2842,0.4781,AMD R5 5600XT,RX7650GRE,B550M,0.7545,,0.5227,,0.0597,15,0.5326,,0.1739,9,0.5186,,0.6043,6,0.2543,8,0.4315,5,0.9047,2
遊戲,30000,0.0,1.0,指定 主機板:CP值,14,28239,0.2839,0.4781,AMD R5 5600XT,RX7650GRE,B550M,0.7545,,0.5227,,0.0597,15,0.5326,,0.1739,9,0.5186,,0.6043,6,0.2543,8,0.4315,5,0.9047,2
遊戲,30000,0.0,1.0,指定 主機板:CP值,15,28239,0.2839,0.4781,AMD R5 5600XT,RX7650GRE,B550M,0.7545,,0.5227,,0.0597,15,0.5326,,0.1739,9,0.5186,,0.6043,6,0.2543,8,0.4315,5,0.9047,2
遊戲,30000,0.0,1.0,指定 主機板:CP值,16,28739,0.2847,0.4781,AMD R5 5600XT,RX7650GRE,B550M,0.7545,,0.5227,,0.0597,15,0.5326,,0.1739,9,0.5186,,0.6043,6,0.2543,8,0.4315,5,0.9047,2
遊戲,30000,0.0,1.0,指定 主機板:CP值,17,28539,0.2849,0.4781,AMD R5 5600XT,RX7650GRE,B550M,0.7545,,0.5227,,0.0597,15,0.5326,,0.1739,9,0.5186,,0.6043,6,0.2543,8,0.4315,5,0.9047,2
遊戲,30000,0.0,1.0,指定 主機板:CP值,18,28339,0.2846,0.4781,AMD R5 5600XT,RX7650GRE,B550M,0.7545,,0.5227,,0.0597,15,0.5326,,0.1739,9,0.5186,,0.6043,6,0.2543,8,0.4315,5,0.9047,2
遊戲,30000,0.0,1.0,指定 主機板:CP值,19,28699,0.2859,0.4781,AMD R5 5600XT,RX7650GRE,B550M,0.7545,,0.5227,,0.0597,15,0.5326,,0.1739,9,0.5186,,0.6043,6,0.2543,8,0.4315,5,0.9047,2
遊戲,40000,0.0,1.0,無口碑,0,39499,0.396,0.5358,Intel Core Ultra 5 245KF,RX9060XT,B860M,0.6576,12,0.593,5,0.6335,4,1.0,1,0.6458,3,0.5162,4,0.6026,,0.4736,,0.4068,,0.5202,5
遊戲,40000,0.0,1.0,無口碑,1,33764,0.3313,0.4631,AMD R5 5600XT,RX7650GRE,A520M,0.7545,,0.5227,,0.0597,15,0.5326,,0.1739,9,0.5186,,0.6026,,0.4736,,0.4068,,0.4865,
遊戲,40000,0.0,1.0,無口碑,2,33489,0.3275,0.4631,AMD R5 5600XT,RX7650GRE,A520M,0.7545,,0.5227,,0.0597,15,0.5326,,0.1739,9,0.5186,,0.6026,,0.4736,,0.4068,,0.4865,
遊戲,40000,0.0,1.0,無口碑,3,33664,0.3306,0.4631,AMD R5 5600XT,RX7650GRE,A520M,0.7545,,0.5227,,0.0597,15,0.5326,,0.1739,9,0.5186,,0.6026,,0.4736,,0.4068,,0.4865,
遊戲,40000,0.0,1.0,無口碑,4,39999,0.3409,0.4113,Intel i5-14400F,RTX5060,B760M,0.6462,15,0.5828,7,0.5915,6,0.3043,8,0.4465,5,0.0,10,0.3525,8,0.2004,9,0.1753,8,0.8531,4
遊戲,40000,0.0,1.0,無口碑,5,38599,0.3359,0.4805,Intel i5-14400F,RX9060XT,B760M,0.6462,15,0.5828,7,0.6335,4,1.0,1,0.6458,3,0.5162,4,0.3525,8,0.2004,9,0.1753,8,0.8531,4
遊戲,40000,0.0,1.0,無口碑,6,39097,0.345,0.4113,Intel i5-14400F,RTX5060,B760M,0.6462,15,0.5828,7,0.5915,6,0.3043,8,0.4465,5,0.0,10,0.3525,8,0.2004,9,0.1753,8,0.8531,4
遊戲,40000,0.0,1.0,無口碑,7,33964,0.3317,0.4631,AMD R5 5600XT,RX7650GRE,A520M,0.7545,,0.5227,,0.0597,15,0.5326,,0.1739,9,0.5186,,0.6026,,0.4736,,0.4068,,0.4865,
遊戲,40000,0.0,1.0,無口碑,8,33964,0.3317,0.4631,AMD R5 5600XT,RX7650GRE,A520M,0.7545,,0.5227,,0.0597,15,0.5326,,0.1739,9,0.5186,,0.6026,,0.4736,,0.4068,,0.4865,
遊戲,40000,0.0,1.0,無口碑,9,39097,0.3455,0.4113,Intel i5-14400F,RTX5060,B760M,0.6462,15,0.5828,7,0.5915,6,0.3043,8,0.4465,5,0.0,10,0.3525,8,0.2004,9,0.1753,8,0.8531,4
遊戲,40000,0.0,1.0,無口碑,10,34064,0.3319,0.4631,AMD R5 5600XT,RX7650GRE,A520M,0.7545,,0.5227,,0.0597,15,0.5326,,0.1739,9,0.5186,,0.6026,,0.4736,,0.4068,,0.4865,
遊戲,40000,0.0,1.0,無口碑,11,39857,0.3991,0.4666,Intel Core Ultra 5 245KF,RTX5060,B860M,0.6576,12,0.593,5,0.5915,6,0.3043,8,0.4465,5,0.0,10,0.6026,,0.4736,,0.4068,,0.5202,5
遊戲,40000,0.0,1.0,無口碑,12,33864,0.3315,0.4631,AMD R5 5600XT,RX7650GRE,A520M,0.7545,,0.5227,,0.0597,15,0.5326,,0.1739,9,0.5186,,0.6026,,0.4736,,0.4068,,0.4865,
遊戲,40000,0.0,1.0,無口碑,13,39099,0.3965,0.5358,Intel Core Ultra 5 245KF,RX9060XT,B860M,0.6576,12,0.593,5,0.6335,4,1.0,1,0.6458,3,0.5162,4,0.6026,,0.4736,,0.4068,,0.5202,5
遊戲,40000,0.0,1.0,無口碑,14,39699,0.3609,0.4805,Intel i5-14400F,RX9060XT,B760M,0.6462,15,0.5828,7,0.6335,4,1.0,1,0.6458,3,0.5162,4,0.3525,8,0.2004,9,0.1753,8,0.8531,4
遊戲,40000,0.0,1.0,無口碑,15,37999,0.3375,0.4805,Intel i5-14400F,RX9060XT,B760M,0.6462,15,0.5828,7,0.6335,4,1.0,1,0.6458,3,0.5162,4,0.3525,8,0.2004,9,0.1753,8,0.8531,4
遊戲,40000,0.0,1.0,無口碑,16,33864,0.3315,0.4631,AMD R5 5600XT,RX7650GRE,A520M,0.7545,,0.5227,,0.0597,15,0.5326,,0.1739,9,0.5186,,0.6026,,0.4736,,0.4068,,0.4865,
遊戲,40000,0.0,1.0,無口碑,17,39974,0.3647,0.4805,Intel i5-14400F,RX9060XT,B760M,0.6462,15,0.5828,7,0.6335,4,1.0,1,0.6458,3,0.5162,4,0.3525,8,0.2004,9,0.1753,8,0.8531,4
遊戲,40000,0.0,1.0,無口碑,18,33764,0.3313,0.4631,AMD R5 5600XT,RX7650GRE,A520M,0.7545,,0.5227,,0.0597,15,0.5326,,0.1739,9,0.5186,,0.6026,,0.4736,,0.4068,,0.4865,
遊戲,40000,0.0,1.0,無口碑,19,33764,0.3313,0.4631,AMD R5 5600XT,RX7650GRE,A520M,0.7545,,0.5227,,0.0597,15,0.5326,,0.1739,9,0.5186,,0.6026,,0.4736,,0.4068,,0.4865,
遊戲,40000,0.0,1.0,有口碑,0,39948,0.3549,0.6778,AMD R7 7700,RX9060XT,B850M,0.983,2,1.0,1,0.6335,4,1.0,1,0.6458,3,0.5162,4,1.0,1,0.6879,3,0.566,3,0.5164,6
遊戲,40000,0.0,1.0,有口碑,1,39089,0.3603,0.6778,AMD R7 7700,RX9060XT,B850M,0.983,2,1.0,1,0.6335,4,1.0,1,0.6458,3,0.5162,4,1.0,1,0.6879,3,0.566,3,0.5164,6
遊戲,40000,0.0,1.0,有口碑,2,39189,0.3604,0.6778,AMD R7 7700,RX9060XT,B850M,0.983,2,1.0,1,0.6335,4,1.0,1,0.6458,3,0.5162,4,1.0,1,0.6879,3,0.566,3,0.5164,6
遊戲,40000,0.0,1.0,有口碑,3,39299,0.3289,0.4805,Intel i5-14400,RX9060XT,B760M,0.6462,15,0.5828,7,0.6335,4,1.0,1,0.6458,3,0.5162,4,0.3525,8,0.2004,9,0.1753,8,0.8531,4
遊戲,40000,0.0,1.0,有口碑,4,38989,0.36,0.6778,AMD R7 7700,RX9060XT,B850M,0.983,2,1.0,1,0.6335,4,1.0,1,0.6458,3,0.5162,4,1.0,1,0.6879,3,0.566,3,0.5164,6
遊戲,40000,0.0,1.0,有口碑,5,37599,0.3307,0.4805,Intel i5-14400F,RX9060XT,B760M,0.6462,15,0.5828,7,0.6335,4,1.0,1,0.6458,3,0.5162,4,0.3525,8,0.2004,9,0.1753,8,0.8531,4
遊戲,40000,0.0,1.0,有口碑,6,39189,0.3604,0.6778,AMD R7 7700,RX9060XT,B850M,0.983,2,1.0,1,0.6335,4,1.0,1,0.6458,3,0.5162,4,1.0,1,0.6879,3,0.566,3,0.5164,6
遊戲,40000,0.0,1.0,有口碑,7,37799,0.331,0.4805,Intel i5-14400F,RX9060XT,B760M,0.6462,15,0.5828,7,0.6335,4,1.0,1,0.6458,3,0.5162,4,0.3525,8,0.2004,9,0.1753,8,0.8531,4
遊戲,40000,0.0,1.0,有口碑,8,39089,0.3602,0.6778,AMD R7 7700,RX9060XT,B850M,0.983,2,1.0,1,0.6335,4,1.0,1,0.6458,3,0.5162,4,1.0,1,0.6879,3,0.566,3,0.5164,6
遊戲,40000,0.0,1.0,有口碑,9,38889,0.3599,0.6778,AMD R7 7700,RX9060XT,B850M,0.983,2,1.0,1,0.6335,4,1.0,1,0.6458,3,0.5162,4,1.0,1,0.6879,3,0.566,3,0.5164,6
遊戲,40000,0.0,1.0,有口碑,10,39989,0.3646,0.6778,AMD R7 7700,RX9060XT,B850M,0.983,2,1.0,1,0.6335,4,1.0,1,0.6458,3,0.5162,4,1.0,1,0.6879,3,0.566,3,0.5164,6
遊戲,40000,0.0,1.0,有口碑,11,38799,0.3354,0.4805,Intel i5-14400F,RX9060XT,B760M,0.6462,15,0.5828,7,0.6335,4,1.0,1,0.6458,3,0.5162,4,0.3525,8,0.2004,9,0.1753,8,0.8531,4
遊戲,40000,0.0,1.0,有口碑,12,38889,0.3588,0.6778,AMD R7 7700,RX9060XT,B850M,0.983,2,1.0,1,0.6335,4,1.0,1,0.6458,3,0.5162,4,1.0,1,0.6879,3,0.566,3,0.5164,6
遊戲,40000,0.0,1.0,有口碑,13,38499,0.3321,0.4805,Intel i5-14400F,RX9060XT,B760M,0.6462,15,0.5828,7,0.6335,4,1.0,1,0.6458,3,0.5162,4,0.3525,8,0.2004,9,0.1753,8,0.8531,4
遊戲,40000,0.0,1.0,有口碑,14,38599,0.3366,0.4805,Intel i5-14400F,RX9060XT,B760M,0.6462,15,0.5828,7,0.6335,4,1.0,1,0.6458,3,0.5162,4,0.3525,8,0.2004,9,0.1753,8,0.8531,4
遊戲,40000,0.0,1.0,有口碑,15,38299,0.3317,0.4805,Intel i5-14400F,RX9060XT,B760M,0.6462,15,0.5828,7,0.6335,4,1.0,1,0.6458,3,0.5162,4,0.3525,8,0.2004,9,0.1753,8,0.8531,4
遊戲,40000,0.0,1.0,有口碑,16,37499,0.3301,0.4805,Intel i5-14400F,RX9060XT,B760M,0.6462,15,0.5828,7,0.6335,4,1.0,1,0.6458,3,0.5162,4,0.3525,8,0.2004,9,0.1753,8,0.8531,4
遊戲,40000,0.0,1.0,有口碑,17,38399,0.3319,0.4805,Intel i5-14400F,RX9060XT,B760M,0.6462,15,0.5828,7,0.6335,4,1.0,1,0.6458,3,0.5162,4,0.3525,8,0.2004,9,0.1753,8,0.8531,4
遊戲,40000,0.0,1.0,有口碑,18,38889,0.3594,0.6778,AMD R7 7700,RX9060XT,B850M,0.983,2,1.0,1,0.6335,4,1.0,1,0.6458,3,0.5162,4,1.0,1,0.6879,3,0.566,3,0.5164,6
遊戲,40000,0.0,1.0,有口碑,19,38889,0.3599,0.6778,AMD R7 7700,RX9060XT,B850M,0.983,2,1.0,1,0.6335,4,1.0,1,0.6458,3,0.5162,4,1.0,1,0.6879,3,0.566,3,0.5164,6
遊戲,40000,0.0,1.0,指定 CPU:效能,0,39189,0.3604,0.6778,AMD R7 7700,RX9060XT,B850M,0.983,2,1.0,1,0.6335,4,1.0,1,0.6458,3,0.5162,4,1.0,1,0.6879,3,0.566,3,0.5164,6
遊戲,40000,0.0,1.0,指定 CPU:效能,1,38989,0.36,0.6778,AMD R7 7700,RX9060XT,B850M,0.983,2,1.0,1,0.6335,4,1.0,1,0.6458,3,0.5162,4,1.0,1,0.6879,3,0.566,3,0.5164,6
遊戲,40000,0.0,1.0,指定 CPU:效能,2,39049,0.3609,0.6778,AMD R7 7700,RX9060XT,B850M,0.983,2,1.0,1,0.6335,4,1.0,1,0.6458,3,0.5162,4,1.0,1,0.6879,3,0.566,3,0.5164,6
遊戲,40000,0.0,1.0,指定 CPU:效能,3,38989,0.36,0.6778,AMD R7 7700,RX9060XT,B850M,0.983,2,1.0,1,0.6335,4,1.0,1,0.6458,3,0.5162,4,1.0,1,0.6879,3,0.566,3,0.5164,6
遊戲,40000,0.0,1.0,指定 CPU:效能,4,39089,0.3602,0.6778,AMD R7 7700,RX9060XT,B850M,0.983,2,1.0,1,0.6335,4,1.0,1,0.6458,3,0.5162,4,1.0,1,0.6879,3,0.566,3,0.5164,6
遊戲,40000,0.0,1.0,指定 CPU:效能,5,38989,0.36,0.6778,AMD R7 7700,RX9060XT,B850M,0.983,2,1.0,1,0.6335,4,1.0,1,0.6458,3,0.5162,4,1.0,1,0.6879,3,0.566,3,0.5164,6
遊戲,40000,0.0,1.0,指定 CPU:效能,6,39189,0.3604,0.6778,AMD R7 7700,RX9060XT,B850M,0.983,2,1.0,1,0.6335,4,1.0,1,0.6458,3,0.5162,4,1.0,1,0.6879,3,0.566,3,0.5164,6
遊戲,40000,0.0,1.0,指定 CPU:效能,7,39349,0.3613,0.6778,AMD R7 7700,RX9060XT,B850M,0.983,2,1.0,1,0.6335,4,1.0,1,0.6458,3,0.5162,4,1.0,1,0.6879,3,0.566,3,0.5164,6
遊戲,40000,0.0,1.0,指定 CPU:效能,8,39289,0.3605,0.6778,AMD R7 7700,RX9060XT,B850M,0.983,2,1.0,1,0.6335,4,1.0,1,0.6458,3,0.5162,4,1.0,1,0.6879,3,0.566,3,0.5164,6
遊戲,40000,0.0,1.0,指定 CPU:效能,9,38989,0.3595,0.6778,AMD R7 7700,RX9060XT,B850M,0.983,2,1.0,1,0.6335,4,1.0,1,0.6458,3,0.5162,4,1.0,1,0.6879,3,0.566,3,0.5164,6
遊戲,40000,0.0,1.0,指定 CPU:效能,10,39489,0.36,0.6778,AMD R7 7700,RX9060XT,B850M,0.983,2,1.0,1,0.6335,4,1.0,1,0.6458,3,0.5162,4,1.0,1,0.6879,3,0.566,3,0.5164,6
遊戲,40000,0.0,1.0,指定 CPU:效能,11,37899,0.3312,0.4805,Intel i5-14400F,RX9060XT,B760M,0.6462,15,0.5828,7,0.6335,4,1.0,1,0.6458,3,0.5162,4,0.3525,8,0.2004,9,0.1753,8,0.8531,4
遊戲,40000,0.0,1.0,指定 CPU:效能,12,38989,0.3595,0.6778,AMD R7 7700,RX9060XT,B850M,0.983,2,1.0,1,0.6335,4,1.0,1,0.6458,3,0.5162,4,1.0,1,0.6879,3,0.566,3,0.5164,6
遊戲,40000,0.0,1.0,指定 CPU:效能,13,38989,0.36,0.6778,AMD R7 7700,RX9060XT,B850M,0.983,2,1.0,1,0.6335,4,1.0,1,0.6458,3,0.5162,4,1.0,1,0.6879,3,0.566,3,0.5164,6
遊戲,40000,0.0,1.0,指定 CPU:效能,14,39289,0.3605,0.6778,AMD R7 7700,RX9060XT,B850M,0.983,2,1.0,1,0.6335,4,1.0,1,0.6458,3,0.5162,4,1.0,1,0.6879,3,0.566,3,0.5164,6
遊戲,40000,0.0,1.0,指定 CPU:效能,15,39049,0.3609,0.6778,AMD R7 7700,RX9060XT,B850M,0.983,2,1.0,1,0.6335,4,1.0,1,0.6458,3,0.5162,4,1.0,1,0.6879,3,0.566,3,0.5164,6
遊戲,40000,0.0,1.0,指定 CPU:效能,16,38989,0.36,0.6778,AMD R7 7700,RX9060XT,B850M,0.983,2,1.0,1,0.6335,4,1.0,1,0.6458,3,0.5162,4,1.0,1,0.6879,3,0.566,3,0.5164,6
遊戲,40000,0.0,1.0,指定 CPU:效能,17,38889,0.3599,0.6778,AMD R7 7700,RX9060XT,B850M,0.983,2,1.0,1,0.6335,4,1.0,1,0.6458,3,0.5162,4,1.0,1,0.6879,3,0.566,3,0.5164,6
遊戲,40000,0.0,1.0,指定 CPU:效能,18,38949,0.3607,0.6778,AMD R7 7700,RX9060XT,B850M,0.983,2,1.0,1,0.6335,4,1.0,1,0.6458,3,0.5162,4,1.0,1,0.6879,3,0.566,3,0.5164,6
遊戲,40000,0.0,1.0,指定 CPU:效能,19,39389,0.3608,0.6778,AMD R7 7700,RX9060XT,B850M,0.983,2,1.0,1,0.6335,4,1.0,1,0.6458,3,0.5162,4,1.0,1,0.6879,3,0.566,3,0.5164,6
遊戲,40000,0.0,1.0,指定 CPU:CP值,0,38989,0.36,0.6778,AMD R7 7700,RX9060XT,B850M,0.983,2,1.0,1,0.6335,4,1.0,1,0.6458,3,0.5162,4,1.0,1,0.6879,3,0.566,3,0.5164,6
遊戲,40000,0.0,1.0,指定 CPU:CP值,1,38789,0.3587,0.6778,AMD R7 7700,RX9060XT,B850M,0.983,2,1.0,1,0.6335,4,1.0,1,0.6458,3,0.5162,4,1.0,1,0.6879,3,0.566,3,0.5164,6
遊戲,40000,0.0,1.0,指定 CPU:CP值,2,38789,0.3592,0.6778,AMD R7 7700,RX9060XT,B850M,0.983,2,1.0,1,0.6335,4,1.0,1,0.6458,3,0.5162,4,1.0,1,0.6879,3,0.566,3,0.5164,6
遊戲,40000,0.0,1.0,指定 CPU:CP值,3,39289,0.3606,0.6778,AMD R7 7700,RX9060XT,B850M,0.983,2,1.0,1,0.6335,4,1.0,1,0.6458,3,0.5162,4,1.0,1,0.6879,3,0.566,3,0.5164,6
遊戲,40000,0.0,1.0,指定 CPU:CP值,4,39089,0.3602,0.6778,AMD R7 7700,RX9060XT,B850M,0.983,2,1.0,1,0.6335,4,1.0,1,0.6458,3,0.5162,4,1.0,1,0.6879,3,0.566,3,0.5164,6
遊戲,40000,0.0,1.0,指定 CPU:CP值,5,38889,0.3599,0.6778,AMD R7 7700,RX9060XT,B850M,0.983,2,1.0,1,0.6335,4,1.0,1,0.6458,3,0.5162,4,1.0,1,0.6879,3,0.566,3,0.5164,6
遊戲,40000,0.0,1.0,指定 CPU:CP值,6,38889,0.3599,0.6778,AMD R7 7700,RX9060XT,B850M,0.983,2,1.0,1,0.6335,4,1.0,1,0.6458,3,0.5162,4,1.0,1,0.6879,3,0.566,3,0.5164,6
遊戲,40000,0.0,1.0,指定 CPU:CP值,7,38789,0.3592,0.6778,AMD R7 7700,RX9060XT,B850M,0.983,2,1.0,1,0.6335,4,1.0,1,0.6458,3,0.5162,4,1.0,1,0.6879,3,0.566,3,0.5164,6
遊戲,40000,0.0,1.0,指定 CPU:CP值,8,38989,0.3595,0.6778,AMD R7 7700,RX9060XT,B850M,0.983,2,1.0,1,0.6335,4,1.0,1,0.6458,3,0.5162,4,1.0,1,0.6879,3,0.566,3,0.5164,6
遊戲,40000,0.0,1.0,指定 CPU:CP值,9,39489,0.36,0.6778,AMD R7 7700,RX9060XT,B850M,0.983,2,1.0,1,0.6335,4,1.0,1,0.6458,3,0.5162,4,1.0,1,0.6879,3,0.566,3,0.5164,6
遊戲,40000,0.0,1.0,指定 CPU:CP值,10,38889,0.3594,0.6778,AMD R7 7700,RX9060XT,B850M,0.983,2,1.0,1,0.6335,4,1.0,1,0.6458,3,0.5162,4,1.0,1,0.6879,3,0.566,3,0.5164,6
遊戲,40000,0.0,1.0,指定 CPU:CP值,11,39089,0.3602,0.6778,AMD R7 7700,RX9060XT,B850M,0.983,2,1.0,1,0.6335,4,1.0,1,0.6458,3,0.5162,4,1.0,1,0.6879,3,0.566,3,0.5164,6
遊戲,40000,0.0,1.0,指定 CPU:CP值,12,38889,0.3599,0.6778,AMD R7 7700,RX9060XT,B850M,0.983,2,1.0,1,0.6335,4,1.0,1,0.6458,3,0.5162,4,1.0,1,0.6879,3,0.566,3,0.5164,6
遊戲,40000,0.0,1.0,指定 CPU:CP值,13,38889,0.3594,0.6778,AMD R7 7700,RX9060XT,B850M,0.983,2,1.0,1,0.6335,4,1.0,1,0.6458,3,0.5162,4,1.0,1,0.6879,3,0.566,3,0.5164,6
遊戲,40000,0.0,1.0,指定 CPU:CP值,14,38989,0.36,0.6778,AMD R7 7700,RX9060XT,B850M,0.983,2,1.0,1,0.6335,4,1.0,1,0.6458,3,0.5162,4,1.0,1,0.6879,3,0.566,3,0.5164,6
遊戲,40000,0.0,1.0,指定 CPU:CP值,15,39049,0.3609,0.6778,AMD R7 7700,RX9060XT,B850M,0.983,2,1.0,1,0.6335,4,1.0,1,0.6458,3,0.5162,4,1.0,1,0.6879,3,0.566,3,0.5164,6
遊戲,40000,0.0,1.0,指定 CPU:CP值,16,39289,0.3605,0.6778,AMD R7 7700,RX9060XT,B850M,0.983,2,1.0,1,0.6335,4,1.0,1,0.6458,3,0.5162,4,1.0,1,0.6879,3,0.566,3,0.5164,6
遊戲,40000,0.0,1.0,指定 CPU:CP值,17,38989,0.36,0.6778,AMD R7 7700,RX9060XT,B850M,0.983,2,1.0,1,0.6335,4,1.0,1,0.6458,3,0.5162,4,1.0,1,0.6879,3,0.566,3,0.5164,6
遊戲,40000,0.0,1.0,指定 CPU:CP值,18,38989,0.3596,0.6778,AMD R7 7700,RX9060XT,B850M,0.983,2,1.0,1,0.6335,4,1.0,1,0.6458,3,0.5162,4,1.0,1,0.6879,3,0.566,3,0.5164,6
遊戲,40000,0.0,1.0,指定 CPU:CP值,19,38989,0.36,0.6778,AMD R7 7700,RX9060XT,B850M,0.983,2,1.0,1,0.6335,4,1.0,1,0.6458,3,0.5162,4,1.0,1,0.6879,3,0.566,3,0.5164,6
遊戲,40000,0.0,1.0,指定 GPU:效能,0,38989,0.36,0.6778,AMD R7 7700,RX9060XT,B850M,0.983,2,1.0,1,0.6335,4,1.0,1,0.6458,3,0.5162,4,1.0,1,0.6879,3,0.566,3,0.5164,6
遊戲,40000,0.0,1.0,指定 GPU:效能,1,39049,0.3609,0.6778,AMD R7 7700,RX9060XT,B850M,0.983,2,1.0,1,0.6335,4,1.0,1,0.6458,3,0.5162,4,1.0,1,0.6879,3,0.566,3,0.5164,6
遊戲,40000,0.0,1.0,指定 GPU:效能,2,37359,0.33,0.4805,Intel i5-14400F,RX9060XT,B760M,0.6462,15,0.5828,7,0.6335,4,1.0,1,0.6458,3,0.5162,4,0.3525,8,0.2004,9,0.1753,8,0.8531,4
遊戲,40000,0.0,1.0,指定 GPU:效能,3,37499,0.3306,0.4805,Intel i5-14400F,RX9060XT,B760M,0.6462,15,0.5828,7,0.6335,4,1.0,1,0.6458,3,0.5162,4,0.3525,8,0.2004,9,0.1753,8,0.8531,4
遊戲,40000,0.0,1.0,指定 GPU:效能,4,39289,0.3605,0.6778,AMD R7 7700,RX9060XT,B850M,0.983,2,1.0,1,0.6335,4,1.0,1,0.6458,3,0.5162,4,1.0,1,0.6879,3,0.566,3,0.5164,6
遊戲,40000,0.0,1.0,指定 GPU:效能,5,38989,0.36,0.6778,AMD R7 7700,RX9060XT,B850M,0.983,2,1.0,1,0.6335,4,1.0,1,0.6458,3,0.5162,4,1.0,1,0.6879,3,0.566,3,0.5164,6
遊戲,40000,0.0,1.0,指定 GPU:效能,6,38989,0.36,0.6778,AMD R7 7700,RX9060XT,B850M,0.983,2,1.0,1,0.6335,4,1.0,1,0.6458,3,0.5162,4,1.0,1,0.6879,3,0.566,3,0.5164,6
遊戲,40000,0.0,1.0,指定 GPU:效能,7,39789,0.3606,0.6778,AMD R7 7700,RX9060XT,B850M,0.983,2,1.0,1,0.6335,4,1.0,1,0.6458,3,0.5162,4,1.0,1,0.6879,3,0.566,3,0.5164,6
遊戲,40000,0.0,1.0,指定 GPU:效能,8,37559,0.3314,0.4805,Intel i5-14400F,RX9060XT,B760M,0.6462,15,0.5828,7,0.6335,4,1.0,1,0.6458,3,0.5162,4,0.3525,8,0.2004,9,0.1753,8,0.8531,4
遊戲,40000,0.0,1.0,指定 GPU:效能,9,38889,0.3599,0.6778,AMD R7 7700,RX9060XT,B850M,0.983,2,1.0,1,0.6335,4,1.0,1,0.6458,3,0.5162,4,1.0,1,0.6879,3,0.566,3,0.5164,6
遊戲,40000,0.0,1.0,指定 GPU:效能,10,37599,0.3307,0.4805,Intel i5-14400F,RX9060XT,B760M,0.6462,15,0.5828,7,0.6335,4,1.0,1,0.6458,3,0.5162,4,0.3525,8,0.2004,9,0.1753,8,0.8531,4
遊戲,40000,0.0,1.0,指定 GPU:效能,11,37599,0.3307,0.4805,Intel i5-14400F,RX9060XT,B760M,0.6462,15,0.5828,7,0.6335,4,1.0,1,0.6458,3,0.5162,4,0.3525,8,0.2004,9,0.1753,8,0.8531,4
遊戲,40000,0.0,1.0,指定 GPU:效能,12,39589,0.3602,0.6778,AMD R7 7700,RX9060XT,B850M,0.983,2,1.0,1,0.6335,4,1.0,1,0.6458,3,0.5162,4,1.0,1,0.6879,3,0.566,3,0.5164,6
遊戲,40000,0.0,1.0,指定 GPU:效能,13,39089,0.3602,0.6778,AMD R7 7700,RX9060XT,B850M,0.983,2,1.0,1,0.6335,4,1.0,1,0.6458,3,0.5162,4,1.0,1,0.6879,3,0.566,3,0.5164,6
遊戲,40000,0.0,1.0,指定 GPU:效能,14,38989,0.3595,0.6778,AMD R7 7700,RX9060XT,B850M,0.983,2,1.0,1,0.6335,4,1.0,1,0.6458,3,0.5162,4,1.0,1,0.6879,3,0.566,3,0.5164,6
遊戲,40000,0.0,1.0,指定 GPU:效能,15,37499,0.3306,0.4805,Intel i5-14400F,RX9060XT,B760M,0.6462,15,0.5828,7,0.6335,4,1.0,1,0.6458,3,0.5162,4,0.3525,8,0.2004,9,0.1753,8,0.8531,4
遊戲,40000,0.0,1.0,指定 GPU:效能,16,38889,0.3599,0.6778,AMD R7 7700,RX9060XT,B850M,0.983,2,1.0,1,0.6335,4,1.0,1,0.6458,3,0.5162,4,1.0,1,0.6879,3,0.566,3,0.5164,6
遊戲,40000,0.0,1.0,指定 GPU:效能,17,38989,0.36,0.6778,AMD R7 7700,RX9060XT,B850M,0.983,2,1.0,1,0.6335,4,1.0,1,0.6458,3,0.5162,4,1.0,1,0.6879,3,0.566,3,0.5164,6
遊戲,40000,0.0,1.0,指定 GPU:效能,18,38989,0.36,0.6778,AMD R7 7700,RX9060XT,B850M,0.983,2,1.0,1,0.6335,4,1.0,1,0.6458,3,0.5162,4,1.0,1,0.6879,3,0.566,3,0.5164,6
遊戲,40000,0.0,1.0,指定 GPU:效能,19,38989,0.36,0.6778,AMD R7 7700,RX9060XT,B850M,0.983,2,1.0,1,0.6335,4,1.0,1,0.6458,3,0.5162,4,1.0,1,0.6879,3,0.566,3,0.5164,6
遊戲,40000,0.0,1.0,指定 GPU:穩定,0,38989,0.36,0.6778,AMD R7 7700,RX9060XT,B850M,0.983,2,1.0,1,0.6335,4,1.0,1,0.6458,3,0.5162,4,1.0,1,0.6879,3,0.566,3,0.5164,6
遊戲,40000,0.0,1.0,指定 GPU:穩定,1,37199,0.3285,0.4805,Intel i5-14400F,RX9060XT,B760M,0.6462,15,0.5828,7,0.6335,4,1.0,1,0.6458,3,0.5162,4,0.3525,8,0.2004,9,0.1753,8,0.8531,4
遊戲,40000,0.0,1.0,指定 GPU:穩定,2,38989,0.3601,0.6778,AMD R7 7700,RX9060XT,B850M,0.983,2,1.0,1,0.6335,4,1.0,1,0.6458,3,0.5162,4,1.0,1,0.6879,3,0.566,3,0.5164,6
遊戲,40000,0.0,1.0,指定 GPU:穩定,3,37699,0.3309,0.4805,Intel i5-14400F,RX9060XT,B760M,0.6462,15,0.5828,7,0.6335,4,1.0,1,0.6458,3,0.5162,4,0.3525,8,0.2004,9,0.1753,8,0.8531,4
遊戲,40000,0.0,1.0,指定 GPU:穩定,4,37399,0.3299,0.4805,Intel i5-14400F,RX9060XT,B760M,0.6462,15,0.5828,7,0.6335,4,1.0,1,0.6458,3,0.5162,4,0.3525,8,0.2004,9,0.1753,8,0.8531,4
遊戲,40000,0.0,1.0,指定 GPU:穩定,5,38989,0.36,0.6778,AMD R7 7700,RX9060XT,B850M,0.983,2,1.0,1,0.6335,4,1.0,1,0.6458,3,0.5162,4,1.0,1,0.6879,3,0.566,3,0.5164,6
遊戲,40000,0.0,1.0,指定 GPU:穩定,6,39089,0.3603,0.6778,AMD R7 7700,RX9060XT,B850M,0.983,2,1.0,1,0.6335,4,1.0,1,0.6458,3,0.5162,4,1.0,1,0.6879,3,0.566,3,0.5164,6
遊戲,40000,0.0,1.0,指定 GPU:穩定,7,38099,0.3315,0.4805,Intel i5-14400F,RX9060XT,B760M,0.6462,15,0.5828,7,0.6335,4,1.0,1,0.6458,3,0.5162,4,0.3525,8,0.2004,9,0.1753,8,0.8531,4
遊戲,40000,0.0,1.0,指定 GPU:穩定,8,37599,0.3307,0.4805,Intel i5-14400F,RX9060XT,B760M,0.6462,15,0.5828,7,0.6335,4,1.0,1,0.6458,3,0.5162,4,0.3525,8,0.2004,9,0.1753,8,0.8531,4
遊戲,40000,0.0,1.0,指定 GPU:穩定,9,38299,0.3317,0.4805,Intel i5-14400F,RX9060XT,B760M,0.6462,15,0.5828,7,0.6335,4,1.0,1,0.6458,3,0.5162,4,0.3525,8,0.2004,9,0.1753,8,0.8531,4
遊戲,40000,0.0,1.0,指定 GPU:穩定,10,39089,0.3602,0.6778,AMD R7 7700,RX9060XT,B850M,0.983,2,1.0,1,0.6335,4,1.0,1,0.6458,3,0.5162,4,1.0,1,0.6879,3,0.566,3,0.5164,6
遊戲,40000,0.0,1.0,指定 GPU:穩定,11,38059,0.3322,0.4805,Intel i5-14400F,RX9060XT,B760M,0.6462,15,0.5828,7,0.6335,4,1.0,1,0.6458,3,0.5162,4,0.3525,8,0.2004,9,0.1753,8,0.8531,4
遊戲,40000,0.0,1.0,指定 GPU:穩定,12,39089,0.3602,0.6778,AMD R7 7700,RX9060XT,B850M,0.983,2,1.0,1,0.6335,4,1.0,1,0.6458,3,0.5162,4,1.0,1,0.6879,3,0.566,3,0.5164,6
遊戲,40000,0.0,1.0,指定 GPU:穩定,13,37399,0.3299,0.4805,Intel i5-14400F,RX9060XT,B760M,0.6462,15,0.5828,7,0.6335,4,1.0,1,0.6458,3,0.5162,4,0.3525,8,0.2004,9,0.1753,8,0.8531,4
遊戲,40000,0.0,1.0,指定 GPU:穩定,14,37599,0.3307,0.4805,Intel i5-14400F,RX9060XT,B760M,0.6462,15,0.5828,7,0.6335,4,1.0,1,0.6458,3,0.5162,4,0.3525,8,0.2004,9,0.1753,8,0.8531,4
遊戲,40000,0.0,1.0,指定 GPU:穩定,15,39149,0.361,0.6778,AMD R7 7700,RX9060XT,B850M,0.983,2,1.0,1,0.6335,4,1.0,1,0.6458,3,0.5162,4,1.0,1,0.6879,3,0.566,3,0.5164,6
遊戲,40000,0.0,1.0,指定 GPU:穩定,16,37459,0.3302,0.4805,Intel i5-14400F,RX9060XT,B760M,0.6462,15,0.5828,7,0.6335,4,1.0,1,0.6458,3,0.5162,4,0.3525,8,0.2004,9,0.1753,8,0.8531,4
遊戲,40000,0.0,1.0,指定 GPU:穩定,17,38889,0.3599,0.6778,AMD R7 7700,RX9060XT,B850M,0.983,2,1.0,1,0.6335,4,1.0,1,0.6458,3,0.5162,4,1.0,1,0.6879,3,0.566,3,0.5164,6
遊戲,40000,0.0,1.0,指定 GPU:穩定,18,37859,0.3313,0.4805,Intel i5-14400F,RX9060XT,B760M,0.6462,15,0.5828,7,0.6335,4,1.0,1,0.6458,3,0.5162,4,0.3525,8,0.2004,9,0.1753,8,0.8531,4
遊戲,40000,0.0,1.0,指定 GPU:穩定,19,37959,0.332,0.4805,Intel i5-14400F,RX9060XT,B760M,0.6462,15,0.5828,7,0.6335,4,1.0,1,0.6458,3,0.5162,4,0.3525,8,0.2004,9,0.1753,8,0.8531,4
遊戲,40000,0.0,1.0,指定 GPU:CP值,0,38889,0.3599,0.6778,AMD R7 7700,RX9060XT,B850M,0.983,2,1.0,1,0.6335,4,1.0,1,0.6458,3,0.5162,4,1.0,1,0.6879,3,0.566,3,0.5164,6
遊戲,40000,0.0,1.0,指定 GPU:CP值,1,37499,0.3306,0.4805,Intel i5-14400F,RX9060XT,B760M,0.6462,15,0.5828,7,0.6335,4,1.0,1,0.6458,3,0.5162,4,0.3525,8,0.2004,9,0.1753,8,0.8531,4
遊戲,40000,0.0,1.0,指定 GPU:CP值,2,37899,0.3303,0.4805,Intel i5-14400F,RX9060XT,B760M,0.6462,15,0.5828,7,0.6335,4,1.0,1,0.6458,3,0.5162,4,0.3525,8,0.2004,9,0.1753,8,0.8531,4
遊戲,40000,0.0,1.0,指定 GPU:CP值,3,37799,0.3311,0.4805,Intel i5-14400F,RX9060XT,B760M,0.6462,15,0.5828,7,0.6335,4,1.0,1,0.6458,3,0.5162,4,0.3525,8,0.2004,9,0.1753,8,0.8531,4
遊戲,40000,0.0,1.0,指定 GPU:CP值,4,38989,0.36,0.6778,AMD R7 7700,RX9060XT,B850M,0.983,2,1.0,1,0.6335,4,1.0,1,0.6458,3,0.5162,4,1.0,1,0.6879,3,0.566,3,0.5164,6
遊戲,40000,0.0,1.0,指定 GPU:CP值,5,37959,0.3321,0.4805,Intel i5-14400F,RX9060XT,B760M,0.6462,15,0.5828,7,0.6335,4,1.0,1,0.6458,3,0.5162,4,0.3525,8,0.2004,9,0.1753,8,0.8531,4
遊戲,40000,0.0,1.0,指定 GPU:CP值,6,38889,0.3594,0.6778,AMD R7 7700,RX9060XT,B850M,0.983,2,1.0,1,0.6335,4,1.0,1,0.6458,3,0.5162,4,1.0,1,0.6879,3,0.566,3,0.5164,6
遊戲,40000,0.0,1.0,指定 GPU:CP值,7,39089,0.3602,0.6778,AMD R7 7700,RX9060XT,B850M,0.983,2,1.0,1,0.6335,4,1.0,1,0.6458,3,0.5162,4,1.0,1,0.6879,3,0.566,3,0.5164,6
遊戲,40000,0.0,1.0,指定 GPU:CP值,8,38889,0.3599,0.6778,AMD R7 7700,RX9060XT,B850M,0.983,2,1.0,1,0.6335,4,1.0,1,0.6458,3,0.5162,4,1.0,1,0.6879,3,0.566,3,0.5164,6
遊戲,40000,0.0,1.0,指定 GPU:CP值,9,38889,0.3599,0.6778,AMD R7 7700,RX9060XT,B850M,0.983,2,1.0,1,0.6335,4,1.0,1,0.6458,3,0.5162,4,1.0,1,0.6879,3,0.566,3,0.5164,6
遊戲,40000,0.0,1.0,指定 GPU:CP值,10,39089,0.3602,0.6778,AMD R7 7700,RX9060XT,B850M,0.983,2,1.0,1,0.6335,4,1.0,1,0.6458,3,0.5162,4,1.0,1,0.6879,3,0.566,3,0.5164,6
遊戲,40000,0.0,1.0,指定 GPU:CP值,11,38889,0.3594,0.6778,AMD R7 7700,RX9060XT,B850M,0.983,2,1.0,1,0.6335,4,1.0,1,0.6458,3,0.5162,4,1.0,1,0.6879,3,0.566,3,0.5164,6
遊戲,40000,0.0,1.0,指定 GPU:CP值,12,38989,0.3601,0.6778,AMD R7 7700,RX9060XT,B850M,0.983,2,1.0,1,0.6335,4,1.0,1,0.6458,3,0.5162,4,1.0,1,0.6879,3,0.566,3,0.5164,6
遊戲,40000,0.0,1.0,指定 GPU:CP值,13,38989,0.3595,0.6778,AMD R7 7700,RX9060XT,B850M,0.983,2,1.0,1,0.6335,4,1.0,1,0.6458,3,0.5162,4,1.0,1,0.6879,3,0.566,3,0.5164,6
遊戲,40000,0.0,1.0,指定 GPU:CP值,14,38889,0.3599,0.6778,AMD R7 7700,RX9060XT,B850M,0.983,2,1.0,1,0.6335,4,1.0,1,0.6458,3,0.5162,4,1.0,1,0.6879,3,0.566,3,0.5164,6
遊戲,40000,0.0,1.0,指定 GPU:CP值,15,37959,0.332,0.4805,Intel i5-14400F,RX9060XT,B760M,0.6462,15,0.5828,7,0.6335,4,1.0,1,0.6458,3,0.5162,4,0.3525,8,0.2004,9,0.1753,8,0.8531,4
遊戲,40000,0.0,1.0,指定 GPU:CP值,16,37499,0.3306,0.4805,Intel i5-14400F,RX9060XT,B760M,0.6462,15,0.5828,7,0.6335,4,1.0,1,0.6458,3,0.5162,4,0.3525,8,0.2004,9,0.1753,8,0.8531,4
遊戲,40000,0.0,1.0,指定 GPU:CP值,17,38989,0.3601,0.6778,AMD R7 7700,RX9060XT,B850M,0.983,2,1.0,1,0.6335,4,1.0,1,0.6458,3,0.5162,4,1.0,1,0.6879,3,0.566,3,0.5164,6
遊戲,40000,0.0,1.0,指定 GPU:CP值,18,38949,0.3602,0.6778,AMD R7 7700,RX9060XT,B850M,0.983,2,1.0,1,0.6335,4,1.0,1,0.6458,3,0.5162,4,1.0,1,0.6879,3,0.566,3,0.5164,6
遊戲,40000,0.0,1.0,指定 GPU:CP值,19,38889,0.3599,0.6778,AMD R7 7700,RX9060XT,B850M,0.983,2,1.0,1,0.6335,4,1.0,1,0.6458,3,0.5162,4,1.0,1,0.6879,3,0.566,3,0.5164,6
遊戲,40000,0.0,1.0,指定 GPU:VRAM,0,31689,0.2978,0.4781,AMD R5 5600XT,RX7650GRE,B550M,0.7545,,0.5227,,0.0597,15,0.5326,,0.1739,9,0.5186,,0.6043,6,0.2543,8,0.4315,5,0.9047,2
遊戲,40000,0.0,1.0,指定 GPU:VRAM,1,31689,0.2978,0.4781,AMD R5 5600XT,RX7650GRE,B550M,0.7545,,0.5227,,0.0597,15,0.5326,,0.1739,9,0.5186,,0.6043,6,0.2543,8,0.4315,5,0.9047,2
遊戲,40000,0.0,1.0,指定 GPU:VRAM,2,38889,0.3588,0.6778,AMD R7 7700,RX9060XT,B850M,0.983,2,1.0,1,0.6335,4,1.0,1,0.6458,3,0.5162,4,1.0,1,0.6879,3,0.566,3,0.5164,6
遊戲,40000,0.0,1.0,指定 GPU:VRAM,3,31689,0.2978,0.4781,AMD R5 5600XT,RX7650GRE,B550M,0.7545,,0.5227,,0.0597,15,0.5326,,0.1739,9,0.5186,,0.6043,6,0.2543,8,0.4315,5,0.9047,2
遊戲,40000,0.0,1.0,指定 GPU:VRAM,4,31689,0.2978,0.4781,AMD R5 5600XT,RX7650GRE,B550M,0.7545,,0.5227,,0.0597,15,0.5326,,0.1739,9,0.5186,,0.6043,6,0.2543,8,0.4315,5,0.9047,2
遊戲,40000,0.0,1.0,指定 GPU:VRAM,5,31789,0.2979,0.4781,AMD R5 5600XT,RX7650GRE,B550M,0.7545,,0.5227,,0.0597,15,0.5326,,0.1739,9,0.5186,,0.6043,6,0.2543,8,0.4315,5,0.9047,2
遊戲,40000,0.0,1.0,指定 GPU:VRAM,6,31689,0.2978,0.4781,AMD R5 5600XT,RX7650GRE,B550M,0.7545,,0.5227,,0.0597,15,0.5326,,0.1739,9,0.5186,,0.6043,6,0.2543,8,0.4315,5,0.9047,2
遊戲,40000,0.0,1.0,指定 GPU:VRAM,7,31889,0.2975,0.4781,AMD R5 5600XT,RX7650GRE,B550M,0.7545,,0.5227,,0.0597,15,0.5326,,0.1739,9,0.5186,,0.6043,6,0.2543,8,0.4315,5,0.9047,2
遊戲,40000,0.0,1.0,指定 GPU:VRAM,8,31789,0.2979,0.4781,AMD R5 5600XT,RX7650GRE,B550M,0.7545,,0.5227,,0.0597,15,0.5326,,0.1739,9,0.5186,,0.6043,6,0.2543,8,0.4315,5,0.9047,2
遊戲,40000,0.0,1.0,指定 GPU:VRAM,9,38359,0.3328,0.4805,Intel i5-14400F,RX9060XT,B760M,0.6462,15,0.5828,7,0.6335,4,1.0,1,0.6458,3,0.5162,4,0.3525,8,0.2004,9,0.1753,8,0.8531,4
遊戲,40000,0.0,1.0,指定 GPU:VRAM,10,31689,0.2978,0.4781,AMD R5 5600XT,RX7650GRE,B550M,0.7545,,0.5227,,0.0597,15,0.5326,,0.1739,9,0.5186,,0.6043,6,0.2543,8,0.4315,5,0.9047,2
遊戲,40000,0.0,1.0,指定 GPU:VRAM,11,31689,0.2978,0.4781,AMD R5 5600XT,RX7650GRE,B550M,0.7545,,0.5227,,0.0597,15,0.5326,,0.1739,9,0.5186,,0.6043,6,0.2543,8,0.4315,5,0.9047,2
遊戲,40000,0.0,1.0,指定 GPU:VRAM,12,31889,0.2981,0.4781,AMD R5 5600XT,RX7650GRE,B550M,0.7545,,0.5227,,0.0597,15,0.5326,,0.1739,9,0.5186,,0.6043,6,0.2543,8,0.4315,5,0.9047,2
遊戲,40000,0.0,1.0,指定 GPU:VRAM,13,31889,0.2981,0.4781,AMD R5 5600XT,RX7650GRE,B550M,0.7545,,0.5227,,0.0597,15,0.5326,,0.1739,9,0.5186,,0.6043,6,0.2543,8,0.4315,5,0.9047,2
遊戲,40000,0.0,1.0,指定 GPU:VRAM,14,37999,0.3315,0.4805,Intel i5-14400F,RX9060XT,B760M,0.6462,15,0.5828,7,0.6335,4,1.0,1,0.6458,3,0.5162,4,0.3525,8,0.2004,9,0.1753,8,0.8531,4
遊戲,40000,0.0,1.0,指定 GPU:VRAM,15,31589,0.2971,0.4781,AMD R5 5600XT,RX7650GRE,B550M,0.7545,,0.5227,,0.0597,15,0.5326,,0.1739,9,0.5186,,0.6043,6,0.2543,8,0.4315,5,0.9047,2
遊戲,40000,0.0,1.0,指定 GPU:VRAM,16,31689,0.2978,0.4781,AMD R5 5600XT,RX7650GRE,B550M,0.7545,,0.5227,,0.0597,15,0.5326,,0.1739,9,0.5186,,0.6043,6,0.2543,8,0.4315,5,0.9047,2
遊戲,40000,0.0,1.0,指定 GPU:VRAM,17,37559,0.3314,0.4805,Intel i5-14400F,RX9060XT,B760M,0.6462,15,0.5828,7,0.6335,4,1.0,1,0.6458,3,0.5162,4,0.3525,8,0.2004,9,0.1753,8,0.8531,4
遊戲,40000,0.0,1.0,指定 GPU:VRAM,18,37499,0.3306,0.4805,Intel i5-14400F,RX9060XT,B760M,0.6462,15,0.5828,7,0.6335,4,1.0,1,0.6458,3,0.5162,4,0.3525,8,0.2004,9,0.1753,8,0.8531,4
遊戲,40000,0.0,1.0,指定 GPU:VRAM,19,31989,0.2983,0.4781,AMD R5 5600XT,RX7650GRE,B550M,0.7545,,0.5227,,0.0597,15,0.5326,,0.1739,9,0.5186,,0.6043,6,0.2543,8,0.4315,5,0.9047,2
遊戲,40000,0.0,1.0,指定 主機板:用料,0,39189,0.3604,0.6778,AMD R7 7700,RX9060XT,B850M,0.983,2,1.0,1,0.6335,4,1.0,1,0.6458,3,0.5162,4,1.0,1,0.6879,3,0.566,3,0.5164,6
遊戲,40000,0.0,1.0,指定 主機板:用料,1,38989,0.36,0.6778,AMD R7 7700,RX9060XT,B850M,0.983,2,1.0,1,0.6335,4,1.0,1,0.6458,3,0.5162,4,1.0,1,0.6879,3,0.566,3,0.5164,6
遊戲,40000,0.0,1.0,指定 主機板:用料,2,38989,0.36,0.6778,AMD R7 7700,RX9060XT,B850M,0.983,2,1.0,1,0.6335,4,1.0,1,0.6458,3,0.5162,4,1.0,1,0.6879,3,0.566,3,0.5164,6
遊戲,40000,0.0,1.0,指定 主機板:用料,3,38989,0.36,0.6778,AMD R7 7700,RX9060XT,B850M,0.983,2,1.0,1,0.6335,4,1.0,1,0.6458,3,0.5162,4,1.0,1,0.6879,3,0.566,3,0.5164,6
遊戲,40000,0.0,1.0,指定 主機板:用料,4,39089,0.3602,0.6778,AMD R7 7700,RX9060XT,B850M,0.983,2,1.0,1,0.6335,4,1.0,1,0.6458,3,0.5162,4,1.0,1,0.6879,3,0.566,3,0.5164,6
遊戲,40000,0.0,1.0,指定 主機板:用料,5,39289,0.3606,0.6778,AMD R7 7700,RX9060XT,B850M,0.983,2,1.0,1,0.6335,4,1.0,1,0.6458,3,0.5162,4,1.0,1,0.6879,3,0.566,3,0.5164,6
遊戲,40000,0.0,1.0,指定 主機板:用料,6,39489,0.361,0.6778,AMD R7 7700,RX9060XT,B850M,0.983,2,1.0,1,0.6335,4,1.0,1,0.6458,3,0.5162,4,1.0,1,0.6879,3,0.566,3,0.5164,6
遊戲,40000,0.0,1.0,指定 主機板:用料,7,39149,0.3611,0.6778,AMD R7 7700,RX9060XT,B850M,0.983,2,1.0,1,0.6335,4,1.0,1,0.6458,3,0.5162,4,1.0,1,0.6879,3,0.566,3,0.5164,6
遊戲,40000,0.0,1.0,指定 主機板:用料,8,39089,0.3602,0.6778,AMD R7 7700,RX9060XT,B850M,0.983,2,1.0,1,0.6335,4,1.0,1,0.6458,3,0.5162,4,1.0,1,0.6879,3,0.566,3,0.5164,6
遊戲,40000,0.0,1.0,指定 主機板:用料,9,38989,0.36,0.6778,AMD R7 7700,RX9060XT,B850M,0.983,2,1.0,1,0.6335,4,1.0,1,0.6458,3,0.5162,4,1.0,1,0.6879,3,0.566,3,0.5164,6
遊戲,40000,0.0,1.0,指定 主機板:用料,10,38989,0.3601,0.6778,AMD R7 7700,RX9060XT,B850M,0.983,2,1.0,1,0.6335,4,1.0,1,0.6458,3,0.5162,4,1.0,1,0.6879,3,0.566,3,0.5164,6
遊戲,40000,0.0,1.0,指定 主機板:用料,11,38989,0.36,0.6778,AMD R7 7700,RX9060XT,B850M,0.983,2,1.0,1,0.6335,4,1.0,1,0.6458,3,0.5162,4,1.0,1,0.6879,3,0.566,3,0.5164,6
遊戲,40000,0.0,1.0,指定 主機板:用料,12,39189,0.3604,0.6778,AMD R7 7700,RX9060XT,B850M,0.983,2,1.0,1,0.6335,4,1.0,1,0.6458,3,0.5162,4,1.0,1,0.6879,3,0.566,3,0.5164,6
遊戲,40000,0.0,1.0,指定 主機板:用料,13,38989,0.3601,0.6778,AMD R7 7700,RX9060XT,B850M,0.983,2,1.0,1,0.6335,4,1.0,1,0.6458,3,0.5162,4,1.0,1,0.6879,3,0.566,3,0.5164,6
遊戲,40000,0.0,1.0,指定 主機板:用料,14,39089,0.3602,0.6778,AMD R7 7700,RX9060XT,B850M,0.983,2,1.0,1,0.6335,4,1.0,1,0.6458,3,0.5162,4,1.0,1,0.6879,3,0.566,3,0.5164,6
遊戲,40000,0.0,1.0,指定 主機板:用料,15,38949,0.3607,0.6778,AMD R7 7700,RX9060XT,B850M,0.983,2,1.0,1,0.6335,4,1.0,1,0.6458,3,0.5162,4,1.0,1,0.6879,3,0.566,3,0.5164,6
遊戲,40000,0.0,1.0,指定 主機板:用料,16,38889,0.3599,0.6778,AMD R7 7700,RX9060XT,B850M,0.983,2,1.0,1,0.6335,4,1.0,1,0.6458,3,0.5162,4,1.0,1,0.6879,3,0.566,3,0.5164,6
遊戲,40000,0.0,1.0,指定 主機板:用料,17,39189,0.3604,0.6778,AMD R7 7700,RX9060XT,B850M,0.983,2,1.0,1,0.6335,4,1.0,1,0.6458,3,0.5162,4,1.0,1,0.6879,3,0.566,3,0.5164,6
遊戲,40000,0.0,1.0,指定 主機板:用料,18,38889,0.3599,0.6778,AMD R7 7700,RX9060XT,B850M,0.983,2,1.0,1,0.6335,4,1.0,1,0.6458,3,0.5162,4,1.0,1,0.6879,3,0.566,3,0.5164,6
遊戲,40000,0.0,1.0,指定 主機板:用料,19,39289,0.3605,0.6778,AMD R7 7700,RX9060XT,B850M,0.983,2,1.0,1,0.6335,4,1.0,1,0.6458,3,0.5162,4,1.0,1,0.6879,3,0.566,3,0.5164,6
遊戲,40000,0.0,1.0,指定 主機板:擴充性,0,39989,0.3576,0.6295,AMD R7 7700,RX9060XT,B850,0.983,2,1.0,1,0.6335,4,1.0,1,0.6458,3,0.5162,4,0.8888,3,0.8123,2,0.1389,9,0.8819,3
遊戲,40000,0.0,1.0,指定 主機板:擴充性,1,39189,0.3604,0.6778,AMD R7 7700,RX9060XT,B850M,0.983,2,1.0,1,0.6335,4,1.0,1,0.6458,3,0.5162,4,1.0,1,0.6879,3,0.566,3,0.5164,6
遊戲,40000,0.0,1.0,指定 主機板:擴充性,2,38989,0.3601,0.6778,AMD R7 7700,RX9060XT,B850M,0.983,2,1.0,1,0.6335,4,1.0,1,0.6458,3,0.5162,4,1.0,1,0.6879,3,0.566,3,0.5164,6
遊戲,40000,0.0,1.0,指定 主機板:擴充性,3,39189,0.3604,0.6778,AMD R7 7700,RX9060XT,B850M,0.983,2,1.0,1,0.6335,4,1.0,1,0.6458,3,0.5162,4,1.0,1,0.6879,3,0.566,3,0.5164,6
遊戲,40000,0.0,1.0,指定 主機板:擴充性,4,38889,0.3599,0.6778,AMD R7 7700,RX9060XT,B850M,0.983,2,1.0,1,0.6335,4,1.0,1,0.6458,3,0.5162,4,1.0,1,0.6879,3,0.566,3,0.5164,6
遊戲,40000,0.0,1.0,指定 主機板:擴充性,5,39758,0.3836,0.5777,Intel Core Ultra 5 245KF,RX9060XT,Z890,0.6576,12,0.593,5,0.6335,4,1.0,1,0.6458,3,0.5162,4,0.9611,2,1.0,1,0.263,7,0.2458,9
遊戲,40000,0.0,1.0,指定 主機板:擴充性,6,39289,0.3606,0.6778,AMD R7 7700,RX9060XT,B850M,0.983,2,1.0,1,0.6335,4,1.0,1,0.6458,3,0.5162,4,1.0,1,0.6879,3,0.566,3,0.5164,6
遊戲,40000,0.0,1.0,指定 主機板:擴充性,7,40158,0.3835,0.5777,Intel Core Ultra 5 245KF,RX9060XT,Z890,0.6576,12,0.593,5,0.6335,4,1.0,1,0.6458,3,0.5162,4,0.9611,2,1.0,1,0.263,7,0.2458,9
遊戲,40000,0.0,1.0,指定 主機板:擴充性,8,40289,0.3534,0.6295,AMD R7 7700,RX9060XT,B850,0.983,2,1.0,1,0.6335,4,1.0,1,0.6458,3,0.5162,4,0.8888,3,0.8123,2,0.1389,9,0.8819,3
遊戲,40000,0.0,1.0,指定 主機板:擴充性,9,38889,0.3599,0.6778,AMD R7 7700,RX9060XT,B850M,0.983,2,1.0,1,0.6335,4,1.0,1,0.6458,3,0.5162,4,1.0,1,0.6879,3,0.566,3,0.5164,6
遊戲,40000,0.0,1.0,指定 主機板:擴充性,10,39989,0.3599,0.6295,AMD R7 7700,RX9060XT,B850,0.983,2,1.0,1,0.6335,4,1.0,1,0.6458,3,0.5162,4,0.8888,3,0.8123,2,0.1389,9,0.8819,3
遊戲,40000,0.0,1.0,指定 主機板:擴充性,11,39989,0.3585,0.6295,AMD R7 7700,RX9060XT,B850,0.983,2,1.0,1,0.6335,4,1.0,1,0.6458,3,0.5162,4,0.8888,3,0.8123,2,0.1389,9,0.8819,3
遊戲,40000,0.0,1.0,指定 主機板:擴充性,12,39049,0.3609,0.6778,AMD R7 7700,RX9060XT,B850M,0.983,2,1.0,1,0.6335,4,1.0,1,0.6458,3,0.5162,4,1.0,1,0.6879,3,0.566,3,0.5164,6
遊戲,40000,0.0,1.0,指定 主機板:擴充性,13,39989,0.3576,0.6295,AMD R7 7700,RX9060XT,B850,0.983,2,1.0,1,0.6335,4,1.0,1,0.6458,3,0.5162,4,0.8888,3,0.8123,2,0.1389,9,0.8819,3
遊戲,40000,0.0,1.0,指定 主機板:擴充性,14,39858,0.3859,0.5777,Intel Core Ultra 5 245KF,RX9060XT,Z890,0.6576,12,0.593,5,0.6335,4,1.0,1,0.6458,3,0.5162,4,0.9611,2,1.0,1,0.263,7,0.2458,9
遊戲,40000,0.0,1.0,指定 主機板:擴充性,15,39049,0.3609,0.6778,AMD R7 7700,RX9060XT,B850M,0.983,2,1.0,1,0.6335,4,1.0,1,0.6458,3,0.5162,4,1.0,1,0.6879,3,0.566,3,0.5164,6
遊戲,40000,0.0,1.0,指定 主機板:擴充性,16,39389,0.3594,0.6778,AMD R7 7700,RX9060XT,B850M,0.983,2,1.0,1,0.6335,4,1.0,1,0.6458,3,0.5162,4,1.0,1,0.6879,3,0.566,3,0.5164,6
遊戲,40000,0.0,1.0,指定 主機板:擴充性,17,39889,0.3578,0.6295,AMD R7 7700,RX9060XT,B850,0.983,2,1.0,1,0.6335,4,1.0,1,0.6458,3,0.5162,4,0.8888,3,0.8123,2,0.1389,9,0.8819,3
遊戲,40000,0.0,1.0,指定 主機板:擴充性,18,39989,0.3566,0.6295,AMD R7 7700,RX9060XT,B850,0.983,2,1.0,1,0.6335,4,1.0,1,0.6458,3,0.5162,4,0.8888,3,0.8123,2,0.1389,9,0.8819,3
遊戲,40000,0.0,1.0,指定 主機板:擴充性,19,38889,0.3599,0.6778,AMD R7 7700,RX9060XT,B850M,0.983,2,1.0,1,0.6335,4,1.0,1,0.6458,3,0.5162,4,1.0,1,0.6879,3,0.566,3,0.5164,6
遊戲,40000,0.0,1.0,指定 主機板:穩定,0,35889,0.333,0.4678,AMD R5 7500F,RX9060XT,A620,0.9777,4,0.8478,2,0.6335,4,1.0,1,0.6458,3,0.5162,4,0.0,10,0.0,10,1.0,1,0.1273,10
遊戲,40000,0.0,1.0,指定 主機板:穩定,1,35589,0.3324,0.4678,AMD R5 7500F,RX9060XT,A620,0.9777,4,0.8478,2,0.6335,4,1.0,1,0.6458,3,0.5162,4,0.0,10,0.0,10,1.0,1,0.1273,10
遊戲,40000,0.0,1.0,指定 主機板:穩定,2,31689,0.2978,0.4781,AMD R5 5600XT,RX7650GRE,B550M,0.7545,,0.5227,,0.0597,15,0.5326,,0.1739,9,0.5186,,0.6043,6,0.2543,8,0.4315,5,0.9047,2
遊戲,40000,0.0,1.0,指定 主機板:穩定,3,35589,0.3324,0.4678,AMD R5 7500F,RX9060XT,A620,0.9777,4,0.8478,2,0.6335,4,1.0,1,0.6458,3,0.5162,4,0.0,10,0.0,10,1.0,1,0.1273,10
遊戲,40000,0.0,1.0,指定 主機板:穩定,4,35589,0.3324,0.4678,AMD R5 7500F,RX9060XT,A620,0.9777,4,0.8478,2,0.6335,4,1.0,1,0.6458,3,0.5162,4,0.0,10,0.0,10,1.0,1,0.1273,10
遊戲,40000,0.0,1.0,指定 主機板:穩定,5,35589,0.3324,0.4678,AMD R5 7500F,RX9060XT,A620,0.9777,4,0.8478,2,0.6335,4,1.0,1,0.6458,3,0.5162,4,0.0,10,0.0,10,1.0,1,0.1273,10
遊戲,40000,0.0,1.0,指定 主機板:穩定,6,35589,0.3324,0.4678,AMD R5 7500F,RX9060XT,A620,0.9777,4,0.8478,2,0.6335,4,1.0,1,0.6458,3,0.5162,4,0.0,10,0.0,10,1.0,1,0.1273,10
遊戲,40000,0.0,1.0,指定 主機板:穩定,7,31649,0.2979,0.4781,AMD R5 5600XT,RX7650GRE,B550M,0.7545,,0.5227,,0.0597,15,0.5326,,0.1739,9,0.5186,,0.6043,6,0.2543,8,0.4315,5,0.9047,2
遊戲,40000,0.0,1.0,指定 主機板:穩定,8,31789,0.2979,0.4781,AMD R5 5600XT,RX7650GRE,B550M,0.7545,,0.5227,,0.0597,15,0.5326,,0.1739,9,0.5186,,0.6043,6,0.2543,8,0.4315,5,0.9047,2
遊戲,40000,0.0,1.0,指定 主機板:穩定,9,35589,0.3324,0.4678,AMD R5 7500F,RX9060XT,A620,0.9777,4,0.8478,2,0.6335,4,1.0,1,0.6458,3,0.5162,4,0.0,10,0.0,10,1.0,1,0.1273,10
遊戲,40000,0.0,1.0,指定 主機板:穩定,10,38889,0.3594,0.6778,AMD R7 7700,RX9060XT,B850M,0.983,2,1.0,1,0.6335,4,1.0,1,0.6458,3,0.5162,4,1.0,1,0.6879,3,0.566,3,0.5164,6
遊戲,40000,0.0,1.0,指定 主機板:穩定,11,35589,0.3324,0.4678,AMD R5 7500F,RX9060XT,A620,0.9777,4,0.8478,2,0.6335,4,1.0,1,0.6458,3,0.5162,4,0.0,10,0.0,10,1.0,1,0.1273,10
遊戲,40000,0.0,1.0,指定 主機板:穩定,12,31789,0.2979,0.4781,AMD R5 5600XT,RX7650GRE,B550M,0.7545,,0.5227,,0.0597,15,0.5326,,0.1739,9,0.5186,,0.6043,6,0.2543,8,0.4315,5,0.9047,2
遊戲,40000,0.0,1.0,指定 主機板:穩定,13,35589,0.3324,0.4678,AMD R5 7500F,RX9060XT,A620,0.9777,4,0.8478,2,0.6335,4,1.0,1,0.6458,3,0.5162,4,0.0,10,0.0,10,1.0,1,0.1273,10
遊戲,40000,0.0,1.0,指定 主機板:穩定,14,35589,0.3324,0.4678,AMD R5 7500F,RX9060XT,A620,0.9777,4,0.8478,2,0.6335,4,1.0,1,0.6458,3,0.5162,4,0.0,10,0.0,10,1.0,1,0.1273,10
遊戲,40000,0.0,1.0,指定 主機板:穩定,15,35789,0.3328,0.4678,AMD R5 7500F,RX9060XT,A620,0.9777,4,0.8478,2,0.6335,4,1.0,1,0.6458,3,0.5162,4,0.0,10,0.0,10,1.0,1,0.1273,10
遊戲,40000,0.0,1.0,指定 主機板:穩定,16,37858,0.324,0.4805,Intel i5-14400F,RX9060XT,B760M,0.6462,15,0.5828,7,0.6335,4,1.0,1,0.6458,3,0.5162,4,0.3525,8,0.2004,9,0.1753,8,0.8531,4
遊戲,40000,0.0,1.0,指定 主機板:穩定,17,35689,0.3326,0.4678,AMD R5 7500F,RX9060XT,A620,0.9777,4,0.8478,2,0.6335,4,1.0,1,0.6458,3,0.5162,4,0.0,10,0.0,10,1.0,1,0.1273,10
遊戲,40000,0.0,1.0,指定 主機板:穩定,18,35589,0.3324,0.4678,AMD R5 7500F,RX9060XT,A620,0.9777,4,0.8478,2,0.6335,4,1.0,1,0.6458,3,0.5162,4,0.0,10,0.0,10,1.0,1,0.1273,10
遊戲,40000,0.0,1.0,指定 主機板:穩定,19,35589,0.3324,0.4678,AMD R5 7500F,RX9060XT,A620,0.9777,4,0.8478,2,0.6335,4,1.0,1,0.6458,3,0.5162,4,0.0,10,0.0,10,1.0,1,0.1273,10
遊戲,40000,0.0,1.0,指定 主機板:CP值,0,37699,0.3309,0.4805,Intel i5-14400F,RX9060XT,B760M,0.6462,15,0.5828,7,0.6335,4,1.0,1,0.6458,3,0.5162,4,0.3525,8,0.2004,9,0.1753,8,0.8531,4
遊戲,40000,0.0,1.0,指定 主機板:CP值,1,39889,0.3594,0.6198,AMD R7 7700,RX9060XT,B650M,0.983,2,1.0,1,0.6335,4,1.0,1,0.6458,3,0.5162,4,0.5795,7,0.2883,7,0.0,10,1.0,1
遊戲,40000,0.0,1.0,指定 主機板:CP值,2,37499,0.3306,0.4805,Intel i5-14400F,RX9060XT,B760M,0.6462,15,0.5828,7,0.6335,4,1.0,1,0.6458,3,0.5162,4,0.3525,8,0.2004,9,0.1753,8,0.8531,4
遊戲,40000,0.0,1.0,指定 主機板:CP值,3,37499,0.3301,0.4805,Intel i5-14400F,RX9060XT,B760M,0.6462,15,0.5828,7,0.6335,4,1.0,1,0.6458,3,0.5162,4,0.3525,8,0.2004,9,0.1753,8,0.8531,4
遊戲,40000,0.0,1.0,指定 主機板:CP值,4,38949,0.3607,0.6198,AMD R7 7700,RX9060XT,B650M,0.983,2,1.0,1,0.6335,4,1.0,1,0.6458,3,0.5162,4,0.5795,7,0.2883,7,0.0,10,1.0,1
遊戲,40000,0.0,1.0,指定 主機板:CP值,5,31689,0.2978,0.4781,AMD R5 5600XT,RX7650GRE,B550M,0.7545,,0.5227,,0.0597,15,0.5326,,0.1739,9,0.5186,,0.6043,6,0.2543,8,0.4315,5,0.9047,2
遊戲,40000,0.0,1.0,指定 主機板:CP值,6,37499,0.3306,0.4805,Intel i5-14400F,RX9060XT,B760M,0.6462,15,0.5828,7,0.6335,4,1.0,1,0.6458,3,0.5162,4,0.3525,8,0.2004,9,0.1753,8,0.8531,4
遊戲,40000,0.0,1.0,指定 主機板:CP值,7,38099,0.335,0.4805,Intel i5-14400F,RX9060XT,B760M,0.6462,15,0.5828,7,0.6335,4,1.0,1,0.6458,3,0.5162,4,0.3525,8,0.2004,9,0.1753,8,0.8531,4
遊戲,40000,0.0,1.0,指定 主機板:CP值,8,31989,0.2983,0.4781,AMD R5 5600XT,RX7650GRE,B550M,0.7545,,0.5227,,0.0597,15,0.5326,,0.1739,9,0.5186,,0.6043,6,0.2543,8,0.4315,5,0.9047,2
遊戲,40000,0.0,1.0,指定 主機板:CP值,9,37559,0.3314,0.4805,Intel i5-14400F,RX9060XT,B760M,0.6462,15,0.5828,7,0.6335,4,1.0,1,0.6458,3,0.5162,4,0.3525,8,0.2004,9,0.1753,8,0.8531,4
遊戲,40000,0.0,1.0,指定 主機板:CP值,10,38099,0.3315,0.4805,Intel i5-14400F,RX9060XT,B760M,0.6462,15,0.5828,7,0.6335,4,1.0,1,0.6458,3,0.5162,4,0.3525,8,0.2004,9,0.1753,8,0.8531,4
遊戲,40000,0.0,1.0,指定 主機板:CP值,11,37599,0.3307,0.4805,Intel i5-14400F,RX9060XT,B760M,0.6462,15,0.5828,7,0.6335,4,1.0,1,0.6458,3,0.5162,4,0.3525,8,0.2004,9,0.1753,8,0.8531,4
遊戲,40000,0.0,1.0,指定 主機板:CP值,12,39389,0.3607,0.6198,AMD R7 7700,RX9060XT,B650M,0.983,2,1.0,1,0.6335,4,1.0,1,0.6458,3,0.5162,4,0.5795,7,0.2883,7,0.0,10,1.0,1
遊戲,40000,0.0,1.0,指定 主機板:CP值,13,37999,0.3314,0.4805,Intel i5-14400F,RX9060XT,B760M,0.6462,15,0.5828,7,0.6335,4,1.0,1,0.6458,3,0.5162,4,0.3525,8,0.2004,9,0.1753,8,0.8531,4
遊戲,40000,0.0,1.0,指定 主機板:CP值,14,31789,0.2979,0.4781,AMD R5 5600XT,RX7650GRE,B550M,0.7545,,0.5227,,0.0597,15,0.5326,,0.1739,9,0.5186,,0.6043,6,0.2543,8,0.4315,5,0.9047,2
遊戲,40000,0.0,1.0,指定 主機板:CP值,15,38159,0.3313,0.4805,Intel i5-14400F,RX9060XT,B760M,0.6462,15,0.5828,7,0.6335,4,1.0,1,0.6458,3,0.5162,4,0.3525,8,0.2004,9,0.1753,8,0.8531,4
遊戲,40000,0.0,1.0,指定 主機板:CP值,16,38499,0.3306,0.4805,Intel i5-14400F,RX9060XT,B760M,0.6462,15,0.5828,7,0.6335,4,1.0,1,0.6458,3,0.5162,4,0.3525,8,0.2004,9,0.1753,8,0.8531,4
遊戲,40000,0.0,1.0,指定 主機板:CP值,17,37599,0.3307,0.4805,Intel i5-14400F,RX9060XT,B760M,0.6462,15,0.5828,7,0.6335,4,1.0,1,0.6458,3,0.5162,4,0.3525,8,0.2004,9,0.1753,8,0.8531,4
遊戲,40000,0.0,1.0,指定 主機板:CP值,18,37599,0.3307,0.4805,Intel i5-14400F,RX9060XT,B760M,0.6462,15,0.5828,7,0.6335,4,1.0,1,0.6458,3,0.5162,4,0.3525,8,0.2004,9,0.1753,8,0.8531,4
遊戲,40000,0.0,1.0,指定 主機板:CP值,19,37599,0.3307,0.4805,Intel i5-14400F,RX9060XT,B760M,0.6462,15,0.5828,7,0.6335,4,1.0,1,0.6458,3,0.5162,4,0.3525,8,0.2004,9,0.1753,8,0.8531,4
遊戲,60000,0.0,1.0,無口碑,0,55812,0.552,0.5213,Intel Core Ultra 5 245KF,RTX5070,B860M,0.6576,12,0.593,5,0.6123,5,0.6305,6,0.4095,6,0.2741,8,0.6026,,0.4736,,0.4068,,0.5202,5
遊戲,60000,0.0,1.0,無口碑,1,55812,0.552,0.5213,Intel Core Ultra 5 245KF,RTX5070,B860M,0.6576,12,0.593,5,0.6123,5,0.6305,6,0.4095,6,0.2741,8,0.6026,,0.4736,,0.4068,,0.5202,5
遊戲,60000,0.0,1.0,無口碑,2,55812,0.552,0.5213,Intel Core Ultra 5 245KF,RTX5070,B860M,0.6576,12,0.593,5,0.6123,5,0.6305,6,0.4095,6,0.2741,8,0.6026,,0.4736,,0.4068,,0.5202,5
遊戲,60000,0.0,1.0,無口碑,3,55812,0.552,0.5213,Intel Core Ultra 5 245KF,RTX5070,B860M,0.6576,12,0.593,5,0.6123,5,0.6305,6,0.4095,6,0.2741,8,0.6026,,0.4736,,0.4068,,0.5202,5
遊戲,60000,0.0,1.0,無口碑,4,55812,0.552,0.5213,Intel Core Ultra 5 245KF,RTX5070,B860M,0.6576,12,0.593,5,0.6123,5,0.6305,6,0.4095,6,0.2741,8,0.6026,,0.4736,,0.4068,,0.5202,5
遊戲,60000,0.0,1.0,無口碑,5,55812,0.552,0.5213,Intel Core Ultra 5 245KF,RTX5070,B860M,0.6576,12,0.593,5,0.6123,5,0.6305,6,0.4095,6,0.2741,8,0.6026,,0.4736,,0.4068,,0.5202,5
遊戲,60000,0.0,1.0,無口碑,6,59987,0.564,0.5226,AMD R9 9900X,RTX5070,B650M,0.6651,11,0.5227,,0.6123,5,0.6305,6,0.4095,6,0.2741,8,0.5795,7,0.2883,7,0.0,10,1.0,1
遊戲,60000,0.0,1.0,無口碑,7,55812,0.552,0.5213,Intel Core Ultra 5 245KF,RTX5070,B860M,0.6576,12,0.593,5,0.6123,5,0.6305,6,0.4095,6,0.2741,8,0.6026,,0.4736,,0.4068,,0.5202,5
遊戲,60000,0.0,1.0,無口碑,8,55812,0.552,0.5213,Intel Core Ultra 5 245KF,RTX5070,B860M,0.6576,12,0.593,5,0.6123,5,0.6305,6,0.4095,6,0.2741,8,0.6026,,0.4736,,0.4068,,0.5202,5
遊戲,60000,0.0,1.0,無口碑,9,55812,0.552,0.5213,Intel Core Ultra 5 245KF,RTX5070,B860M,0.6576,12,0.593,5,0.6123,5,0.6305,6,0.4095,6,0.2741,8,0.6026,,0.4736,,0.4068,,0.5202,5
遊戲,60000,0.0,1.0,無口碑,10,55812,0.552,0.5213,Intel Core Ultra 5 245KF,RTX5070,B860M,0.6576,12,0.593,5,0.6123,5,0.6305,6,0.4095,6,0.2741,8,0.6026,,0.4736,,0.4068,,0.5202,5
遊戲,60000,0.0,1.0,無口碑,11,55812,0.552,0.5213,Intel Core Ultra 5 245KF,RTX5070,B860M,0.6576,12,0.593,5,0.6123,5,0.6305,6,0.4095,6,0.2741,8,0.6026,,0.4736,,0.4068,,0.5202,5
遊戲,60000,0.0,1.0,無口碑,12,59987,0.564,0.5226,AMD R9 9900X,RTX5070,B650M,0.6651,11,0.5227,,0.6123,5,0.6305,6,0.4095,6,0.2741,8,0.5795,7,0.2883,7,0.0,10,1.0,1
遊戲,60000,0.0,1.0,無口碑,13,55812,0.552,0.5213,Intel Core Ultra 5 245KF,RTX5070,B860M,0.6576,12,0.593,5,0.6123,5,0.6305,6,0.4095,6,0.2741,8,0.6026,,0.4736,,0.4068,,0.5202,5
遊戲,60000,0.0,1.0,無口碑,14,55812,0.552,0.5213,Intel Core Ultra 5 245KF,RTX5070,B860M,0.6576,12,0.593,5,0.6123,5,0.6305,6,0.4095,6,0.2741,8,0.6026,,0.4736,,0.4068,,0.5202,5
遊戲,60000,0.0,1.0,無口碑,15,55812,0.552,0.5213,Intel Core Ultra 5 245KF,RTX5070,B860M,0.6576,12,0.593,5,0.6123,5,0.6305,6,0.4095,6,0.2741,8,0.6026,,0.4736,,0.4068,,0.5202,5
遊戲,60000,0.0,1.0,無口碑,16,55812,0.552,0.5213,Intel Core Ultra 5 245KF,RTX5070,B860M,0.6576,12,0.593,5,0.6123,5,0.6305,6,0.4095,6,0.2741,8,0.6026,,0.4736,,0.4068,,0.5202,5
遊戲,60000,0.0,1.0,無口碑,17,59987,0.564,0.5226,AMD R9 9900X,RTX5070,B650M,0.6651,11,0.5227,,0.6123,5,0.6305,6,0.4095,6,0.2741,8,0.5795,7,0.2883,7,0.0,10,1.0,1
遊戲,60000,0.0,1.0,無口碑,18,55812,0.552,0.5213,Intel Core Ultra 5 245KF,RTX5070,B860M,0.6576,12,0.593,5,0.6123,5,0.6305,6,0.4095,6,0.2741,8,0.6026,,0.4736,,0.4068,,0.5202,5
遊戲,60000,0.0,1.0,無口碑,19,55812,0.552,0.5213,Intel Core Ultra 5 245KF,RTX5070,B860M,0.6576,12,0.593,5,0.6123,5,0.6305,6,0.4095,6,0.2741,8,0.6026,,0.4736,,0.4068,,0.5202,5
遊戲,60000,0.0,1.0,有口碑,0,55727,0.4488,0.7706,AMD R7 7700,RX9070,B850M,0.983,2,1.0,1,1.0,1,0.6673,5,1.0,1,1.0,1,1.0,1,0.6879,3,0.566,3,0.5164,6
遊戲,60000,0.0,1.0,有口碑,1,55727,0.4488,0.7706,AMD R7 7700,RX9070,B850M,0.983,2,1.0,1,1.0,1,0.6673,5,1.0,1,1.0,1,1.0,1,0.6879,3,0.566,3,0.5164,6
遊戲,60000,0.0,1.0,有口碑,2,55727,0.4488,0.7706,AMD R7 7700,RX9070,B850M,0.983,2,1.0,1,1.0,1,0.6673,5,1.0,1,1.0,1,1.0,1,0.6879,3,0.566,3,0.5164,6
遊戲,60000,0.0,1.0,有口碑,3,55727,0.4488,0.7706,AMD R7 7700,RX9070,B850M,0.983,2,1.0,1,1.0,1,0.6673,5,1.0,1,1.0,1,1.0,1,0.6879,3,0.566,3,0.5164,6
遊戲,60000,0.0,1.0,有口碑,4,55727,0.4488,0.7706,AMD R7 7700,RX9070,B850M,0.983,2,1.0,1,1.0,1,0.6673,5,1.0,1,1.0,1,1.0,1,0.6879,3,0.566,3,0.5164,6
遊戲,60000,0.0,1.0,有口碑,5,55727,0.4488,0.7706,AMD R7 7700,RX9070,B850M,0.983,2,1.0,1,1.0,1,0.6673,5,1.0,1,1.0,1,1.0,1,0.6879,3,0.566,3,0.5164,6
遊戲,60000,0.0,1.0,有口碑,6,55727,0.4488,0.7706,AMD R7 7700,RX9070,B850M,0.983,2,1.0,1,1.0,1,0.6673,5,1.0,1,1.0,1,1.0,1,0.6879,3,0.566,3,0.5164,6
遊戲,60000,0.0,1.0,有口碑,7,55727,0.4488,0.7706,AMD R7 7700,RX9070,B850M,0.983,2,1.0,1,1.0,1,0.6673,5,1.0,1,1.0,1,1.0,1,0.6879,3,0.566,3,0.5164,6
遊戲,60000,0.0,1.0,有口碑,8,55727,0.4488,0.7706,AMD R7 7700,RX9070,B850M,0.983,2,1.0,1,1.0,1,0.6673,5,1.0,1,1.0,1,1.0,1,0.6879,3,0.566,3,0.5164,6
遊戲,60000,0.0,1.0,有口碑,9,55727,0.4488,0.7706,AMD R7 7700,RX9070,B850M,0.983,2,1.0,1,1.0,1,0.6673,5,1.0,1,1.0,1,1.0,1,0.6879,3,0.566,3,0.5164,6
遊戲,60000,0.0,1.0,有口碑,10,55727,0.4488,0.7706,AMD R7 7700,RX9070,B850M,0.983,2,1.0,1,1.0,1,0.6673,5,1.0,1,1.0,1,1.0,1,0.6879,3,0.566,3,0.5164,6
遊戲,60000,0.0,1.0,有口碑,11,55727,0.4488,0.7706,AMD R7 7700,RX9070,B850M,0.983,2,1.0,1,1.0,1,0.6673,5,1.0,1,1.0,1,1.0,1,0.6879,3,0.566,3,0.5164,6
遊戲,60000,0.0,1.0,有口碑,12,55727,0.4488,0.7706,AMD R7 7700,RX9070,B850M,0.983,2,1.0,1,1.0,1,0.6673,5,1.0,1,1.0,1,1.0,1,0.6879,3,0.566,3,0.5164,6
遊戲,60000,0.0,1.0,有口碑,13,55727,0.4488,0.7706,AMD R7 7700,RX9070,B850M,0.983,2,1.0,1,1.0,1,0.6673,5,1.0,1,1.0,1,1.0,1,0.6879,3,0.566,3,0.5164,6
遊戲,60000,0.0,1.0,有口碑,14,55727,0.4488,0.7706,AMD R7 7700,RX9070,B850M,0.983,2,1.0,1,1.0,1,0.6673,5,1.0,1,1.0,1,1.0,1,0.6879,3,0.566,3,0.5164,6
遊戲,60000,0.0,1.0,有口碑,15,55727,0.4488,0.7706,AMD R7 7700,RX9070,B850M,0.983,2,1.0,1,1.0,1,0.6673,5,1.0,1,1.0,1,1.0,1,0.6879,3,0.566,3,0.5164,6
遊戲,60000,0.0,1.0,有口碑,16,55727,0.4488,0.7706,AMD R7 7700,RX9070,B850M,0.983,2,1.0,1,1.0,1,0.6673,5,1.0,1,1.0,1,1.0,1,0.6879,3,0.566,3,0.5164,6
遊戲,60000,0.0,1.0,有口碑,17,55727,0.4488,0.7706,AMD R7 7700,RX9070,B850M,0.983,2,1.0,1,1.0,1,0.6673,5,1.0,1,1.0,1,1.0,1,0.6879,3,0.566,3,0.5164,6
遊戲,60000,0.0,1.0,有口碑,18,55727,0.4488,0.7706,AMD R7 7700,RX9070,B850M,0.983,2,1.0,1,1.0,1,0.6673,5,1.0,1,1.0,1,1.0,1,0.6879,3,0.566,3,0.5164,6
遊戲,60000,0.0,1.0,有口碑,19,55727,0.4488,0.7706,AMD R7 7700,RX9070,B850M,0.983,2,1.0,1,1.0,1,0.6673,5,1.0,1,1.0,1,1.0,1,0.6879,3,0.566,3,0.5164,6
遊戲,60000,0.0,1.0,指定 CPU:效能,0,55727,0.4488,0.7706,AMD R7 7700,RX9070,B850M,0.983,2,1.0,1,1.0,1,0.6673,5,1.0,1,1.0,1,1.0,1,0.6879,3,0.566,3,0.5164,6
遊戲,60000,0.0,1.0,指定 CPU:效能,1,55727,0.4488,0.7706,AMD R7 7700,RX9070,B850M,0.983,2,1.0,1,1.0,1,0.6673,5,1.0,1,1.0,1,1.0,1,0.6879,3,0.566,3,0.5164,6
遊戲,60000,0.0,1.0,指定 CPU:效能,2,55727,0.4488,0.7706,AMD R7 7700,RX9070,B850M,0.983,2,1.0,1,1.0,1,0.6673,5,1.0,1,1.0,1,1.0,1,0.6879,3,0.566,3,0.5164,6
遊戲,60000,0.0,1.0,指定 CPU:效能,3,55727,0.4488,0.7706,AMD R7 7700,RX9070,B850M,0.983,2,1.0,1,1.0,1,0.6673,5,1.0,1,1.0,1,1.0,1,0.6879,3,0.566,3,0.5164,6
遊戲,60000,0.0,1.0,指定 CPU:效能,4,55727,0.4488,0.7706,AMD R7 7700,RX9070,B850M,0.983,2,1.0,1,1.0,1,0.6673,5,1.0,1,1.0,1,1.0,1,0.6879,3,0.566,3,0.5164,6
遊戲,60000,0.0,1.0,指定 CPU:效能,5,55727,0.4488,0.7706,AMD R7 7700,RX9070,B850M,0.983,2,1.0,1,1.0,1,0.6673,5,1.0,1,1.0,1,1.0,1,0.6879,3,0.566,3,0.5164,6
遊戲,60000,0.0,1.0,指定 CPU:效能,6,55727,0.4488,0.7706,AMD R7 7700,RX9070,B850M,0.983,2,1.0,1,1.0,1,0.6673,5,1.0,1,1.0,1,1.0,1,0.6879,3,0.566,3,0.5164,6
遊戲,60000,0.0,1.0,指定 CPU:效能,7,55727,0.4488,0.7706,AMD R7 7700,RX9070,B850M,0.983,2,1.0,1,1.0,1,0.6673,5,1.0,1,1.0,1,1.0,1,0.6879,3,0.566,3,0.5164,6
遊戲,60000,0.0,1.0,指定 CPU:效能,8,55727,0.4488,0.7706,AMD R7 7700,RX9070,B850M,0.983,2,1.0,1,1.0,1,0.6673,5,1.0,1,1.0,1,1.0,1,0.6879,3,0.566,3,0.5164,6
遊戲,60000,0.0,1.0,指定 CPU:效能,9,55727,0.4488,0.7706,AMD R7 7700,RX9070,B850M,0.983,2,1.0,1,1.0,1,0.6673,5,1.0,1,1.0,1,1.0,1,0.6879,3,0.566,3,0.5164,6
遊戲,60000,0.0,1.0,指定 CPU:效能,10,55727,0.4488,0.7706,AMD R7 7700,RX9070,B850M,0.983,2,1.0,1,1.0,1,0.6673,5,1.0,1,1.0,1,1.0,1,0.6879,3,0.566,3,0.5164,6
遊戲,60000,0.0,1.0,指定 CPU:效能,11,55727,0.4488,0.7706,AMD R7 7700,RX9070,B850M,0.983,2,1.0,1,1.0,1,0.6673,5,1.0,1,1.0,1,1.0,1,0.6879,3,0.566,3,0.5164,6
遊戲,60000,0.0,1.0,指定 CPU:效能,12,55727,0.4488,0.7706,AMD R7 7700,RX9070,B850M,0.983,2,1.0,1,1.0,1,0.6673,5,1.0,1,1.0,1,1.0,1,0.6879,3,0.566,3,0.5164,6
遊戲,60000,0.0,1.0,指定 CPU:效能,13,55727,0.4488,0.7706,AMD R7 7700,RX9070,B850M,0.983,2,1.0,1,1.0,1,0.6673,5,1.0,1,1.0,1,1.0,1,0.6879,3,0.566,3,0.5164,6
遊戲,60000,0.0,1.0,指定 CPU:效能,14,55727,0.4488,0.7706,AMD R7 7700,RX9070,B850M,0.983,2,1.0,1,1.0,1,0.6673,5,1.0,1,1.0,1,1.0,1,0.6879,3,0.566,3,0.5164,6
遊戲,60000,0.0,1.0,指定 CPU:效能,15,55727,0.4488,0.7706,AMD R7 7700,RX9070,B850M,0.983,2,1.0,1,1.0,1,0.6673,5,1.0,1,1.0,1,1.0,1,0.6879,3,0.566,3,0.5164,6
遊戲,60000,0.0,1.0,指定 CPU:效能,16,55727,0.4488,0.7706,AMD R7 7700,RX9070,B850M,0.983,2,1.0,1,1.0,1,0.6673,5,1.0,1,1.0,1,1.0,1,0.6879,3,0.566,3,0.5164,6
遊戲,60000,0.0,1.0,指定 CPU:效能,17,55727,0.4488,0.7706,AMD R7 7700,RX9070,B850M,0.983,2,1.0,1,1.0,1,0.6673,5,1.0,1,1.0,1,1.0,1,0.6879,3,0.566,3,0.5164,6
遊戲,60000,0.0,1.0,指定 CPU:效能,18,55727,0.4488,0.7706,AMD R7 7700,RX9070,B850M,0.983,2,1.0,1,1.0,1,0.6673,5,1.0,1,1.0,1,1.0,1,0.6879,3,0.566,3,0.5164,6
遊戲,60000,0.0,1.0,指定 CPU:效能,19,55727,0.4488,0.7706,AMD R7 7700,RX9070,B850M,0.983,2,1.0,1,1.0,1,0.6673,5,1.0,1,1.0,1,1.0,1,0.6879,3,0.566,3,0.5164,6
遊戲,60000,0.0,1.0,指定 CPU:CP值,0,55727,0.4488,0.7706,AMD R7 7700,RX9070,B850M,0.983,2,1.0,1,1.0,1,0.6673,5,1.0,1,1.0,1,1.0,1,0.6879,3,0.566,3,0.5164,6
遊戲,60000,0.0,1.0,指定 CPU:CP值,1,55727,0.4488,0.7706,AMD R7 7700,RX9070,B850M,0.983,2,1.0,1,1.0,1,0.6673,5,1.0,1,1.0,1,1.0,1,0.6879,3,0.566,3,0.5164,6
遊戲,60000,0.0,1.0,指定 CPU:CP值,2,55727,0.4488,0.7706,AMD R7 7700,RX9070,B850M,0.983,2,1.0,1,1.0,1,0.6673,5,1.0,1,1.0,1,1.0,1,0.6879,3,0.566,3,0.5164,6
遊戲,60000,0.0,1.0,指定 CPU:CP值,3,55727,0.4488,0.7706,AMD R7 7700,RX9070,B850M,0.983,2,1.0,1,1.0,1,0.6673,5,1.0,1,1.0,1,1.0,1,0.6879,3,0.566,3,0.5164,6
遊戲,60000,0.0,1.0,指定 CPU:CP值,4,55727,0.4488,0.7706,AMD R7 7700,RX9070,B850M,0.983,2,1.0,1,1.0,1,0.6673,5,1.0,1,1.0,1,1.0,1,0.6879,3,0.566,3,0.5164,6
遊戲,60000,0.0,1.0,指定 CPU:CP值,5,55727,0.4488,0.7706,AMD R7 7700,RX9070,B850M,0.983,2,1.0,1,1.0,1,0.6673,5,1.0,1,1.0,1,1.0,1,0.6879,3,0.566,3,0.5164,6
遊戲,60000,0.0,1.0,指定 CPU:CP值,6,55727,0.4488,0.7706,AMD R7 7700,RX9070,B850M,0.983,2,1.0,1,1.0,1,0.6673,5,1.0,1,1.0,1,1.0,1,0.6879,3,0.566,3,0.5164,6
遊戲,60000,0.0,1.0,指定 CPU:CP值,7,55727,0.4488,0.7706,AMD R7 7700,RX9070,B850M,0.983,2,1.0,1,1.0,1,0.6673,5,1.0,1,1.0,1,1.0,1,0.6879,3,0.566,3,0.5164,6
遊戲,60000,0.0,1.0,指定 CPU:CP值,8,55727,0.4488,0.7706,AMD R7 7700,RX9070,B850M,0.983,2,1.0,1,1.0,1,0.6673,5,1.0,1,1.0,1,1.0,1,0.6879,3,0.566,3,0.5164,6
遊戲,60000,0.0,1.0,指定 CPU:CP值,9,55727,0.4488,0.7706,AMD R7 7700,RX9070,B850M,0.983,2,1.0,1,1.0,1,0.6673,5,1.0,1,1.0,1,1.0,1,0.6879,3,0.566,3,0.5164,6
遊戲,60000,0.0,1.0,指定 CPU:CP值,10,55727,0.4488,0.7706,AMD R7 7700,RX9070,B850M,0.983,2,1.0,1,1.0,1,0.6673,5,1.0,1,1.0,1,1.0,1,0.6879,3,0.566,3,0.5164,6
遊戲,60000,0.0,1.0,指定 CPU:CP值,11,55727,0.4488,0.7706,AMD R7 7700,RX9070,B850M,0.983,2,1.0,1,1.0,1,0.6673,5,1.0,1,1.0,1,1.0,1,0.6879,3,0.566,3,0.5164,6
遊戲,60000,0.0,1.0,指定 CPU:CP值,12,55727,0.4488,0.7706,AMD R7 7700,RX9070,B850M,0.983,2,1.0,1,1.0,1,0.6673,5,1.0,1,1.0,1,1.0,1,0.6879,3,0.566,3,0.5164,6
遊戲,60000,0.0,1.0,指定 CPU:CP值,13,55727,0.4488,0.7706,AMD R7 7700,RX9070,B850M,0.983,2,1.0,1,1.0,1,0.6673,5,1.0,1,1.0,1,1.0,1,0.6879,3,0.566,3,0.5164,6
遊戲,60000,0.0,1.0,指定 CPU:CP值,14,55727,0.4488,0.7706,AMD R7 7700,RX9070,B850M,0.983,2,1.0,1,1.0,1,0.6673,5,1.0,1,1.0,1,1.0,1,0.6879,3,0.566,3,0.5164,6
遊戲,60000,0.0,1.0,指定 CPU:CP值,15,55727,0.4488,0.7706,AMD R7 7700,RX9070,B850M,0.983,2,1.0,1,1.0,1,0.6673,5,1.0,1,1.0,1,1.0,1,0.6879,3,0.566,3,0.5164,6
遊戲,60000,0.0,1.0,指定 CPU:CP值,16,55727,0.4488,0.7706,AMD R7 7700,RX9070,B850M,0.983,2,1.0,1,1.0,1,0.6673,5,1.0,1,1.0,1,1.0,1,0.6879,3,0.566,3,0.5164,6
遊戲,60000,0.0,1.0,指定 CPU:CP值,17,55727,0.4488,0.7706,AMD R7 7700,RX9070,B850M,0.983,2,1.0,1,1.0,1,0.6673,5,1.0,1,1.0,1,1.0,1,0.6879,3,0.566,3,0.5164,6
遊戲,60000,0.0,1.0,指定 CPU:CP值,18,55727,0.4488,0.7706,AMD R7 7700,RX9070,B850M,0.983,2,1.0,1,1.0,1,0.6673,5,1.0,1,1.0,1,1.0,1,0.6879,3,0.566,3,0.5164,6
遊戲,60000,0.0,1.0,指定 CPU:CP值,19,55727,0.4488,0.7706,AMD R7 7700,RX9070,B850M,0.983,2,1.0,1,1.0,1,0.6673,5,1.0,1,1.0,1,1.0,1,0.6879,3,0.566,3,0.5164,6
遊戲,60000,0.0,1.0,指定 GPU:效能,0,55727,0.4488,0.7706,AMD R7 7700,RX9070,B850M,0.983,2,1.0,1,1.0,1,0.6673,5,1.0,1,1.0,1,1.0,1,0.6879,3,0.566,3,0.5164,6
遊戲,60000,0.0,1.0,指定 GPU:效能,1,55727,0.4488,0.7706,AMD R7 7700,RX9070,B850M,0.983,2,1.0,1,1.0,1,0.6673,5,1.0,1,1.0,1,1.0,1,0.6879,3,0.566,3,0.5164,6
遊戲,60000,0.0,1.0,指定 GPU:效能,2,55727,0.4488,0.7706,AMD R7 7700,RX9070,B850M,0.983,2,1.0,1,1.0,1,0.6673,5,1.0,1,1.0,1,1.0,1,0.6879,3,0.566,3,0.5164,6
遊戲,60000,0.0,1.0,指定 GPU:效能,3,55727,0.4488,0.7706,AMD R7 7700,RX9070,B850M,0.983,2,1.0,1,1.0,1,0.6673,5,1.0,1,1.0,1,1.0,1,0.6879,3,0.566,3,0.5164,6
遊戲,60000,0.0,1.0,指定 GPU:效能,4,55727,0.4488,0.7706,AMD R7 7700,RX9070,B850M,0.983,2,1.0,1,1.0,1,0.6673,5,1.0,1,1.0,1,1.0,1,0.6879,3,0.566,3,0.5164,6
遊戲,60000,0.0,1.0,指定 GPU:效能,5,55727,0.4488,0.7706,AMD R7 7700,RX9070,B850M,0.983,2,1.0,1,1.0,1,0.6673,5,1.0,1,1.0,1,1.0,1,0.6879,3,0.566,3,0.5164,6
遊戲,60000,0.0,1.0,指定 GPU:效能,6,55727,0.4488,0.7706,AMD R7 7700,RX9070,B850M,0.983,2,1.0,1,1.0,1,0.6673,5,1.0,1,1.0,1,1.0,1,0.6879,3,0.566,3,0.5164,6
遊戲,60000,0.0,1.0,指定 GPU:效能,7,55727,0.4488,0.7706,AMD R7 7700,RX9070,B850M,0.983,2,1.0,1,1.0,1,0.6673,5,1.0,1,1.0,1,1.0,1,0.6879,3,0.566,3,0.5164,6
遊戲,60000,0.0,1.0,指定 GPU:效能,8,55727,0.4488,0.7706,AMD R7 7700,RX9070,B850M,0.983,2,1.0,1,1.0,1,0.6673,5,1.0,1,1.0,1,1.0,1,0.6879,3,0.566,3,0.5164,6
遊戲,60000,0.0,1.0,指定 GPU:效能,9,55727,0.4488,0.7706,AMD R7 7700,RX9070,B850M,0.983,2,1.0,1,1.0,1,0.6673,5,1.0,1,1.0,1,1.0,1,0.6879,3,0.566,3,0.5164,6
遊戲,60000,0.0,1.0,指定 GPU:效能,10,55727,0.4488,0.7706,AMD R7 7700,RX9070,B850M,0.983,2,1.0,1,1.0,1,0.6673,5,1.0,1,1.0,1,1.0,1,0.6879,3,0.566,3,0.5164,6
遊戲,60000,0.0,1.0,指定 GPU:效能,11,55727,0.4488,0.7706,AMD R7 7700,RX9070,B850M,0.983,2,1.0,1,1.0,1,0.6673,5,1.0,1,1.0,1,1.0,1,0.6879,3,0.566,3,0.5164,6
遊戲,60000,0.0,1.0,指定 GPU:效能,12,55727,0.4488,0.7706,AMD R7 7700,RX9070,B850M,0.983,2,1.0,1,1.0,1,0.6673,5,1.0,1,1.0,1,1.0,1,0.6879,3,0.566,3,0.5164,6
遊戲,60000,0.0,1.0,指定 GPU:效能,13,55727,0.4488,0.7706,AMD R7 7700,RX9070,B850M,0.983,2,1.0,1,1.0,1,0.6673,5,1.0,1,1.0,1,1.0,1,0.6879,3,0.566,3,0.5164,6
遊戲,60000,0.0,1.0,指定 GPU:效能,14,55727,0.4488,0.7706,AMD R7 7700,RX9070,B850M,0.983,2,1.0,1,1.0,1,0.6673,5,1.0,1,1.0,1,1.0,1,0.6879,3,0.566,3,0.5164,6
遊戲,60000,0.0,1.0,指定 GPU:效能,15,55727,0.4488,0.7706,AMD R7 7700,RX9070,B850M,0.983,2,1.0,1,1.0,1,0.6673,5,1.0,1,1.0,1,1.0,1,0.6879,3,0.566,3,0.5164,6
遊戲,60000,0.0,1.0,指定 GPU:效能,16,55727,0.4488,0.7706,AMD R7 7700,RX9070,B850M,0.983,2,1.0,1,1.0,1,0.6673,5,1.0,1,1.0,1,1.0,1,0.6879,3,0.566,3,0.5164,6
遊戲,60000,0.0,1.0,指定 GPU:效能,17,55727,0.4488,0.7706,AMD R7 7700,RX9070,B850M,0.983,2,1.0,1,1.0,1,0.6673,5,1.0,1,1.0,1,1.0,1,0.6879,3,0.566,3,0.5164,6
遊戲,60000,0.0,1.0,指定 GPU:效能,18,55727,0.4488,0.7706,AMD R7 7700,RX9070,B850M,0.983,2,1.0,1,1.0,1,0.6673,5,1.0,1,1.0,1,1.0,1,0.6879,3,0.566,3,0.5164,6
遊戲,60000,0.0,1.0,指定 GPU:效能,19,55727,0.4488,0.7706,AMD R7 7700,RX9070,B850M,0.983,2,1.0,1,1.0,1,0.6673,5,1.0,1,1.0,1,1.0,1,0.6879,3,0.566,3,0.5164,6
遊戲,60000,0.0,1.0,指定 GPU:穩定,0,40827,0.3675,0.6778,AMD R7 7700,RX9060XT,B850M,0.983,2,1.0,1,0.6335,4,1.0,1,0.6458,3,0.5162,4,1.0,1,0.6879,3,0.566,3,0.5164,6
遊戲,60000,0.0,1.0,指定 GPU:穩定,1,40827,0.3675,0.6778,AMD R7 7700,RX9060XT,B850M,0.983,2,1.0,1,0.6335,4,1.0,1,0.6458,3,0.5162,4,1.0,1,0.6879,3,0.566,3,0.5164,6
遊戲,60000,0.0,1.0,指定 GPU:穩定,2,40827,0.3675,0.6778,AMD R7 7700,RX9060XT,B850M,0.983,2,1.0,1,0.6335,4,1.0,1,0.6458,3,0.5162,4,1.0,1,0.6879,3,0.566,3,0.5164,6
遊戲,60000,0.0,1.0,指定 GPU:穩定,3,40827,0.3675,0.6778,AMD R7 7700,RX9060XT,B850M,0.983,2,1.0,1,0.6335,4,1.0,1,0.6458,3,0.5162,4,1.0,1,0.6879,3,0.566,3,0.5164,6
遊戲,60000,0.0,1.0,指定 GPU:穩定,4,40827,0.3675,0.6778,AMD R7 7700,RX9060XT,B850M,0.983,2,1.0,1,0.6335,4,1.0,1,0.6458,3,0.5162,4,1.0,1,0.6879,3,0.566,3,0.5164,6
遊戲,60000,0.0,1.0,指定 GPU:穩定,5,40827,0.3675,0.6778,AMD R7 7700,RX9060XT,B850M,0.983,2,1.0,1,0.6335,4,1.0,1,0.6458,3,0.5162,4,1.0,1,0.6879,3,0.566,3,0.5164,6
遊戲,60000,0.0,1.0,指定 GPU:穩定,6,40827,0.3675,0.6778,AMD R7 7700,RX9060XT,B850M,0.983,2,1.0,1,0.6335,4,1.0,1,0.6458,3,0.5162,4,1.0,1,0.6879,3,0.566,3,0.5164,6
遊戲,60000,0.0,1.0,指定 GPU:穩定,7,40827,0.3675,0.6778,AMD R7 7700,RX9060XT,B850M,0.983,2,1.0,1,0.6335,4,1.0,1,0.6458,3,0.5162,4,1.0,1,0.6879,3,0.566,3,0.5164,6
遊戲,60000,0.0,1.0,指定 GPU:穩定,8,40827,0.3675,0.6778,AMD R7 7700,RX9060XT,B850M,0.983,2,1.0,1,0.6335,4,1.0,1,0.6458,3,0.5162,4,1.0,1,0.6879,3,0.566,3,0.5164,6
遊戲,60000,0.0,1.0,指定 GPU:穩定,9,40827,0.3675,0.6778,AMD R7 7700,RX9060XT,B850M,0.983,2,1.0,1,0.6335,4,1.0,1,0.6458,3,0.5162,4,1.0,1,0.6879,3,0.566,3,0.5164,6
遊戲,60000,0.0,1.0,指定 GPU:穩定,10,40827,0.3675,0.6778,AMD R7 7700,RX9060XT,B850M,0.983,2,1.0,1,0.6335,4,1.0,1,0.6458,3,0.5162,4,1.0,1,0.6879,3,0.566,3,0.5164,6
遊戲,60000,0.0,1.0,指定 GPU:穩定,11,40827,0.3675,0.6778,AMD R7 7700,RX9060XT,B850M,0.983,2,1.0,1,0.6335,4,1.0,1,0.6458,3,0.5162,4,1.0,1,0.6879,3,0.566,3,0.5164,6
遊戲,60000,0.0,1.0,指定 GPU:穩定,12,40827,0.3675,0.6778,AMD R7 7700,RX9060XT,B850M,0.983,2,1.0,1,0.6335,4,1.0,1,0.6458,3,0.5162,4,1.0,1,0.6879,3,0.566,3,0.5164,6
遊戲,60000,0.0,1.0,指定 GPU:穩定,13,40827,0.3675,0.6778,AMD R7 7700,RX9060XT,B850M,0.983,2,1.0,1,0.6335,4,1.0,1,0.6458,3,0.5162,4,1.0,1,0.6879,3,0.566,3,0.5164,6
遊戲,60000,0.0,1.0,指定 GPU:穩定,14,40827,0.3675,0.6778,AMD R7 7700,RX9060XT,B850M,0.983,2,1.0,1,0.6335,4,1.0,1,0.6458,3,0.5162,4,1.0,1,0.6879,3,0.566,3,0.5164,6
遊戲,60000,0.0,1.0,指定 GPU:穩定,15,40827,0.3675,0.6778,AMD R7 7700,RX9060XT,B850M,0.983,2,1.0,1,0.6335,4,1.0,1,0.6458,3,0.5162,4,1.0,1,0.6879,3,0.566,3,0.5164,6
遊戲,60000,0.0,1.0,指定 GPU:穩定,16,40827,0.3675,0.6778,AMD R7 7700,RX9060XT,B850M,0.983,2,1.0,1,0.6335,4,1.0,1,0.6458,3,0.5162,4,1.0,1,0.6879,3,0.566,3,0.5164,6
遊戲,60000,0.0,1.0,指定 GPU:穩定,17,40827,0.3675,0.6778,AMD R7 7700,RX9060XT,B850M,0.983,2,1.0,1,0.6335,4,1.0,1,0.6458,3,0.5162,4,1.0,1,0.6879,3,0.566,3,0.5164,6
遊戲,60000,0.0,1.0,指定 GPU:穩定,18,40827,0.3675,0.6778,AMD R7 7700,RX9060XT,B850M,0.983,2,1.0,1,0.6335,4,1.0,1,0.6458,3,0.5162,4,1.0,1,0.6879,3,0.566,3,0.5164,6
遊戲,60000,0.0,1.0,指定 GPU:穩定,19,40827,0.3675,0.6778,AMD R7 7700,RX9060XT,B850M,0.983,2,1.0,1,0.6335,4,1.0,1,0.6458,3,0.5162,4,1.0,1,0.6879,3,0.566,3,0.5164,6
遊戲,60000,0.0,1.0,指定 GPU:CP值,0,55727,0.4488,0.7706,AMD R7 7700,RX9070,B850M,0.983,2,1.0,1,1.0,1,0.6673,5,1.0,1,1.0,1,1.0,1,0.6879,3,0.566,3,0.5164,6
遊戲,60000,0.0,1.0,指定 GPU:CP值,1,55727,0.4488,0.7706,AMD R7 7700,RX9070,B850M,0.983,2,1.0,1,1.0,1,0.6673,5,1.0,1,1.0,1,1.0,1,0.6879,3,0.566,3,0.5164,6
遊戲,60000,0.0,1.0,指定 GPU:CP值,2,55727,0.4488,0.7706,AMD R7 7700,RX9070,B850M,0.983,2,1.0,1,1.0,1,0.6673,5,1.0,1,1.0,1,1.0,1,0.6879,3,0.566,3,0.5164,6
遊戲,60000,0.0,1.0,指定 GPU:CP值,3,55727,0.4488,0.7706,AMD R7 7700,RX9070,B850M,0.983,2,1.0,1,1.0,1,0.6673,5,1.0,1,1.0,1,1.0,1,0.6879,3,0.566,3,0.5164,6
遊戲,60000,0.0,1.0,指定 GPU:CP值,4,55727,0.4488,0.7706,AMD R7 7700,RX9070,B850M,0.983,2,1.0,1,1.0,1,0.6673,5,1.0,1,1.0,1,1.0,1,0.6879,3,0.566,3,0.5164,6
遊戲,60000,0.0,1.0,指定 GPU:CP值,5,55727,0.4488,0.7706,AMD R7 7700,RX9070,B850M,0.983,2,1.0,1,1.0,1,0.6673,5,1.0,1,1.0,1,1.0,1,0.6879,3,0.566,3,0.5164,6
遊戲,60000,0.0,1.0,指定 GPU:CP值,6,55727,0.4488,0.7706,AMD R7 7700,RX9070,B850M,0.983,2,1.0,1,1.0,1,0.6673,5,1.0,1,1.0,1,1.0,1,0.6879,3,0.566,3,0.5164,6
遊戲,60000,0.0,1.0,指定 GPU:CP值,7,55727,0.4488,0.7706,AMD R7 7700,RX9070,B850M,0.983,2,1.0,1,1.0,1,0.6673,5,1.0,1,1.0,1,1.0,1,0.6879,3,0.566,3,0.5164,6
遊戲,60000,0.0,1.0,指定 GPU:CP值,8,55727,0.4488,0.7706,AMD R7 7700,RX9070,B850M,0.983,2,1.0,1,1.0,1,0.6673,5,1.0,1,1.0,1,1.0,1,0.6879,3,0.566,3,0.5164,6
遊戲,60000,0.0,1.0,指定 GPU:CP值,9,55727,0.4488,0.7706,AMD R7 7700,RX9070,B850M,0.983,2,1.0,1,1.0,1,0.6673,5,1.0,1,1.0,1,1.0,1,0.6879,3,0.566,3,0.5164,6
遊戲,60000,0.0,1.0,指定 GPU:CP值,10,55727,0.4488,0.7706,AMD R7 7700,RX9070,B850M,0.983,2,1.0,1,1.0,1,0.6673,5,1.0,1,1.0,1,1.0,1,0.6879,3,0.566,3,0.5164,6
遊戲,60000,0.0,1.0,指定 GPU:CP值,11,55727,0.4488,0.7706,AMD R7 7700,RX9070,B850M,0.983,2,1.0,1,1.0,1,0.6673,5,1.0,1,1.0,1,1.0,1,0.6879,3,0.566,3,0.5164,6
遊戲,60000,0.0,1.0,指定 GPU:CP值,12,55727,0.4488,0.7706,AMD R7 7700,RX9070,B850M,0.983,2,1.0,1,1.0,1,0.6673,5,1.0,1,1.0,1,1.0,1,0.6879,3,0.566,3,0.5164,6
遊戲,60000,0.0,1.0,指定 GPU:CP值,13,55727,0.4488,0.7706,AMD R7 7700,RX9070,B850M,0.983,2,1.0,1,1.0,1,0.6673,5,1.0,1,1.0,1,1.0,1,0.6879,3,0.566,3,0.5164,6
遊戲,60000,0.0,1.0,指定 GPU:CP值,14,55727,0.4488,0.7706,AMD R7 7700,RX9070,B850M,0.983,2,1.0,1,1.0,1,0.6673,5,1.0,1,1.0,1,1.0,1,0.6879,3,0.566,3,0.5164,6
遊戲,60000,0.0,1.0,指定 GPU:CP值,15,55727,0.4488,0.7706,AMD R7 7700,RX9070,B850M,0.983,2,1.0,1,1.0,1,0.6673,5,1.0,1,1.0,1,1.0,1,0.6879,3,0.566,3,0.5164,6
遊戲,60000,0.0,1.0,指定 GPU:CP值,16,55727,0.4488,0.7706,AMD R7 7700,RX9070,B850M,0.983,2,1.0,1,1.0,1,0.6673,5,1.0,1,1.0,1,1.0,1,0.6879,3,0.566,3,0.5164,6
遊戲,60000,0.0,1.0,指定 GPU:CP值,17,55727,0.4488,0.7706,AMD R7 7700,RX9070,B850M,0.983,2,1.0,1,1.0,1,0.6673,5,1.0,1,1.0,1,1.0,1,0.6879,3,0.566,3,0.5164,6
遊戲,60000,0.0,1.0,指定 GPU:CP值,18,55727,0.4488,0.7706,AMD R7 7700,RX9070,B850M,0.983,2,1.0,1,1.0,1,0.6673,5,1.0,1,1.0,1,1.0,1,0.6879,3,0.566,3,0.5164,6
遊戲,60000,0.0,1.0,指定 GPU:CP值,19,55727,0.4488,0.7706,AMD R7 7700,RX9070,B850M,0.983,2,1.0,1,1.0,1,0.6673,5,1.0,1,1.0,1,1.0,1,0.6879,3,0.566,3,0.5164,6
遊戲,60000,0.0,1.0,指定 GPU:VRAM,0,55727,0.4488,0.7706,AMD R7 7700,RX9070,B850M,0.983,2,1.0,1,1.0,1,0.6673,5,1.0,1,1.0,1,1.0,1,0.6879,3,0.566,3,0.5164,6
遊戲,60000,0.0,1.0,指定 GPU:VRAM,1,55827,0.449,0.7706,AMD R7 7700,RX9070,B850M,0.983,2,1.0,1,1.0,1,0.6673,5,1.0,1,1.0,1,1.0,1,0.6879,3,0.566,3,0.5164,6
遊戲,60000,0.0,1.0,指定 GPU:VRAM,2,55727,0.4488,0.7706,AMD R7 7700,RX9070,B850M,0.983,2,1.0,1,1.0,1,0.6673,5,1.0,1,1.0,1,1.0,1,0.6879,3,0.566,3,0.5164,6
遊戲,60000,0.0,1.0,指定 GPU:VRAM,3,55727,0.4488,0.7706,AMD R7 7700,RX9070,B850M,0.983,2,1.0,1,1.0,1,0.6673,5,1.0,1,1.0,1,1.0,1,0.6879,3,0.566,3,0.5164,6
遊戲,60000,0.0,1.0,指定 GPU:VRAM,4,55727,0.4488,0.7706,AMD R7 7700,RX9070,B850M,0.983,2,1.0,1,1.0,1,0.6673,5,1.0,1,1.0,1,1.0,1,0.6879,3,0.566,3,0.5164,6
遊戲,60000,0.0,1.0,指定 GPU:VRAM,5,55727,0.4488,0.7706,AMD R7 7700,RX9070,B850M,0.983,2,1.0,1,1.0,1,0.6673,5,1.0,1,1.0,1,1.0,1,0.6879,3,0.566,3,0.5164,6
遊戲,60000,0.0,1.0,指定 GPU:VRAM,6,55727,0.4488,0.7706,AMD R7 7700,RX9070,B850M,0.983,2,1.0,1,1.0,1,0.6673,5,1.0,1,1.0,1,1.0,1,0.6879,3,0.566,3,0.5164,6
遊戲,60000,0.0,1.0,指定 GPU:VRAM,7,55727,0.4488,0.7706,AMD R7 7700,RX9070,B850M,0.983,2,1.0,1,1.0,1,0.6673,5,1.0,1,1.0,1,1.0,1,0.6879,3,0.566,3,0.5164,6
遊戲,60000,0.0,1.0,指定 GPU:VRAM,8,55727,0.4488,0.7706,AMD R7 7700,RX9070,B850M,0.983,2,1.0,1,1.0,1,0.6673,5,1.0,1,1.0,1,1.0,1,0.6879,3,0.566,3,0.5164,6
遊戲,60000,0.0,1.0,指定 GPU:VRAM,9,55727,0.4488,0.7706,AMD R7 7700,RX9070,B850M,0.983,2,1.0,1,1.0,1,0.6673,5,1.0,1,1.0,1,1.0,1,0.6879,3,0.566,3,0.5164,6
遊戲,60000,0.0,1.0,指定 GPU:VRAM,10,55727,0.4488,0.7706,AMD R7 7700,RX9070,B850M,0.983,2,1.0,1,1.0,1,0.6673,5,1.0,1,1.0,1,1.0,1,0.6879,3,0.566,3,0.5164,6
遊戲,60000,0.0,1.0,指定 GPU:VRAM,11,55727,0.4488,0.7706,AMD R7 7700,RX9070,B850M,0.983,2,1.0,1,1.0,1,0.6673,5,1.0,1,1.0,1,1.0,1,0.6879,3,0.566,3,0.5164,6
遊戲,60000,0.0,1.0,指定 GPU:VRAM,12,55727,0.4488,0.7706,AMD R7 7700,RX9070,B850M,0.983,2,1.0,1,1.0,1,0.6673,5,1.0,1,1.0,1,1.0,1,0.6879,3,0.566,3,0.5164,6
遊戲,60000,0.0,1.0,指定 GPU:VRAM,13,55727,0.4488,0.7706,AMD R7 7700,RX9070,B850M,0.983,2,1.0,1,1.0,1,0.6673,5,1.0,1,1.0,1,1.0,1,0.6879,3,0.566,3,0.5164,6
遊戲,60000,0.0,1.0,指定 GPU:VRAM,14,55727,0.4488,0.7706,AMD R7 7700,RX9070,B850M,0.983,2,1.0,1,1.0,1,0.6673,5,1.0,1,1.0,1,1.0,1,0.6879,3,0.566,3,0.5164,6
遊戲,60000,0.0,1.0,指定 GPU:VRAM,15,55727,0.4488,0.7706,AMD R7 7700,RX9070,B850M,0.983,2,1.0,1,1.0,1,0.6673,5,1.0,1,1.0,1,1.0,1,0.6879,3,0.566,3,0.5164,6
遊戲,60000,0.0,1.0,指定 GPU:VRAM,16,55727,0.4488,0.7706,AMD R7 7700,RX9070,B850M,0.983,2,1.0,1,1.0,1,0.6673,5,1.0,1,1.0,1,1.0,1,0.6879,3,0.566,3,0.5164,6
遊戲,60000,0.0,1.0,指定 GPU:VRAM,17,55727,0.4488,0.7706,AMD R7 7700,RX9070,B850M,0.983,2,1.0,1,1.0,1,0.6673,5,1.0,1,1.0,1,1.0,1,0.6879,3,0.566,3,0.5164,6
遊戲,60000,0.0,1.0,指定 GPU:VRAM,18,55727,0.4488,0.7706,AMD R7 7700,RX9070,B850M,0.983,2,1.0,1,1.0,1,0.6673,5,1.0,1,1.0,1,1.0,1,0.6879,3,0.566,3,0.5164,6
遊戲,60000,0.0,1.0,指定 GPU:VRAM,19,55727,0.4488,0.7706,AMD R7 7700,RX9070,B850M,0.983,2,1.0,1,1.0,1,0.6673,5,1.0,1,1.0,1,1.0,1,0.6879,3,0.566,3,0.5164,6
遊戲,60000,0.0,1.0,指定 主機板:用料,0,55727,0.4488,0.7706,AMD R7 7700,RX9070,B850M,0.983,2,1.0,1,1.0,1,0.6673,5,1.0,1,1.0,1,1.0,1,0.6879,3,0.566,3,0.5164,6
遊戲,60000,0.0,1.0,指定 主機板:用料,1,55727,0.4488,0.7706,AMD R7 7700,RX9070,B850M,0.983,2,1.0,1,1.0,1,0.6673,5,1.0,1,1.0,1,1.0,1,0.6879,3,0.566,3,0.5164,6
遊戲,60000,0.0,1.0,指定 主機板:用料,2,55727,0.4488,0.7706,AMD R7 7700,RX9070,B850M,0.983,2,1.0,1,1.0,1,0.6673,5,1.0,1,1.0,1,1.0,1,0.6879,3,0.566,3,0.5164,6
遊戲,60000,0.0,1.0,指定 主機板:用料,3,55727,0.4488,0.7706,AMD R7 7700,RX9070,B850M,0.983,2,1.0,1,1.0,1,0.6673,5,1.0,1,1.0,1,1.0,1,0.6879,3,0.566,3,0.5164,6
遊戲,60000,0.0,1.0,指定 主機板:用料,4,55727,0.4488,0.7706,AMD R7 7700,RX9070,B850M,0.983,2,1.0,1,1.0,1,0.6673,5,1.0,1,1.0,1,1.0,1,0.6879,3,0.566,3,0.5164,6
遊戲,60000,0.0,1.0,指定 主機板:用料,5,55727,0.4488,0.7706,AMD R7 7700,RX9070,B850M,0.983,2,1.0,1,1.0,1,0.6673,5,1.0,1,1.0,1,1.0,1,0.6879,3,0.566,3,0.5164,6
遊戲,60000,0.0,1.0,指定 主機板:用料,6,55727,0.4488,0.7706,AMD R7 7700,RX9070,B850M,0.983,2,1.0,1,1.0,1,0.6673,5,1.0,1,1.0,1,1.0,1,0.6879,3,0.566,3,0.5164,6
遊戲,60000,0.0,1.0,指定 主機板:用料,7,55727,0.4488,0.7706,AMD R7 7700,RX9070,B850M,0.983,2,1.0,1,1.0,1,0.6673,5,1.0,1,1.0,1,1.0,1,0.6879,3,0.566,3,0.5164,6
遊戲,60000,0.0,1.0,指定 主機板:用料,8,55727,0.4488,0.7706,AMD R7 7700,RX9070,B850M,0.983,2,1.0,1,1.0,1,0.6673,5,1.0,1,1.0,1,1.0,1,0.6879,3,0.566,3,0.5164,6
遊戲,60000,0.0,1.0,指定 主機板:用料,9,55727,0.4488,0.7706,AMD R7 7700,RX9070,B850M,0.983,2,1.0,1,1.0,1,0.6673,5,1.0,1,1.0,1,1.0,1,0.6879,3,0.566,3,0.5164,6
遊戲,60000,0.0,1.0,指定 主機板:用料,10,55727,0.4488,0.7706,AMD R7 7700,RX9070,B850M,0.983,2,1.0,1,1.0,1,0.6673,5,1.0,1,1.0,1,1.0,1,0.6879,3,0.566,3,0.5164,6
遊戲,60000,0.0,1.0,指定 主機板:用料,11,55727,0.4488,0.7706,AMD R7 7700,RX9070,B850M,0.983,2,1.0,1,1.0,1,0.6673,5,1.0,1,1.0,1,1.0,1,0.6879,3,0.566,3,0.5164,6
遊戲,60000,0.0,1.0,指定 主機板:用料,12,55727,0.4488,0.7706,AMD R7 7700,RX9070,B850M,0.983,2,1.0,1,1.0,1,0.6673,5,1.0,1,1.0,1,1.0,1,0.6879,3,0.566,3,0.5164,6
遊戲,60000,0.0,1.0,指定 主機板:用料,13,55727,0.4488,0.7706,AMD R7 7700,RX9070,B850M,0.983,2,1.0,1,1.0,1,0.6673,5,1.0,1,1.0,1,1.0,1,0.6879,3,0.566,3,0.5164,6
遊戲,60000,0.0,1.0,指定 主機板:用料,14,55727,0.4488,0.7706,AMD R7 7700,RX9070,B850M,0.983,2,1.0,1,1.0,1,0.6673,5,1.0,1,1.0,1,1.0,1,0.6879,3,0.566,3,0.5164,6
遊戲,60000,0.0,1.0,指定 主機板:用料,15,55727,0.4488,0.7706,AMD R7 7700,RX9070,B850M,0.983,2,1.0,1,1.0,1,0.6673,5,1.0,1,1.0,1,1.0,1,0.6879,3,0.566,3,0.5164,6
遊戲,60000,0.0,1.0,指定 主機板:用料,16,55727,0.4488,0.7706,AMD R7 7700,RX9070,B850M,0.983,2,1.0,1,1.0,1,0.6673,5,1.0,1,1.0,1,1.0,1,0.6879,3,0.566,3,0.5164,6
遊戲,60000,0.0,1.0,指定 主機板:用料,17,55727,0.4488,0.7706,AMD R7 7700,RX9070,B850M,0.983,2,1.0,1,1.0,1,0.6673,5,1.0,1,1.0,1,1.0,1,0.6879,3,0.566,3,0.5164,6
遊戲,60000,0.0,1.0,指定 主機板:用料,18,55727,0.4488,0.7706,AMD R7 7700,RX9070,B850M,0.983,2,1.0,1,1.0,1,0.6673,5,1.0,1,1.0,1,1.0,1,0.6879,3,0.566,3,0.5164,6
遊戲,60000,0.0,1.0,指定 主機板:用料,19,55727,0.4488,0.7706,AMD R7 7700,RX9070,B850M,0.983,2,1.0,1,1.0,1,0.6673,5,1.0,1,1.0,1,1.0,1,0.6879,3,0.566,3,0.5164,6
遊戲,60000,0.0,1.0,指定 主機板:擴充性,0,57937,0.4889,0.6705,Intel Core Ultra 5 245KF,RX9070,Z890,0.6576,12,0.593,5,1.0,1,0.6673,5,1.0,1,1.0,1,0.9611,2,1.0,1,0.263,7,0.2458,9
遊戲,60000,0.0,1.0,指定 主機板:擴充性,1,57127,0.4509,0.7223,AMD R7 7700,RX9070,B850,0.983,2,1.0,1,1.0,1,0.6673,5,1.0,1,1.0,1,0.8888,3,0.8123,2,0.1389,9,0.8819,3
遊戲,60000,0.0,1.0,指定 主機板:擴充性,2,57937,0.4889,0.6705,Intel Core Ultra 5 245KF,RX9070,Z890,0.6576,12,0.593,5,1.0,1,0.6673,5,1.0,1,1.0,1,0.9611,2,1.0,1,0.263,7,0.2458,9
遊戲,60000,0.0,1.0,指定 主機板:擴充性,3,57937,0.4889,0.6705,Intel Core Ultra 5 245KF,RX9070,Z890,0.6576,12,0.593,5,1.0,1,0.6673,5,1.0,1,1.0,1,0.9611,2,1.0,1,0.263,7,0.2458,9
遊戲,60000,0.0,1.0,指定 主機板:擴充性,4,57127,0.4509,0.7223,AMD R7 7700,RX9070,B850,0.983,2,1.0,1,1.0,1,0.6673,5,1.0,1,1.0,1,0.8888,3,0.8123,2,0.1389,9,0.8819,3
遊戲,60000,0.0,1.0,指定 主機板:擴充性,5,57937,0.4889,0.6705,Intel Core Ultra 5 245KF,RX9070,Z890,0.6576,12,0.593,5,1.0,1,0.6673,5,1.0,1,1.0,1,0.9611,2,1.0,1,0.263,7,0.2458,9
遊戲,60000,0.0,1.0,指定 主機板:擴充性,6,57937,0.4889,0.6705,Intel Core Ultra 5 245KF,RX9070,Z890,0.6576,12,0.593,5,1.0,1,0.6673,5,1.0,1,1.0,1,0.9611,2,1.0,1,0.263,7,0.2458,9
遊戲,60000,0.0,1.0,指定 主機板:擴充性,7,57937,0.4889,0.6705,Intel Core Ultra 5 245KF,RX9070,Z890,0.6576,12,0.593,5,1.0,1,0.6673,5,1.0,1,1.0,1,0.9611,2,1.0,1,0.263,7,0.2458,9
遊戲,60000,0.0,1.0,指定 主機板:擴充性,8,57937,0.4889,0.6705,Intel Core Ultra 5 245KF,RX9070,Z890,0.6576,12,0.593,5,1.0,1,0.6673,5,1.0,1,1.0,1,0.9611,2,1.0,1,0.263,7,0.2458,9
遊戲,60000,0.0,1.0,指定 主機板:擴充性,9,57127,0.4509,0.7223,AMD R7 7700,RX9070,B850,0.983,2,1.0,1,1.0,1,0.6673,5,1.0,1,1.0,1,0.8888,3,0.8123,2,0.1389,9,0.8819,3
遊戲,60000,0.0,1.0,指定 主機板:擴充性,10,57937,0.4889,0.6705,Intel Core Ultra 5 245KF,RX9070,Z890,0.6576,12,0.593,5,1.0,1,0.6673,5,1.0,1,1.0,1,0.9611,2,1.0,1,0.263,7,0.2458,9
遊戲,60000,0.0,1.0,指定 主機板:擴充性,11,57127,0.4509,0.7223,AMD R7 7700,RX9070,B850,0.983,2,1.0,1,1.0,1,0.6673,5,1.0,1,1.0,1,0.8888,3,0.8123,2,0.1389,9,0.8819,3
遊戲,60000,0.0,1.0,指定 主機板:擴充性,12,57937,0.4889,0.6705,Intel Core Ultra 5 245KF,RX9070,Z890,0.6576,12,0.593,5,1.0,1,0.6673,5,1.0,1,1.0,1,0.9611,2,1.0,1,0.263,7,0.2458,9
遊戲,60000,0.0,1.0,指定 主機板:擴充性,13,57937,0.4889,0.6705,Intel Core Ultra 5 245KF,RX9070,Z890,0.6576,12,0.593,5,1.0,1,0.6673,5,1.0,1,1.0,1,0.9611,2,1.0,1,0.263,7,0.2458,9
遊戲,60000,0.0,1.0,指定 主機板:擴充性,14,57937,0.4889,0.6705,Intel Core Ultra 5 245KF,RX9070,Z890,0.6576,12,0.593,5,1.0,1,0.6673,5,1.0,1,1.0,1,0.9611,2,1.0,1,0.263,7,0.2458,9
遊戲,60000,0.0,1.0,指定 主機板:擴充性,15,59627,0.4902,0.6705,Intel Core Ultra 5 245K,RX9070,Z890,0.6576,12,0.593,5,1.0,1,0.6673,5,1.0,1,1.0,1,0.9611,2,1.0,1,0.263,7,0.2458,9
遊戲,60000,0.0,1.0,指定 主機板:擴充性,16,57937,0.4889,0.6705,Intel Core Ultra 5 245KF,RX9070,Z890,0.6576,12,0.593,5,1.0,1,0.6673,5,1.0,1,1.0,1,0.9611,2,1.0,1,0.263,7,0.2458,9
遊戲,60000,0.0,1.0,指定 主機板:擴充性,17,58937,0.4903,0.6705,Intel Core Ultra 5 245KF,RX9070,Z890,0.6576,12,0.593,5,1.0,1,0.6673,5,1.0,1,1.0,1,0.9611,2,1.0,1,0.263,7,0.2458,9
遊戲,60000,0.0,1.0,指定 主機板:擴充性,18,57937,0.4889,0.6705,Intel Core Ultra 5 245KF,RX9070,Z890,0.6576,12,0.593,5,1.0,1,0.6673,5,1.0,1,1.0,1,0.9611,2,1.0,1,0.263,7,0.2458,9
遊戲,60000,0.0,1.0,指定 主機板:擴充性,19,58937,0.4903,0.6705,Intel Core Ultra 5 245KF,RX9070,Z890,0.6576,12,0.593,5,1.0,1,0.6673,5,1.0,1,1.0,1,0.9611,2,1.0,1,0.263,7,0.2458,9
遊戲,60000,0.0,1.0,指定 主機板:穩定,0,58727,0.4429,0.7124,AMD R7 7700,RX9070,X870E,0.983,2,1.0,1,1.0,1,0.6673,5,1.0,1,1.0,1,0.8162,5,0.42,6,0.6877,2,0.4504,7
遊戲,60000,0.0,1.0,指定 主機板:穩定,1,58727,0.4429,0.7124,AMD R7 7700,RX9070,X870E,0.983,2,1.0,1,1.0,1,0.6673,5,1.0,1,1.0,1,0.8162,5,0.42,6,0.6877,2,0.4504,7
遊戲,60000,0.0,1.0,指定 主機板:穩定,2,52427,0.4214,0.5606,AMD R5 7500F,RX9070,A620,0.9777,4,0.8478,2,1.0,1,0.6673,5,1.0,1,1.0,1,0.0,10,0.0,10,1.0,1,0.1273,10
遊戲,60000,0.0,1.0,指定 主機板:穩定,3,58727,0.4429,0.7124,AMD R7 7700,RX9070,X870E,0.983,2,1.0,1,1.0,1,0.6673,5,1.0,1,1.0,1,0.8162,5,0.42,6,0.6877,2,0.4504,7
遊戲,60000,0.0,1.0,指定 主機板:穩定,4,58727,0.4429,0.7124,AMD R7 7700,RX9070,X870E,0.983,2,1.0,1,1.0,1,0.6673,5,1.0,1,1.0,1,0.8162,5,0.42,6,0.6877,2,0.4504,7
遊戲,60000,0.0,1.0,指定 主機板:穩定,5,58727,0.4429,0.7124,AMD R7 7700,RX9070,X870E,0.983,2,1.0,1,1.0,1,0.6673,5,1.0,1,1.0,1,0.8162,5,0.42,6,0.6877,2,0.4504,7
遊戲,60000,0.0,1.0,指定 主機板:穩定,6,52427,0.4214,0.5606,AMD R5 7500F,RX9070,A620,0.9777,4,0.8478,2,1.0,1,0.6673,5,1.0,1,1.0,1,0.0,10,0.0,10,1.0,1,0.1273,10
遊戲,60000,0.0,1.0,指定 主機板:穩定,7,58727,0.4429,0.7124,AMD R7 7700,RX9070,X870E,0.983,2,1.0,1,1.0,1,0.6673,5,1.0,1,1.0,1,0.8162,5,0.42,6,0.6877,2,0.4504,7
遊戲,60000,0.0,1.0,指定 主機板:穩定,8,58727,0.4429,0.7124,AMD R7 7700,RX9070,X870E,0.983,2,1.0,1,1.0,1,0.6673,5,1.0,1,1.0,1,0.8162,5,0.42,6,0.6877,2,0.4504,7
遊戲,60000,0.0,1.0,指定 主機板:穩定,9,58727,0.4429,0.7124,AMD R7 7700,RX9070,X870E,0.983,2,1.0,1,1.0,1,0.6673,5,1.0,1,1.0,1,0.8162,5,0.42,6,0.6877,2,0.4504,7
遊戲,60000,0.0,1.0,指定 主機板:穩定,10,58727,0.4429,0.7124,AMD R7 7700,RX9070,X870E,0.983,2,1.0,1,1.0,1,0.6673,5,1.0,1,1.0,1,0.8162,5,0.42,6,0.6877,2,0.4504,7
遊戲,60000,0.0,1.0,指定 主機板:穩定,11,52427,0.4214,0.5606,AMD R5 7500F,RX9070,A620,0.9777,4,0.8478,2,1.0,1,0.6673,5,1.0,1,1.0,1,0.0,10,0.0,10,1.0,1,0.1273,10
遊戲,60000,0.0,1.0,指定 主機板:穩定,12,58727,0.4429,0.7124,AMD R7 7700,RX9070,X870E,0.983,2,1.0,1,1.0,1,0.6673,5,1.0,1,1.0,1,0.8162,5,0.42,6,0.6877,2,0.4504,7
遊戲,60000,0.0,1.0,指定 主機板:穩定,13,58727,0.4429,0.7124,AMD R7 7700,RX9070,X870E,0.983,2,1.0,1,1.0,1,0.6673,5,1.0,1,1.0,1,0.8162,5,0.42,6,0.6877,2,0.4504,7
遊戲,60000,0.0,1.0,指定 主機板:穩定,14,58727,0.4429,0.7124,AMD R7 7700,RX9070,X870E,0.983,2,1.0,1,1.0,1,0.6673,5,1.0,1,1.0,1,0.8162,5,0.42,6,0.6877,2,0.4504,7
遊戲,60000,0.0,1.0,指定 主機板:穩定,15,58727,0.4429,0.7124,AMD R7 7700,RX9070,X870E,0.983,2,1.0,1,1.0,1,0.6673,5,1.0,1,1.0,1,0.8162,5,0.42,6,0.6877,2,0.4504,7
遊戲,60000,0.0,1.0,指定 主機板:穩定,16,52427,0.4214,0.5606,AMD R5 7500F,RX9070,A620,0.9777,4,0.8478,2,1.0,1,0.6673,5,1.0,1,1.0,1,0.0,10,0.0,10,1.0,1,0.1273,10
遊戲,60000,0.0,1.0,指定 主機板:穩定,17,58727,0.4429,0.7124,AMD R7 7700,RX9070,X870E,0.983,2,1.0,1,1.0,1,0.6673,5,1.0,1,1.0,1,0.8162,5,0.42,6,0.6877,2,0.4504,7
遊戲,60000,0.0,1.0,指定 主機板:穩定,18,52427,0.4214,0.5606,AMD R5 7500F,RX9070,A620,0.9777,4,0.8478,2,1.0,1,0.6673,5,1.0,1,1.0,1,0.0,10,0.0,10,1.0,1,0.1273,10
遊戲,60000,0.0,1.0,指定 主機板:穩定,19,58727,0.4429,0.7124,AMD R7 7700,RX9070,X870E,0.983,2,1.0,1,1.0,1,0.6673,5,1.0,1,1.0,1,0.8162,5,0.42,6,0.6877,2,0.4504,7
遊戲,60000,0.0,1.0,指定 主機板:CP值,0,55727,0.4488,0.7126,AMD R7 7700,RX9070,B650M,0.983,2,1.0,1,1.0,1,0.6673,5,1.0,1,1.0,1,0.5795,7,0.2883,7,0.0,10,1.0,1
遊戲,60000,0.0,1.0,指定 主機板:CP值,1,55727,0.4488,0.7126,AMD R7 7700,RX9070,B650M,0.983,2,1.0,1,1.0,1,0.6673,5,1.0,1,1.0,1,0.5795,7,0.2883,7,0.0,10,1.0,1
遊戲,60000,0.0,1.0,指定 主機板:CP值,2,55727,0.4488,0.7126,AMD R7 7700,RX9070,B650M,0.983,2,1.0,1,1.0,1,0.6673,5,1.0,1,1.0,1,0.5795,7,0.2883,7,0.0,10,1.0,1
遊戲,60000,0.0,1.0,指定 主機板:CP值,3,55727,0.4488,0.7126,AMD R7 7700,RX9070,B650M,0.983,2,1.0,1,1.0,1,0.6673,5,1.0,1,1.0,1,0.5795,7,0.2883,7,0.0,10,1.0,1
遊戲,60000,0.0,1.0,指定 主機板:CP值,4,55727,0.4488,0.7126,AMD R7 7700,RX9070,B650M,0.983,2,1.0,1,1.0,1,0.6673,5,1.0,1,1.0,1,0.5795,7,0.2883,7,0.0,10,1.0,1
遊戲,60000,0.0,1.0,指定 主機板:CP值,5,55727,0.4488,0.7126,AMD R7 7700,RX9070,B650M,0.983,2,1.0,1,1.0,1,0.6673,5,1.0,1,1.0,1,0.5795,7,0.2883,7,0.0,10,1.0,1
遊戲,60000,0.0,1.0,指定 主機板:CP值,6,55727,0.4488,0.7126,AMD R7 7700,RX9070,B650M,0.983,2,1.0,1,1.0,1,0.6673,5,1.0,1,1.0,1,0.5795,7,0.2883,7,0.0,10,1.0,1
遊戲,60000,0.0,1.0,指定 主機板:CP值,7,55727,0.4488,0.7126,AMD R7 7700,RX9070,B650M,0.983,2,1.0,1,1.0,1,0.6673,5,1.0,1,1.0,1,0.5795,7,0.2883,7,0.0,10,1.0,1
遊戲,60000,0.0,1.0,指定 主機板:CP值,8,55727,0.4488,0.7126,AMD R7 7700,RX9070,B650M,0.983,2,1.0,1,1.0,1,0.6673,5,1.0,1,1.0,1,0.5795,7,0.2883,7,0.0,10,1.0,1
遊戲,60000,0.0,1.0,指定 主機板:CP值,9,55727,0.4488,0.7126,AMD R7 7700,RX9070,B650M,0.983,2,1.0,1,1.0,1,0.6673,5,1.0,1,1.0,1,0.5795,7,0.2883,7,0.0,10,1.0,1
遊戲,60000,0.0,1.0,指定 主機板:CP值,10,55727,0.4488,0.7126,AMD R7 7700,RX9070,B650M,0.983,2,1.0,1,1.0,1,0.6673,5,1.0,1,1.0,1,0.5795,7,0.2883,7,0.0,10,1.0,1
遊戲,60000,0.0,1.0,指定 主機板:CP值,11,55727,0.4488,0.7126,AMD R7 7700,RX9070,B650M,0.983,2,1.0,1,1.0,1,0.6673,5,1.0,1,1.0,1,0.5795,7,0.2883,7,0.0,10,1.0,1
遊戲,60000,0.0,1.0,指定 主機板:CP值,12,55727,0.4488,0.7126,AMD R7 7700,RX9070,B650M,0.983,2,1.0,1,1.0,1,0.6673,5,1.0,1,1.0,1,0.5795,7,0.2883,7,0.0,10,1.0,1
遊戲,60000,0.0,1.0,指定 主機板:CP值,13,55727,0.4488,0.7126,AMD R7 7700,RX9070,B650M,0.983,2,1.0,1,1.0,1,0.6673,5,1.0,1,1.0,1,0.5795,7,0.2883,7,0.0,10,1.0,1
遊戲,60000,0.0,1.0,指定 主機板:CP值,14,55727,0.4488,0.7126,AMD R7 7700,RX9070,B650M,0.983,2,1.0,1,1.0,1,0.6673,5,1.0,1,1.0,1,0.5795,7,0.2883,7,0.0,10,1.0,1
遊戲,60000,0.0,1.0,指定 主機板:CP值,15,55727,0.4488,0.7126,AMD R7 7700,RX9070,B650M,0.983,2,1.0,1,1.0,1,0.6673,5,1.0,1,1.0,1,0.5795,7,0.2883,7,0.0,10,1.0,1
遊戲,60000,0.0,1.0,指定 主機板:CP值,16,55727,0.4488,0.7126,AMD R7 7700,RX9070,B650M,0.983,2,1.0,1,1.0,1,0.6673,5,1.0,1,1.0,1,0.5795,7,0.2883,7,0.0,10,1.0,1
遊戲,60000,0.0,1.0,指定 主機板:CP值,17,55727,0.4488,0.7126,AMD R7 7700,RX9070,B650M,0.983,2,1.0,1,1.0,1,0.6673,5,1.0,1,1.0,1,0.5795,7,0.2883,7,0.0,10,1.0,1
遊戲,60000,0.0,1.0,指定 主機板:CP值,18,55727,0.4488,0.7126,AMD R7 7700,RX9070,B650M,0.983,2,1.0,1,1.0,1,0.6673,5,1.0,1,1.0,1,0.5795,7,0.2883,7,0.0,10,1.0,1
遊戲,60000,0.0,1.0,指定 主機板:CP值,19,55727,0.4488,0.7126,AMD R7 7700,RX9070,B650M,0.983,2,1.0,1,1.0,1,0.6673,5,1.0,1,1.0,1,0.5795,7,0.2883,7,0.0,10,1.0,1
