usage,budget,pref_term_share,condition,seed,total_price,perf,sentiment,model_CPU,model_GPU,model_主機板,norm_CPU:效能,rank_CPU:效能,norm_CPU:CP值,rank_CPU:CP值,norm_GPU:效能,rank_GPU:效能,norm_GPU:穩定,rank_GPU:穩定,norm_GPU:CP值,rank_GPU:CP值,norm_GPU:VRAM,rank_GPU:VRAM,norm_主機板:用料,rank_主機板:用料,norm_主機板:擴充性,rank_主機板:擴充性,norm_主機板:穩定,rank_主機板:穩定,norm_主機板:CP值,rank_主機板:CP值
遊戲,30000,0.5,無口碑,0,29924,0.3121,0.4631,AMD R5 5600XT,RX7650GRE,A520M,0.7545,,0.5227,,0.0597,15,0.5326,,0.1739,9,0.5186,,0.6026,,0.4736,,0.4068,,0.4865,
遊戲,30000,0.5,無口碑,1,29624,0.3095,0.4631,AMD R5 5600XT,RX7650GRE,A520M,0.7545,,0.5227,,0.0597,15,0.5326,,0.1739,9,0.5186,,0.6026,,0.4736,,0.4068,,0.4865,
遊戲,30000,0.5,無口碑,2,29434,0.3035,0.4631,AMD R5 5600XT,RX7650GRE,A520M,0.7545,,0.5227,,0.0597,15,0.5326,,0.1739,9,0.5186,,0.6026,,0.4736,,0.4068,,0.4865,
遊戲,30000,0.5,無口碑,3,29334,0.3033,0.4631,AMD R5 5600XT,RX7650GRE,A520M,0.7545,,0.5227,,0.0597,15,0.5326,,0.1739,9,0.5186,,0.6026,,0.4736,,0.4068,,0.4865,
遊戲,30000,0.5,無口碑,4,29589,0.31,0.4631,AMD R5 5600XT,RX7650GRE,A520M,0.7545,,0.5227,,0.0597,15,0.5326,,0.1739,9,0.5186,,0.6026,,0.4736,,0.4068,,0.4865,
遊戲,30000,0.5,無口碑,5,29724,0.3097,0.4631,AMD R5 5600XT,RX7650GRE,A520M,0.7545,,0.5227,,0.0597,15,0.5326,,0.1739,9,0.5186,,0.6026,,0.4736,,0.4068,,0.4865,
遊戲,30000,0.5,無口碑,6,29434,0.3034,0.4631,AMD R5 5600XT,RX7650GRE,A520M,0.7545,,0.5227,,0.0597,15,0.5326,,0.1739,9,0.5186,,0.6026,,0.4736,,0.4068,,0.4865,
遊戲,30000,0.5,無口碑,7,29989,0.3132,0.4631,AMD R5 5600XT,RX7650GRE,A520M,0.7545,,0.5227,,0.0597,15,0.5326,,0.1739,9,0.5186,,0.6026,,0.4736,,0.4068,,0.4865,
遊戲,30000,0.5,無口碑,8,29724,0.3107,0.4631,AMD R5 5600XT,RX7650GRE,A520M,0.7545,,0.5227,,0.0597,15,0.5326,,0.1739,9,0.5186,,0.6026,,0.4736,,0.4068,,0.4865,
遊戲,30000,0.5,無口碑,9,29234,0.3025,0.4631,AMD R5 5600XT,RX7650GRE,A520M,0.7545,,0.5227,,0.0597,15,0.5326,,0.1739,9,0.5186,,0.6026,,0.4736,,0.4068,,0.4865,
遊戲,30000,0.5,無口碑,10,29434,0.3034,0.4631,AMD R5 5600XT,RX7650GRE,A520M,0.7545,,0.5227,,0.0597,15,0.5326,,0.1739,9,0.5186,,0.6026,,0.4736,,0.4068,,0.4865,
遊戲,30000,0.5,無口碑,11,29939,0.3135,0.4631,AMD R5 5600XT,RX7650GRE,A520M,0.7545,,0.5227,,0.0597,15,0.5326,,0.1739,9,0.5186,,0.6026,,0.4736,,0.4068,,0.4865,
遊戲,30000,0.5,無口碑,12,29739,0.3114,0.4631,AMD R5 5600XT,RX7650GRE,A520M,0.7545,,0.5227,,0.0597,15,0.5326,,0.1739,9,0.5186,,0.6026,,0.4736,,0.4068,,0.4865,
遊戲,30000,0.5,無口碑,13,29334,0.3033,0.4631,AMD R5 5600XT,RX7650GRE,A520M,0.7545,,0.5227,,0.0597,15,0.5326,,0.1739,9,0.5186,,0.6026,,0.4736,,0.4068,,0.4865,
遊戲,30000,0.5,無口碑,14,29724,0.3112,0.4631,AMD R5 5600XT,RX7650GRE,A520M,0.7545,,0.5227,,0.0597,15,0.5326,,0.1739,9,0.5186,,0.6026,,0.4736,,0.4068,,0.4865,
遊戲,30000,0.5,無口碑,15,29724,0.3097,0.4631,AMD R5 5600XT,RX7650GRE,A520M,0.7545,,0.5227,,0.0597,15,0.5326,,0.1739,9,0.5186,,0.6026,,0.4736,,0.4068,,0.4865,
遊戲,30000,0.5,無口碑,16,29739,0.3109,0.4631,AMD R5 5600XT,RX7650GRE,A520M,0.7545,,0.5227,,0.0597,15,0.5326,,0.1739,9,0.5186,,0.6026,,0.4736,,0.4068,,0.4865,
遊戲,30000,0.5,無口碑,17,29634,0.3038,0.4631,AMD R5 5600XT,RX7650GRE,A520M,0.7545,,0.5227,,0.0597,15,0.5326,,0.1739,9,0.5186,,0.6026,,0.4736,,0.4068,,0.4865,
遊戲,30000,0.5,無口碑,18,29939,0.3123,0.4631,AMD R5 5600XT,RX7650GRE,A520M,0.7545,,0.5227,,0.0597,15,0.5326,,0.1739,9,0.5186,,0.6026,,0.4736,,0.4068,,0.4865,
遊戲,30000,0.5,無口碑,19,29334,0.3032,0.4631,AMD R5 5600XT,RX7650GRE,A520M,0.7545,,0.5227,,0.0597,15,0.5326,,0.1739,9,0.5186,,0.6026,,0.4736,,0.4068,,0.4865,
遊戲,30000,0.5,有口碑,0,28539,0.2849,0.4781,AMD R5 5600XT,RX7650GRE,B550M,0.7545,,0.5227,,0.0597,15,0.5326,,0.1739,9,0.5186,,0.6043,6,0.2543,8,0.4315,5,0.9047,2
遊戲,30000,0.5,有口碑,1,28789,0.2854,0.4781,AMD R5 5600XT,RX7650GRE,B550M,0.7545,,0.5227,,0.0597,15,0.5326,,0.1739,9,0.5186,,0.6043,6,0.2543,8,0.4315,5,0.9047,2
遊戲,30000,0.5,有口碑,2,28539,0.2844,0.4781,AMD R5 5600XT,RX7650GRE,B550M,0.7545,,0.5227,,0.0597,15,0.5326,,0.1739,9,0.5186,,0.6043,6,0.2543,8,0.4315,5,0.9047,2
遊戲,30000,0.5,有口碑,3,28289,0.2841,0.4781,AMD R5 5600XT,RX7650GRE,B550M,0.7545,,0.5227,,0.0597,15,0.5326,,0.1739,9,0.5186,,0.6043,6,0.2543,8,0.4315,5,0.9047,2
遊戲,30000,0.5,有口碑,4,28439,0.2847,0.4781,AMD R5 5600XT,RX7650GRE,B550M,0.7545,,0.5227,,0.0597,15,0.5326,,0.1739,9,0.5186,,0.6043,6,0.2543,8,0.4315,5,0.9047,2
遊戲,30000,0.5,有口碑,5,28249,0.2842,0.4781,AMD R5 5600XT,RX7650GRE,B550M,0.7545,,0.5227,,0.0597,15,0.5326,,0.1739,9,0.5186,,0.6043,6,0.2543,8,0.4315,5,0.9047,2
遊戲,30000,0.5,有口碑,6,28339,0.2846,0.4781,AMD R5 5600XT,RX7650GRE,B550M,0.7545,,0.5227,,0.0597,15,0.5326,,0.1739,9,0.5186,,0.6043,6,0.2543,8,0.4315,5,0.9047,2
遊戲,30000,0.5,有口碑,7,28799,0.286,0.4781,AMD R5 5600XT,RX7650GRE,B550M,0.7545,,0.5227,,0.0597,15,0.5326,,0.1739,9,0.5186,,0.6043,6,0.2543,8,0.4315,5,0.9047,2
遊戲,30000,0.5,有口碑,8,28339,0.2846,0.4781,AMD R5 5600XT,RX7650GRE,B550M,0.7545,,0.5227,,0.0597,15,0.5326,,0.1739,9,0.5186,,0.6043,6,0.2543,8,0.4315,5,0.9047,2
遊戲,30000,0.5,有口碑,9,28339,0.2846,0.4781,AMD R5 5600XT,RX7650GRE,B550M,0.7545,,0.5227,,0.0597,15,0.5326,,0.1739,9,0.5186,,0.6043,6,0.2543,8,0.4315,5,0.9047,2
遊戲,30000,0.5,有口碑,10,28989,0.2888,0.4781,AMD R5 5600XT,RX7650GRE,B550M,0.7545,,0.5227,,0.0597,15,0.5326,,0.1739,9,0.5186,,0.6043,6,0.2543,8,0.4315,5,0.9047,2
遊戲,30000,0.5,有口碑,11,28439,0.2847,0.4781,AMD R5 5600XT,RX7650GRE,B550M,0.7545,,0.5227,,0.0597,15,0.5326,,0.1739,9,0.5186,,0.6043,6,0.2543,8,0.4315,5,0.9047,2
遊戲,30000,0.5,有口碑,12,28539,0.2849,0.4781,AMD R5 5600XT,RX7650GRE,B550M,0.7545,,0.5227,,0.0597,15,0.5326,,0.1739,9,0.5186,,0.6043,6,0.2543,8,0.4315,5,0.9047,2
遊戲,30000,0.5,有口碑,13,28639,0.2851,0.4781,AMD R5 5600XT,RX7650GRE,B550M,0.7545,,0.5227,,0.0597,15,0.5326,,0.1739,9,0.5186,,0.6043,6,0.2543,8,0.4315,5,0.9047,2
遊戲,30000,0.5,有口碑,14,28389,0.2842,0.4781,AMD R5 5600XT,RX7650GRE,B550M,0.7545,,0.5227,,0.0597,15,0.5326,,0.1739,9,0.5186,,0.6043,6,0.2543,8,0.4315,5,0.9047,2
遊戲,30000,0.5,有口碑,15,28439,0.2848,0.4781,AMD R5 5600XT,RX7650GRE,B550M,0.7545,,0.5227,,0.0597,15,0.5326,,0.1739,9,0.5186,,0.6043,6,0.2543,8,0.4315,5,0.9047,2
遊戲,30000,0.5,有口碑,16,29349,0.2887,0.4781,AMD R5 5600XT,RX7650GRE,B550M,0.7545,,0.5227,,0.0597,15,0.5326,,0.1739,9,0.5186,,0.6043,6,0.2543,8,0.4315,5,0.9047,2
遊戲,30000,0.5,有口碑,17,28689,0.2853,0.4781,AMD R5 5600XT,RX7650GRE,B550M,0.7545,,0.5227,,0.0597,15,0.5326,,0.1739,9,0.5186,,0.6043,6,0.2543,8,0.4315,5,0.9047,2
遊戲,30000,0.5,有口碑,18,28539,0.2849,0.4781,AMD R5 5600XT,RX7650GRE,B550M,0.7545,,0.5227,,0.0597,15,0.5326,,0.1739,9,0.5186,,0.6043,6,0.2543,8,0.4315,5,0.9047,2
遊戲,30000,0.5,有口碑,19,28339,0.2846,0.4781,AMD R5 5600XT,RX7650GRE,B550M,0.7545,,0.5227,,0.0597,15,0.5326,,0.1739,9,0.5186,,0.6043,6,0.2543,8,0.4315,5,0.9047,2
遊戲,30000,0.5,指定 CPU:效能,0,28539,0.2843,0.4781,AMD R5 5600XT,RX7650GRE,B550M,0.7545,,0.5227,,0.0597,15,0.5326,,0.1739,9,0.5186,,0.6043,6,0.2543,8,0.4315,5,0.9047,2
遊戲,30000,0.5,指定 CPU:效能,1,27899,0.2847,0.4631,AMD R5 5600XT,RX7650GRE,A520M,0.7545,,0.5227,,0.0597,15,0.5326,,0.1739,9,0.5186,,0.6026,,0.4736,,0.4068,,0.4865,
遊戲,30000,0.5,指定 CPU:效能,2,28339,0.2846,0.4781,AMD R5 5600XT,RX7650GRE,B550M,0.7545,,0.5227,,0.0597,15,0.5326,,0.1739,9,0.5186,,0.6043,6,0.2543,8,0.4315,5,0.9047,2
遊戲,30000,0.5,指定 CPU:效能,3,27839,0.2839,0.4631,AMD R5 5600XT,RX7650GRE,A520M,0.7545,,0.5227,,0.0597,15,0.5326,,0.1739,9,0.5186,,0.6026,,0.4736,,0.4068,,0.4865,
遊戲,30000,0.5,指定 CPU:效能,4,28689,0.2855,0.4781,AMD R5 5600XT,RX7650GRE,B550M,0.7545,,0.5227,,0.0597,15,0.5326,,0.1739,9,0.5186,,0.6043,6,0.2543,8,0.4315,5,0.9047,2
遊戲,30000,0.5,指定 CPU:效能,5,28539,0.2849,0.4781,AMD R5 5600XT,RX7650GRE,B550M,0.7545,,0.5227,,0.0597,15,0.5326,,0.1739,9,0.5186,,0.6043,6,0.2543,8,0.4315,5,0.9047,2
遊戲,30000,0.5,指定 CPU:效能,6,28489,0.2849,0.4781,AMD R5 5600XT,RX7650GRE,B550M,0.7545,,0.5227,,0.0597,15,0.5326,,0.1739,9,0.5186,,0.6043,6,0.2543,8,0.4315,5,0.9047,2
遊戲,30000,0.5,指定 CPU:效能,7,28539,0.2849,0.4781,AMD R5 5600XT,RX7650GRE,B550M,0.7545,,0.5227,,0.0597,15,0.5326,,0.1739,9,0.5186,,0.6043,6,0.2543,8,0.4315,5,0.9047,2
遊戲,30000,0.5,指定 CPU:效能,8,28789,0.2854,0.4781,AMD R5 5600XT,RX7650GRE,B550M,0.7545,,0.5227,,0.0597,15,0.5326,,0.1739,9,0.5186,,0.6043,6,0.2543,8,0.4315,5,0.9047,2
遊戲,30000,0.5,指定 CPU:效能,9,28439,0.2848,0.4781,AMD R5 5600XT,RX7650GRE,B550M,0.7545,,0.5227,,0.0597,15,0.5326,,0.1739,9,0.5186,,0.6043,6,0.2543,8,0.4315,5,0.9047,2
遊戲,30000,0.5,指定 CPU:效能,10,28539,0.2849,0.4781,AMD R5 5600XT,RX7650GRE,B550M,0.7545,,0.5227,,0.0597,15,0.5326,,0.1739,9,0.5186,,0.6043,6,0.2543,8,0.4315,5,0.9047,2
遊戲,30000,0.5,指定 CPU:效能,11,28539,0.2843,0.4781,AMD R5 5600XT,RX7650GRE,B550M,0.7545,,0.5227,,0.0597,15,0.5326,,0.1739,9,0.5186,,0.6043,6,0.2543,8,0.4315,5,0.9047,2
遊戲,30000,0.5,指定 CPU:效能,12,28339,0.2846,0.4781,AMD R5 5600XT,RX7650GRE,B550M,0.7545,,0.5227,,0.0597,15,0.5326,,0.1739,9,0.5186,,0.6043,6,0.2543,8,0.4315,5,0.9047,2
遊戲,30000,0.5,指定 CPU:效能,13,28339,0.2846,0.4781,AMD R5 5600XT,RX7650GRE,B550M,0.7545,,0.5227,,0.0597,15,0.5326,,0.1739,9,0.5186,,0.6043,6,0.2543,8,0.4315,5,0.9047,2
遊戲,30000,0.5,指定 CPU:效能,14,28239,0.2839,0.4781,AMD R5 5600XT,RX7650GRE,B550M,0.7545,,0.5227,,0.0597,15,0.5326,,0.1739,9,0.5186,,0.6043,6,0.2543,8,0.4315,5,0.9047,2
遊戲,30000,0.5,指定 CPU:效能,15,28239,0.2834,0.4781,AMD R5 5600XT,RX7650GRE,B550M,0.7545,,0.5227,,0.0597,15,0.5326,,0.1739,9,0.5186,,0.6043,6,0.2543,8,0.4315,5,0.9047,2
遊戲,30000,0.5,指定 CPU:效能,16,28799,0.286,0.4781,AMD R5 5600XT,RX7650GRE,B550M,0.7545,,0.5227,,0.0597,15,0.5326,,0.1739,9,0.5186,,0.6043,6,0.2543,8,0.4315,5,0.9047,2
遊戲,30000,0.5,指定 CPU:效能,17,28339,0.2846,0.4781,AMD R5 5600XT,RX7650GRE,B550M,0.7545,,0.5227,,0.0597,15,0.5326,,0.1739,9,0.5186,,0.6043,6,0.2543,8,0.4315,5,0.9047,2
遊戲,30000,0.5,指定 CPU:效能,18,28439,0.2848,0.4781,AMD R5 5600XT,RX7650GRE,B550M,0.7545,,0.5227,,0.0597,15,0.5326,,0.1739,9,0.5186,,0.6043,6,0.2543,8,0.4315,5,0.9047,2
遊戲,30000,0.5,指定 CPU:效能,19,27899,0.2847,0.4631,AMD R5 5600XT,RX7650GRE,A520M,0.7545,,0.5227,,0.0597,15,0.5326,,0.1739,9,0.5186,,0.6026,,0.4736,,0.4068,,0.4865,
遊戲,30000,0.5,指定 CPU:CP值,0,28339,0.284,0.4781,AMD R5 5600XT,RX7650GRE,B550M,0.7545,,0.5227,,0.0597,15,0.5326,,0.1739,9,0.5186,,0.6043,6,0.2543,8,0.4315,5,0.9047,2
遊戲,30000,0.5,指定 CPU:CP值,1,28339,0.2846,0.4781,AMD R5 5600XT,RX7650GRE,B550M,0.7545,,0.5227,,0.0597,15,0.5326,,0.1739,9,0.5186,,0.6043,6,0.2543,8,0.4315,5,0.9047,2
遊戲,30000,0.5,指定 CPU:CP值,2,28339,0.2835,0.4781,AMD R5 5600XT,RX7650GRE,B550M,0.7545,,0.5227,,0.0597,15,0.5326,,0.1739,9,0.5186,,0.6043,6,0.2543,8,0.4315,5,0.9047,2
遊戲,30000,0.5,指定 CPU:CP值,3,28339,0.2846,0.4781,AMD R5 5600XT,RX7650GRE,B550M,0.7545,,0.5227,,0.0597,15,0.5326,,0.1739,9,0.5186,,0.6043,6,0.2543,8,0.4315,5,0.9047,2
遊戲,30000,0.5,指定 CPU:CP值,4,30329,0.2959,0.459,AMD R5 7500F,RX7650GRE,B650M,0.9777,4,0.8478,2,0.0597,15,0.5326,,0.1739,9,0.5186,,0.5795,7,0.2883,7,0.0,10,1.0,1
遊戲,30000,0.5,指定 CPU:CP值,5,28339,0.2841,0.4781,AMD R5 5600XT,RX7650GRE,B550M,0.7545,,0.5227,,0.0597,15,0.5326,,0.1739,9,0.5186,,0.6043,6,0.2543,8,0.4315,5,0.9047,2
遊戲,30000,0.5,指定 CPU:CP值,6,28339,0.2846,0.4781,AMD R5 5600XT,RX7650GRE,B550M,0.7545,,0.5227,,0.0597,15,0.5326,,0.1739,9,0.5186,,0.6043,6,0.2543,8,0.4315,5,0.9047,2
遊戲,30000,0.5,指定 CPU:CP值,7,28689,0.2855,0.4781,AMD R5 5600XT,RX7650GRE,B550M,0.7545,,0.5227,,0.0597,15,0.5326,,0.1739,9,0.5186,,0.6043,6,0.2543,8,0.4315,5,0.9047,2
遊戲,30000,0.5,指定 CPU:CP值,8,28439,0.2847,0.4781,AMD R5 5600XT,RX7650GRE,B550M,0.7545,,0.5227,,0.0597,15,0.5326,,0.1739,9,0.5186,,0.6043,6,0.2543,8,0.4315,5,0.9047,2
遊戲,30000,0.5,指定 CPU:CP值,9,28339,0.2846,0.4781,AMD R5 5600XT,RX7650GRE,B550M,0.7545,,0.5227,,0.0597,15,0.5326,,0.1739,9,0.5186,,0.6043,6,0.2543,8,0.4315,5,0.9047,2
遊戲,30000,0.5,指定 CPU:CP值,10,28439,0.2847,0.4781,AMD R5 5600XT,RX7650GRE,B550M,0.7545,,0.5227,,0.0597,15,0.5326,,0.1739,9,0.5186,,0.6043,6,0.2543,8,0.4315,5,0.9047,2
遊戲,30000,0.5,指定 CPU:CP值,11,30039,0.2965,0.459,AMD R5 7500F,RX7650GRE,B650M,0.9777,4,0.8478,2,0.0597,15,0.5326,,0.1739,9,0.5186,,0.5795,7,0.2883,7,0.0,10,1.0,1
遊戲,30000,0.5,指定 CPU:CP值,12,28339,0.2846,0.4781,AMD R5 5600XT,RX7650GRE,B550M,0.7545,,0.5227,,0.0597,15,0.5326,,0.1739,9,0.5186,,0.6043,6,0.2543,8,0.4315,5,0.9047,2
遊戲,30000,0.5,指定 CPU:CP值,13,28539,0.2849,0.4781,AMD R5 5600XT,RX7650GRE,B550M,0.7545,,0.5227,,0.0597,15,0.5326,,0.1739,9,0.5186,,0.6043,6,0.2543,8,0.4315,5,0.9047,2
遊戲,30000,0.5,指定 CPU:CP值,14,28139,0.2839,0.4631,AMD R5 5600XT,RX7650GRE,A520M,0.7545,,0.5227,,0.0597,15,0.5326,,0.1739,9,0.5186,,0.6026,,0.4736,,0.4068,,0.4865,
遊戲,30000,0.5,指定 CPU:CP值,15,28399,0.2854,0.4781,AMD R5 5600XT,RX7650GRE,B550M,0.7545,,0.5227,,0.0597,15,0.5326,,0.1739,9,0.5186,,0.6043,6,0.2543,8,0.4315,5,0.9047,2
遊戲,30000,0.5,指定 CPU:CP值,16,28739,0.2852,0.4781,AMD R5 5600XT,RX7650GRE,B550M,0.7545,,0.5227,,0.0597,15,0.5326,,0.1739,9,0.5186,,0.6043,6,0.2543,8,0.4315,5,0.9047,2
遊戲,30000,0.5,指定 CPU:CP值,17,28539,0.2849,0.4781,AMD R5 5600XT,RX7650GRE,B550M,0.7545,,0.5227,,0.0597,15,0.5326,,0.1739,9,0.5186,,0.6043,6,0.2543,8,0.4315,5,0.9047,2
遊戲,30000,0.5,指定 CPU:CP值,18,28449,0.2853,0.4781,AMD R5 5600XT,RX7650GRE,B550M,0.7545,,0.5227,,0.0597,15,0.5326,,0.1739,9,0.5186,,0.6043,6,0.2543,8,0.4315,5,0.9047,2
遊戲,30000,0.5,指定 CPU:CP值,19,30288,0.2972,0.4233,AMD R5 7500F,RX7650GRE,B840,0.9777,4,0.8478,2,0.0597,15,0.5326,,0.1739,9,0.5186,,0.6026,,0.4736,,0.4068,,0.0558,11
遊戲,30000,0.5,指定 GPU:效能,0,29499,0.2847,0.4631,AMD R5 5600XT,RX7650GRE,A520M,0.7545,,0.5227,,0.0597,15,0.5326,,0.1739,9,0.5186,,0.6026,,0.4736,,0.4068,,0.4865,
遊戲,30000,0.5,指定 GPU:效能,1,32379,0.3219,0.531,AMD R5 7500F,RX9060XT,B650M,0.9777,4,0.8478,2,0.6335,4,1.0,1,0.6458,3,0.5162,4,0.5795,7,0.2883,7,0.0,10,1.0,1
遊戲,30000,0.5,指定 GPU:效能,2,28339,0.284,0.4781,AMD R5 5600XT,RX7650GRE,B550M,0.7545,,0.5227,,0.0597,15,0.5326,,0.1739,9,0.5186,,0.6043,6,0.2543,8,0.4315,5,0.9047,2
遊戲,30000,0.5,指定 GPU:效能,3,28639,0.2851,0.4781,AMD R5 5600XT,RX7650GRE,B550M,0.7545,,0.5227,,0.0597,15,0.5326,,0.1739,9,0.5186,,0.6043,6,0.2543,8,0.4315,5,0.9047,2
遊戲,30000,0.5,指定 GPU:效能,4,28599,0.2857,0.4781,AMD R5 5600XT,RX7650GRE,B550M,0.7545,,0.5227,,0.0597,15,0.5326,,0.1739,9,0.5186,,0.6043,6,0.2543,8,0.4315,5,0.9047,2
遊戲,30000,0.5,指定 GPU:效能,5,31080,0.3171,0.531,AMD R5 7500F,RX9060XT,B650M,0.9777,4,0.8478,2,0.6335,4,1.0,1,0.6458,3,0.5162,4,0.5795,7,0.2883,7,0.0,10,1.0,1
遊戲,30000,0.5,指定 GPU:效能,6,29998,0.2955,0.535,AMD R5 5600XT,RX9060XT,A520M,0.7545,,0.5227,,0.6335,4,1.0,1,0.6458,3,0.5162,4,0.6026,,0.4736,,0.4068,,0.4865,
遊戲,30000,0.5,指定 GPU:效能,7,28639,0.2851,0.4781,AMD R5 5600XT,RX7650GRE,B550M,0.7545,,0.5227,,0.0597,15,0.5326,,0.1739,9,0.5186,,0.6043,6,0.2543,8,0.4315,5,0.9047,2
遊戲,30000,0.5,指定 GPU:效能,8,28939,0.2904,0.4781,AMD R5 5600XT,RX7650GRE,B550M,0.7545,,0.5227,,0.0597,15,0.5326,,0.1739,9,0.5186,,0.6043,6,0.2543,8,0.4315,5,0.9047,2
遊戲,30000,0.5,指定 GPU:效能,9,28439,0.2848,0.4781,AMD R5 5600XT,RX7650GRE,B550M,0.7545,,0.5227,,0.0597,15,0.5326,,0.1739,9,0.5186,,0.6043,6,0.2543,8,0.4315,5,0.9047,2
遊戲,30000,0.5,指定 GPU:效能,10,28439,0.2847,0.4781,AMD R5 5600XT,RX7650GRE,B550M,0.7545,,0.5227,,0.0597,15,0.5326,,0.1739,9,0.5186,,0.6043,6,0.2543,8,0.4315,5,0.9047,2
遊戲,30000,0.5,指定 GPU:效能,11,31029,0.3124,0.531,AMD R5 7500F,RX9060XT,B650M,0.9777,4,0.8478,2,0.6335,4,1.0,1,0.6458,3,0.5162,4,0.5795,7,0.2883,7,0.0,10,1.0,1
遊戲,30000,0.5,指定 GPU:效能,12,28339,0.2841,0.4781,AMD R5 5600XT,RX7650GRE,B550M,0.7545,,0.5227,,0.0597,15,0.5326,,0.1739,9,0.5186,,0.6043,6,0.2543,8,0.4315,5,0.9047,2
遊戲,30000,0.5,指定 GPU:效能,13,28339,0.2846,0.4781,AMD R5 5600XT,RX7650GRE,B550M,0.7545,,0.5227,,0.0597,15,0.5326,,0.1739,9,0.5186,,0.6043,6,0.2543,8,0.4315,5,0.9047,2
遊戲,30000,0.5,指定 GPU:效能,14,29949,0.2656,0.4496,Intel i3-14100,RX7650GRE,H610M,0.6558,14,0.3799,15,0.0597,15,0.5326,,0.1739,9,0.5186,,0.6026,,0.4736,,0.4068,,0.4865,
遊戲,30000,0.5,指定 GPU:效能,15,28849,0.286,0.4781,AMD R5 5600XT,RX7650GRE,B550M,0.7545,,0.5227,,0.0597,15,0.5326,,0.1739,9,0.5186,,0.6043,6,0.2543,8,0.4315,5,0.9047,2
遊戲,30000,0.5,指定 GPU:效能,16,28289,0.2897,0.4631,AMD R5 5600XT,RX7650GRE,A520M,0.7545,,0.5227,,0.0597,15,0.5326,,0.1739,9,0.5186,,0.6026,,0.4736,,0.4068,,0.4865,
遊戲,30000,0.5,指定 GPU:效能,17,28439,0.2848,0.4781,AMD R5 5600XT,RX7650GRE,B550M,0.7545,,0.5227,,0.0597,15,0.5326,,0.1739,9,0.5186,,0.6043,6,0.2543,8,0.4315,5,0.9047,2
遊戲,30000,0.5,指定 GPU:效能,18,28799,0.2861,0.4781,AMD R5 5600XT,RX7650GRE,B550M,0.7545,,0.5227,,0.0597,15,0.5326,,0.1739,9,0.5186,,0.6043,6,0.2543,8,0.4315,5,0.9047,2
遊戲,30000,0.5,指定 GPU:效能,19,30190,0.306,0.5239,AMD R5 7500F,RX9060XT,A520M,0.9777,4,0.8478,2,0.6335,4,1.0,1,0.6458,3,0.5162,4,0.6026,,0.4736,,0.4068,,0.4865,
遊戲,30000,0.5,指定 GPU:穩定,0,28799,0.286,0.4781,AMD R5 5600XT,RX7650GRE,B550M,0.7545,,0.5227,,0.0597,15,0.5326,,0.1739,9,0.5186,,0.6043,6,0.2543,8,0.4315,5,0.9047,2
遊戲,30000,0.5,指定 GPU:穩定,1,28539,0.2849,0.4781,AMD R5 5600XT,RX7650GRE,B550M,0.7545,,0.5227,,0.0597,15,0.5326,,0.1739,9,0.5186,,0.6043,6,0.2543,8,0.4315,5,0.9047,2
遊戲,30000,0.5,指定 GPU:穩定,2,28339,0.2841,0.4781,AMD R5 5600XT,RX7650GRE,B550M,0.7545,,0.5227,,0.0597,15,0.5326,,0.1739,9,0.5186,,0.6043,6,0.2543,8,0.4315,5,0.9047,2
遊戲,30000,0.5,指定 GPU:穩定,3,28739,0.2889,0.4781,AMD R5 5600XT,RX7650GRE,B550M,0.7545,,0.5227,,0.0597,15,0.5326,,0.1739,9,0.5186,,0.6043,6,0.2543,8,0.4315,5,0.9047,2
遊戲,30000,0.5,指定 GPU:穩定,4,28539,0.2849,0.4781,AMD R5 5600XT,RX7650GRE,B550M,0.7545,,0.5227,,0.0597,15,0.5326,,0.1739,9,0.5186,,0.6043,6,0.2543,8,0.4315,5,0.9047,2
遊戲,30000,0.5,指定 GPU:穩定,5,28389,0.2848,0.4781,AMD R5 5600XT,RX7650GRE,B550M,0.7545,,0.5227,,0.0597,15,0.5326,,0.1739,9,0.5186,,0.6043,6,0.2543,8,0.4315,5,0.9047,2
遊戲,30000,0.5,指定 GPU:穩定,6,28639,0.2851,0.4781,AMD R5 5600XT,RX7650GRE,B550M,0.7545,,0.5227,,0.0597,15,0.5326,,0.1739,9,0.5186,,0.6043,6,0.2543,8,0.4315,5,0.9047,2
遊戲,30000,0.5,指定 GPU:穩定,7,28339,0.2846,0.4781,AMD R5 5600XT,RX7650GRE,B550M,0.7545,,0.5227,,0.0597,15,0.5326,,0.1739,9,0.5186,,0.6043,6,0.2543,8,0.4315,5,0.9047,2
遊戲,30000,0.5,指定 GPU:穩定,8,28339,0.2846,0.4781,AMD R5 5600XT,RX7650GRE,B550M,0.7545,,0.5227,,0.0597,15,0.5326,,0.1739,9,0.5186,,0.6043,6,0.2543,8,0.4315,5,0.9047,2
遊戲,30000,0.5,指定 GPU:穩定,9,28339,0.2846,0.4781,AMD R5 5600XT,RX7650GRE,B550M,0.7545,,0.5227,,0.0597,15,0.5326,,0.1739,9,0.5186,,0.6043,6,0.2543,8,0.4315,5,0.9047,2
遊戲,30000,0.5,指定 GPU:穩定,10,28449,0.2856,0.4781,AMD R5 5600XT,RX7650GRE,B550M,0.7545,,0.5227,,0.0597,15,0.5326,,0.1739,9,0.5186,,0.6043,6,0.2543,8,0.4315,5,0.9047,2
遊戲,30000,0.5,指定 GPU:穩定,11,28449,0.2856,0.4781,AMD R5 5600XT,RX7650GRE,B550M,0.7545,,0.5227,,0.0597,15,0.5326,,0.1739,9,0.5186,,0.6043,6,0.2543,8,0.4315,5,0.9047,2
遊戲,30000,0.5,指定 GPU:穩定,12,28389,0.284,0.4781,AMD R5 5600XT,RX7650GRE,B550M,0.7545,,0.5227,,0.0597,15,0.5326,,0.1739,9,0.5186,,0.6043,6,0.2543,8,0.4315,5,0.9047,2
遊戲,30000,0.5,指定 GPU:穩定,13,28639,0.2851,0.4781,AMD R5 5600XT,RX7650GRE,B550M,0.7545,,0.5227,,0.0597,15,0.5326,,0.1739,9,0.5186,,0.6043,6,0.2543,8,0.4315,5,0.9047,2
遊戲,30000,0.5,指定 GPU:穩定,14,27839,0.2833,0.4631,AMD R5 5600XT,RX7650GRE,A520M,0.7545,,0.5227,,0.0597,15,0.5326,,0.1739,9,0.5186,,0.6026,,0.4736,,0.4068,,0.4865,
遊戲,30000,0.5,指定 GPU:穩定,15,28339,0.284,0.4781,AMD R5 5600XT,RX7650GRE,B550M,0.7545,,0.5227,,0.0597,15,0.5326,,0.1739,9,0.5186,,0.6043,6,0.2543,8,0.4315,5,0.9047,2
遊戲,30000,0.5,指定 GPU:穩定,16,28539,0.2849,0.4781,AMD R5 5600XT,RX7650GRE,B550M,0.7545,,0.5227,,0.0597,15,0.5326,,0.1739,9,0.5186,,0.6043,6,0.2543,8,0.4315,5,0.9047,2
遊戲,30000,0.5,指定 GPU:穩定,17,28539,0.2849,0.4781,AMD R5 5600XT,RX7650GRE,B550M,0.7545,,0.5227,,0.0597,15,0.5326,,0.1739,9,0.5186,,0.6043,6,0.2543,8,0.4315,5,0.9047,2
遊戲,30000,0.5,指定 GPU:穩定,18,28439,0.2847,0.4781,AMD R5 5600XT,RX7650GRE,B550M,0.7545,,0.5227,,0.0597,15,0.5326,,0.1739,9,0.5186,,0.6043,6,0.2543,8,0.4315,5,0.9047,2
遊戲,30000,0.5,指定 GPU:穩定,19,28339,0.284,0.4781,AMD R5 5600XT,RX7650GRE,B550M,0.7545,,0.5227,,0.0597,15,0.5326,,0.1739,9,0.5186,,0.6043,6,0.2543,8,0.4315,5,0.9047,2
遊戲,30000,0.5,指定 GPU:CP值,0,28489,0.2849,0.4781,AMD R5 5600XT,RX7650GRE,B550M,0.7545,,0.5227,,0.0597,15,0.5326,,0.1739,9,0.5186,,0.6043,6,0.2543,8,0.4315,5,0.9047,2
遊戲,30000,0.5,指定 GPU:CP值,1,28539,0.2849,0.4781,AMD R5 5600XT,RX7650GRE,B550M,0.7545,,0.5227,,0.0597,15,0.5326,,0.1739,9,0.5186,,0.6043,6,0.2543,8,0.4315,5,0.9047,2
遊戲,30000,0.5,指定 GPU:CP值,2,28789,0.2857,0.4781,AMD R5 5600XT,RX7650GRE,B550M,0.7545,,0.5227,,0.0597,15,0.5326,,0.1739,9,0.5186,,0.6043,6,0.2543,8,0.4315,5,0.9047,2
遊戲,30000,0.5,指定 GPU:CP值,3,28339,0.2841,0.4781,AMD R5 5600XT,RX7650GRE,B550M,0.7545,,0.5227,,0.0597,15,0.5326,,0.1739,9,0.5186,,0.6043,6,0.2543,8,0.4315,5,0.9047,2
遊戲,30000,0.5,指定 GPU:CP值,4,27639,0.281,0.4631,AMD R5 5600XT,RX7650GRE,A520M,0.7545,,0.5227,,0.0597,15,0.5326,,0.1739,9,0.5186,,0.6026,,0.4736,,0.4068,,0.4865,
遊戲,30000,0.5,指定 GPU:CP值,5,28539,0.2849,0.4781,AMD R5 5600XT,RX7650GRE,B550M,0.7545,,0.5227,,0.0597,15,0.5326,,0.1739,9,0.5186,,0.6043,6,0.2543,8,0.4315,5,0.9047,2
遊戲,30000,0.5,指定 GPU:CP值,6,28399,0.2854,0.4781,AMD R5 5600XT,RX7650GRE,B550M,0.7545,,0.5227,,0.0597,15,0.5326,,0.1739,9,0.5186,,0.6043,6,0.2543,8,0.4315,5,0.9047,2
遊戲,30000,0.5,指定 GPU:CP值,7,28639,0.285,0.4781,AMD R5 5600XT,RX7650GRE,B550M,0.7545,,0.5227,,0.0597,15,0.5326,,0.1739,9,0.5186,,0.6043,6,0.2543,8,0.4315,5,0.9047,2
遊戲,30000,0.5,指定 GPU:CP值,8,28539,0.2849,0.4781,AMD R5 5600XT,RX7650GRE,B550M,0.7545,,0.5227,,0.0597,15,0.5326,,0.1739,9,0.5186,,0.6043,6,0.2543,8,0.4315,5,0.9047,2
遊戲,30000,0.5,指定 GPU:CP值,9,28339,0.2846,0.4781,AMD R5 5600XT,RX7650GRE,B550M,0.7545,,0.5227,,0.0597,15,0.5326,,0.1739,9,0.5186,,0.6043,6,0.2543,8,0.4315,5,0.9047,2
遊戲,30000,0.5,指定 GPU:CP值,10,28639,0.2851,0.4781,AMD R5 5600XT,RX7650GRE,B550M,0.7545,,0.5227,,0.0597,15,0.5326,,0.1739,9,0.5186,,0.6043,6,0.2543,8,0.4315,5,0.9047,2
遊戲,30000,0.5,指定 GPU:CP值,11,29739,0.2845,0.4631,AMD R5 5600XT,RX7650GRE,A520M,0.7545,,0.5227,,0.0597,15,0.5326,,0.1739,9,0.5186,,0.6026,,0.4736,,0.4068,,0.4865,
遊戲,30000,0.5,指定 GPU:CP值,12,28539,0.2849,0.4781,AMD R5 5600XT,RX7650GRE,B550M,0.7545,,0.5227,,0.0597,15,0.5326,,0.1739,9,0.5186,,0.6043,6,0.2543,8,0.4315,5,0.9047,2
遊戲,30000,0.5,指定 GPU:CP值,13,28539,0.2843,0.4781,AMD R5 5600XT,RX7650GRE,B550M,0.7545,,0.5227,,0.0597,15,0.5326,,0.1739,9,0.5186,,0.6043,6,0.2543,8,0.4315,5,0.9047,2
遊戲,30000,0.5,指定 GPU:CP值,14,28539,0.2849,0.4781,AMD R5 5600XT,RX7650GRE,B550M,0.7545,,0.5227,,0.0597,15,0.5326,,0.1739,9,0.5186,,0.6043,6,0.2543,8,0.4315,5,0.9047,2
遊戲,30000,0.5,指定 GPU:CP值,15,28499,0.2856,0.4781,AMD R5 5600XT,RX7650GRE,B550M,0.7545,,0.5227,,0.0597,15,0.5326,,0.1739,9,0.5186,,0.6043,6,0.2543,8,0.4315,5,0.9047,2
遊戲,30000,0.5,指定 GPU:CP值,16,28839,0.2891,0.4781,AMD R5 5600XT,RX7650GRE,B550M,0.7545,,0.5227,,0.0597,15,0.5326,,0.1739,9,0.5186,,0.6043,6,0.2543,8,0.4315,5,0.9047,2
遊戲,30000,0.5,指定 GPU:CP值,17,28439,0.2848,0.4781,AMD R5 5600XT,RX7650GRE,B550M,0.7545,,0.5227,,0.0597,15,0.5326,,0.1739,9,0.5186,,0.6043,6,0.2543,8,0.4315,5,0.9047,2
遊戲,30000,0.5,指定 GPU:CP值,18,28439,0.2847,0.4781,AMD R5 5600XT,RX7650GRE,B550M,0.7545,,0.5227,,0.0597,15,0.5326,,0.1739,9,0.5186,,0.6043,6,0.2543,8,0.4315,5,0.9047,2
遊戲,30000,0.5,指定 GPU:CP值,19,28339,0.2841,0.4781,AMD R5 5600XT,RX7650GRE,B550M,0.7545,,0.5227,,0.0597,15,0.5326,,0.1739,9,0.5186,,0.6043,6,0.2543,8,0.4315,5,0.9047,2
遊戲,30000,0.5,指定 GPU:VRAM,0,28239,0.2834,0.4781,AMD R5 5600XT,RX7650GRE,B550M,0.7545,,0.5227,,0.0597,15,0.5326,,0.1739,9,0.5186,,0.6043,6,0.2543,8,0.4315,5,0.9047,2
遊戲,30000,0.5,指定 GPU:VRAM,1,28439,0.2847,0.4781,AMD R5 5600XT,RX7650GRE,B550M,0.7545,,0.5227,,0.0597,15,0.5326,,0.1739,9,0.5186,,0.6043,6,0.2543,8,0.4315,5,0.9047,2
遊戲,30000,0.5,指定 GPU:VRAM,2,28339,0.284,0.4781,AMD R5 5600XT,RX7650GRE,B550M,0.7545,,0.5227,,0.0597,15,0.5326,,0.1739,9,0.5186,,0.6043,6,0.2543,8,0.4315,5,0.9047,2
遊戲,30000,0.5,指定 GPU:VRAM,3,28399,0.2849,0.4781,AMD R5 5600XT,RX7650GRE,B550M,0.7545,,0.5227,,0.0597,15,0.5326,,0.1739,9,0.5186,,0.6043,6,0.2543,8,0.4315,5,0.9047,2
遊戲,30000,0.5,指定 GPU:VRAM,4,28899,0.2862,0.4781,AMD R5 5600XT,RX7650GRE,B550M,0.7545,,0.5227,,0.0597,15,0.5326,,0.1739,9,0.5186,,0.6043,6,0.2543,8,0.4315,5,0.9047,2
遊戲,30000,0.5,指定 GPU:VRAM,5,27839,0.2839,0.4631,AMD R5 5600XT,RX7650GRE,A520M,0.7545,,0.5227,,0.0597,15,0.5326,,0.1739,9,0.5186,,0.6026,,0.4736,,0.4068,,0.4865,
遊戲,30000,0.5,指定 GPU:VRAM,6,28439,0.2847,0.4781,AMD R5 5600XT,RX7650GRE,B550M,0.7545,,0.5227,,0.0597,15,0.5326,,0.1739,9,0.5186,,0.6043,6,0.2543,8,0.4315,5,0.9047,2
遊戲,30000,0.5,指定 GPU:VRAM,7,28339,0.2846,0.4781,AMD R5 5600XT,RX7650GRE,B550M,0.7545,,0.5227,,0.0597,15,0.5326,,0.1739,9,0.5186,,0.6043,6,0.2543,8,0.4315,5,0.9047,2
遊戲,30000,0.5,指定 GPU:VRAM,8,29599,0.2849,0.4631,AMD R5 5600XT,RX7650GRE,A520M,0.7545,,0.5227,,0.0597,15,0.5326,,0.1739,9,0.5186,,0.6026,,0.4736,,0.4068,,0.4865,
遊戲,30000,0.5,指定 GPU:VRAM,9,28249,0.2842,0.4781,AMD R5 5600XT,RX7650GRE,B550M,0.7545,,0.5227,,0.0597,15,0.5326,,0.1739,9,0.5186,,0.6043,6,0.2543,8,0.4315,5,0.9047,2
遊戲,30000,0.5,指定 GPU:VRAM,10,28599,0.2847,0.4781,AMD R5 5600XT,RX7650GRE,B550M,0.7545,,0.5227,,0.0597,15,0.5326,,0.1739,9,0.5186,,0.6043,6,0.2543,8,0.4315,5,0.9047,2
遊戲,30000,0.5,指定 GPU:VRAM,11,28339,0.2846,0.4781,AMD R5 5600XT,RX7650GRE,B550M,0.7545,,0.5227,,0.0597,15,0.5326,,0.1739,9,0.5186,,0.6043,6,0.2543,8,0.4315,5,0.9047,2
遊戲,30000,0.5,指定 GPU:VRAM,12,28239,0.2839,0.4781,AMD R5 5600XT,RX7650GRE,B550M,0.7545,,0.5227,,0.0597,15,0.5326,,0.1739,9,0.5186,,0.6043,6,0.2543,8,0.4315,5,0.9047,2
遊戲,30000,0.5,指定 GPU:VRAM,13,28439,0.2847,0.4781,AMD R5 5600XT,RX7650GRE,B550M,0.7545,,0.5227,,0.0597,15,0.5326,,0.1739,9,0.5186,,0.6043,6,0.2543,8,0.4315,5,0.9047,2
遊戲,30000,0.5,指定 GPU:VRAM,14,27839,0.2839,0.4631,AMD R5 5600XT,RX7650GRE,A520M,0.7545,,0.5227,,0.0597,15,0.5326,,0.1739,9,0.5186,,0.6026,,0.4736,,0.4068,,0.4865,
遊戲,30000,0.5,指定 GPU:VRAM,15,28439,0.2847,0.4781,AMD R5 5600XT,RX7650GRE,B550M,0.7545,,0.5227,,0.0597,15,0.5326,,0.1739,9,0.5186,,0.6043,6,0.2543,8,0.4315,5,0.9047,2
遊戲,30000,0.5,指定 GPU:VRAM,16,28439,0.2842,0.4781,AMD R5 5600XT,RX7650GRE,B550M,0.7545,,0.5227,,0.0597,15,0.5326,,0.1739,9,0.5186,,0.6043,6,0.2543,8,0.4315,5,0.9047,2
遊戲,30000,0.5,指定 GPU:VRAM,17,28239,0.2839,0.4781,AMD R5 5600XT,RX7650GRE,B550M,0.7545,,0.5227,,0.0597,15,0.5326,,0.1739,9,0.5186,,0.6043,6,0.2543,8,0.4315,5,0.9047,2
遊戲,30000,0.5,指定 GPU:VRAM,18,28399,0.2854,0.4781,AMD R5 5600XT,RX7650GRE,B550M,0.7545,,0.5227,,0.0597,15,0.5326,,0.1739,9,0.5186,,0.6043,6,0.2543,8,0.4315,5,0.9047,2
遊戲,30000,0.5,指定 GPU:VRAM,19,28599,0.2857,0.4781,AMD R5 5600XT,RX7650GRE,B550M,0.7545,,0.5227,,0.0597,15,0.5326,,0.1739,9,0.5186,,0.6043,6,0.2543,8,0.4315,5,0.9047,2
遊戲,30000,0.5,指定 主機板:用料,0,28449,0.2853,0.4781,AMD R5 5600XT,RX7650GRE,B550M,0.7545,,0.5227,,0.0597,15,0.5326,,0.1739,9,0.5186,,0.6043,6,0.2543,8,0.4315,5,0.9047,2
遊戲,30000,0.5,指定 主機板:用料,1,28899,0.2852,0.4781,AMD R5 5600XT,RX7650GRE,B550M,0.7545,,0.5227,,0.0597,15,0.5326,,0.1739,9,0.5186,,0.6043,6,0.2543,8,0.4315,5,0.9047,2
遊戲,30000,0.5,指定 主機板:用料,2,28399,0.2849,0.4781,AMD R5 5600XT,RX7650GRE,B550M,0.7545,,0.5227,,0.0597,15,0.5326,,0.1739,9,0.5186,,0.6043,6,0.2543,8,0.4315,5,0.9047,2
遊戲,30000,0.5,指定 主機板:用料,3,29049,0.2861,0.4781,AMD R5 5600XT,RX7650GRE,B550M,0.7545,,0.5227,,0.0597,15,0.5326,,0.1739,9,0.5186,,0.6043,6,0.2543,8,0.4315,5,0.9047,2
遊戲,30000,0.5,指定 主機板:用料,4,28339,0.284,0.4781,AMD R5 5600XT,RX7650GRE,B550M,0.7545,,0.5227,,0.0597,15,0.5326,,0.1739,9,0.5186,,0.6043,6,0.2543,8,0.4315,5,0.9047,2
遊戲,30000,0.5,指定 主機板:用料,5,28739,0.2853,0.4781,AMD R5 5600XT,RX7650GRE,B550M,0.7545,,0.5227,,0.0597,15,0.5326,,0.1739,9,0.5186,,0.6043,6,0.2543,8,0.4315,5,0.9047,2
遊戲,30000,0.5,指定 主機板:用料,6,28339,0.2846,0.4781,AMD R5 5600XT,RX7650GRE,B550M,0.7545,,0.5227,,0.0597,15,0.5326,,0.1739,9,0.5186,,0.6043,6,0.2543,8,0.4315,5,0.9047,2
遊戲,30000,0.5,指定 主機板:用料,7,28599,0.2857,0.4781,AMD R5 5600XT,RX7650GRE,B550M,0.7545,,0.5227,,0.0597,15,0.5326,,0.1739,9,0.5186,,0.6043,6,0.2543,8,0.4315,5,0.9047,2
遊戲,30000,0.5,指定 主機板:用料,8,30819,0.2997,0.517,AMD R5 7500F,RX7650GRE,B850M,0.9777,4,0.8478,2,0.0597,15,0.5326,,0.1739,9,0.5186,,1.0,1,0.6879,3,0.566,3,0.5164,6
遊戲,30000,0.5,指定 主機板:用料,9,28339,0.2846,0.4781,AMD R5 5600XT,RX7650GRE,B550M,0.7545,,0.5227,,0.0597,15,0.5326,,0.1739,9,0.5186,,0.6043,6,0.2543,8,0.4315,5,0.9047,2
遊戲,30000,0.5,指定 主機板:用料,10,28639,0.2845,0.4781,AMD R5 5600XT,RX7650GRE,B550M,0.7545,,0.5227,,0.0597,15,0.5326,,0.1739,9,0.5186,,0.6043,6,0.2543,8,0.4315,5,0.9047,2
遊戲,30000,0.5,指定 主機板:用料,11,28439,0.2848,0.4781,AMD R5 5600XT,RX7650GRE,B550M,0.7545,,0.5227,,0.0597,15,0.5326,,0.1739,9,0.5186,,0.6043,6,0.2543,8,0.4315,5,0.9047,2
遊戲,30000,0.5,指定 主機板:用料,12,28539,0.2849,0.4781,AMD R5 5600XT,RX7650GRE,B550M,0.7545,,0.5227,,0.0597,15,0.5326,,0.1739,9,0.5186,,0.6043,6,0.2543,8,0.4315,5,0.9047,2
遊戲,30000,0.5,指定 主機板:用料,13,28699,0.2859,0.4781,AMD R5 5600XT,RX7650GRE,B550M,0.7545,,0.5227,,0.0597,15,0.5326,,0.1739,9,0.5186,,0.6043,6,0.2543,8,0.4315,5,0.9047,2
遊戲,30000,0.5,指定 主機板:用料,14,28539,0.2849,0.4781,AMD R5 5600XT,RX7650GRE,B550M,0.7545,,0.5227,,0.0597,15,0.5326,,0.1739,9,0.5186,,0.6043,6,0.2543,8,0.4315,5,0.9047,2
遊戲,30000,0.5,指定 主機板:用料,15,28339,0.2841,0.4781,AMD R5 5600XT,RX7650GRE,B550M,0.7545,,0.5227,,0.0597,15,0.5326,,0.1739,9,0.5186,,0.6043,6,0.2543,8,0.4315,5,0.9047,2
遊戲,30000,0.5,指定 主機板:用料,16,28339,0.2846,0.4781,AMD R5 5600XT,RX7650GRE,B550M,0.7545,,0.5227,,0.0597,15,0.5326,,0.1739,9,0.5186,,0.6043,6,0.2543,8,0.4315,5,0.9047,2
遊戲,30000,0.5,指定 主機板:用料,17,29039,0.2918,0.4781,AMD R5 5600XT,RX7650GRE,B550M,0.7545,,0.5227,,0.0597,15,0.5326,,0.1739,9,0.5186,,0.6043,6,0.2543,8,0.4315,5,0.9047,2
遊戲,30000,0.5,指定 主機板:用料,18,29649,0.2877,0.4781,AMD R5 5600XT,RX7650GRE,B550M,0.7545,,0.5227,,0.0597,15,0.5326,,0.1739,9,0.5186,,0.6043,6,0.2543,8,0.4315,5,0.9047,2
遊戲,30000,0.5,指定 主機板:用料,19,29339,0.2832,0.4631,AMD R5 5600XT,RX7650GRE,A520M,0.7545,,0.5227,,0.0597,15,0.5326,,0.1739,9,0.5186,,0.6026,,0.4736,,0.4068,,0.4865,
遊戲,30000,0.5,指定 主機板:擴充性,0,27939,0.284,0.4631,AMD R5 5600XT,RX7650GRE,A520M,0.7545,,0.5227,,0.0597,15,0.5326,,0.1739,9,0.5186,,0.6026,,0.4736,,0.4068,,0.4865,
遊戲,30000,0.5,指定 主機板:擴充性,1,27799,0.284,0.4631,AMD R5 5600XT,RX7650GRE,A520M,0.7545,,0.5227,,0.0597,15,0.5326,,0.1739,9,0.5186,,0.6026,,0.4736,,0.4068,,0.4865,
遊戲,30000,0.5,指定 主機板:擴充性,2,27939,0.284,0.4631,AMD R5 5600XT,RX7650GRE,A520M,0.7545,,0.5227,,0.0597,15,0.5326,,0.1739,9,0.5186,,0.6026,,0.4736,,0.4068,,0.4865,
遊戲,30000,0.5,指定 主機板:擴充性,3,27799,0.284,0.4631,AMD R5 5600XT,RX7650GRE,A520M,0.7545,,0.5227,,0.0597,15,0.5326,,0.1739,9,0.5186,,0.6026,,0.4736,,0.4068,,0.4865,
遊戲,30000,0.5,指定 主機板:擴充性,4,27939,0.284,0.4631,AMD R5 5600XT,RX7650GRE,A520M,0.7545,,0.5227,,0.0597,15,0.5326,,0.1739,9,0.5186,,0.6026,,0.4736,,0.4068,,0.4865,
遊戲,30000,0.5,指定 主機板:擴充性,5,27939,0.284,0.4631,AMD R5 5600XT,RX7650GRE,A520M,0.7545,,0.5227,,0.0597,15,0.5326,,0.1739,9,0.5186,,0.6026,,0.4736,,0.4068,,0.4865,
遊戲,30000,0.5,指定 主機板:擴充性,6,27939,0.284,0.4631,AMD R5 5600XT,RX7650GRE,A520M,0.7545,,0.5227,,0.0597,15,0.5326,,0.1739,9,0.5186,,0.6026,,0.4736,,0.4068,,0.4865,
遊戲,30000,0.5,指定 主機板:擴充性,7,27939,0.284,0.4631,AMD R5 5600XT,RX7650GRE,A520M,0.7545,,0.5227,,0.0597,15,0.5326,,0.1739,9,0.5186,,0.6026,,0.4736,,0.4068,,0.4865,
遊戲,30000,0.5,指定 主機板:擴充性,8,27839,0.2839,0.4631,AMD R5 5600XT,RX7650GRE,A520M,0.7545,,0.5227,,0.0597,15,0.5326,,0.1739,9,0.5186,,0.6026,,0.4736,,0.4068,,0.4865,
遊戲,30000,0.5,指定 主機板:擴充性,9,27539,0.2818,0.4631,AMD R5 5600XT,RX7650GRE,A520M,0.7545,,0.5227,,0.0597,15,0.5326,,0.1739,9,0.5186,,0.6026,,0.4736,,0.4068,,0.4865,
遊戲,30000,0.5,指定 主機板:擴充性,10,27939,0.284,0.4631,AMD R5 5600XT,RX7650GRE,A520M,0.7545,,0.5227,,0.0597,15,0.5326,,0.1739,9,0.5186,,0.6026,,0.4736,,0.4068,,0.4865,
遊戲,30000,0.5,指定 主機板:擴充性,11,27999,0.2848,0.4631,AMD R5 5600XT,RX7650GRE,A520M,0.7545,,0.5227,,0.0597,15,0.5326,,0.1739,9,0.5186,,0.6026,,0.4736,,0.4068,,0.4865,
遊戲,30000,0.5,指定 主機板:擴充性,12,27839,0.2833,0.4631,AMD R5 5600XT,RX7650GRE,A520M,0.7545,,0.5227,,0.0597,15,0.5326,,0.1739,9,0.5186,,0.6026,,0.4736,,0.4068,,0.4865,
遊戲,30000,0.5,指定 主機板:擴充性,13,28039,0.2842,0.4631,AMD R5 5600XT,RX7650GRE,A520M,0.7545,,0.5227,,0.0597,15,0.5326,,0.1739,9,0.5186,,0.6026,,0.4736,,0.4068,,0.4865,
遊戲,30000,0.5,指定 主機板:擴充性,14,27739,0.2832,0.4631,AMD R5 5600XT,RX7650GRE,A520M,0.7545,,0.5227,,0.0597,15,0.5326,,0.1739,9,0.5186,,0.6026,,0.4736,,0.4068,,0.4865,
遊戲,30000,0.5,指定 主機板:擴充性,15,27839,0.2839,0.4631,AMD R5 5600XT,RX7650GRE,A520M,0.7545,,0.5227,,0.0597,15,0.5326,,0.1739,9,0.5186,,0.6026,,0.4736,,0.4068,,0.4865,
遊戲,30000,0.5,指定 主機板:擴充性,16,28099,0.285,0.4631,AMD R5 5600XT,RX7650GRE,A520M,0.7545,,0.5227,,0.0597,15,0.5326,,0.1739,9,0.5186,,0.6026,,0.4736,,0.4068,,0.4865,
遊戲,30000,0.5,指定 主機板:擴充性,17,27789,0.2834,0.4631,AMD R5 5600XT,RX7650GRE,A520M,0.7545,,0.5227,,0.0597,15,0.5326,,0.1739,9,0.5186,,0.6026,,0.4736,,0.4068,,0.4865,
遊戲,30000,0.5,指定 主機板:擴充性,18,27939,0.284,0.4631,AMD R5 5600XT,RX7650GRE,A520M,0.7545,,0.5227,,0.0597,15,0.5326,,0.1739,9,0.5186,,0.6026,,0.4736,,0.4068,,0.4865,
遊戲,30000,0.5,指定 主機板:擴充性,19,27939,0.284,0.4631,AMD R5 5600XT,RX7650GRE,A520M,0.7545,,0.5227,,0.0597,15,0.5326,,0.1739,9,0.5186,,0.6026,,0.4736,,0.4068,,0.4865,
遊戲,30000,0.5,指定 主機板:穩定,0,28339,0.2846,0.4781,AMD R5 5600XT,RX7650GRE,B550M,0.7545,,0.5227,,0.0597,15,0.5326,,0.1739,9,0.5186,,0.6043,6,0.2543,8,0.4315,5,0.9047,2
遊戲,30000,0.5,指定 主機板:穩定,1,29799,0.2826,0.4781,AMD R5 5600XT,RX7650GRE,B550M,0.7545,,0.5227,,0.0597,15,0.5326,,0.1739,9,0.5186,,0.6043,6,0.2543,8,0.4315,5,0.9047,2
遊戲,30000,0.5,指定 主機板:穩定,2,28339,0.2846,0.4781,AMD R5 5600XT,RX7650GRE,B550M,0.7545,,0.5227,,0.0597,15,0.5326,,0.1739,9,0.5186,,0.6043,6,0.2543,8,0.4315,5,0.9047,2
遊戲,30000,0.5,指定 主機板:穩定,3,28439,0.2848,0.4781,AMD R5 5600XT,RX7650GRE,B550M,0.7545,,0.5227,,0.0597,15,0.5326,,0.1739,9,0.5186,,0.6043,6,0.2543,8,0.4315,5,0.9047,2
遊戲,30000,0.5,指定 主機板:穩定,4,28439,0.2848,0.4781,AMD R5 5600XT,RX7650GRE,B550M,0.7545,,0.5227,,0.0597,15,0.5326,,0.1739,9,0.5186,,0.6043,6,0.2543,8,0.4315,5,0.9047,2
遊戲,30000,0.5,指定 主機板:穩定,5,29878,0.2966,0.3959,AMD R5 7500F,RX7650GRE,A620,0.9777,4,0.8478,2,0.0597,15,0.5326,,0.1739,9,0.5186,,0.0,10,0.0,10,1.0,1,0.1273,10
遊戲,30000,0.5,指定 主機板:穩定,6,30278,0.2983,0.3959,AMD R5 7500F,RX7650GRE,A620,0.9777,4,0.8478,2,0.0597,15,0.5326,,0.1739,9,0.5186,,0.0,10,0.0,10,1.0,1,0.1273,10
遊戲,30000,0.5,指定 主機板:穩定,7,28439,0.2847,0.4781,AMD R5 5600XT,RX7650GRE,B550M,0.7545,,0.5227,,0.0597,15,0.5326,,0.1739,9,0.5186,,0.6043,6,0.2543,8,0.4315,5,0.9047,2
遊戲,30000,0.5,指定 主機板:穩定,8,28439,0.2847,0.4781,AMD R5 5600XT,RX7650GRE,B550M,0.7545,,0.5227,,0.0597,15,0.5326,,0.1739,9,0.5186,,0.6043,6,0.2543,8,0.4315,5,0.9047,2
遊戲,30000,0.5,指定 主機板:穩定,9,28889,0.2917,0.4781,AMD R5 5600XT,RX7650GRE,B550M,0.7545,,0.5227,,0.0597,15,0.5326,,0.1739,9,0.5186,,0.6043,6,0.2543,8,0.4315,5,0.9047,2
遊戲,30000,0.5,指定 主機板:穩定,10,28439,0.2848,0.4781,AMD R5 5600XT,RX7650GRE,B550M,0.7545,,0.5227,,0.0597,15,0.5326,,0.1739,9,0.5186,,0.6043,6,0.2543,8,0.4315,5,0.9047,2
遊戲,30000,0.5,指定 主機板:穩定,11,28439,0.2847,0.4781,AMD R5 5600XT,RX7650GRE,B550M,0.7545,,0.5227,,0.0597,15,0.5326,,0.1739,9,0.5186,,0.6043,6,0.2543,8,0.4315,5,0.9047,2
遊戲,30000,0.5,指定 主機板:穩定,12,28539,0.2849,0.4781,AMD R5 5600XT,RX7650GRE,B550M,0.7545,,0.5227,,0.0597,15,0.5326,,0.1739,9,0.5186,,0.6043,6,0.2543,8,0.4315,5,0.9047,2
遊戲,30000,0.5,指定 主機板:穩定,13,28639,0.285,0.4781,AMD R5 5600XT,RX7650GRE,B550M,0.7545,,0.5227,,0.0597,15,0.5326,,0.1739,9,0.5186,,0.6043,6,0.2543,8,0.4315,5,0.9047,2
遊戲,30000,0.5,指定 主機板:穩定,14,28299,0.2837,0.4781,AMD R5 5600XT,RX7650GRE,B550M,0.7545,,0.5227,,0.0597,15,0.5326,,0.1739,9,0.5186,,0.6043,6,0.2543,8,0.4315,5,0.9047,2
遊戲,30000,0.5,指定 主機板:穩定,15,28339,0.2846,0.4781,AMD R5 5600XT,RX7650GRE,B550M,0.7545,,0.5227,,0.0597,15,0.5326,,0.1739,9,0.5186,,0.6043,6,0.2543,8,0.4315,5,0.9047,2
遊戲,30000,0.5,指定 主機板:穩定,16,28439,0.2848,0.4781,AMD R5 5600XT,RX7650GRE,B550M,0.7545,,0.5227,,0.0597,15,0.5326,,0.1739,9,0.5186,,0.6043,6,0.2543,8,0.4315,5,0.9047,2
遊戲,30000,0.5,指定 主機板:穩定,17,28339,0.2846,0.4781,AMD R5 5600XT,RX7650GRE,B550M,0.7545,,0.5227,,0.0597,15,0.5326,,0.1739,9,0.5186,,0.6043,6,0.2543,8,0.4315,5,0.9047,2
遊戲,30000,0.5,指定 主機板:穩定,18,28339,0.2846,0.4781,AMD R5 5600XT,RX7650GRE,B550M,0.7545,,0.5227,,0.0597,15,0.5326,,0.1739,9,0.5186,,0.6043,6,0.2543,8,0.4315,5,0.9047,2
遊戲,30000,0.5,指定 主機板:穩定,19,28539,0.2849,0.4781,AMD R5 5600XT,RX7650GRE,B550M,0.7545,,0.5227,,0.0597,15,0.5326,,0.1739,9,0.5186,,0.6043,6,0.2543,8,0.4315,5,0.9047,2
遊戲,30000,0.5,指定 主機板:CP值,0,28289,0.2835,0.4781,AMD R5 5600XT,RX7650GRE,B550M,0.7545,,0.5227,,0.0597,15,0.5326,,0.1739,9,0.5186,,0.6043,6,0.2543,8,0.4315,5,0.9047,2
遊戲,30000,0.5,指定 主機板:CP值,1,28639,0.2851,0.4781,AMD R5 5600XT,RX7650GRE,B550M,0.7545,,0.5227,,0.0597,15,0.5326,,0.1739,9,0.5186,,0.6043,6,0.2543,8,0.4315,5,0.9047,2
遊戲,30000,0.5,指定 主機板:CP值,2,28739,0.2853,0.4781,AMD R5 5600XT,RX7650GRE,B550M,0.7545,,0.5227,,0.0597,15,0.5326,,0.1739,9,0.5186,,0.6043,6,0.2543,8,0.4315,5,0.9047,2
遊戲,30000,0.5,指定 主機板:CP值,3,28339,0.2846,0.4781,AMD R5 5600XT,RX7650GRE,B550M,0.7545,,0.5227,,0.0597,15,0.5326,,0.1739,9,0.5186,,0.6043,6,0.2543,8,0.4315,5,0.9047,2
遊戲,30000,0.5,指定 主機板:CP值,4,31386,0.3127,0.531,AMD R5 7500F,RX9060XT,B650M,0.9777,4,0.8478,2,0.6335,4,1.0,1,0.6458,3,0.5162,4,0.5795,7,0.2883,7,0.0,10,1.0,1
遊戲,30000,0.5,指定 主機板:CP值,5,28339,0.2846,0.4781,AMD R5 5600XT,RX7650GRE,B550M,0.7545,,0.5227,,0.0597,15,0.5326,,0.1739,9,0.5186,,0.6043,6,0.2543,8,0.4315,5,0.9047,2
遊戲,30000,0.5,指定 主機板:CP值,6,28439,0.2847,0.4781,AMD R5 5600XT,RX7650GRE,B550M,0.7545,,0.5227,,0.0597,15,0.5326,,0.1739,9,0.5186,,0.6043,6,0.2543,8,0.4315,5,0.9047,2
遊戲,30000,0.5,指定 主機板:CP值,7,28539,0.2849,0.4781,AMD R5 5600XT,RX7650GRE,B550M,0.7545,,0.5227,,0.0597,15,0.5326,,0.1739,9,0.5186,,0.6043,6,0.2543,8,0.4315,5,0.9047,2
遊戲,30000,0.5,指定 主機板:CP值,8,28339,0.2846,0.4781,AMD R5 5600XT,RX7650GRE,B550M,0.7545,,0.5227,,0.0597,15,0.5326,,0.1739,9,0.5186,,0.6043,6,0.2543,8,0.4315,5,0.9047,2
遊戲,30000,0.5,指定 主機板:CP值,9,28439,0.2848,0.4781,AMD R5 5600XT,RX7650GRE,B550M,0.7545,,0.5227,,0.0597,15,0.5326,,0.1739,9,0.5186,,0.6043,6,0.2543,8,0.4315,5,0.9047,2
遊戲,30000,0.5,指定 主機板:CP值,10,28539,0.2849,0.4781,AMD R5 5600XT,RX7650GRE,B550M,0.7545,,0.5227,,0.0597,15,0.5326,,0.1739,9,0.5186,,0.6043,6,0.2543,8,0.4315,5,0.9047,2
遊戲,30000,0.5,指定 主機板:CP值,11,28499,0.2856,0.4781,AMD R5 5600XT,RX7650GRE,B550M,0.7545,,0.5227,,0.0597,15,0.5326,,0.1739,9,0.5186,,0.6043,6,0.2543,8,0.4315,5,0.9047,2
遊戲,30000,0.5,指定 主機板:CP值,12,28339,0.2846,0.4781,AMD R5 5600XT,RX7650GRE,B550M,0.7545,,0.5227,,0.0597,15,0.5326,,0.1739,9,0.5186,,0.6043,6,0.2543,8,0.4315,5,0.9047,2
遊戲,30000,0.5,指定 主機板:CP值,13,28339,0.2846,0.4781,AMD R5 5600XT,RX7650GRE,B550M,0.7545,,0.5227,,0.0597,15,0.5326,,0.1739,9,0.5186,,0.6043,6,0.2543,8,0.4315,5,0.9047,2
遊戲,30000,0.5,指定 主機板:CP值,14,28739,0.2853,0.4781,AMD R5 5600XT,RX7650GRE,B550M,0.7545,,0.5227,,0.0597,15,0.5326,,0.1739,9,0.5186,,0.6043,6,0.2543,8,0.4315,5,0.9047,2
遊戲,30000,0.5,指定 主機板:CP值,15,28189,0.2834,0.4781,AMD R5 5600XT,RX7650GRE,B550M,0.7545,,0.5227,,0.0597,15,0.5326,,0.1739,9,0.5186,,0.6043,6,0.2543,8,0.4315,5,0.9047,2
遊戲,30000,0.5,指定 主機板:CP值,16,28639,0.285,0.4781,AMD R5 5600XT,RX7650GRE,B550M,0.7545,,0.5227,,0.0597,15,0.5326,,0.1739,9,0.5186,,0.6043,6,0.2543,8,0.4315,5,0.9047,2
遊戲,30000,0.5,指定 主機板:CP值,17,28639,0.285,0.4781,AMD R5 5600XT,RX7650GRE,B550M,0.7545,,0.5227,,0.0597,15,0.5326,,0.1739,9,0.5186,,0.6043,6,0.2543,8,0.4315,5,0.9047,2
遊戲,30000,0.5,指定 主機板:CP值,18,29939,0.2847,0.4781,AMD R5 5600XT,RX7650GRE,B550M,0.7545,,0.5227,,0.0597,15,0.5326,,0.1739,9,0.5186,,0.6043,6,0.2543,8,0.4315,5,0.9047,2
遊戲,30000,0.5,指定 主機板:CP值,19,28339,0.2836,0.4781,AMD R5 5600XT,RX7650GRE,B550M,0.7545,,0.5227,,0.0597,15,0.5326,,0.1739,9,0.5186,,0.6043,6,0.2543,8,0.4315,5,0.9047,2
遊戲,40000,0.5,無口碑,0,39499,0.396,0.5358,Intel Core Ultra 5 245KF,RX9060XT,B860M,0.6576,12,0.593,5,0.6335,4,1.0,1,0.6458,3,0.5162,4,0.6026,,0.4736,,0.4068,,0.5202,5
遊戲,40000,0.5,無口碑,1,33764,0.3313,0.4631,AMD R5 5600XT,RX7650GRE,A520M,0.7545,,0.5227,,0.0597,15,0.5326,,0.1739,9,0.5186,,0.6026,,0.4736,,0.4068,,0.4865,
遊戲,40000,0.5,無口碑,2,33489,0.3275,0.4631,AMD R5 5600XT,RX7650GRE,A520M,0.7545,,0.5227,,0.0597,15,0.5326,,0.1739,9,0.5186,,0.6026,,0.4736,,0.4068,,0.4865,
遊戲,40000,0.5,無口碑,3,33664,0.3306,0.4631,AMD R5 5600XT,RX7650GRE,A520M,0.7545,,0.5227,,0.0597,15,0.5326,,0.1739,9,0.5186,,0.6026,,0.4736,,0.4068,,0.4865,
遊戲,40000,0.5,無口碑,4,39999,0.3409,0.4113,Intel i5-14400F,RTX5060,B760M,0.6462,15,0.5828,7,0.5915,6,0.3043,8,0.4465,5,0.0,10,0.3525,8,0.2004,9,0.1753,8,0.8531,4
遊戲,40000,0.5,無口碑,5,38599,0.3359,0.4805,Intel i5-14400F,RX9060XT,B760M,0.6462,15,0.5828,7,0.6335,4,1.0,1,0.6458,3,0.5162,4,0.3525,8,0.2004,9,0.1753,8,0.8531,4
遊戲,40000,0.5,無口碑,6,39097,0.345,0.4113,Intel i5-14400F,RTX5060,B760M,0.6462,15,0.5828,7,0.5915,6,0.3043,8,0.4465,5,0.0,10,0.3525,8,0.2004,9,0.1753,8,0.8531,4
遊戲,40000,0.5,無口碑,7,33964,0.3317,0.4631,AMD R5 5600XT,RX7650GRE,A520M,0.7545,,0.5227,,0.0597,15,0.5326,,0.1739,9,0.5186,,0.6026,,0.4736,,0.4068,,0.4865,
遊戲,40000,0.5,無口碑,8,33964,0.3317,0.4631,AMD R5 5600XT,RX7650GRE,A520M,0.7545,,0.5227,,0.0597,15,0.5326,,0.1739,9,0.5186,,0.6026,,0.4736,,0.4068,,0.4865,
遊戲,40000,0.5,無口碑,9,39097,0.3455,0.4113,Intel i5-14400F,RTX5060,B760M,0.6462,15,0.5828,7,0.5915,6,0.3043,8,0.4465,5,0.0,10,0.3525,8,0.2004,9,0.1753,8,0.8531,4
遊戲,40000,0.5,無口碑,10,34064,0.3319,0.4631,AMD R5 5600XT,RX7650GRE,A520M,0.7545,,0.5227,,0.0597,15,0.5326,,0.1739,9,0.5186,,0.6026,,0.4736,,0.4068,,0.4865,
遊戲,40000,0.5,無口碑,11,39857,0.3991,0.4666,Intel Core Ultra 5 245KF,RTX5060,B860M,0.6576,12,0.593,5,0.5915,6,0.3043,8,0.4465,5,0.0,10,0.6026,,0.4736,,0.4068,,0.5202,5
遊戲,40000,0.5,無口碑,12,33864,0.3315,0.4631,AMD R5 5600XT,RX7650GRE,A520M,0.7545,,0.5227,,0.0597,15,0.5326,,0.1739,9,0.5186,,0.6026,,0.4736,,0.4068,,0.4865,
遊戲,40000,0.5,無口碑,13,39099,0.3965,0.5358,Intel Core Ultra 5 245KF,RX9060XT,B860M,0.6576,12,0.593,5,0.6335,4,1.0,1,0.6458,3,0.5162,4,0.6026,,0.4736,,0.4068,,0.5202,5
遊戲,40000,0.5,無口碑,14,39699,0.3609,0.4805,Intel i5-14400F,RX9060XT,B760M,0.6462,15,0.5828,7,0.6335,4,1.0,1,0.6458,3,0.5162,4,0.3525,8,0.2004,9,0.1753,8,0.8531,4
遊戲,40000,0.5,無口碑,15,37999,0.3375,0.4805,Intel i5-14400F,RX9060XT,B760M,0.6462,15,0.5828,7,0.6335,4,1.0,1,0.6458,3,0.5162,4,0.3525,8,0.2004,9,0.1753,8,0.8531,4
遊戲,40000,0.5,無口碑,16,33864,0.3315,0.4631,AMD R5 5600XT,RX7650GRE,A520M,0.7545,,0.5227,,0.0597,15,0.5326,,0.1739,9,0.5186,,0.6026,,0.4736,,0.4068,,0.4865,
遊戲,40000,0.5,無口碑,17,39974,0.3647,0.4805,Intel i5-14400F,RX9060XT,B760M,0.6462,15,0.5828,7,0.6335,4,1.0,1,0.6458,3,0.5162,4,0.3525,8,0.2004,9,0.1753,8,0.8531,4
遊戲,40000,0.5,無口碑,18,33764,0.3313,0.4631,AMD R5 5600XT,RX7650GRE,A520M,0.7545,,0.5227,,0.0597,15,0.5326,,0.1739,9,0.5186,,0.6026,,0.4736,,0.4068,,0.4865,
遊戲,40000,0.5,無口碑,19,33764,0.3313,0.4631,AMD R5 5600XT,RX7650GRE,A520M,0.7545,,0.5227,,0.0597,15,0.5326,,0.1739,9,0.5186,,0.6026,,0.4736,,0.4068,,0.4865,
遊戲,40000,0.5,有口碑,0,37699,0.3303,0.4805,Intel i5-14400F,RX9060XT,B760M,0.6462,15,0.5828,7,0.6335,4,1.0,1,0.6458,3,0.5162,4,0.3525,8,0.2004,9,0.1753,8,0.8531,4
遊戲,40000,0.5,有口碑,1,37859,0.3319,0.4805,Intel i5-14400F,RX9060XT,B760M,0.6462,15,0.5828,7,0.6335,4,1.0,1,0.6458,3,0.5162,4,0.3525,8,0.2004,9,0.1753,8,0.8531,4
遊戲,40000,0.5,有口碑,2,31749,0.2986,0.4781,AMD R5 5600XT,RX7650GRE,B550M,0.7545,,0.5227,,0.0597,15,0.5326,,0.1739,9,0.5186,,0.6043,6,0.2543,8,0.4315,5,0.9047,2
遊戲,40000,0.5,有口碑,3,39089,0.3602,0.6778,AMD R7 7700,RX9060XT,B850M,0.983,2,1.0,1,0.6335,4,1.0,1,0.6458,3,0.5162,4,1.0,1,0.6879,3,0.566,3,0.5164,6
遊戲,40000,0.5,有口碑,4,31749,0.2986,0.4781,AMD R5 5600XT,RX7650GRE,B550M,0.7545,,0.5227,,0.0597,15,0.5326,,0.1739,9,0.5186,,0.6043,6,0.2543,8,0.4315,5,0.9047,2
遊戲,40000,0.5,有口碑,5,39149,0.361,0.6778,AMD R7 7700,RX9060XT,B850M,0.983,2,1.0,1,0.6335,4,1.0,1,0.6458,3,0.5162,4,1.0,1,0.6879,3,0.566,3,0.5164,6
遊戲,40000,0.5,有口碑,6,39349,0.3614,0.6778,AMD R7 7700,RX9060XT,B850M,0.983,2,1.0,1,0.6335,4,1.0,1,0.6458,3,0.5162,4,1.0,1,0.6879,3,0.566,3,0.5164,6
遊戲,40000,0.5,有口碑,7,31849,0.2987,0.4781,AMD R5 5600XT,RX7650GRE,B550M,0.7545,,0.5227,,0.0597,15,0.5326,,0.1739,9,0.5186,,0.6043,6,0.2543,8,0.4315,5,0.9047,2
遊戲,40000,0.5,有口碑,8,37859,0.3319,0.4805,Intel i5-14400F,RX9060XT,B760M,0.6462,15,0.5828,7,0.6335,4,1.0,1,0.6458,3,0.5162,4,0.3525,8,0.2004,9,0.1753,8,0.8531,4
遊戲,40000,0.5,有口碑,9,31949,0.2989,0.4781,AMD R5 5600XT,RX7650GRE,B550M,0.7545,,0.5227,,0.0597,15,0.5326,,0.1739,9,0.5186,,0.6043,6,0.2543,8,0.4315,5,0.9047,2
遊戲,40000,0.5,有口碑,10,31749,0.2986,0.4781,AMD R5 5600XT,RX7650GRE,B550M,0.7545,,0.5227,,0.0597,15,0.5326,,0.1739,9,0.5186,,0.6043,6,0.2543,8,0.4315,5,0.9047,2
遊戲,40000,0.5,有口碑,11,31789,0.2979,0.4781,AMD R5 5600XT,RX7650GRE,B550M,0.7545,,0.5227,,0.0597,15,0.5326,,0.1739,9,0.5186,,0.6043,6,0.2543,8,0.4315,5,0.9047,2
遊戲,40000,0.5,有口碑,12,37559,0.3314,0.4805,Intel i5-14400F,RX9060XT,B760M,0.6462,15,0.5828,7,0.6335,4,1.0,1,0.6458,3,0.5162,4,0.3525,8,0.2004,9,0.1753,8,0.8531,4
遊戲,40000,0.5,有口碑,13,38949,0.3607,0.6778,AMD R7 7700,RX9060XT,B850M,0.983,2,1.0,1,0.6335,4,1.0,1,0.6458,3,0.5162,4,1.0,1,0.6879,3,0.566,3,0.5164,6
遊戲,40000,0.5,有口碑,14,37859,0.3318,0.4805,Intel i5-14400F,RX9060XT,B760M,0.6462,15,0.5828,7,0.6335,4,1.0,1,0.6458,3,0.5162,4,0.3525,8,0.2004,9,0.1753,8,0.8531,4
遊戲,40000,0.5,有口碑,15,32149,0.2992,0.4781,AMD R5 5600XT,RX7650GRE,B550M,0.7545,,0.5227,,0.0597,15,0.5326,,0.1739,9,0.5186,,0.6043,6,0.2543,8,0.4315,5,0.9047,2
遊戲,40000,0.5,有口碑,16,31849,0.2988,0.4781,AMD R5 5600XT,RX7650GRE,B550M,0.7545,,0.5227,,0.0597,15,0.5326,,0.1739,9,0.5186,,0.6043,6,0.2543,8,0.4315,5,0.9047,2
遊戲,40000,0.5,有口碑,17,39449,0.3602,0.6778,AMD R7 7700,RX9060XT,B850M,0.983,2,1.0,1,0.6335,4,1.0,1,0.6458,3,0.5162,4,1.0,1,0.6879,3,0.566,3,0.5164,6
遊戲,40000,0.5,有口碑,18,37559,0.3314,0.4805,Intel i5-14400F,RX9060XT,B760M,0.6462,15,0.5828,7,0.6335,4,1.0,1,0.6458,3,0.5162,4,0.3525,8,0.2004,9,0.1753,8,0.8531,4
遊戲,40000,0.5,有口碑,19,31849,0.2987,0.4781,AMD R5 5600XT,RX7650GRE,B550M,0.7545,,0.5227,,0.0597,15,0.5326,,0.1739,9,0.5186,,0.6043,6,0.2543,8,0.4315,5,0.9047,2
遊戲,40000,0.5,指定 CPU:效能,0,39049,0.3609,0.6778,AMD R7 7700,RX9060XT,B850M,0.983,2,1.0,1,0.6335,4,1.0,1,0.6458,3,0.5162,4,1.0,1,0.6879,3,0.566,3,0.5164,6
遊戲,40000,0.5,指定 CPU:效能,1,38699,0.331,0.4805,Intel i5-14400F,RX9060XT,B760M,0.6462,15,0.5828,7,0.6335,4,1.0,1,0.6458,3,0.5162,4,0.3525,8,0.2004,9,0.1753,8,0.8531,4
遊戲,40000,0.5,指定 CPU:效能,2,37759,0.3311,0.4805,Intel i5-14400F,RX9060XT,B760M,0.6462,15,0.5828,7,0.6335,4,1.0,1,0.6458,3,0.5162,4,0.3525,8,0.2004,9,0.1753,8,0.8531,4
遊戲,40000,0.5,指定 CPU:效能,3,39249,0.3612,0.6778,AMD R7 7700,RX9060XT,B850M,0.983,2,1.0,1,0.6335,4,1.0,1,0.6458,3,0.5162,4,1.0,1,0.6879,3,0.566,3,0.5164,6
遊戲,40000,0.5,指定 CPU:效能,4,38259,0.332,0.4805,Intel i5-14400F,RX9060XT,B760M,0.6462,15,0.5828,7,0.6335,4,1.0,1,0.6458,3,0.5162,4,0.3525,8,0.2004,9,0.1753,8,0.8531,4
遊戲,40000,0.5,指定 CPU:效能,5,39049,0.3609,0.6778,AMD R7 7700,RX9060XT,B850M,0.983,2,1.0,1,0.6335,4,1.0,1,0.6458,3,0.5162,4,1.0,1,0.6879,3,0.566,3,0.5164,6
遊戲,40000,0.5,指定 CPU:效能,6,38949,0.3607,0.6778,AMD R7 7700,RX9060XT,B850M,0.983,2,1.0,1,0.6335,4,1.0,1,0.6458,3,0.5162,4,1.0,1,0.6879,3,0.566,3,0.5164,6
遊戲,40000,0.5,指定 CPU:效能,7,37859,0.3319,0.4805,Intel i5-14400F,RX9060XT,B760M,0.6462,15,0.5828,7,0.6335,4,1.0,1,0.6458,3,0.5162,4,0.3525,8,0.2004,9,0.1753,8,0.8531,4
遊戲,40000,0.5,指定 CPU:效能,8,39049,0.3609,0.6778,AMD R7 7700,RX9060XT,B850M,0.983,2,1.0,1,0.6335,4,1.0,1,0.6458,3,0.5162,4,1.0,1,0.6879,3,0.566,3,0.5164,6
遊戲,40000,0.5,指定 CPU:效能,9,37499,0.3306,0.4805,Intel i5-14400F,RX9060XT,B760M,0.6462,15,0.5828,7,0.6335,4,1.0,1,0.6458,3,0.5162,4,0.3525,8,0.2004,9,0.1753,8,0.8531,4
遊戲,40000,0.5,指定 CPU:效能,10,38949,0.3607,0.6778,AMD R7 7700,RX9060XT,B850M,0.983,2,1.0,1,0.6335,4,1.0,1,0.6458,3,0.5162,4,1.0,1,0.6879,3,0.566,3,0.5164,6
遊戲,40000,0.5,指定 CPU:效能,11,37859,0.3319,0.4805,Intel i5-14400F,RX9060XT,B760M,0.6462,15,0.5828,7,0.6335,4,1.0,1,0.6458,3,0.5162,4,0.3525,8,0.2004,9,0.1753,8,0.8531,4
遊戲,40000,0.5,指定 CPU:效能,12,37499,0.3306,0.4805,Intel i5-14400F,RX9060XT,B760M,0.6462,15,0.5828,7,0.6335,4,1.0,1,0.6458,3,0.5162,4,0.3525,8,0.2004,9,0.1753,8,0.8531,4
遊戲,40000,0.5,指定 CPU:效能,13,39049,0.3609,0.6778,AMD R7 7700,RX9060XT,B850M,0.983,2,1.0,1,0.6335,4,1.0,1,0.6458,3,0.5162,4,1.0,1,0.6879,3,0.566,3,0.5164,6
遊戲,40000,0.5,指定 CPU:效能,14,39049,0.3609,0.6778,AMD R7 7700,RX9060XT,B850M,0.983,2,1.0,1,0.6335,4,1.0,1,0.6458,3,0.5162,4,1.0,1,0.6879,3,0.566,3,0.5164,6
遊戲,40000,0.5,指定 CPU:效能,15,39149,0.3605,0.6778,AMD R7 7700,RX9060XT,B850M,0.983,2,1.0,1,0.6335,4,1.0,1,0.6458,3,0.5162,4,1.0,1,0.6879,3,0.566,3,0.5164,6
遊戲,40000,0.5,指定 CPU:效能,16,38949,0.3607,0.6778,AMD R7 7700,RX9060XT,B850M,0.983,2,1.0,1,0.6335,4,1.0,1,0.6458,3,0.5162,4,1.0,1,0.6879,3,0.566,3,0.5164,6
遊戲,40000,0.5,指定 CPU:效能,17,39349,0.3613,0.6778,AMD R7 7700,RX9060XT,B850M,0.983,2,1.0,1,0.6335,4,1.0,1,0.6458,3,0.5162,4,1.0,1,0.6879,3,0.566,3,0.5164,6
遊戲,40000,0.5,指定 CPU:效能,18,39989,0.3591,0.6778,AMD R7 7700,RX9060XT,B850M,0.983,2,1.0,1,0.6335,4,1.0,1,0.6458,3,0.5162,4,1.0,1,0.6879,3,0.566,3,0.5164,6
遊戲,40000,0.5,指定 CPU:效能,19,37759,0.3312,0.4805,Intel i5-14400F,RX9060XT,B760M,0.6462,15,0.5828,7,0.6335,4,1.0,1,0.6458,3,0.5162,4,0.3525,8,0.2004,9,0.1753,8,0.8531,4
遊戲,40000,0.5,指定 CPU:CP值,0,39049,0.3609,0.6778,AMD R7 7700,RX9060XT,B850M,0.983,2,1.0,1,0.6335,4,1.0,1,0.6458,3,0.5162,4,1.0,1,0.6879,3,0.566,3,0.5164,6
遊戲,40000,0.5,指定 CPU:CP值,1,39049,0.3609,0.6778,AMD R7 7700,RX9060XT,B850M,0.983,2,1.0,1,0.6335,4,1.0,1,0.6458,3,0.5162,4,1.0,1,0.6879,3,0.566,3,0.5164,6
遊戲,40000,0.5,指定 CPU:CP值,2,39149,0.361,0.6778,AMD R7 7700,RX9060XT,B850M,0.983,2,1.0,1,0.6335,4,1.0,1,0.6458,3,0.5162,4,1.0,1,0.6879,3,0.566,3,0.5164,6
遊戲,40000,0.5,指定 CPU:CP值,3,39349,0.3608,0.6778,AMD R7 7700,RX9060XT,B850M,0.983,2,1.0,1,0.6335,4,1.0,1,0.6458,3,0.5162,4,1.0,1,0.6879,3,0.566,3,0.5164,6
遊戲,40000,0.5,指定 CPU:CP值,4,39249,0.3612,0.6778,AMD R7 7700,RX9060XT,B850M,0.983,2,1.0,1,0.6335,4,1.0,1,0.6458,3,0.5162,4,1.0,1,0.6879,3,0.566,3,0.5164,6
遊戲,40000,0.5,指定 CPU:CP值,5,37559,0.3314,0.4805,Intel i5-14400F,RX9060XT,B760M,0.6462,15,0.5828,7,0.6335,4,1.0,1,0.6458,3,0.5162,4,0.3525,8,0.2004,9,0.1753,8,0.8531,4
遊戲,40000,0.5,指定 CPU:CP值,6,39449,0.3616,0.6778,AMD R7 7700,RX9060XT,B850M,0.983,2,1.0,1,0.6335,4,1.0,1,0.6458,3,0.5162,4,1.0,1,0.6879,3,0.566,3,0.5164,6
遊戲,40000,0.5,指定 CPU:CP值,7,39449,0.3615,0.6778,AMD R7 7700,RX9060XT,B850M,0.983,2,1.0,1,0.6335,4,1.0,1,0.6458,3,0.5162,4,1.0,1,0.6879,3,0.566,3,0.5164,6
遊戲,40000,0.5,指定 CPU:CP值,8,39049,0.3609,0.6778,AMD R7 7700,RX9060XT,B850M,0.983,2,1.0,1,0.6335,4,1.0,1,0.6458,3,0.5162,4,1.0,1,0.6879,3,0.566,3,0.5164,6
遊戲,40000,0.5,指定 CPU:CP值,9,39589,0.3602,0.6778,AMD R7 7700,RX9060XT,B850M,0.983,2,1.0,1,0.6335,4,1.0,1,0.6458,3,0.5162,4,1.0,1,0.6879,3,0.566,3,0.5164,6
遊戲,40000,0.5,指定 CPU:CP值,10,39149,0.3605,0.6778,AMD R7 7700,RX9060XT,B850M,0.983,2,1.0,1,0.6335,4,1.0,1,0.6458,3,0.5162,4,1.0,1,0.6879,3,0.566,3,0.5164,6
遊戲,40000,0.5,指定 CPU:CP值,11,39149,0.361,0.6778,AMD R7 7700,RX9060XT,B850M,0.983,2,1.0,1,0.6335,4,1.0,1,0.6458,3,0.5162,4,1.0,1,0.6879,3,0.566,3,0.5164,6
遊戲,40000,0.5,指定 CPU:CP值,12,38949,0.3607,0.6778,AMD R7 7700,RX9060XT,B850M,0.983,2,1.0,1,0.6335,4,1.0,1,0.6458,3,0.5162,4,1.0,1,0.6879,3,0.566,3,0.5164,6
遊戲,40000,0.5,指定 CPU:CP值,13,39289,0.3649,0.6778,AMD R7 7700,RX9060XT,B850M,0.983,2,1.0,1,0.6335,4,1.0,1,0.6458,3,0.5162,4,1.0,1,0.6879,3,0.566,3,0.5164,6
遊戲,40000,0.5,指定 CPU:CP值,14,39049,0.3609,0.6778,AMD R7 7700,RX9060XT,B850M,0.983,2,1.0,1,0.6335,4,1.0,1,0.6458,3,0.5162,4,1.0,1,0.6879,3,0.566,3,0.5164,6
遊戲,40000,0.5,指定 CPU:CP值,15,39089,0.3603,0.6778,AMD R7 7700,RX9060XT,B850M,0.983,2,1.0,1,0.6335,4,1.0,1,0.6458,3,0.5162,4,1.0,1,0.6879,3,0.566,3,0.5164,6
遊戲,40000,0.5,指定 CPU:CP值,16,38949,0.3607,0.6778,AMD R7 7700,RX9060XT,B850M,0.983,2,1.0,1,0.6335,4,1.0,1,0.6458,3,0.5162,4,1.0,1,0.6879,3,0.566,3,0.5164,6
遊戲,40000,0.5,指定 CPU:CP值,17,39049,0.3609,0.6778,AMD R7 7700,RX9060XT,B850M,0.983,2,1.0,1,0.6335,4,1.0,1,0.6458,3,0.5162,4,1.0,1,0.6879,3,0.566,3,0.5164,6
遊戲,40000,0.5,指定 CPU:CP值,18,39089,0.3602,0.6778,AMD R7 7700,RX9060XT,B850M,0.983,2,1.0,1,0.6335,4,1.0,1,0.6458,3,0.5162,4,1.0,1,0.6879,3,0.566,3,0.5164,6
遊戲,40000,0.5,指定 CPU:CP值,19,38889,0.3599,0.6778,AMD R7 7700,RX9060XT,B850M,0.983,2,1.0,1,0.6335,4,1.0,1,0.6458,3,0.5162,4,1.0,1,0.6879,3,0.566,3,0.5164,6
遊戲,40000,0.5,指定 GPU:效能,0,37359,0.3295,0.4805,Intel i5-14400F,RX9060XT,B760M,0.6462,15,0.5828,7,0.6335,4,1.0,1,0.6458,3,0.5162,4,0.3525,8,0.2004,9,0.1753,8,0.8531,4
遊戲,40000,0.5,指定 GPU:效能,1,38789,0.3592,0.6778,AMD R7 7700,RX9060XT,B850M,0.983,2,1.0,1,0.6335,4,1.0,1,0.6458,3,0.5162,4,1.0,1,0.6879,3,0.566,3,0.5164,6
遊戲,40000,0.5,指定 GPU:效能,2,37459,0.3307,0.4805,Intel i5-14400F,RX9060XT,B760M,0.6462,15,0.5828,7,0.6335,4,1.0,1,0.6458,3,0.5162,4,0.3525,8,0.2004,9,0.1753,8,0.8531,4
遊戲,40000,0.5,指定 GPU:效能,3,37859,0.3318,0.4805,Intel i5-14400F,RX9060XT,B760M,0.6462,15,0.5828,7,0.6335,4,1.0,1,0.6458,3,0.5162,4,0.3525,8,0.2004,9,0.1753,8,0.8531,4
遊戲,40000,0.5,指定 GPU:效能,4,38599,0.336,0.4805,Intel i5-14400F,RX9060XT,B760M,0.6462,15,0.5828,7,0.6335,4,1.0,1,0.6458,3,0.5162,4,0.3525,8,0.2004,9,0.1753,8,0.8531,4
遊戲,40000,0.5,指定 GPU:效能,5,38059,0.3322,0.4805,Intel i5-14400F,RX9060XT,B760M,0.6462,15,0.5828,7,0.6335,4,1.0,1,0.6458,3,0.5162,4,0.3525,8,0.2004,9,0.1753,8,0.8531,4
遊戲,40000,0.5,指定 GPU:效能,6,37559,0.3314,0.4805,Intel i5-14400F,RX9060XT,B760M,0.6462,15,0.5828,7,0.6335,4,1.0,1,0.6458,3,0.5162,4,0.3525,8,0.2004,9,0.1753,8,0.8531,4
遊戲,40000,0.5,指定 GPU:效能,7,37659,0.3316,0.4805,Intel i5-14400F,RX9060XT,B760M,0.6462,15,0.5828,7,0.6335,4,1.0,1,0.6458,3,0.5162,4,0.3525,8,0.2004,9,0.1753,8,0.8531,4
遊戲,40000,0.5,指定 GPU:效能,8,38359,0.3327,0.4805,Intel i5-14400F,RX9060XT,B760M,0.6462,15,0.5828,7,0.6335,4,1.0,1,0.6458,3,0.5162,4,0.3525,8,0.2004,9,0.1753,8,0.8531,4
遊戲,40000,0.5,指定 GPU:效能,9,39249,0.3612,0.6778,AMD R7 7700,RX9060XT,B850M,0.983,2,1.0,1,0.6335,4,1.0,1,0.6458,3,0.5162,4,1.0,1,0.6879,3,0.566,3,0.5164,6
遊戲,40000,0.5,指定 GPU:效能,10,39189,0.364,0.6778,AMD R7 7700,RX9060XT,B850M,0.983,2,1.0,1,0.6335,4,1.0,1,0.6458,3,0.5162,4,1.0,1,0.6879,3,0.566,3,0.5164,6
遊戲,40000,0.5,指定 GPU:效能,11,37499,0.3326,0.4805,Intel i5-14400F,RX9060XT,B760M,0.6462,15,0.5828,7,0.6335,4,1.0,1,0.6458,3,0.5162,4,0.3525,8,0.2004,9,0.1753,8,0.8531,4
遊戲,40000,0.5,指定 GPU:效能,12,37359,0.33,0.4805,Intel i5-14400F,RX9060XT,B760M,0.6462,15,0.5828,7,0.6335,4,1.0,1,0.6458,3,0.5162,4,0.3525,8,0.2004,9,0.1753,8,0.8531,4
遊戲,40000,0.5,指定 GPU:效能,13,37759,0.3312,0.4805,Intel i5-14400F,RX9060XT,B760M,0.6462,15,0.5828,7,0.6335,4,1.0,1,0.6458,3,0.5162,4,0.3525,8,0.2004,9,0.1753,8,0.8531,4
遊戲,40000,0.5,指定 GPU:效能,14,37559,0.3314,0.4805,Intel i5-14400F,RX9060XT,B760M,0.6462,15,0.5828,7,0.6335,4,1.0,1,0.6458,3,0.5162,4,0.3525,8,0.2004,9,0.1753,8,0.8531,4
遊戲,40000,0.5,指定 GPU:效能,15,39049,0.3609,0.6778,AMD R7 7700,RX9060XT,B850M,0.983,2,1.0,1,0.6335,4,1.0,1,0.6458,3,0.5162,4,1.0,1,0.6879,3,0.566,3,0.5164,6
遊戲,40000,0.5,指定 GPU:效能,16,37559,0.3314,0.4805,Intel i5-14400F,RX9060XT,B760M,0.6462,15,0.5828,7,0.6335,4,1.0,1,0.6458,3,0.5162,4,0.3525,8,0.2004,9,0.1753,8,0.8531,4
遊戲,40000,0.5,指定 GPU:效能,17,37559,0.3314,0.4805,Intel i5-14400F,RX9060XT,B760M,0.6462,15,0.5828,7,0.6335,4,1.0,1,0.6458,3,0.5162,4,0.3525,8,0.2004,9,0.1753,8,0.8531,4
遊戲,40000,0.5,指定 GPU:效能,18,37559,0.3314,0.4805,Intel i5-14400F,RX9060XT,B760M,0.6462,15,0.5828,7,0.6335,4,1.0,1,0.6458,3,0.5162,4,0.3525,8,0.2004,9,0.1753,8,0.8531,4
遊戲,40000,0.5,指定 GPU:效能,19,37959,0.3307,0.4805,Intel i5-14400F,RX9060XT,B760M,0.6462,15,0.5828,7,0.6335,4,1.0,1,0.6458,3,0.5162,4,0.3525,8,0.2004,9,0.1753,8,0.8531,4
遊戲,40000,0.5,指定 GPU:穩定,0,37359,0.33,0.4805,Intel i5-14400F,RX9060XT,B760M,0.6462,15,0.5828,7,0.6335,4,1.0,1,0.6458,3,0.5162,4,0.3525,8,0.2004,9,0.1753,8,0.8531,4
遊戲,40000,0.5,指定 GPU:穩定,1,37659,0.3316,0.4805,Intel i5-14400F,RX9060XT,B760M,0.6462,15,0.5828,7,0.6335,4,1.0,1,0.6458,3,0.5162,4,0.3525,8,0.2004,9,0.1753,8,0.8531,4
遊戲,40000,0.5,指定 GPU:穩定,2,38959,0.3327,0.4805,Intel i5-14400F,RX9060XT,B760M,0.6462,15,0.5828,7,0.6335,4,1.0,1,0.6458,3,0.5162,4,0.3525,8,0.2004,9,0.1753,8,0.8531,4
遊戲,40000,0.5,指定 GPU:穩定,3,38799,0.3241,0.4805,Intel i5-14400,RX9060XT,B760M,0.6462,15,0.5828,7,0.6335,4,1.0,1,0.6458,3,0.5162,4,0.3525,8,0.2004,9,0.1753,8,0.8531,4
遊戲,40000,0.5,指定 GPU:穩定,4,39149,0.361,0.6778,AMD R7 7700,RX9060XT,B850M,0.983,2,1.0,1,0.6335,4,1.0,1,0.6458,3,0.5162,4,1.0,1,0.6879,3,0.566,3,0.5164,6
遊戲,40000,0.5,指定 GPU:穩定,5,38899,0.3359,0.4805,Intel i5-14400F,RX9060XT,B760M,0.6462,15,0.5828,7,0.6335,4,1.0,1,0.6458,3,0.5162,4,0.3525,8,0.2004,9,0.1753,8,0.8531,4
遊戲,40000,0.5,指定 GPU:穩定,6,37559,0.3314,0.4805,Intel i5-14400F,RX9060XT,B760M,0.6462,15,0.5828,7,0.6335,4,1.0,1,0.6458,3,0.5162,4,0.3525,8,0.2004,9,0.1753,8,0.8531,4
遊戲,40000,0.5,指定 GPU:穩定,7,37599,0.3297,0.4805,Intel i5-14400F,RX9060XT,B760M,0.6462,15,0.5828,7,0.6335,4,1.0,1,0.6458,3,0.5162,4,0.3525,8,0.2004,9,0.1753,8,0.8531,4
遊戲,40000,0.5,指定 GPU:穩定,8,37859,0.3314,0.4805,Intel i5-14400F,RX9060XT,B760M,0.6462,15,0.5828,7,0.6335,4,1.0,1,0.6458,3,0.5162,4,0.3525,8,0.2004,9,0.1753,8,0.8531,4
遊戲,40000,0.5,指定 GPU:穩定,9,39049,0.3609,0.6778,AMD R7 7700,RX9060XT,B850M,0.983,2,1.0,1,0.6335,4,1.0,1,0.6458,3,0.5162,4,1.0,1,0.6879,3,0.566,3,0.5164,6
遊戲,40000,0.5,指定 GPU:穩定,10,39099,0.396,0.5358,Intel Core Ultra 5 245KF,RX9060XT,B860M,0.6576,12,0.593,5,0.6335,4,1.0,1,0.6458,3,0.5162,4,0.6026,,0.4736,,0.4068,,0.5202,5
遊戲,40000,0.5,指定 GPU:穩定,11,37559,0.3314,0.4805,Intel i5-14400F,RX9060XT,B760M,0.6462,15,0.5828,7,0.6335,4,1.0,1,0.6458,3,0.5162,4,0.3525,8,0.2004,9,0.1753,8,0.8531,4
遊戲,40000,0.5,指定 GPU:穩定,12,38059,0.3317,0.4805,Intel i5-14400F,RX9060XT,B760M,0.6462,15,0.5828,7,0.6335,4,1.0,1,0.6458,3,0.5162,4,0.3525,8,0.2004,9,0.1753,8,0.8531,4
遊戲,40000,0.5,指定 GPU:穩定,13,37959,0.3321,0.4805,Intel i5-14400F,RX9060XT,B760M,0.6462,15,0.5828,7,0.6335,4,1.0,1,0.6458,3,0.5162,4,0.3525,8,0.2004,9,0.1753,8,0.8531,4
遊戲,40000,0.5,指定 GPU:穩定,14,37859,0.3318,0.4805,Intel i5-14400F,RX9060XT,B760M,0.6462,15,0.5828,7,0.6335,4,1.0,1,0.6458,3,0.5162,4,0.3525,8,0.2004,9,0.1753,8,0.8531,4
遊戲,40000,0.5,指定 GPU:穩定,15,37959,0.332,0.4805,Intel i5-14400F,RX9060XT,B760M,0.6462,15,0.5828,7,0.6335,4,1.0,1,0.6458,3,0.5162,4,0.3525,8,0.2004,9,0.1753,8,0.8531,4
遊戲,40000,0.5,指定 GPU:穩定,16,37499,0.3306,0.4805,Intel i5-14400F,RX9060XT,B760M,0.6462,15,0.5828,7,0.6335,4,1.0,1,0.6458,3,0.5162,4,0.3525,8,0.2004,9,0.1753,8,0.8531,4
遊戲,40000,0.5,指定 GPU:穩定,17,37559,0.3314,0.4805,Intel i5-14400F,RX9060XT,B760M,0.6462,15,0.5828,7,0.6335,4,1.0,1,0.6458,3,0.5162,4,0.3525,8,0.2004,9,0.1753,8,0.8531,4
遊戲,40000,0.5,指定 GPU:穩定,18,37559,0.3314,0.4805,Intel i5-14400F,RX9060XT,B760M,0.6462,15,0.5828,7,0.6335,4,1.0,1,0.6458,3,0.5162,4,0.3525,8,0.2004,9,0.1753,8,0.8531,4
遊戲,40000,0.5,指定 GPU:穩定,19,37499,0.3306,0.4805,Intel i5-14400F,RX9060XT,B760M,0.6462,15,0.5828,7,0.6335,4,1.0,1,0.6458,3,0.5162,4,0.3525,8,0.2004,9,0.1753,8,0.8531,4
遊戲,40000,0.5,指定 GPU:CP值,0,37459,0.3307,0.4805,Intel i5-14400F,RX9060XT,B760M,0.6462,15,0.5828,7,0.6335,4,1.0,1,0.6458,3,0.5162,4,0.3525,8,0.2004,9,0.1753,8,0.8531,4
遊戲,40000,0.5,指定 GPU:CP值,1,37859,0.3318,0.4805,Intel i5-14400F,RX9060XT,B760M,0.6462,15,0.5828,7,0.6335,4,1.0,1,0.6458,3,0.5162,4,0.3525,8,0.2004,9,0.1753,8,0.8531,4
遊戲,40000,0.5,指定 GPU:CP值,2,37499,0.3301,0.4805,Intel i5-14400F,RX9060XT,B760M,0.6462,15,0.5828,7,0.6335,4,1.0,1,0.6458,3,0.5162,4,0.3525,8,0.2004,9,0.1753,8,0.8531,4
遊戲,40000,0.5,指定 GPU:CP值,3,37859,0.3318,0.4805,Intel i5-14400F,RX9060XT,B760M,0.6462,15,0.5828,7,0.6335,4,1.0,1,0.6458,3,0.5162,4,0.3525,8,0.2004,9,0.1753,8,0.8531,4
遊戲,40000,0.5,指定 GPU:CP值,4,37499,0.334,0.4805,Intel i5-14400F,RX9060XT,B760M,0.6462,15,0.5828,7,0.6335,4,1.0,1,0.6458,3,0.5162,4,0.3525,8,0.2004,9,0.1753,8,0.8531,4
遊戲,40000,0.5,指定 GPU:CP值,5,37499,0.3301,0.4805,Intel i5-14400F,RX9060XT,B760M,0.6462,15,0.5828,7,0.6335,4,1.0,1,0.6458,3,0.5162,4,0.3525,8,0.2004,9,0.1753,8,0.8531,4
遊戲,40000,0.5,指定 GPU:CP值,6,37759,0.3317,0.4805,Intel i5-14400F,RX9060XT,B760M,0.6462,15,0.5828,7,0.6335,4,1.0,1,0.6458,3,0.5162,4,0.3525,8,0.2004,9,0.1753,8,0.8531,4
遊戲,40000,0.5,指定 GPU:CP值,7,37459,0.3307,0.4805,Intel i5-14400F,RX9060XT,B760M,0.6462,15,0.5828,7,0.6335,4,1.0,1,0.6458,3,0.5162,4,0.3525,8,0.2004,9,0.1753,8,0.8531,4
遊戲,40000,0.5,指定 GPU:CP值,8,37499,0.3326,0.4805,Intel i5-14400F,RX9060XT,B760M,0.6462,15,0.5828,7,0.6335,4,1.0,1,0.6458,3,0.5162,4,0.3525,8,0.2004,9,0.1753,8,0.8531,4
遊戲,40000,0.5,指定 GPU:CP值,9,37999,0.3363,0.4805,Intel i5-14400F,RX9060XT,B760M,0.6462,15,0.5828,7,0.6335,4,1.0,1,0.6458,3,0.5162,4,0.3525,8,0.2004,9,0.1753,8,0.8531,4
遊戲,40000,0.5,指定 GPU:CP值,10,37859,0.3318,0.4805,Intel i5-14400F,RX9060XT,B760M,0.6462,15,0.5828,7,0.6335,4,1.0,1,0.6458,3,0.5162,4,0.3525,8,0.2004,9,0.1753,8,0.8531,4
遊戲,40000,0.5,指定 GPU:CP值,11,37659,0.3316,0.4805,Intel i5-14400F,RX9060XT,B760M,0.6462,15,0.5828,7,0.6335,4,1.0,1,0.6458,3,0.5162,4,0.3525,8,0.2004,9,0.1753,8,0.8531,4
遊戲,40000,0.5,指定 GPU:CP值,12,37659,0.3316,0.4805,Intel i5-14400F,RX9060XT,B760M,0.6462,15,0.5828,7,0.6335,4,1.0,1,0.6458,3,0.5162,4,0.3525,8,0.2004,9,0.1753,8,0.8531,4
遊戲,40000,0.5,指定 GPU:CP值,13,37559,0.3314,0.4805,Intel i5-14400F,RX9060XT,B760M,0.6462,15,0.5828,7,0.6335,4,1.0,1,0.6458,3,0.5162,4,0.3525,8,0.2004,9,0.1753,8,0.8531,4
遊戲,40000,0.5,指定 GPU:CP值,14,39049,0.3609,0.6778,AMD R7 7700,RX9060XT,B850M,0.983,2,1.0,1,0.6335,4,1.0,1,0.6458,3,0.5162,4,1.0,1,0.6879,3,0.566,3,0.5164,6
遊戲,40000,0.5,指定 GPU:CP值,15,37759,0.3311,0.4805,Intel i5-14400F,RX9060XT,B760M,0.6462,15,0.5828,7,0.6335,4,1.0,1,0.6458,3,0.5162,4,0.3525,8,0.2004,9,0.1753,8,0.8531,4
遊戲,40000,0.5,指定 GPU:CP值,16,37759,0.3312,0.4805,Intel i5-14400F,RX9060XT,B760M,0.6462,15,0.5828,7,0.6335,4,1.0,1,0.6458,3,0.5162,4,0.3525,8,0.2004,9,0.1753,8,0.8531,4
遊戲,40000,0.5,指定 GPU:CP值,17,37559,0.3314,0.4805,Intel i5-14400F,RX9060XT,B760M,0.6462,15,0.5828,7,0.6335,4,1.0,1,0.6458,3,0.5162,4,0.3525,8,0.2004,9,0.1753,8,0.8531,4
遊戲,40000,0.5,指定 GPU:CP值,18,37559,0.3314,0.4805,Intel i5-14400F,RX9060XT,B760M,0.6462,15,0.5828,7,0.6335,4,1.0,1,0.6458,3,0.5162,4,0.3525,8,0.2004,9,0.1753,8,0.8531,4
遊戲,40000,0.5,指定 GPU:CP值,19,38059,0.3322,0.4805,Intel i5-14400F,RX9060XT,B760M,0.6462,15,0.5828,7,0.6335,4,1.0,1,0.6458,3,0.5162,4,0.3525,8,0.2004,9,0.1753,8,0.8531,4
遊戲,40000,0.5,指定 GPU:VRAM,0,38059,0.3322,0.4805,Intel i5-14400F,RX9060XT,B760M,0.6462,15,0.5828,7,0.6335,4,1.0,1,0.6458,3,0.5162,4,0.3525,8,0.2004,9,0.1753,8,0.8531,4
遊戲,40000,0.5,指定 GPU:VRAM,1,40399,0.3259,0.4805,Intel i5-14400,RX9060XT,B760M,0.6462,15,0.5828,7,0.6335,4,1.0,1,0.6458,3,0.5162,4,0.3525,8,0.2004,9,0.1753,8,0.8531,4
遊戲,40000,0.5,指定 GPU:VRAM,2,31849,0.2982,0.4781,AMD R5 5600XT,RX7650GRE,B550M,0.7545,,0.5227,,0.0597,15,0.5326,,0.1739,9,0.5186,,0.6043,6,0.2543,8,0.4315,5,0.9047,2
遊戲,40000,0.5,指定 GPU:VRAM,3,31749,0.2986,0.4781,AMD R5 5600XT,RX7650GRE,B550M,0.7545,,0.5227,,0.0597,15,0.5326,,0.1739,9,0.5186,,0.6043,6,0.2543,8,0.4315,5,0.9047,2
遊戲,40000,0.5,指定 GPU:VRAM,4,31749,0.2986,0.4781,AMD R5 5600XT,RX7650GRE,B550M,0.7545,,0.5227,,0.0597,15,0.5326,,0.1739,9,0.5186,,0.6043,6,0.2543,8,0.4315,5,0.9047,2
遊戲,40000,0.5,指定 GPU:VRAM,5,31749,0.2986,0.4781,AMD R5 5600XT,RX7650GRE,B550M,0.7545,,0.5227,,0.0597,15,0.5326,,0.1739,9,0.5186,,0.6043,6,0.2543,8,0.4315,5,0.9047,2
遊戲,40000,0.5,指定 GPU:VRAM,6,32049,0.2991,0.4781,AMD R5 5600XT,RX7650GRE,B550M,0.7545,,0.5227,,0.0597,15,0.5326,,0.1739,9,0.5186,,0.6043,6,0.2543,8,0.4315,5,0.9047,2
遊戲,40000,0.5,指定 GPU:VRAM,7,31849,0.2988,0.4781,AMD R5 5600XT,RX7650GRE,B550M,0.7545,,0.5227,,0.0597,15,0.5326,,0.1739,9,0.5186,,0.6043,6,0.2543,8,0.4315,5,0.9047,2
遊戲,40000,0.5,指定 GPU:VRAM,8,37559,0.3314,0.4805,Intel i5-14400F,RX9060XT,B760M,0.6462,15,0.5828,7,0.6335,4,1.0,1,0.6458,3,0.5162,4,0.3525,8,0.2004,9,0.1753,8,0.8531,4
遊戲,40000,0.5,指定 GPU:VRAM,9,31789,0.2979,0.4781,AMD R5 5600XT,RX7650GRE,B550M,0.7545,,0.5227,,0.0597,15,0.5326,,0.1739,9,0.5186,,0.6043,6,0.2543,8,0.4315,5,0.9047,2
遊戲,40000,0.5,指定 GPU:VRAM,10,32049,0.2991,0.4781,AMD R5 5600XT,RX7650GRE,B550M,0.7545,,0.5227,,0.0597,15,0.5326,,0.1739,9,0.5186,,0.6043,6,0.2543,8,0.4315,5,0.9047,2
遊戲,40000,0.5,指定 GPU:VRAM,11,31749,0.2986,0.4781,AMD R5 5600XT,RX7650GRE,B550M,0.7545,,0.5227,,0.0597,15,0.5326,,0.1739,9,0.5186,,0.6043,6,0.2543,8,0.4315,5,0.9047,2
遊戲,40000,0.5,指定 GPU:VRAM,12,31749,0.298,0.4781,AMD R5 5600XT,RX7650GRE,B550M,0.7545,,0.5227,,0.0597,15,0.5326,,0.1739,9,0.5186,,0.6043,6,0.2543,8,0.4315,5,0.9047,2
遊戲,40000,0.5,指定 GPU:VRAM,13,37899,0.3349,0.4805,Intel i5-14400F,RX9060XT,B760M,0.6462,15,0.5828,7,0.6335,4,1.0,1,0.6458,3,0.5162,4,0.3525,8,0.2004,9,0.1753,8,0.8531,4
遊戲,40000,0.5,指定 GPU:VRAM,14,37759,0.3317,0.4805,Intel i5-14400F,RX9060XT,B760M,0.6462,15,0.5828,7,0.6335,4,1.0,1,0.6458,3,0.5162,4,0.3525,8,0.2004,9,0.1753,8,0.8531,4
遊戲,40000,0.5,指定 GPU:VRAM,15,31749,0.2986,0.4781,AMD R5 5600XT,RX7650GRE,B550M,0.7545,,0.5227,,0.0597,15,0.5326,,0.1739,9,0.5186,,0.6043,6,0.2543,8,0.4315,5,0.9047,2
遊戲,40000,0.5,指定 GPU:VRAM,16,31849,0.2988,0.4781,AMD R5 5600XT,RX7650GRE,B550M,0.7545,,0.5227,,0.0597,15,0.5326,,0.1739,9,0.5186,,0.6043,6,0.2543,8,0.4315,5,0.9047,2
遊戲,40000,0.5,指定 GPU:VRAM,17,37499,0.3306,0.4805,Intel i5-14400F,RX9060XT,B760M,0.6462,15,0.5828,7,0.6335,4,1.0,1,0.6458,3,0.5162,4,0.3525,8,0.2004,9,0.1753,8,0.8531,4
遊戲,40000,0.5,指定 GPU:VRAM,18,31849,0.2987,0.4781,AMD R5 5600XT,RX7650GRE,B550M,0.7545,,0.5227,,0.0597,15,0.5326,,0.1739,9,0.5186,,0.6043,6,0.2543,8,0.4315,5,0.9047,2
遊戲,40000,0.5,指定 GPU:VRAM,19,31749,0.2986,0.4781,AMD R5 5600XT,RX7650GRE,B550M,0.7545,,0.5227,,0.0597,15,0.5326,,0.1739,9,0.5186,,0.6043,6,0.2543,8,0.4315,5,0.9047,2
遊戲,40000,0.5,指定 主機板:用料,0,39149,0.361,0.6778,AMD R7 7700,RX9060XT,B850M,0.983,2,1.0,1,0.6335,4,1.0,1,0.6458,3,0.5162,4,1.0,1,0.6879,3,0.566,3,0.5164,6
遊戲,40000,0.5,指定 主機板:用料,1,39049,0.3609,0.6778,AMD R7 7700,RX9060XT,B850M,0.983,2,1.0,1,0.6335,4,1.0,1,0.6458,3,0.5162,4,1.0,1,0.6879,3,0.566,3,0.5164,6
遊戲,40000,0.5,指定 主機板:用料,2,38849,0.3595,0.6778,AMD R7 7700,RX9060XT,B850M,0.983,2,1.0,1,0.6335,4,1.0,1,0.6458,3,0.5162,4,1.0,1,0.6879,3,0.566,3,0.5164,6
遊戲,40000,0.5,指定 主機板:用料,3,39049,0.3609,0.6778,AMD R7 7700,RX9060XT,B850M,0.983,2,1.0,1,0.6335,4,1.0,1,0.6458,3,0.5162,4,1.0,1,0.6879,3,0.566,3,0.5164,6
遊戲,40000,0.5,指定 主機板:用料,4,39349,0.3614,0.6778,AMD R7 7700,RX9060XT,B850M,0.983,2,1.0,1,0.6335,4,1.0,1,0.6458,3,0.5162,4,1.0,1,0.6879,3,0.566,3,0.5164,6
遊戲,40000,0.5,指定 主機板:用料,5,39049,0.3609,0.6778,AMD R7 7700,RX9060XT,B850M,0.983,2,1.0,1,0.6335,4,1.0,1,0.6458,3,0.5162,4,1.0,1,0.6879,3,0.566,3,0.5164,6
遊戲,40000,0.5,指定 主機板:用料,6,39049,0.3609,0.6778,AMD R7 7700,RX9060XT,B850M,0.983,2,1.0,1,0.6335,4,1.0,1,0.6458,3,0.5162,4,1.0,1,0.6879,3,0.566,3,0.5164,6
遊戲,40000,0.5,指定 主機板:用料,7,39089,0.3597,0.6778,AMD R7 7700,RX9060XT,B850M,0.983,2,1.0,1,0.6335,4,1.0,1,0.6458,3,0.5162,4,1.0,1,0.6879,3,0.566,3,0.5164,6
遊戲,40000,0.5,指定 主機板:用料,8,39049,0.3609,0.6778,AMD R7 7700,RX9060XT,B850M,0.983,2,1.0,1,0.6335,4,1.0,1,0.6458,3,0.5162,4,1.0,1,0.6879,3,0.566,3,0.5164,6
遊戲,40000,0.5,指定 主機板:用料,9,39249,0.3612,0.6778,AMD R7 7700,RX9060XT,B850M,0.983,2,1.0,1,0.6335,4,1.0,1,0.6458,3,0.5162,4,1.0,1,0.6879,3,0.566,3,0.5164,6
遊戲,40000,0.5,指定 主機板:用料,10,38949,0.3602,0.6778,AMD R7 7700,RX9060XT,B850M,0.983,2,1.0,1,0.6335,4,1.0,1,0.6458,3,0.5162,4,1.0,1,0.6879,3,0.566,3,0.5164,6
遊戲,40000,0.5,指定 主機板:用料,11,39249,0.3612,0.6778,AMD R7 7700,RX9060XT,B850M,0.983,2,1.0,1,0.6335,4,1.0,1,0.6458,3,0.5162,4,1.0,1,0.6879,3,0.566,3,0.5164,6
遊戲,40000,0.5,指定 主機板:用料,12,38949,0.3607,0.6778,AMD R7 7700,RX9060XT,B850M,0.983,2,1.0,1,0.6335,4,1.0,1,0.6458,3,0.5162,4,1.0,1,0.6879,3,0.566,3,0.5164,6
遊戲,40000,0.5,指定 主機板:用料,13,39049,0.3609,0.6778,AMD R7 7700,RX9060XT,B850M,0.983,2,1.0,1,0.6335,4,1.0,1,0.6458,3,0.5162,4,1.0,1,0.6879,3,0.566,3,0.5164,6
遊戲,40000,0.5,指定 主機板:用料,14,39049,0.3609,0.6778,AMD R7 7700,RX9060XT,B850M,0.983,2,1.0,1,0.6335,4,1.0,1,0.6458,3,0.5162,4,1.0,1,0.6879,3,0.566,3,0.5164,6
遊戲,40000,0.5,指定 主機板:用料,15,39049,0.3609,0.6778,AMD R7 7700,RX9060XT,B850M,0.983,2,1.0,1,0.6335,4,1.0,1,0.6458,3,0.5162,4,1.0,1,0.6879,3,0.566,3,0.5164,6
遊戲,40000,0.5,指定 主機板:用料,16,38889,0.3599,0.6778,AMD R7 7700,RX9060XT,B850M,0.983,2,1.0,1,0.6335,4,1.0,1,0.6458,3,0.5162,4,1.0,1,0.6879,3,0.566,3,0.5164,6
遊戲,40000,0.5,指定 主機板:用料,17,39149,0.361,0.6778,AMD R7 7700,RX9060XT,B850M,0.983,2,1.0,1,0.6335,4,1.0,1,0.6458,3,0.5162,4,1.0,1,0.6879,3,0.566,3,0.5164,6
遊戲,40000,0.5,指定 主機板:用料,18,38949,0.3607,0.6778,AMD R7 7700,RX9060XT,B850M,0.983,2,1.0,1,0.6335,4,1.0,1,0.6458,3,0.5162,4,1.0,1,0.6879,3,0.566,3,0.5164,6
遊戲,40000,0.5,指定 主機板:用料,19,39049,0.3609,0.6778,AMD R7 7700,RX9060XT,B850M,0.983,2,1.0,1,0.6335,4,1.0,1,0.6458,3,0.5162,4,1.0,1,0.6879,3,0.566,3,0.5164,6
遊戲,40000,0.5,指定 主機板:擴充性,0,39089,0.3602,0.6778,AMD R7 7700,RX9060XT,B850M,0.983,2,1.0,1,0.6335,4,1.0,1,0.6458,3,0.5162,4,1.0,1,0.6879,3,0.566,3,0.5164,6
遊戲,40000,0.5,指定 主機板:擴充性,1,40099,0.3849,0.5777,Intel Core Ultra 5 245KF,RX9060XT,Z890,0.6576,12,0.593,5,0.6335,4,1.0,1,0.6458,3,0.5162,4,0.9611,2,1.0,1,0.263,7,0.2458,9
遊戲,40000,0.5,指定 主機板:擴充性,2,40399,0.3911,0.5777,Intel Core Ultra 5 245KF,RX9060XT,Z890,0.6576,12,0.593,5,0.6335,4,1.0,1,0.6458,3,0.5162,4,0.9611,2,1.0,1,0.263,7,0.2458,9
遊戲,40000,0.5,指定 主機板:擴充性,3,39049,0.3609,0.6778,AMD R7 7700,RX9060XT,B850M,0.983,2,1.0,1,0.6335,4,1.0,1,0.6458,3,0.5162,4,1.0,1,0.6879,3,0.566,3,0.5164,6
遊戲,40000,0.5,指定 主機板:擴充性,4,39989,0.3636,0.6778,AMD R7 7700,RX9060XT,B850M,0.983,2,1.0,1,0.6335,4,1.0,1,0.6458,3,0.5162,4,1.0,1,0.6879,3,0.566,3,0.5164,6
遊戲,40000,0.5,指定 主機板:擴充性,5,40199,0.3875,0.5777,Intel Core Ultra 5 245KF,RX9060XT,Z890,0.6576,12,0.593,5,0.6335,4,1.0,1,0.6458,3,0.5162,4,0.9611,2,1.0,1,0.263,7,0.2458,9
遊戲,40000,0.5,指定 主機板:擴充性,6,40499,0.3837,0.5777,Intel Core Ultra 5 245KF,RX9060XT,Z890,0.6576,12,0.593,5,0.6335,4,1.0,1,0.6458,3,0.5162,4,0.9611,2,1.0,1,0.263,7,0.2458,9
遊戲,40000,0.5,指定 主機板:擴充性,7,39049,0.3609,0.6778,AMD R7 7700,RX9060XT,B850M,0.983,2,1.0,1,0.6335,4,1.0,1,0.6458,3,0.5162,4,1.0,1,0.6879,3,0.566,3,0.5164,6
遊戲,40000,0.5,指定 主機板:擴充性,8,39049,0.3609,0.6778,AMD R7 7700,RX9060XT,B850M,0.983,2,1.0,1,0.6335,4,1.0,1,0.6458,3,0.5162,4,1.0,1,0.6879,3,0.566,3,0.5164,6
遊戲,40000,0.5,指定 主機板:擴充性,9,39249,0.3578,0.6778,AMD R7 7700,RX9060XT,B850M,0.983,2,1.0,1,0.6335,4,1.0,1,0.6458,3,0.5162,4,1.0,1,0.6879,3,0.566,3,0.5164,6
遊戲,40000,0.5,指定 主機板:擴充性,10,39049,0.3609,0.6778,AMD R7 7700,RX9060XT,B850M,0.983,2,1.0,1,0.6335,4,1.0,1,0.6458,3,0.5162,4,1.0,1,0.6879,3,0.566,3,0.5164,6
遊戲,40000,0.5,指定 主機板:擴充性,11,38989,0.3627,0.6778,AMD R7 7700,RX9060XT,B850M,0.983,2,1.0,1,0.6335,4,1.0,1,0.6458,3,0.5162,4,1.0,1,0.6879,3,0.566,3,0.5164,6
遊戲,40000,0.5,指定 主機板:擴充性,12,39149,0.361,0.6778,AMD R7 7700,RX9060XT,B850M,0.983,2,1.0,1,0.6335,4,1.0,1,0.6458,3,0.5162,4,1.0,1,0.6879,3,0.566,3,0.5164,6
遊戲,40000,0.5,指定 主機板:擴充性,13,39149,0.361,0.6778,AMD R7 7700,RX9060XT,B850M,0.983,2,1.0,1,0.6335,4,1.0,1,0.6458,3,0.5162,4,1.0,1,0.6879,3,0.566,3,0.5164,6
遊戲,40000,0.5,指定 主機板:擴充性,14,39849,0.3593,0.6295,AMD R7 7700,RX9060XT,B850,0.983,2,1.0,1,0.6335,4,1.0,1,0.6458,3,0.5162,4,0.8888,3,0.8123,2,0.1389,9,0.8819,3
遊戲,40000,0.5,指定 主機板:擴充性,15,39049,0.3609,0.6778,AMD R7 7700,RX9060XT,B850M,0.983,2,1.0,1,0.6335,4,1.0,1,0.6458,3,0.5162,4,1.0,1,0.6879,3,0.566,3,0.5164,6
遊戲,40000,0.5,指定 主機板:擴充性,16,39249,0.3612,0.6778,AMD R7 7700,RX9060XT,B850M,0.983,2,1.0,1,0.6335,4,1.0,1,0.6458,3,0.5162,4,1.0,1,0.6879,3,0.566,3,0.5164,6
遊戲,40000,0.5,指定 主機板:擴充性,17,39849,0.3593,0.6295,AMD R7 7700,RX9060XT,B850,0.983,2,1.0,1,0.6335,4,1.0,1,0.6458,3,0.5162,4,0.8888,3,0.8123,2,0.1389,9,0.8819,3
遊戲,40000,0.5,指定 主機板:擴充性,18,38949,0.3607,0.6778,AMD R7 7700,RX9060XT,B850M,0.983,2,1.0,1,0.6335,4,1.0,1,0.6458,3,0.5162,4,1.0,1,0.6879,3,0.566,3,0.5164,6
遊戲,40000,0.5,指定 主機板:擴充性,19,39989,0.3587,0.6295,AMD R7 7700,RX9060XT,B850,0.983,2,1.0,1,0.6335,4,1.0,1,0.6458,3,0.5162,4,0.8888,3,0.8123,2,0.1389,9,0.8819,3
遊戲,40000,0.5,指定 主機板:穩定,0,35649,0.3333,0.4678,AMD R5 7500F,RX9060XT,A620,0.9777,4,0.8478,2,0.6335,4,1.0,1,0.6458,3,0.5162,4,0.0,10,0.0,10,1.0,1,0.1273,10
遊戲,40000,0.5,指定 主機板:穩定,1,35649,0.3333,0.4678,AMD R5 7500F,RX9060XT,A620,0.9777,4,0.8478,2,0.6335,4,1.0,1,0.6458,3,0.5162,4,0.0,10,0.0,10,1.0,1,0.1273,10
遊戲,40000,0.5,指定 主機板:穩定,2,39149,0.36,0.6778,AMD R7 7700,RX9060XT,B850M,0.983,2,1.0,1,0.6335,4,1.0,1,0.6458,3,0.5162,4,1.0,1,0.6879,3,0.566,3,0.5164,6
遊戲,40000,0.5,指定 主機板:穩定,3,35649,0.3333,0.4678,AMD R5 7500F,RX9060XT,A620,0.9777,4,0.8478,2,0.6335,4,1.0,1,0.6458,3,0.5162,4,0.0,10,0.0,10,1.0,1,0.1273,10
遊戲,40000,0.5,指定 主機板:穩定,4,31749,0.2986,0.4781,AMD R5 5600XT,RX7650GRE,B550M,0.7545,,0.5227,,0.0597,15,0.5326,,0.1739,9,0.5186,,0.6043,6,0.2543,8,0.4315,5,0.9047,2
遊戲,40000,0.5,指定 主機板:穩定,5,35649,0.3333,0.4678,AMD R5 7500F,RX9060XT,A620,0.9777,4,0.8478,2,0.6335,4,1.0,1,0.6458,3,0.5162,4,0.0,10,0.0,10,1.0,1,0.1273,10
遊戲,40000,0.5,指定 主機板:穩定,6,35649,0.3333,0.4678,AMD R5 7500F,RX9060XT,A620,0.9777,4,0.8478,2,0.6335,4,1.0,1,0.6458,3,0.5162,4,0.0,10,0.0,10,1.0,1,0.1273,10
遊戲,40000,0.5,指定 主機板:穩定,7,31849,0.2987,0.4781,AMD R5 5600XT,RX7650GRE,B550M,0.7545,,0.5227,,0.0597,15,0.5326,,0.1739,9,0.5186,,0.6043,6,0.2543,8,0.4315,5,0.9047,2
遊戲,40000,0.5,指定 主機板:穩定,8,39489,0.345,0.6,AMD R5 9500F,RX9060XT,B850M,0.7545,,0.5227,,0.6335,4,1.0,1,0.6458,3,0.5162,4,1.0,1,0.6879,3,0.566,3,0.5164,6
遊戲,40000,0.5,指定 主機板:穩定,9,35649,0.3333,0.4678,AMD R5 7500F,RX9060XT,A620,0.9777,4,0.8478,2,0.6335,4,1.0,1,0.6458,3,0.5162,4,0.0,10,0.0,10,1.0,1,0.1273,10
遊戲,40000,0.5,指定 主機板:穩定,10,31749,0.2986,0.4781,AMD R5 5600XT,RX7650GRE,B550M,0.7545,,0.5227,,0.0597,15,0.5326,,0.1739,9,0.5186,,0.6043,6,0.2543,8,0.4315,5,0.9047,2
遊戲,40000,0.5,指定 主機板:穩定,11,35649,0.3333,0.4678,AMD R5 7500F,RX9060XT,A620,0.9777,4,0.8478,2,0.6335,4,1.0,1,0.6458,3,0.5162,4,0.0,10,0.0,10,1.0,1,0.1273,10
遊戲,40000,0.5,指定 主機板:穩定,12,31949,0.2989,0.4781,AMD R5 5600XT,RX7650GRE,B550M,0.7545,,0.5227,,0.0597,15,0.5326,,0.1739,9,0.5186,,0.6043,6,0.2543,8,0.4315,5,0.9047,2
遊戲,40000,0.5,指定 主機板:穩定,13,31749,0.2986,0.4781,AMD R5 5600XT,RX7650GRE,B550M,0.7545,,0.5227,,0.0597,15,0.5326,,0.1739,9,0.5186,,0.6043,6,0.2543,8,0.4315,5,0.9047,2
遊戲,40000,0.5,指定 主機板:穩定,14,35649,0.3333,0.4678,AMD R5 7500F,RX9060XT,A620,0.9777,4,0.8478,2,0.6335,4,1.0,1,0.6458,3,0.5162,4,0.0,10,0.0,10,1.0,1,0.1273,10
遊戲,40000,0.5,指定 主機板:穩定,15,35649,0.3333,0.4678,AMD R5 7500F,RX9060XT,A620,0.9777,4,0.8478,2,0.6335,4,1.0,1,0.6458,3,0.5162,4,0.0,10,0.0,10,1.0,1,0.1273,10
遊戲,40000,0.5,指定 主機板:穩定,16,31849,0.2987,0.4781,AMD R5 5600XT,RX7650GRE,B550M,0.7545,,0.5227,,0.0597,15,0.5326,,0.1739,9,0.5186,,0.6043,6,0.2543,8,0.4315,5,0.9047,2
遊戲,40000,0.5,指定 主機板:穩定,17,35589,0.3324,0.4678,AMD R5 7500F,RX9060XT,A620,0.9777,4,0.8478,2,0.6335,4,1.0,1,0.6458,3,0.5162,4,0.0,10,0.0,10,1.0,1,0.1273,10
遊戲,40000,0.5,指定 主機板:穩定,18,35649,0.3333,0.4678,AMD R5 7500F,RX9060XT,A620,0.9777,4,0.8478,2,0.6335,4,1.0,1,0.6458,3,0.5162,4,0.0,10,0.0,10,1.0,1,0.1273,10
遊戲,40000,0.5,指定 主機板:穩定,19,35649,0.3333,0.4678,AMD R5 7500F,RX9060XT,A620,0.9777,4,0.8478,2,0.6335,4,1.0,1,0.6458,3,0.5162,4,0.0,10,0.0,10,1.0,1,0.1273,10
遊戲,40000,0.5,指定 主機板:CP值,0,31849,0.2987,0.4781,AMD R5 5600XT,RX7650GRE,B550M,0.7545,,0.5227,,0.0597,15,0.5326,,0.1739,9,0.5186,,0.6043,6,0.2543,8,0.4315,5,0.9047,2
遊戲,40000,0.5,指定 主機板:CP值,1,37859,0.3318,0.4805,Intel i5-14400F,RX9060XT,B760M,0.6462,15,0.5828,7,0.6335,4,1.0,1,0.6458,3,0.5162,4,0.3525,8,0.2004,9,0.1753,8,0.8531,4
遊戲,40000,0.5,指定 主機板:CP值,2,31749,0.2986,0.4781,AMD R5 5600XT,RX7650GRE,B550M,0.7545,,0.5227,,0.0597,15,0.5326,,0.1739,9,0.5186,,0.6043,6,0.2543,8,0.4315,5,0.9047,2
遊戲,40000,0.5,指定 主機板:CP值,3,31749,0.2986,0.4781,AMD R5 5600XT,RX7650GRE,B550M,0.7545,,0.5227,,0.0597,15,0.5326,,0.1739,9,0.5186,,0.6043,6,0.2543,8,0.4315,5,0.9047,2
遊戲,40000,0.5,指定 主機板:CP值,4,31849,0.2987,0.4781,AMD R5 5600XT,RX7650GRE,B550M,0.7545,,0.5227,,0.0597,15,0.5326,,0.1739,9,0.5186,,0.6043,6,0.2543,8,0.4315,5,0.9047,2
遊戲,40000,0.5,指定 主機板:CP值,5,31749,0.2986,0.4781,AMD R5 5600XT,RX7650GRE,B550M,0.7545,,0.5227,,0.0597,15,0.5326,,0.1739,9,0.5186,,0.6043,6,0.2543,8,0.4315,5,0.9047,2
遊戲,40000,0.5,指定 主機板:CP值,6,38949,0.3607,0.6198,AMD R7 7700,RX9060XT,B650M,0.983,2,1.0,1,0.6335,4,1.0,1,0.6458,3,0.5162,4,0.5795,7,0.2883,7,0.0,10,1.0,1
遊戲,40000,0.5,指定 主機板:CP值,7,31649,0.2979,0.4781,AMD R5 5600XT,RX7650GRE,B550M,0.7545,,0.5227,,0.0597,15,0.5326,,0.1739,9,0.5186,,0.6043,6,0.2543,8,0.4315,5,0.9047,2
遊戲,40000,0.5,指定 主機板:CP值,8,31749,0.2986,0.4781,AMD R5 5600XT,RX7650GRE,B550M,0.7545,,0.5227,,0.0597,15,0.5326,,0.1739,9,0.5186,,0.6043,6,0.2543,8,0.4315,5,0.9047,2
遊戲,40000,0.5,指定 主機板:CP值,9,37659,0.3316,0.4805,Intel i5-14400F,RX9060XT,B760M,0.6462,15,0.5828,7,0.6335,4,1.0,1,0.6458,3,0.5162,4,0.3525,8,0.2004,9,0.1753,8,0.8531,4
遊戲,40000,0.5,指定 主機板:CP值,10,31749,0.2986,0.4781,AMD R5 5600XT,RX7650GRE,B550M,0.7545,,0.5227,,0.0597,15,0.5326,,0.1739,9,0.5186,,0.6043,6,0.2543,8,0.4315,5,0.9047,2
遊戲,40000,0.5,指定 主機板:CP值,11,37559,0.3314,0.4805,Intel i5-14400F,RX9060XT,B760M,0.6462,15,0.5828,7,0.6335,4,1.0,1,0.6458,3,0.5162,4,0.3525,8,0.2004,9,0.1753,8,0.8531,4
遊戲,40000,0.5,指定 主機板:CP值,12,31749,0.2986,0.4781,AMD R5 5600XT,RX7650GRE,B550M,0.7545,,0.5227,,0.0597,15,0.5326,,0.1739,9,0.5186,,0.6043,6,0.2543,8,0.4315,5,0.9047,2
遊戲,40000,0.5,指定 主機板:CP值,13,37859,0.3318,0.4805,Intel i5-14400F,RX9060XT,B760M,0.6462,15,0.5828,7,0.6335,4,1.0,1,0.6458,3,0.5162,4,0.3525,8,0.2004,9,0.1753,8,0.8531,4
遊戲,40000,0.5,指定 主機板:CP值,14,37459,0.3307,0.4805,Intel i5-14400F,RX9060XT,B760M,0.6462,15,0.5828,7,0.6335,4,1.0,1,0.6458,3,0.5162,4,0.3525,8,0.2004,9,0.1753,8,0.8531,4
遊戲,40000,0.5,指定 主機板:CP值,15,31849,0.2988,0.4781,AMD R5 5600XT,RX7650GRE,B550M,0.7545,,0.5227,,0.0597,15,0.5326,,0.1739,9,0.5186,,0.6043,6,0.2543,8,0.4315,5,0.9047,2
遊戲,40000,0.5,指定 主機板:CP值,16,31749,0.2986,0.4781,AMD R5 5600XT,RX7650GRE,B550M,0.7545,,0.5227,,0.0597,15,0.5326,,0.1739,9,0.5186,,0.6043,6,0.2543,8,0.4315,5,0.9047,2
遊戲,40000,0.5,指定 主機板:CP值,17,39899,0.3224,0.4805,Intel i5-14400,RX9060XT,B760M,0.6462,15,0.5828,7,0.6335,4,1.0,1,0.6458,3,0.5162,4,0.3525,8,0.2004,9,0.1753,8,0.8531,4
遊戲,40000,0.5,指定 主機板:CP值,18,39049,0.3609,0.6198,AMD R7 7700,RX9060XT,B650M,0.983,2,1.0,1,0.6335,4,1.0,1,0.6458,3,0.5162,4,0.5795,7,0.2883,7,0.0,10,1.0,1
遊戲,40000,0.5,指定 主機板:CP值,19,31949,0.2984,0.4781,AMD R5 5600XT,RX7650GRE,B550M,0.7545,,0.5227,,0.0597,15,0.5326,,0.1739,9,0.5186,,0.6043,6,0.2543,8,0.4315,5,0.9047,2
遊戲,60000,0.5,無口碑,0,55812,0.552,0.5213,Intel Core Ultra 5 245KF,RTX5070,B860M,0.6576,12,0.593,5,0.6123,5,0.6305,6,0.4095,6,0.2741,8,0.6026,,0.4736,,0.4068,,0.5202,5
遊戲,60000,0.5,無口碑,1,55812,0.552,0.5213,Intel Core Ultra 5 245KF,RTX5070,B860M,0.6576,12,0.593,5,0.6123,5,0.6305,6,0.4095,6,0.2741,8,0.6026,,0.4736,,0.4068,,0.5202,5
遊戲,60000,0.5,無口碑,2,55812,0.552,0.5213,Intel Core Ultra 5 245KF,RTX5070,B860M,0.6576,12,0.593,5,0.6123,5,0.6305,6,0.4095,6,0.2741,8,0.6026,,0.4736,,0.4068,,0.5202,5
遊戲,60000,0.5,無口碑,3,55812,0.552,0.5213,Intel Core Ultra 5 245KF,RTX5070,B860M,0.6576,12,0.593,5,0.6123,5,0.6305,6,0.4095,6,0.2741,8,0.6026,,0.4736,,0.4068,,0.5202,5
遊戲,60000,0.5,無口碑,4,55812,0.552,0.5213,Intel Core Ultra 5 245KF,RTX5070,B860M,0.6576,12,0.593,5,0.6123,5,0.6305,6,0.4095,6,0.2741,8,0.6026,,0.4736,,0.4068,,0.5202,5
遊戲,60000,0.5,無口碑,5,55812,0.552,0.5213,Intel Core Ultra 5 245KF,RTX5070,B860M,0.6576,12,0.593,5,0.6123,5,0.6305,6,0.4095,6,0.2741,8,0.6026,,0.4736,,0.4068,,0.5202,5
遊戲,60000,0.5,無口碑,6,59987,0.564,0.5226,AMD R9 9900X,RTX5070,B650M,0.6651,11,0.5227,,0.6123,5,0.6305,6,0.4095,6,0.2741,8,0.5795,7,0.2883,7,0.0,10,1.0,1
遊戲,60000,0.5,無口碑,7,55812,0.552,0.5213,Intel Core Ultra 5 245KF,RTX5070,B860M,0.6576,12,0.593,5,0.6123,5,0.6305,6,0.4095,6,0.2741,8,0.6026,,0.4736,,0.4068,,0.5202,5
遊戲,60000,0.5,無口碑,8,55812,0.552,0.5213,Intel Core Ultra 5 245KF,RTX5070,B860M,0.6576,12,0.593,5,0.6123,5,0.6305,6,0.4095,6,0.2741,8,0.6026,,0.4736,,0.4068,,0.5202,5
遊戲,60000,0.5,無口碑,9,55812,0.552,0.5213,Intel Core Ultra 5 245KF,RTX5070,B860M,0.6576,12,0.593,5,0.6123,5,0.6305,6,0.4095,6,0.2741,8,0.6026,,0.4736,,0.4068,,0.5202,5
遊戲,60000,0.5,無口碑,10,55812,0.552,0.5213,Intel Core Ultra 5 245KF,RTX5070,B860M,0.6576,12,0.593,5,0.6123,5,0.6305,6,0.4095,6,0.2741,8,0.6026,,0.4736,,0.4068,,0.5202,5
遊戲,60000,0.5,無口碑,11,55812,0.552,0.5213,Intel Core Ultra 5 245KF,RTX5070,B860M,0.6576,12,0.593,5,0.6123,5,0.6305,6,0.4095,6,0.2741,8,0.6026,,0.4736,,0.4068,,0.5202,5
遊戲,60000,0.5,無口碑,12,59987,0.564,0.5226,AMD R9 9900X,RTX5070,B650M,0.6651,11,0.5227,,0.6123,5,0.6305,6,0.4095,6,0.2741,8,0.5795,7,0.2883,7,0.0,10,1.0,1
遊戲,60000,0.5,無口碑,13,55812,0.552,0.5213,Intel Core Ultra 5 245KF,RTX5070,B860M,0.6576,12,0.593,5,0.6123,5,0.6305,6,0.4095,6,0.2741,8,0.6026,,0.4736,,0.4068,,0.5202,5
遊戲,60000,0.5,無口碑,14,55812,0.552,0.5213,Intel Core Ultra 5 245KF,RTX5070,B860M,0.6576,12,0.593,5,0.6123,5,0.6305,6,0.4095,6,0.2741,8,0.6026,,0.4736,,0.4068,,0.5202,5
遊戲,60000,0.5,無口碑,15,55812,0.552,0.5213,Intel Core Ultra 5 245KF,RTX5070,B860M,0.6576,12,0.593,5,0.6123,5,0.6305,6,0.4095,6,0.2741,8,0.6026,,0.4736,,0.4068,,0.5202,5
遊戲,60000,0.5,無口碑,16,55812,0.552,0.5213,Intel Core Ultra 5 245KF,RTX5070,B860M,0.6576,12,0.593,5,0.6123,5,0.6305,6,0.4095,6,0.2741,8,0.6026,,0.4736,,0.4068,,0.5202,5
遊戲,60000,0.5,無口碑,17,59987,0.564,0.5226,AMD R9 9900X,RTX5070,B650M,0.6651,11,0.5227,,0.6123,5,0.6305,6,0.4095,6,0.2741,8,0.5795,7,0.2883,7,0.0,10,1.0,1
遊戲,60000,0.5,無口碑,18,55812,0.552,0.5213,Intel Core Ultra 5 245KF,RTX5070,B860M,0.6576,12,0.593,5,0.6123,5,0.6305,6,0.4095,6,0.2741,8,0.6026,,0.4736,,0.4068,,0.5202,5
遊戲,60000,0.5,無口碑,19,55812,0.552,0.5213,Intel Core Ultra 5 245KF,RTX5070,B860M,0.6576,12,0.593,5,0.6123,5,0.6305,6,0.4095,6,0.2741,8,0.6026,,0.4736,,0.4068,,0.5202,5
遊戲,60000,0.5,有口碑,0,55787,0.4497,0.7706,AMD R7 7700,RX9070,B850M,0.983,2,1.0,1,1.0,1,0.6673,5,1.0,1,1.0,1,1.0,1,0.6879,3,0.566,3,0.5164,6
遊戲,60000,0.5,有口碑,1,55787,0.4497,0.7706,AMD R7 7700,RX9070,B850M,0.983,2,1.0,1,1.0,1,0.6673,5,1.0,1,1.0,1,1.0,1,0.6879,3,0.566,3,0.5164,6
遊戲,60000,0.5,有口碑,2,55787,0.4497,0.7706,AMD R7 7700,RX9070,B850M,0.983,2,1.0,1,1.0,1,0.6673,5,1.0,1,1.0,1,1.0,1,0.6879,3,0.566,3,0.5164,6
遊戲,60000,0.5,有口碑,3,55787,0.4497,0.7706,AMD R7 7700,RX9070,B850M,0.983,2,1.0,1,1.0,1,0.6673,5,1.0,1,1.0,1,1.0,1,0.6879,3,0.566,3,0.5164,6
遊戲,60000,0.5,有口碑,4,55787,0.4497,0.7706,AMD R7 7700,RX9070,B850M,0.983,2,1.0,1,1.0,1,0.6673,5,1.0,1,1.0,1,1.0,1,0.6879,3,0.566,3,0.5164,6
遊戲,60000,0.5,有口碑,5,55787,0.4497,0.7706,AMD R7 7700,RX9070,B850M,0.983,2,1.0,1,1.0,1,0.6673,5,1.0,1,1.0,1,1.0,1,0.6879,3,0.566,3,0.5164,6
遊戲,60000,0.5,有口碑,6,55787,0.4497,0.7706,AMD R7 7700,RX9070,B850M,0.983,2,1.0,1,1.0,1,0.6673,5,1.0,1,1.0,1,1.0,1,0.6879,3,0.566,3,0.5164,6
遊戲,60000,0.5,有口碑,7,55787,0.4497,0.7706,AMD R7 7700,RX9070,B850M,0.983,2,1.0,1,1.0,1,0.6673,5,1.0,1,1.0,1,1.0,1,0.6879,3,0.566,3,0.5164,6
遊戲,60000,0.5,有口碑,8,55787,0.4497,0.7706,AMD R7 7700,RX9070,B850M,0.983,2,1.0,1,1.0,1,0.6673,5,1.0,1,1.0,1,1.0,1,0.6879,3,0.566,3,0.5164,6
遊戲,60000,0.5,有口碑,9,55787,0.4497,0.7706,AMD R7 7700,RX9070,B850M,0.983,2,1.0,1,1.0,1,0.6673,5,1.0,1,1.0,1,1.0,1,0.6879,3,0.566,3,0.5164,6
遊戲,60000,0.5,有口碑,10,55787,0.4497,0.7706,AMD R7 7700,RX9070,B850M,0.983,2,1.0,1,1.0,1,0.6673,5,1.0,1,1.0,1,1.0,1,0.6879,3,0.566,3,0.5164,6
遊戲,60000,0.5,有口碑,11,55787,0.4497,0.7706,AMD R7 7700,RX9070,B850M,0.983,2,1.0,1,1.0,1,0.6673,5,1.0,1,1.0,1,1.0,1,0.6879,3,0.566,3,0.5164,6
遊戲,60000,0.5,有口碑,12,55787,0.4497,0.7706,AMD R7 7700,RX9070,B850M,0.983,2,1.0,1,1.0,1,0.6673,5,1.0,1,1.0,1,1.0,1,0.6879,3,0.566,3,0.5164,6
遊戲,60000,0.5,有口碑,13,55787,0.4497,0.7706,AMD R7 7700,RX9070,B850M,0.983,2,1.0,1,1.0,1,0.6673,5,1.0,1,1.0,1,1.0,1,0.6879,3,0.566,3,0.5164,6
遊戲,60000,0.5,有口碑,14,55787,0.4497,0.7706,AMD R7 7700,RX9070,B850M,0.983,2,1.0,1,1.0,1,0.6673,5,1.0,1,1.0,1,1.0,1,0.6879,3,0.566,3,0.5164,6
遊戲,60000,0.5,有口碑,15,55787,0.4497,0.7706,AMD R7 7700,RX9070,B850M,0.983,2,1.0,1,1.0,1,0.6673,5,1.0,1,1.0,1,1.0,1,0.6879,3,0.566,3,0.5164,6
遊戲,60000,0.5,有口碑,16,55787,0.4497,0.7706,AMD R7 7700,RX9070,B850M,0.983,2,1.0,1,1.0,1,0.6673,5,1.0,1,1.0,1,1.0,1,0.6879,3,0.566,3,0.5164,6
遊戲,60000,0.5,有口碑,17,55787,0.4497,0.7706,AMD R7 7700,RX9070,B850M,0.983,2,1.0,1,1.0,1,0.6673,5,1.0,1,1.0,1,1.0,1,0.6879,3,0.566,3,0.5164,6
遊戲,60000,0.5,有口碑,18,55787,0.4497,0.7706,AMD R7 7700,RX9070,B850M,0.983,2,1.0,1,1.0,1,0.6673,5,1.0,1,1.0,1,1.0,1,0.6879,3,0.566,3,0.5164,6
遊戲,60000,0.5,有口碑,19,55787,0.4497,0.7706,AMD R7 7700,RX9070,B850M,0.983,2,1.0,1,1.0,1,0.6673,5,1.0,1,1.0,1,1.0,1,0.6879,3,0.566,3,0.5164,6
遊戲,60000,0.5,指定 CPU:效能,0,53787,0.4887,0.6633,AMD R7 7700,RTX5070,B850M,0.983,2,1.0,1,0.6123,5,0.6305,6,0.4095,6,0.2741,8,1.0,1,0.6879,3,0.566,3,0.5164,6
遊戲,60000,0.5,指定 CPU:效能,1,53787,0.4887,0.6633,AMD R7 7700,RTX5070,B850M,0.983,2,1.0,1,0.6123,5,0.6305,6,0.4095,6,0.2741,8,1.0,1,0.6879,3,0.566,3,0.5164,6
遊戲,60000,0.5,指定 CPU:效能,2,53787,0.4887,0.6633,AMD R7 7700,RTX5070,B850M,0.983,2,1.0,1,0.6123,5,0.6305,6,0.4095,6,0.2741,8,1.0,1,0.6879,3,0.566,3,0.5164,6
遊戲,60000,0.5,指定 CPU:效能,3,53787,0.4887,0.6633,AMD R7 7700,RTX5070,B850M,0.983,2,1.0,1,0.6123,5,0.6305,6,0.4095,6,0.2741,8,1.0,1,0.6879,3,0.566,3,0.5164,6
遊戲,60000,0.5,指定 CPU:效能,4,53787,0.4887,0.6633,AMD R7 7700,RTX5070,B850M,0.983,2,1.0,1,0.6123,5,0.6305,6,0.4095,6,0.2741,8,1.0,1,0.6879,3,0.566,3,0.5164,6
遊戲,60000,0.5,指定 CPU:效能,5,53787,0.4887,0.6633,AMD R7 7700,RTX5070,B850M,0.983,2,1.0,1,0.6123,5,0.6305,6,0.4095,6,0.2741,8,1.0,1,0.6879,3,0.566,3,0.5164,6
遊戲,60000,0.5,指定 CPU:效能,6,53787,0.4887,0.6633,AMD R7 7700,RTX5070,B850M,0.983,2,1.0,1,0.6123,5,0.6305,6,0.4095,6,0.2741,8,1.0,1,0.6879,3,0.566,3,0.5164,6
遊戲,60000,0.5,指定 CPU:效能,7,53787,0.4887,0.6633,AMD R7 7700,RTX5070,B850M,0.983,2,1.0,1,0.6123,5,0.6305,6,0.4095,6,0.2741,8,1.0,1,0.6879,3,0.566,3,0.5164,6
遊戲,60000,0.5,指定 CPU:效能,8,53787,0.4887,0.6633,AMD R7 7700,RTX5070,B850M,0.983,2,1.0,1,0.6123,5,0.6305,6,0.4095,6,0.2741,8,1.0,1,0.6879,3,0.566,3,0.5164,6
遊戲,60000,0.5,指定 CPU:效能,9,53787,0.4887,0.6633,AMD R7 7700,RTX5070,B850M,0.983,2,1.0,1,0.6123,5,0.6305,6,0.4095,6,0.2741,8,1.0,1,0.6879,3,0.566,3,0.5164,6
遊戲,60000,0.5,指定 CPU:效能,10,53787,0.4887,0.6633,AMD R7 7700,RTX5070,B850M,0.983,2,1.0,1,0.6123,5,0.6305,6,0.4095,6,0.2741,8,1.0,1,0.6879,3,0.566,3,0.5164,6
遊戲,60000,0.5,指定 CPU:效能,11,53787,0.4887,0.6633,AMD R7 7700,RTX5070,B850M,0.983,2,1.0,1,0.6123,5,0.6305,6,0.4095,6,0.2741,8,1.0,1,0.6879,3,0.566,3,0.5164,6
遊戲,60000,0.5,指定 CPU:效能,12,53787,0.4887,0.6633,AMD R7 7700,RTX5070,B850M,0.983,2,1.0,1,0.6123,5,0.6305,6,0.4095,6,0.2741,8,1.0,1,0.6879,3,0.566,3,0.5164,6
遊戲,60000,0.5,指定 CPU:效能,13,53787,0.4887,0.6633,AMD R7 7700,RTX5070,B850M,0.983,2,1.0,1,0.6123,5,0.6305,6,0.4095,6,0.2741,8,1.0,1,0.6879,3,0.566,3,0.5164,6
遊戲,60000,0.5,指定 CPU:效能,14,53787,0.4887,0.6633,AMD R7 7700,RTX5070,B850M,0.983,2,1.0,1,0.6123,5,0.6305,6,0.4095,6,0.2741,8,1.0,1,0.6879,3,0.566,3,0.5164,6
遊戲,60000,0.5,指定 CPU:效能,15,53787,0.4887,0.6633,AMD R7 7700,RTX5070,B850M,0.983,2,1.0,1,0.6123,5,0.6305,6,0.4095,6,0.2741,8,1.0,1,0.6879,3,0.566,3,0.5164,6
遊戲,60000,0.5,指定 CPU:效能,16,53787,0.4887,0.6633,AMD R7 7700,RTX5070,B850M,0.983,2,1.0,1,0.6123,5,0.6305,6,0.4095,6,0.2741,8,1.0,1,0.6879,3,0.566,3,0.5164,6
遊戲,60000,0.5,指定 CPU:效能,17,53787,0.4887,0.6633,AMD R7 7700,RTX5070,B850M,0.983,2,1.0,1,0.6123,5,0.6305,6,0.4095,6,0.2741,8,1.0,1,0.6879,3,0.566,3,0.5164,6
遊戲,60000,0.5,指定 CPU:效能,18,53787,0.4887,0.6633,AMD R7 7700,RTX5070,B850M,0.983,2,1.0,1,0.6123,5,0.6305,6,0.4095,6,0.2741,8,1.0,1,0.6879,3,0.566,3,0.5164,6
遊戲,60000,0.5,指定 CPU:效能,19,53787,0.4887,0.6633,AMD R7 7700,RTX5070,B850M,0.983,2,1.0,1,0.6123,5,0.6305,6,0.4095,6,0.2741,8,1.0,1,0.6879,3,0.566,3,0.5164,6
遊戲,60000,0.5,指定 CPU:CP值,0,53787,0.4887,0.6633,AMD R7 7700,RTX5070,B850M,0.983,2,1.0,1,0.6123,5,0.6305,6,0.4095,6,0.2741,8,1.0,1,0.6879,3,0.566,3,0.5164,6
遊戲,60000,0.5,指定 CPU:CP值,1,53787,0.4887,0.6633,AMD R7 7700,RTX5070,B850M,0.983,2,1.0,1,0.6123,5,0.6305,6,0.4095,6,0.2741,8,1.0,1,0.6879,3,0.566,3,0.5164,6
遊戲,60000,0.5,指定 CPU:CP值,2,53787,0.4887,0.6633,AMD R7 7700,RTX5070,B850M,0.983,2,1.0,1,0.6123,5,0.6305,6,0.4095,6,0.2741,8,1.0,1,0.6879,3,0.566,3,0.5164,6
遊戲,60000,0.5,指定 CPU:CP值,3,53787,0.4887,0.6633,AMD R7 7700,RTX5070,B850M,0.983,2,1.0,1,0.6123,5,0.6305,6,0.4095,6,0.2741,8,1.0,1,0.6879,3,0.566,3,0.5164,6
遊戲,60000,0.5,指定 CPU:CP值,4,53787,0.4887,0.6633,AMD R7 7700,RTX5070,B850M,0.983,2,1.0,1,0.6123,5,0.6305,6,0.4095,6,0.2741,8,1.0,1,0.6879,3,0.566,3,0.5164,6
遊戲,60000,0.5,指定 CPU:CP值,5,53787,0.4887,0.6633,AMD R7 7700,RTX5070,B850M,0.983,2,1.0,1,0.6123,5,0.6305,6,0.4095,6,0.2741,8,1.0,1,0.6879,3,0.566,3,0.5164,6
遊戲,60000,0.5,指定 CPU:CP值,6,53787,0.4887,0.6633,AMD R7 7700,RTX5070,B850M,0.983,2,1.0,1,0.6123,5,0.6305,6,0.4095,6,0.2741,8,1.0,1,0.6879,3,0.566,3,0.5164,6
遊戲,60000,0.5,指定 CPU:CP值,7,53787,0.4887,0.6633,AMD R7 7700,RTX5070,B850M,0.983,2,1.0,1,0.6123,5,0.6305,6,0.4095,6,0.2741,8,1.0,1,0.6879,3,0.566,3,0.5164,6
遊戲,60000,0.5,指定 CPU:CP值,8,53787,0.4887,0.6633,AMD R7 7700,RTX5070,B850M,0.983,2,1.0,1,0.6123,5,0.6305,6,0.4095,6,0.2741,8,1.0,1,0.6879,3,0.566,3,0.5164,6
遊戲,60000,0.5,指定 CPU:CP值,9,53787,0.4887,0.6633,AMD R7 7700,RTX5070,B850M,0.983,2,1.0,1,0.6123,5,0.6305,6,0.4095,6,0.2741,8,1.0,1,0.6879,3,0.566,3,0.5164,6
遊戲,60000,0.5,指定 CPU:CP值,10,53787,0.4887,0.6633,AMD R7 7700,RTX5070,B850M,0.983,2,1.0,1,0.6123,5,0.6305,6,0.4095,6,0.2741,8,1.0,1,0.6879,3,0.566,3,0.5164,6
遊戲,60000,0.5,指定 CPU:CP值,11,53787,0.4887,0.6633,AMD R7 7700,RTX5070,B850M,0.983,2,1.0,1,0.6123,5,0.6305,6,0.4095,6,0.2741,8,1.0,1,0.6879,3,0.566,3,0.5164,6
遊戲,60000,0.5,指定 CPU:CP值,12,53787,0.4887,0.6633,AMD R7 7700,RTX5070,B850M,0.983,2,1.0,1,0.6123,5,0.6305,6,0.4095,6,0.2741,8,1.0,1,0.6879,3,0.566,3,0.5164,6
遊戲,60000,0.5,指定 CPU:CP值,13,53787,0.4887,0.6633,AMD R7 7700,RTX5070,B850M,0.983,2,1.0,1,0.6123,5,0.6305,6,0.4095,6,0.2741,8,1.0,1,0.6879,3,0.566,3,0.5164,6
遊戲,60000,0.5,指定 CPU:CP值,14,53787,0.4887,0.6633,AMD R7 7700,RTX5070,B850M,0.983,2,1.0,1,0.6123,5,0.6305,6,0.4095,6,0.2741,8,1.0,1,0.6879,3,0.566,3,0.5164,6
遊戲,60000,0.5,指定 CPU:CP值,15,53787,0.4887,0.6633,AMD R7 7700,RTX5070,B850M,0.983,2,1.0,1,0.6123,5,0.6305,6,0.4095,6,0.2741,8,1.0,1,0.6879,3,0.566,3,0.5164,6
遊戲,60000,0.5,指定 CPU:CP值,16,53787,0.4887,0.6633,AMD R7 7700,RTX5070,B850M,0.983,2,1.0,1,0.6123,5,0.6305,6,0.4095,6,0.2741,8,1.0,1,0.6879,3,0.566,3,0.5164,6
遊戲,60000,0.5,指定 CPU:CP值,17,53787,0.4887,0.6633,AMD R7 7700,RTX5070,B850M,0.983,2,1.0,1,0.6123,5,0.6305,6,0.4095,6,0.2741,8,1.0,1,0.6879,3,0.566,3,0.5164,6
遊戲,60000,0.5,指定 CPU:CP值,18,53787,0.4887,0.6633,AMD R7 7700,RTX5070,B850M,0.983,2,1.0,1,0.6123,5,0.6305,6,0.4095,6,0.2741,8,1.0,1,0.6879,3,0.566,3,0.5164,6
遊戲,60000,0.5,指定 CPU:CP值,19,53787,0.4887,0.6633,AMD R7 7700,RTX5070,B850M,0.983,2,1.0,1,0.6123,5,0.6305,6,0.4095,6,0.2741,8,1.0,1,0.6879,3,0.566,3,0.5164,6
遊戲,60000,0.5,指定 GPU:效能,0,55787,0.4497,0.7706,AMD R7 7700,RX9070,B850M,0.983,2,1.0,1,1.0,1,0.6673,5,1.0,1,1.0,1,1.0,1,0.6879,3,0.566,3,0.5164,6
遊戲,60000,0.5,指定 GPU:效能,1,57637,0.5094,0.6286,Intel Core Ultra 5 245KF,RX9070,B860M,0.6576,12,0.593,5,1.0,1,0.6673,5,1.0,1,1.0,1,0.6026,,0.4736,,0.4068,,0.5202,5
遊戲,60000,0.5,指定 GPU:效能,2,55787,0.4497,0.7706,AMD R7 7700,RX9070,B850M,0.983,2,1.0,1,1.0,1,0.6673,5,1.0,1,1.0,1,1.0,1,0.6879,3,0.566,3,0.5164,6
遊戲,60000,0.5,指定 GPU:效能,3,55787,0.4497,0.7706,AMD R7 7700,RX9070,B850M,0.983,2,1.0,1,1.0,1,0.6673,5,1.0,1,1.0,1,1.0,1,0.6879,3,0.566,3,0.5164,6
遊戲,60000,0.5,指定 GPU:效能,4,55787,0.4497,0.7706,AMD R7 7700,RX9070,B850M,0.983,2,1.0,1,1.0,1,0.6673,5,1.0,1,1.0,1,1.0,1,0.6879,3,0.566,3,0.5164,6
遊戲,60000,0.5,指定 GPU:效能,5,55787,0.4497,0.7706,AMD R7 7700,RX9070,B850M,0.983,2,1.0,1,1.0,1,0.6673,5,1.0,1,1.0,1,1.0,1,0.6879,3,0.566,3,0.5164,6
遊戲,60000,0.5,指定 GPU:效能,6,59522,0.5107,0.6705,Intel Core Ultra 5 245KF,RX9070,Z890,0.6576,12,0.593,5,1.0,1,0.6673,5,1.0,1,1.0,1,0.9611,2,1.0,1,0.263,7,0.2458,9
遊戲,60000,0.5,指定 GPU:效能,7,59987,0.4939,0.6878,AMD R9 9900X,RX9070,B850M,0.6651,11,0.5227,,1.0,1,0.6673,5,1.0,1,1.0,1,1.0,1,0.6879,3,0.566,3,0.5164,6
遊戲,60000,0.5,指定 GPU:效能,8,59522,0.5107,0.6705,Intel Core Ultra 5 245KF,RX9070,Z890,0.6576,12,0.593,5,1.0,1,0.6673,5,1.0,1,1.0,1,0.9611,2,1.0,1,0.263,7,0.2458,9
遊戲,60000,0.5,指定 GPU:效能,9,59522,0.5107,0.6705,Intel Core Ultra 5 245KF,RX9070,Z890,0.6576,12,0.593,5,1.0,1,0.6673,5,1.0,1,1.0,1,0.9611,2,1.0,1,0.263,7,0.2458,9
遊戲,60000,0.5,指定 GPU:效能,10,57422,0.5077,0.6286,Intel Core Ultra 5 245KF,RX9070,B860M,0.6576,12,0.593,5,1.0,1,0.6673,5,1.0,1,1.0,1,0.6026,,0.4736,,0.4068,,0.5202,5
遊戲,60000,0.5,指定 GPU:效能,11,55787,0.4497,0.7706,AMD R7 7700,RX9070,B850M,0.983,2,1.0,1,1.0,1,0.6673,5,1.0,1,1.0,1,1.0,1,0.6879,3,0.566,3,0.5164,6
遊戲,60000,0.5,指定 GPU:效能,12,55787,0.4497,0.7706,AMD R7 7700,RX9070,B850M,0.983,2,1.0,1,1.0,1,0.6673,5,1.0,1,1.0,1,1.0,1,0.6879,3,0.566,3,0.5164,6
遊戲,60000,0.5,指定 GPU:效能,13,55787,0.4497,0.7706,AMD R7 7700,RX9070,B850M,0.983,2,1.0,1,1.0,1,0.6673,5,1.0,1,1.0,1,1.0,1,0.6879,3,0.566,3,0.5164,6
遊戲,60000,0.5,指定 GPU:效能,14,59522,0.5107,0.6705,Intel Core Ultra 5 245KF,RX9070,Z890,0.6576,12,0.593,5,1.0,1,0.6673,5,1.0,1,1.0,1,0.9611,2,1.0,1,0.263,7,0.2458,9
遊戲,60000,0.5,指定 GPU:效能,15,59522,0.5107,0.6705,Intel Core Ultra 5 245KF,RX9070,Z890,0.6576,12,0.593,5,1.0,1,0.6673,5,1.0,1,1.0,1,0.9611,2,1.0,1,0.263,7,0.2458,9
遊戲,60000,0.5,指定 GPU:效能,16,55787,0.4497,0.7706,AMD R7 7700,RX9070,B850M,0.983,2,1.0,1,1.0,1,0.6673,5,1.0,1,1.0,1,1.0,1,0.6879,3,0.566,3,0.5164,6
遊戲,60000,0.5,指定 GPU:效能,17,55787,0.4497,0.7706,AMD R7 7700,RX9070,B850M,0.983,2,1.0,1,1.0,1,0.6673,5,1.0,1,1.0,1,1.0,1,0.6879,3,0.566,3,0.5164,6
遊戲,60000,0.5,指定 GPU:效能,18,58937,0.4903,0.6705,Intel Core Ultra 5 245KF,RX9070,Z890,0.6576,12,0.593,5,1.0,1,0.6673,5,1.0,1,1.0,1,0.9611,2,1.0,1,0.263,7,0.2458,9
遊戲,60000,0.5,指定 GPU:效能,19,55787,0.4497,0.7706,AMD R7 7700,RX9070,B850M,0.983,2,1.0,1,1.0,1,0.6673,5,1.0,1,1.0,1,1.0,1,0.6879,3,0.566,3,0.5164,6
遊戲,60000,0.5,指定 GPU:穩定,0,50672,0.4643,0.595,AMD R9 9900X,RX9060XT,B850M,0.6651,11,0.5227,,0.6335,4,1.0,1,0.6458,3,0.5162,4,1.0,1,0.6879,3,0.566,3,0.5164,6
遊戲,60000,0.5,指定 GPU:穩定,1,50672,0.4643,0.595,AMD R9 9900X,RX9060XT,B850M,0.6651,11,0.5227,,0.6335,4,1.0,1,0.6458,3,0.5162,4,1.0,1,0.6879,3,0.566,3,0.5164,6
遊戲,60000,0.5,指定 GPU:穩定,2,50672,0.4643,0.595,AMD R9 9900X,RX9060XT,B850M,0.6651,11,0.5227,,0.6335,4,1.0,1,0.6458,3,0.5162,4,1.0,1,0.6879,3,0.566,3,0.5164,6
遊戲,60000,0.5,指定 GPU:穩定,3,50672,0.4643,0.595,AMD R9 9900X,RX9060XT,B850M,0.6651,11,0.5227,,0.6335,4,1.0,1,0.6458,3,0.5162,4,1.0,1,0.6879,3,0.566,3,0.5164,6
遊戲,60000,0.5,指定 GPU:穩定,4,50672,0.4643,0.595,AMD R9 9900X,RX9060XT,B850M,0.6651,11,0.5227,,0.6335,4,1.0,1,0.6458,3,0.5162,4,1.0,1,0.6879,3,0.566,3,0.5164,6
遊戲,60000,0.5,指定 GPU:穩定,5,50672,0.4643,0.595,AMD R9 9900X,RX9060XT,B850M,0.6651,11,0.5227,,0.6335,4,1.0,1,0.6458,3,0.5162,4,1.0,1,0.6879,3,0.566,3,0.5164,6
遊戲,60000,0.5,指定 GPU:穩定,6,50672,0.4643,0.595,AMD R9 9900X,RX9060XT,B850M,0.6651,11,0.5227,,0.6335,4,1.0,1,0.6458,3,0.5162,4,1.0,1,0.6879,3,0.566,3,0.5164,6
遊戲,60000,0.5,指定 GPU:穩定,7,50672,0.4643,0.595,AMD R9 9900X,RX9060XT,B850M,0.6651,11,0.5227,,0.6335,4,1.0,1,0.6458,3,0.5162,4,1.0,1,0.6879,3,0.566,3,0.5164,6
遊戲,60000,0.5,指定 GPU:穩定,8,50672,0.4643,0.595,AMD R9 9900X,RX9060XT,B850M,0.6651,11,0.5227,,0.6335,4,1.0,1,0.6458,3,0.5162,4,1.0,1,0.6879,3,0.566,3,0.5164,6
遊戲,60000,0.5,指定 GPU:穩定,9,42522,0.4263,0.5358,Intel Core Ultra 5 245KF,RX9060XT,B860M,0.6576,12,0.593,5,0.6335,4,1.0,1,0.6458,3,0.5162,4,0.6026,,0.4736,,0.4068,,0.5202,5
遊戲,60000,0.5,指定 GPU:穩定,10,50672,0.4643,0.595,AMD R9 9900X,RX9060XT,B850M,0.6651,11,0.5227,,0.6335,4,1.0,1,0.6458,3,0.5162,4,1.0,1,0.6879,3,0.566,3,0.5164,6
遊戲,60000,0.5,指定 GPU:穩定,11,50672,0.4643,0.595,AMD R9 9900X,RX9060XT,B850M,0.6651,11,0.5227,,0.6335,4,1.0,1,0.6458,3,0.5162,4,1.0,1,0.6879,3,0.566,3,0.5164,6
遊戲,60000,0.5,指定 GPU:穩定,12,50672,0.4643,0.595,AMD R9 9900X,RX9060XT,B850M,0.6651,11,0.5227,,0.6335,4,1.0,1,0.6458,3,0.5162,4,1.0,1,0.6879,3,0.566,3,0.5164,6
遊戲,60000,0.5,指定 GPU:穩定,13,50672,0.4643,0.595,AMD R9 9900X,RX9060XT,B850M,0.6651,11,0.5227,,0.6335,4,1.0,1,0.6458,3,0.5162,4,1.0,1,0.6879,3,0.566,3,0.5164,6
遊戲,60000,0.5,指定 GPU:穩定,14,50672,0.4643,0.595,AMD R9 9900X,RX9060XT,B850M,0.6651,11,0.5227,,0.6335,4,1.0,1,0.6458,3,0.5162,4,1.0,1,0.6879,3,0.566,3,0.5164,6
遊戲,60000,0.5,指定 GPU:穩定,15,50672,0.4643,0.595,AMD R9 9900X,RX9060XT,B850M,0.6651,11,0.5227,,0.6335,4,1.0,1,0.6458,3,0.5162,4,1.0,1,0.6879,3,0.566,3,0.5164,6
遊戲,60000,0.5,指定 GPU:穩定,16,50672,0.4643,0.595,AMD R9 9900X,RX9060XT,B850M,0.6651,11,0.5227,,0.6335,4,1.0,1,0.6458,3,0.5162,4,1.0,1,0.6879,3,0.566,3,0.5164,6
遊戲,60000,0.5,指定 GPU:穩定,17,50672,0.4643,0.595,AMD R9 9900X,RX9060XT,B850M,0.6651,11,0.5227,,0.6335,4,1.0,1,0.6458,3,0.5162,4,1.0,1,0.6879,3,0.566,3,0.5164,6
遊戲,60000,0.5,指定 GPU:穩定,18,50672,0.4643,0.595,AMD R9 9900X,RX9060XT,B850M,0.6651,11,0.5227,,0.6335,4,1.0,1,0.6458,3,0.5162,4,1.0,1,0.6879,3,0.566,3,0.5164,6
遊戲,60000,0.5,指定 GPU:穩定,19,47137,0.4462,0.6424,Intel Core Ultra 7 265KF,RX9060XT,Z890,0.6201,18,0.5383,10,0.6335,4,1.0,1,0.6458,3,0.5162,4,0.9611,2,1.0,1,0.263,7,0.2458,9
遊戲,60000,0.5,指定 GPU:CP值,0,55787,0.4497,0.7706,AMD R7 7700,RX9070,B850M,0.983,2,1.0,1,1.0,1,0.6673,5,1.0,1,1.0,1,1.0,1,0.6879,3,0.566,3,0.5164,6
遊戲,60000,0.5,指定 GPU:CP值,1,55787,0.4497,0.7706,AMD R7 7700,RX9070,B850M,0.983,2,1.0,1,1.0,1,0.6673,5,1.0,1,1.0,1,1.0,1,0.6879,3,0.566,3,0.5164,6
遊戲,60000,0.5,指定 GPU:CP值,2,55787,0.4497,0.7706,AMD R7 7700,RX9070,B850M,0.983,2,1.0,1,1.0,1,0.6673,5,1.0,1,1.0,1,1.0,1,0.6879,3,0.566,3,0.5164,6
遊戲,60000,0.5,指定 GPU:CP值,3,55787,0.4497,0.7706,AMD R7 7700,RX9070,B850M,0.983,2,1.0,1,1.0,1,0.6673,5,1.0,1,1.0,1,1.0,1,0.6879,3,0.566,3,0.5164,6
遊戲,60000,0.5,指定 GPU:CP值,4,55787,0.4497,0.7706,AMD R7 7700,RX9070,B850M,0.983,2,1.0,1,1.0,1,0.6673,5,1.0,1,1.0,1,1.0,1,0.6879,3,0.566,3,0.5164,6
遊戲,60000,0.5,指定 GPU:CP值,5,59522,0.5107,0.6705,Intel Core Ultra 5 245KF,RX9070,Z890,0.6576,12,0.593,5,1.0,1,0.6673,5,1.0,1,1.0,1,0.9611,2,1.0,1,0.263,7,0.2458,9
遊戲,60000,0.5,指定 GPU:CP值,6,58937,0.4903,0.6705,Intel Core Ultra 5 245KF,RX9070,Z890,0.6576,12,0.593,5,1.0,1,0.6673,5,1.0,1,1.0,1,0.9611,2,1.0,1,0.263,7,0.2458,9
遊戲,60000,0.5,指定 GPU:CP值,7,55787,0.4497,0.7706,AMD R7 7700,RX9070,B850M,0.983,2,1.0,1,1.0,1,0.6673,5,1.0,1,1.0,1,1.0,1,0.6879,3,0.566,3,0.5164,6
遊戲,60000,0.5,指定 GPU:CP值,8,55787,0.4497,0.7706,AMD R7 7700,RX9070,B850M,0.983,2,1.0,1,1.0,1,0.6673,5,1.0,1,1.0,1,1.0,1,0.6879,3,0.566,3,0.5164,6
遊戲,60000,0.5,指定 GPU:CP值,9,58937,0.4903,0.6705,Intel Core Ultra 5 245KF,RX9070,Z890,0.6576,12,0.593,5,1.0,1,0.6673,5,1.0,1,1.0,1,0.9611,2,1.0,1,0.263,7,0.2458,9
遊戲,60000,0.5,指定 GPU:CP值,10,57422,0.5077,0.6286,Intel Core Ultra 5 245KF,RX9070,B860M,0.6576,12,0.593,5,1.0,1,0.6673,5,1.0,1,1.0,1,0.6026,,0.4736,,0.4068,,0.5202,5
遊戲,60000,0.5,指定 GPU:CP值,11,55787,0.4497,0.7706,AMD R7 7700,RX9070,B850M,0.983,2,1.0,1,1.0,1,0.6673,5,1.0,1,1.0,1,1.0,1,0.6879,3,0.566,3,0.5164,6
遊戲,60000,0.5,指定 GPU:CP值,12,55787,0.4497,0.7706,AMD R7 7700,RX9070,B850M,0.983,2,1.0,1,1.0,1,0.6673,5,1.0,1,1.0,1,1.0,1,0.6879,3,0.566,3,0.5164,6
遊戲,60000,0.5,指定 GPU:CP值,13,55787,0.4497,0.7706,AMD R7 7700,RX9070,B850M,0.983,2,1.0,1,1.0,1,0.6673,5,1.0,1,1.0,1,1.0,1,0.6879,3,0.566,3,0.5164,6
遊戲,60000,0.5,指定 GPU:CP值,14,55787,0.4497,0.7706,AMD R7 7700,RX9070,B850M,0.983,2,1.0,1,1.0,1,0.6673,5,1.0,1,1.0,1,1.0,1,0.6879,3,0.566,3,0.5164,6
遊戲,60000,0.5,指定 GPU:CP值,15,55787,0.4497,0.7706,AMD R7 7700,RX9070,B850M,0.983,2,1.0,1,1.0,1,0.6673,5,1.0,1,1.0,1,1.0,1,0.6879,3,0.566,3,0.5164,6
遊戲,60000,0.5,指定 GPU:CP值,16,55787,0.4497,0.7706,AMD R7 7700,RX9070,B850M,0.983,2,1.0,1,1.0,1,0.6673,5,1.0,1,1.0,1,1.0,1,0.6879,3,0.566,3,0.5164,6
遊戲,60000,0.5,指定 GPU:CP值,17,55787,0.4497,0.7706,AMD R7 7700,RX9070,B850M,0.983,2,1.0,1,1.0,1,0.6673,5,1.0,1,1.0,1,1.0,1,0.6879,3,0.566,3,0.5164,6
遊戲,60000,0.5,指定 GPU:CP值,18,59522,0.5107,0.6705,Intel Core Ultra 5 245KF,RX9070,Z890,0.6576,12,0.593,5,1.0,1,0.6673,5,1.0,1,1.0,1,0.9611,2,1.0,1,0.263,7,0.2458,9
遊戲,60000,0.5,指定 GPU:CP值,19,59522,0.5107,0.6705,Intel Core Ultra 5 245KF,RX9070,Z890,0.6576,12,0.593,5,1.0,1,0.6673,5,1.0,1,1.0,1,0.9611,2,1.0,1,0.263,7,0.2458,9
遊戲,60000,0.5,指定 GPU:VRAM,0,59522,0.5107,0.6705,Intel Core Ultra 5 245KF,RX9070,Z890,0.6576,12,0.593,5,1.0,1,0.6673,5,1.0,1,1.0,1,0.9611,2,1.0,1,0.263,7,0.2458,9
遊戲,60000,0.5,指定 GPU:VRAM,1,55787,0.4497,0.7706,AMD R7 7700,RX9070,B850M,0.983,2,1.0,1,1.0,1,0.6673,5,1.0,1,1.0,1,1.0,1,0.6879,3,0.566,3,0.5164,6
遊戲,60000,0.5,指定 GPU:VRAM,2,55787,0.4497,0.7706,AMD R7 7700,RX9070,B850M,0.983,2,1.0,1,1.0,1,0.6673,5,1.0,1,1.0,1,1.0,1,0.6879,3,0.566,3,0.5164,6
遊戲,60000,0.5,指定 GPU:VRAM,3,57637,0.5094,0.6286,Intel Core Ultra 5 245KF,RX9070,B860M,0.6576,12,0.593,5,1.0,1,0.6673,5,1.0,1,1.0,1,0.6026,,0.4736,,0.4068,,0.5202,5
遊戲,60000,0.5,指定 GPU:VRAM,4,55787,0.4497,0.7706,AMD R7 7700,RX9070,B850M,0.983,2,1.0,1,1.0,1,0.6673,5,1.0,1,1.0,1,1.0,1,0.6879,3,0.566,3,0.5164,6
遊戲,60000,0.5,指定 GPU:VRAM,5,55787,0.4497,0.7706,AMD R7 7700,RX9070,B850M,0.983,2,1.0,1,1.0,1,0.6673,5,1.0,1,1.0,1,1.0,1,0.6879,3,0.566,3,0.5164,6
遊戲,60000,0.5,指定 GPU:VRAM,6,58937,0.4903,0.6705,Intel Core Ultra 5 245KF,RX9070,Z890,0.6576,12,0.593,5,1.0,1,0.6673,5,1.0,1,1.0,1,0.9611,2,1.0,1,0.263,7,0.2458,9
遊戲,60000,0.5,指定 GPU:VRAM,7,55787,0.4497,0.7706,AMD R7 7700,RX9070,B850M,0.983,2,1.0,1,1.0,1,0.6673,5,1.0,1,1.0,1,1.0,1,0.6879,3,0.566,3,0.5164,6
遊戲,60000,0.5,指定 GPU:VRAM,8,55787,0.4497,0.7706,AMD R7 7700,RX9070,B850M,0.983,2,1.0,1,1.0,1,0.6673,5,1.0,1,1.0,1,1.0,1,0.6879,3,0.566,3,0.5164,6
遊戲,60000,0.5,指定 GPU:VRAM,9,59847,0.4956,0.6878,AMD R9 9900X,RX9070,B850M,0.6651,11,0.5227,,1.0,1,0.6673,5,1.0,1,1.0,1,1.0,1,0.6879,3,0.566,3,0.5164,6
遊戲,60000,0.5,指定 GPU:VRAM,10,59522,0.5107,0.6705,Intel Core Ultra 5 245KF,RX9070,Z890,0.6576,12,0.593,5,1.0,1,0.6673,5,1.0,1,1.0,1,0.9611,2,1.0,1,0.263,7,0.2458,9
遊戲,60000,0.5,指定 GPU:VRAM,11,55787,0.4497,0.7706,AMD R7 7700,RX9070,B850M,0.983,2,1.0,1,1.0,1,0.6673,5,1.0,1,1.0,1,1.0,1,0.6879,3,0.566,3,0.5164,6
遊戲,60000,0.5,指定 GPU:VRAM,12,59522,0.5107,0.6705,Intel Core Ultra 5 245KF,RX9070,Z890,0.6576,12,0.593,5,1.0,1,0.6673,5,1.0,1,1.0,1,0.9611,2,1.0,1,0.263,7,0.2458,9
遊戲,60000,0.5,指定 GPU:VRAM,13,55787,0.4497,0.7706,AMD R7 7700,RX9070,B850M,0.983,2,1.0,1,1.0,1,0.6673,5,1.0,1,1.0,1,1.0,1,0.6879,3,0.566,3,0.5164,6
遊戲,60000,0.5,指定 GPU:VRAM,14,55787,0.4497,0.7706,AMD R7 7700,RX9070,B850M,0.983,2,1.0,1,1.0,1,0.6673,5,1.0,1,1.0,1,1.0,1,0.6879,3,0.566,3,0.5164,6
遊戲,60000,0.5,指定 GPU:VRAM,15,59522,0.5107,0.6705,Intel Core Ultra 5 245KF,RX9070,Z890,0.6576,12,0.593,5,1.0,1,0.6673,5,1.0,1,1.0,1,0.9611,2,1.0,1,0.263,7,0.2458,9
遊戲,60000,0.5,指定 GPU:VRAM,16,55787,0.4497,0.7706,AMD R7 7700,RX9070,B850M,0.983,2,1.0,1,1.0,1,0.6673,5,1.0,1,1.0,1,1.0,1,0.6879,3,0.566,3,0.5164,6
遊戲,60000,0.5,指定 GPU:VRAM,17,55787,0.4497,0.7706,AMD R7 7700,RX9070,B850M,0.983,2,1.0,1,1.0,1,0.6673,5,1.0,1,1.0,1,1.0,1,0.6879,3,0.566,3,0.5164,6
遊戲,60000,0.5,指定 GPU:VRAM,18,59522,0.5107,0.6705,Intel Core Ultra 5 245KF,RX9070,Z890,0.6576,12,0.593,5,1.0,1,0.6673,5,1.0,1,1.0,1,0.9611,2,1.0,1,0.263,7,0.2458,9
遊戲,60000,0.5,指定 GPU:VRAM,19,59522,0.5107,0.6705,Intel Core Ultra 5 245KF,RX9070,Z890,0.6576,12,0.593,5,1.0,1,0.6673,5,1.0,1,1.0,1,0.9611,2,1.0,1,0.263,7,0.2458,9
遊戲,60000,0.5,指定 主機板:用料,0,53787,0.4887,0.6633,AMD R7 7700,RTX5070,B850M,0.983,2,1.0,1,0.6123,5,0.6305,6,0.4095,6,0.2741,8,1.0,1,0.6879,3,0.566,3,0.5164,6
遊戲,60000,0.5,指定 主機板:用料,1,53787,0.4887,0.6633,AMD R7 7700,RTX5070,B850M,0.983,2,1.0,1,0.6123,5,0.6305,6,0.4095,6,0.2741,8,1.0,1,0.6879,3,0.566,3,0.5164,6
遊戲,60000,0.5,指定 主機板:用料,2,59587,0.5496,0.5805,AMD R9 9900X,RTX5070,B850M,0.6651,11,0.5227,,0.6123,5,0.6305,6,0.4095,6,0.2741,8,1.0,1,0.6879,3,0.566,3,0.5164,6
遊戲,60000,0.5,指定 主機板:用料,3,53787,0.4887,0.6633,AMD R7 7700,RTX5070,B850M,0.983,2,1.0,1,0.6123,5,0.6305,6,0.4095,6,0.2741,8,1.0,1,0.6879,3,0.566,3,0.5164,6
遊戲,60000,0.5,指定 主機板:用料,4,53787,0.4887,0.6633,AMD R7 7700,RTX5070,B850M,0.983,2,1.0,1,0.6123,5,0.6305,6,0.4095,6,0.2741,8,1.0,1,0.6879,3,0.566,3,0.5164,6
遊戲,60000,0.5,指定 主機板:用料,5,59587,0.5496,0.5805,AMD R9 9900X,RTX5070,B850M,0.6651,11,0.5227,,0.6123,5,0.6305,6,0.4095,6,0.2741,8,1.0,1,0.6879,3,0.566,3,0.5164,6
遊戲,60000,0.5,指定 主機板:用料,6,59587,0.5496,0.5805,AMD R9 9900X,RTX5070,B850M,0.6651,11,0.5227,,0.6123,5,0.6305,6,0.4095,6,0.2741,8,1.0,1,0.6879,3,0.566,3,0.5164,6
遊戲,60000,0.5,指定 主機板:用料,7,59587,0.5496,0.5805,AMD R9 9900X,RTX5070,B850M,0.6651,11,0.5227,,0.6123,5,0.6305,6,0.4095,6,0.2741,8,1.0,1,0.6879,3,0.566,3,0.5164,6
遊戲,60000,0.5,指定 主機板:用料,8,53787,0.4887,0.6633,AMD R7 7700,RTX5070,B850M,0.983,2,1.0,1,0.6123,5,0.6305,6,0.4095,6,0.2741,8,1.0,1,0.6879,3,0.566,3,0.5164,6
遊戲,60000,0.5,指定 主機板:用料,9,59987,0.5502,0.5805,AMD R9 9900X,RTX5070,B850M,0.6651,11,0.5227,,0.6123,5,0.6305,6,0.4095,6,0.2741,8,1.0,1,0.6879,3,0.566,3,0.5164,6
遊戲,60000,0.5,指定 主機板:用料,10,53787,0.4887,0.6633,AMD R7 7700,RTX5070,B850M,0.983,2,1.0,1,0.6123,5,0.6305,6,0.4095,6,0.2741,8,1.0,1,0.6879,3,0.566,3,0.5164,6
遊戲,60000,0.5,指定 主機板:用料,11,59587,0.5496,0.5805,AMD R9 9900X,RTX5070,B850M,0.6651,11,0.5227,,0.6123,5,0.6305,6,0.4095,6,0.2741,8,1.0,1,0.6879,3,0.566,3,0.5164,6
遊戲,60000,0.5,指定 主機板:用料,12,59587,0.5496,0.5805,AMD R9 9900X,RTX5070,B850M,0.6651,11,0.5227,,0.6123,5,0.6305,6,0.4095,6,0.2741,8,1.0,1,0.6879,3,0.566,3,0.5164,6
遊戲,60000,0.5,指定 主機板:用料,13,59587,0.5496,0.5805,AMD R9 9900X,RTX5070,B850M,0.6651,11,0.5227,,0.6123,5,0.6305,6,0.4095,6,0.2741,8,1.0,1,0.6879,3,0.566,3,0.5164,6
遊戲,60000,0.5,指定 主機板:用料,14,53787,0.4887,0.6633,AMD R7 7700,RTX5070,B850M,0.983,2,1.0,1,0.6123,5,0.6305,6,0.4095,6,0.2741,8,1.0,1,0.6879,3,0.566,3,0.5164,6
遊戲,60000,0.5,指定 主機板:用料,15,53787,0.4887,0.6633,AMD R7 7700,RTX5070,B850M,0.983,2,1.0,1,0.6123,5,0.6305,6,0.4095,6,0.2741,8,1.0,1,0.6879,3,0.566,3,0.5164,6
遊戲,60000,0.5,指定 主機板:用料,16,53787,0.4887,0.6633,AMD R7 7700,RTX5070,B850M,0.983,2,1.0,1,0.6123,5,0.6305,6,0.4095,6,0.2741,8,1.0,1,0.6879,3,0.566,3,0.5164,6
遊戲,60000,0.5,指定 主機板:用料,17,59587,0.5496,0.5805,AMD R9 9900X,RTX5070,B850M,0.6651,11,0.5227,,0.6123,5,0.6305,6,0.4095,6,0.2741,8,1.0,1,0.6879,3,0.566,3,0.5164,6
遊戲,60000,0.5,指定 主機板:用料,18,53787,0.4887,0.6633,AMD R7 7700,RTX5070,B850M,0.983,2,1.0,1,0.6123,5,0.6305,6,0.4095,6,0.2741,8,1.0,1,0.6879,3,0.566,3,0.5164,6
遊戲,60000,0.5,指定 主機板:用料,19,53787,0.4887,0.6633,AMD R7 7700,RTX5070,B850M,0.983,2,1.0,1,0.6123,5,0.6305,6,0.4095,6,0.2741,8,1.0,1,0.6879,3,0.566,3,0.5164,6
遊戲,60000,0.5,指定 主機板:擴充性,0,57522,0.5497,0.5632,Intel Core Ultra 5 245KF,RTX5070,Z890,0.6576,12,0.593,5,0.6123,5,0.6305,6,0.4095,6,0.2741,8,0.9611,2,1.0,1,0.263,7,0.2458,9
遊戲,60000,0.5,指定 主機板:擴充性,1,57522,0.5497,0.5632,Intel Core Ultra 5 245KF,RTX5070,Z890,0.6576,12,0.593,5,0.6123,5,0.6305,6,0.4095,6,0.2741,8,0.9611,2,1.0,1,0.263,7,0.2458,9
遊戲,60000,0.5,指定 主機板:擴充性,2,57522,0.5497,0.5632,Intel Core Ultra 5 245KF,RTX5070,Z890,0.6576,12,0.593,5,0.6123,5,0.6305,6,0.4095,6,0.2741,8,0.9611,2,1.0,1,0.263,7,0.2458,9
遊戲,60000,0.5,指定 主機板:擴充性,3,57522,0.5497,0.5632,Intel Core Ultra 5 245KF,RTX5070,Z890,0.6576,12,0.593,5,0.6123,5,0.6305,6,0.4095,6,0.2741,8,0.9611,2,1.0,1,0.263,7,0.2458,9
遊戲,60000,0.5,指定 主機板:擴充性,4,57522,0.5497,0.5632,Intel Core Ultra 5 245KF,RTX5070,Z890,0.6576,12,0.593,5,0.6123,5,0.6305,6,0.4095,6,0.2741,8,0.9611,2,1.0,1,0.263,7,0.2458,9
遊戲,60000,0.5,指定 主機板:擴充性,5,57522,0.5497,0.5632,Intel Core Ultra 5 245KF,RTX5070,Z890,0.6576,12,0.593,5,0.6123,5,0.6305,6,0.4095,6,0.2741,8,0.9611,2,1.0,1,0.263,7,0.2458,9
遊戲,60000,0.5,指定 主機板:擴充性,6,57522,0.5497,0.5632,Intel Core Ultra 5 245KF,RTX5070,Z890,0.6576,12,0.593,5,0.6123,5,0.6305,6,0.4095,6,0.2741,8,0.9611,2,1.0,1,0.263,7,0.2458,9
遊戲,60000,0.5,指定 主機板:擴充性,7,57522,0.5497,0.5632,Intel Core Ultra 5 245KF,RTX5070,Z890,0.6576,12,0.593,5,0.6123,5,0.6305,6,0.4095,6,0.2741,8,0.9611,2,1.0,1,0.263,7,0.2458,9
遊戲,60000,0.5,指定 主機板:擴充性,8,57522,0.5497,0.5632,Intel Core Ultra 5 245KF,RTX5070,Z890,0.6576,12,0.593,5,0.6123,5,0.6305,6,0.4095,6,0.2741,8,0.9611,2,1.0,1,0.263,7,0.2458,9
遊戲,60000,0.5,指定 主機板:擴充性,9,57522,0.5497,0.5632,Intel Core Ultra 5 245KF,RTX5070,Z890,0.6576,12,0.593,5,0.6123,5,0.6305,6,0.4095,6,0.2741,8,0.9611,2,1.0,1,0.263,7,0.2458,9
遊戲,60000,0.5,指定 主機板:擴充性,10,57522,0.5497,0.5632,Intel Core Ultra 5 245KF,RTX5070,Z890,0.6576,12,0.593,5,0.6123,5,0.6305,6,0.4095,6,0.2741,8,0.9611,2,1.0,1,0.263,7,0.2458,9
遊戲,60000,0.5,指定 主機板:擴充性,11,57522,0.5497,0.5632,Intel Core Ultra 5 245KF,RTX5070,Z890,0.6576,12,0.593,5,0.6123,5,0.6305,6,0.4095,6,0.2741,8,0.9611,2,1.0,1,0.263,7,0.2458,9
遊戲,60000,0.5,指定 主機板:擴充性,12,57522,0.5497,0.5632,Intel Core Ultra 5 245KF,RTX5070,Z890,0.6576,12,0.593,5,0.6123,5,0.6305,6,0.4095,6,0.2741,8,0.9611,2,1.0,1,0.263,7,0.2458,9
遊戲,60000,0.5,指定 主機板:擴充性,13,57522,0.5497,0.5632,Intel Core Ultra 5 245KF,RTX5070,Z890,0.6576,12,0.593,5,0.6123,5,0.6305,6,0.4095,6,0.2741,8,0.9611,2,1.0,1,0.263,7,0.2458,9
遊戲,60000,0.5,指定 主機板:擴充性,14,57522,0.5497,0.5632,Intel Core Ultra 5 245KF,RTX5070,Z890,0.6576,12,0.593,5,0.6123,5,0.6305,6,0.4095,6,0.2741,8,0.9611,2,1.0,1,0.263,7,0.2458,9
遊戲,60000,0.5,指定 主機板:擴充性,15,57522,0.5497,0.5632,Intel Core Ultra 5 245KF,RTX5070,Z890,0.6576,12,0.593,5,0.6123,5,0.6305,6,0.4095,6,0.2741,8,0.9611,2,1.0,1,0.263,7,0.2458,9
遊戲,60000,0.5,指定 主機板:擴充性,16,57522,0.5497,0.5632,Intel Core Ultra 5 245KF,RTX5070,Z890,0.6576,12,0.593,5,0.6123,5,0.6305,6,0.4095,6,0.2741,8,0.9611,2,1.0,1,0.263,7,0.2458,9
遊戲,60000,0.5,指定 主機板:擴充性,17,57522,0.5497,0.5632,Intel Core Ultra 5 245KF,RTX5070,Z890,0.6576,12,0.593,5,0.6123,5,0.6305,6,0.4095,6,0.2741,8,0.9611,2,1.0,1,0.263,7,0.2458,9
遊戲,60000,0.5,指定 主機板:擴充性,18,57522,0.5497,0.5632,Intel Core Ultra 5 245KF,RTX5070,Z890,0.6576,12,0.593,5,0.6123,5,0.6305,6,0.4095,6,0.2741,8,0.9611,2,1.0,1,0.263,7,0.2458,9
遊戲,60000,0.5,指定 主機板:擴充性,19,57522,0.5497,0.5632,Intel Core Ultra 5 245KF,RTX5070,Z890,0.6576,12,0.593,5,0.6123,5,0.6305,6,0.4095,6,0.2741,8,0.9611,2,1.0,1,0.263,7,0.2458,9
遊戲,60000,0.5,指定 主機板:穩定,0,50487,0.4612,0.4533,AMD R5 7500F,RTX5070,A620,0.9777,4,0.8478,2,0.6123,5,0.6305,6,0.4095,6,0.2741,8,0.0,10,0.0,10,1.0,1,0.1273,10
遊戲,60000,0.5,指定 主機板:穩定,1,59587,0.5496,0.5805,AMD R9 9900X,RTX5070,B850M,0.6651,11,0.5227,,0.6123,5,0.6305,6,0.4095,6,0.2741,8,1.0,1,0.6879,3,0.566,3,0.5164,6
遊戲,60000,0.5,指定 主機板:穩定,2,59887,0.5501,0.5805,AMD R9 9900X,RTX5070,B850M,0.6651,11,0.5227,,0.6123,5,0.6305,6,0.4095,6,0.2741,8,1.0,1,0.6879,3,0.566,3,0.5164,6
遊戲,60000,0.5,指定 主機板:穩定,3,58687,0.4958,0.6051,AMD R7 7700,RTX5070,X870E,0.983,2,1.0,1,0.6123,5,0.6305,6,0.4095,6,0.2741,8,0.8162,5,0.42,6,0.6877,2,0.4504,7
遊戲,60000,0.5,指定 主機板:穩定,4,50487,0.4612,0.4533,AMD R5 7500F,RTX5070,A620,0.9777,4,0.8478,2,0.6123,5,0.6305,6,0.4095,6,0.2741,8,0.0,10,0.0,10,1.0,1,0.1273,10
遊戲,60000,0.5,指定 主機板:穩定,5,59587,0.5496,0.5805,AMD R9 9900X,RTX5070,B850M,0.6651,11,0.5227,,0.6123,5,0.6305,6,0.4095,6,0.2741,8,1.0,1,0.6879,3,0.566,3,0.5164,6
遊戲,60000,0.5,指定 主機板:穩定,6,59587,0.548,0.5805,AMD R9 9900X,RTX5070,B850M,0.6651,11,0.5227,,0.6123,5,0.6305,6,0.4095,6,0.2741,8,1.0,1,0.6879,3,0.566,3,0.5164,6
遊戲,60000,0.5,指定 主機板:穩定,7,58687,0.4958,0.6051,AMD R7 7700,RTX5070,X870E,0.983,2,1.0,1,0.6123,5,0.6305,6,0.4095,6,0.2741,8,0.8162,5,0.42,6,0.6877,2,0.4504,7
遊戲,60000,0.5,指定 主機板:穩定,8,59587,0.5496,0.5805,AMD R9 9900X,RTX5070,B850M,0.6651,11,0.5227,,0.6123,5,0.6305,6,0.4095,6,0.2741,8,1.0,1,0.6879,3,0.566,3,0.5164,6
遊戲,60000,0.5,指定 主機板:穩定,9,50487,0.4612,0.4533,AMD R5 7500F,RTX5070,A620,0.9777,4,0.8478,2,0.6123,5,0.6305,6,0.4095,6,0.2741,8,0.0,10,0.0,10,1.0,1,0.1273,10
遊戲,60000,0.5,指定 主機板:穩定,10,59887,0.5501,0.5805,AMD R9 9900X,RTX5070,B850M,0.6651,11,0.5227,,0.6123,5,0.6305,6,0.4095,6,0.2741,8,1.0,1,0.6879,3,0.566,3,0.5164,6
遊戲,60000,0.5,指定 主機板:穩定,11,50487,0.4612,0.4533,AMD R5 7500F,RTX5070,A620,0.9777,4,0.8478,2,0.6123,5,0.6305,6,0.4095,6,0.2741,8,0.0,10,0.0,10,1.0,1,0.1273,10
遊戲,60000,0.5,指定 主機板:穩定,12,58687,0.4958,0.6051,AMD R7 7700,RTX5070,X870E,0.983,2,1.0,1,0.6123,5,0.6305,6,0.4095,6,0.2741,8,0.8162,5,0.42,6,0.6877,2,0.4504,7
遊戲,60000,0.5,指定 主機板:穩定,13,59587,0.5496,0.5805,AMD R9 9900X,RTX5070,B850M,0.6651,11,0.5227,,0.6123,5,0.6305,6,0.4095,6,0.2741,8,1.0,1,0.6879,3,0.566,3,0.5164,6
遊戲,60000,0.5,指定 主機板:穩定,14,50487,0.4612,0.4533,AMD R5 7500F,RTX5070,A620,0.9777,4,0.8478,2,0.6123,5,0.6305,6,0.4095,6,0.2741,8,0.0,10,0.0,10,1.0,1,0.1273,10
遊戲,60000,0.5,指定 主機板:穩定,15,58687,0.4958,0.6051,AMD R7 7700,RTX5070,X870E,0.983,2,1.0,1,0.6123,5,0.6305,6,0.4095,6,0.2741,8,0.8162,5,0.42,6,0.6877,2,0.4504,7
遊戲,60000,0.5,指定 主機板:穩定,16,50487,0.4612,0.4533,AMD R5 7500F,RTX5070,A620,0.9777,4,0.8478,2,0.6123,5,0.6305,6,0.4095,6,0.2741,8,0.0,10,0.0,10,1.0,1,0.1273,10
遊戲,60000,0.5,指定 主機板:穩定,17,59587,0.5496,0.5805,AMD R9 9900X,RTX5070,B850M,0.6651,11,0.5227,,0.6123,5,0.6305,6,0.4095,6,0.2741,8,1.0,1,0.6879,3,0.566,3,0.5164,6
遊戲,60000,0.5,指定 主機板:穩定,18,59587,0.5496,0.5805,AMD R9 9900X,RTX5070,B850M,0.6651,11,0.5227,,0.6123,5,0.6305,6,0.4095,6,0.2741,8,1.0,1,0.6879,3,0.566,3,0.5164,6
遊戲,60000,0.5,指定 主機板:穩定,19,50487,0.4612,0.4533,AMD R5 7500F,RTX5070,A620,0.9777,4,0.8478,2,0.6123,5,0.6305,6,0.4095,6,0.2741,8,0.0,10,0.0,10,1.0,1,0.1273,10
遊戲,60000,0.5,指定 主機板:CP值,0,53787,0.4887,0.6053,AMD R7 7700,RTX5070,B650M,0.983,2,1.0,1,0.6123,5,0.6305,6,0.4095,6,0.2741,8,0.5795,7,0.2883,7,0.0,10,1.0,1
遊戲,60000,0.5,指定 主機板:CP值,1,59487,0.5495,0.5226,AMD R9 9900X,RTX5070,B650M,0.6651,11,0.5227,,0.6123,5,0.6305,6,0.4095,6,0.2741,8,0.5795,7,0.2883,7,0.0,10,1.0,1
遊戲,60000,0.5,指定 主機板:CP值,2,53787,0.4887,0.6053,AMD R7 7700,RTX5070,B650M,0.983,2,1.0,1,0.6123,5,0.6305,6,0.4095,6,0.2741,8,0.5795,7,0.2883,7,0.0,10,1.0,1
遊戲,60000,0.5,指定 主機板:CP值,3,59487,0.5495,0.5226,AMD R9 9900X,RTX5070,B650M,0.6651,11,0.5227,,0.6123,5,0.6305,6,0.4095,6,0.2741,8,0.5795,7,0.2883,7,0.0,10,1.0,1
遊戲,60000,0.5,指定 主機板:CP值,4,59187,0.5474,0.5226,AMD R9 9900X,RTX5070,B650M,0.6651,11,0.5227,,0.6123,5,0.6305,6,0.4095,6,0.2741,8,0.5795,7,0.2883,7,0.0,10,1.0,1
遊戲,60000,0.5,指定 主機板:CP值,5,59487,0.5495,0.5226,AMD R9 9900X,RTX5070,B650M,0.6651,11,0.5227,,0.6123,5,0.6305,6,0.4095,6,0.2741,8,0.5795,7,0.2883,7,0.0,10,1.0,1
遊戲,60000,0.5,指定 主機板:CP值,6,59487,0.5495,0.5226,AMD R9 9900X,RTX5070,B650M,0.6651,11,0.5227,,0.6123,5,0.6305,6,0.4095,6,0.2741,8,0.5795,7,0.2883,7,0.0,10,1.0,1
遊戲,60000,0.5,指定 主機板:CP值,7,59487,0.5495,0.5226,AMD R9 9900X,RTX5070,B650M,0.6651,11,0.5227,,0.6123,5,0.6305,6,0.4095,6,0.2741,8,0.5795,7,0.2883,7,0.0,10,1.0,1
遊戲,60000,0.5,指定 主機板:CP值,8,53787,0.4887,0.6053,AMD R7 7700,RTX5070,B650M,0.983,2,1.0,1,0.6123,5,0.6305,6,0.4095,6,0.2741,8,0.5795,7,0.2883,7,0.0,10,1.0,1
遊戲,60000,0.5,指定 主機板:CP值,9,59487,0.5495,0.5226,AMD R9 9900X,RTX5070,B650M,0.6651,11,0.5227,,0.6123,5,0.6305,6,0.4095,6,0.2741,8,0.5795,7,0.2883,7,0.0,10,1.0,1
遊戲,60000,0.5,指定 主機板:CP值,10,59487,0.5495,0.5226,AMD R9 9900X,RTX5070,B650M,0.6651,11,0.5227,,0.6123,5,0.6305,6,0.4095,6,0.2741,8,0.5795,7,0.2883,7,0.0,10,1.0,1
遊戲,60000,0.5,指定 主機板:CP值,11,59487,0.5495,0.5226,AMD R9 9900X,RTX5070,B650M,0.6651,11,0.5227,,0.6123,5,0.6305,6,0.4095,6,0.2741,8,0.5795,7,0.2883,7,0.0,10,1.0,1
遊戲,60000,0.5,指定 主機板:CP值,12,59487,0.5495,0.5226,AMD R9 9900X,RTX5070,B650M,0.6651,11,0.5227,,0.6123,5,0.6305,6,0.4095,6,0.2741,8,0.5795,7,0.2883,7,0.0,10,1.0,1
遊戲,60000,0.5,指定 主機板:CP值,13,53787,0.4887,0.6053,AMD R7 7700,RTX5070,B650M,0.983,2,1.0,1,0.6123,5,0.6305,6,0.4095,6,0.2741,8,0.5795,7,0.2883,7,0.0,10,1.0,1
遊戲,60000,0.5,指定 主機板:CP值,14,53787,0.4887,0.6053,AMD R7 7700,RTX5070,B650M,0.983,2,1.0,1,0.6123,5,0.6305,6,0.4095,6,0.2741,8,0.5795,7,0.2883,7,0.0,10,1.0,1
遊戲,60000,0.5,指定 主機板:CP值,15,53787,0.4887,0.6053,AMD R7 7700,RTX5070,B650M,0.983,2,1.0,1,0.6123,5,0.6305,6,0.4095,6,0.2741,8,0.5795,7,0.2883,7,0.0,10,1.0,1
遊戲,60000,0.5,指定 主機板:CP值,16,59487,0.5495,0.5226,AMD R9 9900X,RTX5070,B650M,0.6651,11,0.5227,,0.6123,5,0.6305,6,0.4095,6,0.2741,8,0.5795,7,0.2883,7,0.0,10,1.0,1
遊戲,60000,0.5,指定 主機板:CP值,17,59487,0.5495,0.5226,AMD R9 9900X,RTX5070,B650M,0.6651,11,0.5227,,0.6123,5,0.6305,6,0.4095,6,0.2741,8,0.5795,7,0.2883,7,0.0,10,1.0,1
遊戲,60000,0.5,指定 主機板:CP值,18,59487,0.5495,0.5226,AMD R9 9900X,RTX5070,B650M,0.6651,11,0.5227,,0.6123,5,0.6305,6,0.4095,6,0.2741,8,0.5795,7,0.2883,7,0.0,10,1.0,1
遊戲,60000,0.5,指定 主機板:CP值,19,53787,0.4887,0.6053,AMD R7 7700,RTX5070,B650M,0.983,2,1.0,1,0.6123,5,0.6305,6,0.4095,6,0.2741,8,0.5795,7,0.2883,7,0.0,10,1.0,1
