usage,budget,pref_term_share,pref_share,condition,seed,total_price,perf,sentiment,model_CPU,model_GPU,model_主機板,norm_CPU:效能,rank_CPU:效能,norm_CPU:CP值,rank_CPU:CP值,norm_GPU:效能,rank_GPU:效能,norm_GPU:穩定,rank_GPU:穩定,norm_GPU:CP值,rank_GPU:CP值,norm_GPU:VRAM,rank_GPU:VRAM,norm_主機板:用料,rank_主機板:用料,norm_主機板:擴充性,rank_主機板:擴充性,norm_主機板:穩定,rank_主機板:穩定,norm_主機板:CP值,rank_主機板:CP值
遊戲,30000,0.0,1.0,無口碑,0,29924,0.3121,0.4631,AMD R5 5600XT,RX7650GRE,A520M,0.7545,,0.5227,,0.0597,15,0.5326,,0.1739,9,0.5186,,0.6026,,0.4736,,0.4068,,0.4865,
遊戲,30000,0.0,1.0,無口碑,1,29624,0.3095,0.4631,AMD R5 5600XT,RX7650GRE,A520M,0.7545,,0.5227,,0.0597,15,0.5326,,0.1739,9,0.5186,,0.6026,,0.4736,,0.4068,,0.4865,
遊戲,30000,0.0,1.0,無口碑,2,29434,0.3035,0.4631,AMD R5 5600XT,RX7650GRE,A520M,0.7545,,0.5227,,0.0597,15,0.5326,,0.1739,9,0.5186,,0.6026,,0.4736,,0.4068,,0.4865,
遊戲,30000,0.0,1.0,無口碑,3,29334,0.3033,0.4631,AMD R5 5600XT,RX7650GRE,A520M,0.7545,,0.5227,,0.0597,15,0.5326,,0.1739,9,0.5186,,0.6026,,0.4736,,0.4068,,0.4865,
遊戲,30000,0.0,1.0,無口碑,4,29589,0.31,0.4631,AMD R5 5600XT,RX7650GRE,A520M,0.7545,,0.5227,,0.0597,15,0.5326,,0.1739,9,0.5186,,0.6026,,0.4736,,0.4068,,0.4865,
遊戲,30000,0.0,1.0,無口碑,5,29724,0.3097,0.4631,AMD R5 5600XT,RX7650GRE,A520M,0.7545,,0.5227,,0.0597,15,0.5326,,0.1739,9,0.5186,,0.6026,,0.4736,,0.4068,,0.4865,
遊戲,30000,0.0,1.0,無口碑,6,29434,0.3034,0.4631,AMD R5 5600XT,RX7650GRE,A520M,0.7545,,0.5227,,0.0597,15,0.5326,,0.1739,9,0.5186,,0.6026,,0.4736,,0.4068,,0.4865,
遊戲,30000,0.0,1.0,無口碑,7,29989,0.3132,0.4631,AMD R5 5600XT,RX7650GRE,A520M,0.7545,,0.5227,,0.0597,15,0.5326,,0.1739,9,0.5186,,0.6026,,0.4736,,0.4068,,0.4865,
遊戲,30000,0.0,1.0,無口碑,8,29724,0.3107,0.4631,AMD R5 5600XT,RX7650GRE,A520M,0.7545,,0.5227,,0.0597,15,0.5326,,0.1739,9,0.5186,,0.6026,,0.4736,,0.4068,,0.4865,
遊戲,30000,0.0,1.0,無口碑,9,29234,0.3025,0.4631,AMD R5 5600XT,RX7650GRE,A520M,0.7545,,0.5227,,0.0597,15,0.5326,,0.1739,9,0.5186,,0.6026,,0.4736,,0.4068,,0.4865,
遊戲,30000,0.0,1.0,無口碑,10,29434,0.3034,0.4631,AMD R5 5600XT,RX7650GRE,A520M,0.7545,,0.5227,,0.0597,15,0.5326,,0.1739,9,0.5186,,0.6026,,0.4736,,0.4068,,0.4865,
遊戲,30000,0.0,1.0,無口碑,11,29939,0.3135,0.4631,AMD R5 5600XT,RX7650GRE,A520M,0.7545,,0.5227,,0.0597,15,0.5326,,0.1739,9,0.5186,,0.6026,,0.4736,,0.4068,,0.4865,
遊戲,30000,0.0,1.0,無口碑,12,29739,0.3114,0.4631,AMD R5 5600XT,RX7650GRE,A520M,0.7545,,0.5227,,0.0597,15,0.5326,,0.1739,9,0.5186,,0.6026,,0.4736,,0.4068,,0.4865,
遊戲,30000,0.0,1.0,無口碑,13,29334,0.3033,0.4631,AMD R5 5600XT,RX7650GRE,A520M,0.7545,,0.5227,,0.0597,15,0.5326,,0.1739,9,0.5186,,0.6026,,0.4736,,0.4068,,0.4865,
遊戲,30000,0.0,1.0,無口碑,14,29724,0.3112,0.4631,AMD R5 5600XT,RX7650GRE,A520M,0.7545,,0.5227,,0.0597,15,0.5326,,0.1739,9,0.5186,,0.6026,,0.4736,,0.4068,,0.4865,
遊戲,30000,0.0,1.0,無口碑,15,29724,0.3097,0.4631,AMD R5 5600XT,RX7650GRE,A520M,0.7545,,0.5227,,0.0597,15,0.5326,,0.1739,9,0.5186,,0.6026,,0.4736,,0.4068,,0.4865,
遊戲,30000,0.0,1.0,無口碑,16,29739,0.3109,0.4631,AMD R5 5600XT,RX7650GRE,A520M,0.7545,,0.5227,,0.0597,15,0.5326,,0.1739,9,0.5186,,0.6026,,0.4736,,0.4068,,0.4865,
遊戲,30000,0.0,1.0,無口碑,17,29634,0.3038,0.4631,AMD R5 5600XT,RX7650GRE,A520M,0.7545,,0.5227,,0.0597,15,0.5326,,0.1739,9,0.5186,,0.6026,,0.4736,,0.4068,,0.4865,
遊戲,30000,0.0,1.0,無口碑,18,29939,0.3123,0.4631,AMD R5 5600XT,RX7650GRE,A520M,0.7545,,0.5227,,0.0597,15,0.5326,,0.1739,9,0.5186,,0.6026,,0.4736,,0.4068,,0.4865,
遊戲,30000,0.0,1.0,無口碑,19,29334,0.3032,0.4631,AMD R5 5600XT,RX7650GRE,A520M,0.7545,,0.5227,,0.0597,15,0.5326,,0.1739,9,0.5186,,0.6026,,0.4736,,0.4068,,0.4865,
遊戲,30000,0.0,1.0,有口碑,0,28539,0.2849,0.4781,AMD R5 5600XT,RX7650GRE,B550M,0.7545,,0.5227,,0.0597,15,0.5326,,0.1739,9,0.5186,,0.6043,6,0.2543,8,0.4315,5,0.9047,2
遊戲,30000,0.0,1.0,有口碑,1,28789,0.2854,0.4781,AMD R5 5600XT,RX7650GRE,B550M,0.7545,,0.5227,,0.0597,15,0.5326,,0.1739,9,0.5186,,0.6043,6,0.2543,8,0.4315,5,0.9047,2
遊戲,30000,0.0,1.0,有口碑,2,28539,0.2844,0.4781,AMD R5 5600XT,RX7650GRE,B550M,0.7545,,0.5227,,0.0597,15,0.5326,,0.1739,9,0.5186,,0.6043,6,0.2543,8,0.4315,5,0.9047,2
遊戲,30000,0.0,1.0,有口碑,3,28289,0.2841,0.4781,AMD R5 5600XT,RX7650GRE,B550M,0.7545,,0.5227,,0.0597,15,0.5326,,0.1739,9,0.5186,,0.6043,6,0.2543,8,0.4315,5,0.9047,2
遊戲,30000,0.0,1.0,有口碑,4,28439,0.2847,0.4781,AMD R5 5600XT,RX7650GRE,B550M,0.7545,,0.5227,,0.0597,15,0.5326,,0.1739,9,0.5186,,0.6043,6,0.2543,8,0.4315,5,0.9047,2
遊戲,30000,0.0,1.0,有口碑,5,28249,0.2842,0.4781,AMD R5 5600XT,RX7650GRE,B550M,0.7545,,0.5227,,0.0597,15,0.5326,,0.1739,9,0.5186,,0.6043,6,0.2543,8,0.4315,5,0.9047,2
遊戲,30000,0.0,1.0,有口碑,6,28339,0.2846,0.4781,AMD R5 5600XT,RX7650GRE,B550M,0.7545,,0.5227,,0.0597,15,0.5326,,0.1739,9,0.5186,,0.6043,6,0.2543,8,0.4315,5,0.9047,2
遊戲,30000,0.0,1.0,有口碑,7,28799,0.286,0.4781,AMD R5 5600XT,RX7650GRE,B550M,0.7545,,0.5227,,0.0597,15,0.5326,,0.1739,9,0.5186,,0.6043,6,0.2543,8,0.4315,5,0.9047,2
遊戲,30000,0.0,1.0,有口碑,8,28339,0.2846,0.4781,AMD R5 5600XT,RX7650GRE,B550M,0.7545,,0.5227,,0.0597,15,0.5326,,0.1739,9,0.5186,,0.6043,6,0.2543,8,0.4315,5,0.9047,2
遊戲,30000,0.0,1.0,有口碑,9,28339,0.2846,0.4781,AMD R5 5600XT,RX7650GRE,B550M,0.7545,,0.5227,,0.0597,15,0.5326,,0.1739,9,0.5186,,0.6043,6,0.2543,8,0.4315,5,0.9047,2
遊戲,30000,0.0,1.0,有口碑,10,28989,0.2888,0.4781,AMD R5 5600XT,RX7650GRE,B550M,0.7545,,0.5227,,0.0597,15,0.5326,,0.1739,9,0.5186,,0.6043,6,0.2543,8,0.4315,5,0.9047,2
遊戲,30000,0.0,1.0,有口碑,11,28439,0.2847,0.4781,AMD R5 5600XT,RX7650GRE,B550M,0.7545,,0.5227,,0.0597,15,0.5326,,0.1739,9,0.5186,,0.6043,6,0.2543,8,0.4315,5,0.9047,2
遊戲,30000,0.0,1.0,有口碑,12,28539,0.2849,0.4781,AMD R5 5600XT,RX7650GRE,B550M,0.7545,,0.5227,,0.0597,15,0.5326,,0.1739,9,0.5186,,0.6043,6,0.2543,8,0.4315,5,0.9047,2
遊戲,30000,0.0,1.0,有口碑,13,28639,0.2851,0.4781,AMD R5 5600XT,RX7650GRE,B550M,0.7545,,0.5227,,0.0597,15,0.5326,,0.1739,9,0.5186,,0.6043,6,0.2543,8,0.4315,5,0.9047,2
遊戲,30000,0.0,1.0,有口碑,14,28389,0.2842,0.4781,AMD R5 5600XT,RX7650GRE,B550M,0.7545,,0.5227,,0.0597,15,0.5326,,0.1739,9,0.5186,,0.6043,6,0.2543,8,0.4315,5,0.9047,2
遊戲,30000,0.0,1.0,有口碑,15,28439,0.2848,0.4781,AMD R5 5600XT,RX7650GRE,B550M,0.7545,,0.5227,,0.0597,15,0.5326,,0.1739,9,0.5186,,0.6043,6,0.2543,8,0.4315,5,0.9047,2
遊戲,30000,0.0,1.0,有口碑,16,29349,0.2887,0.4781,AMD R5 5600XT,RX7650GRE,B550M,0.7545,,0.5227,,0.0597,15,0.5326,,0.1739,9,0.5186,,0.6043,6,0.2543,8,0.4315,5,0.9047,2
遊戲,30000,0.0,1.0,有口碑,17,28689,0.2853,0.4781,AMD R5 5600XT,RX7650GRE,B550M,0.7545,,0.5227,,0.0597,15,0.5326,,0.1739,9,0.5186,,0.6043,6,0.2543,8,0.4315,5,0.9047,2
遊戲,30000,0.0,1.0,有口碑,18,28539,0.2849,0.4781,AMD R5 5600XT,RX7650GRE,B550M,0.7545,,0.5227,,0.0597,15,0.5326,,0.1739,9,0.5186,,0.6043,6,0.2543,8,0.4315,5,0.9047,2
遊戲,30000,0.0,1.0,有口碑,19,28339,0.2846,0.4781,AMD R5 5600XT,RX7650GRE,B550M,0.7545,,0.5227,,0.0597,15,0.5326,,0.1739,9,0.5186,,0.6043,6,0.2543,8,0.4315,5,0.9047,2
遊戲,30000,0.0,1.0,指定 CPU:效能,0,28939,0.2855,0.4781,AMD R5 5600XT,RX7650GRE,B550M,0.7545,,0.5227,,0.0597,15,0.5326,,0.1739,9,0.5186,,0.6043,6,0.2543,8,0.4315,5,0.9047,2
遊戲,30000,0.0,1.0,指定 CPU:效能,1,28539,0.2849,0.4781,AMD R5 5600XT,RX7650GRE,B550M,0.7545,,0.5227,,0.0597,15,0.5326,,0.1739,9,0.5186,,0.6043,6,0.2543,8,0.4315,5,0.9047,2
遊戲,30000,0.0,1.0,指定 CPU:效能,2,28639,0.2851,0.4781,AMD R5 5600XT,RX7650GRE,B550M,0.7545,,0.5227,,0.0597,15,0.5326,,0.1739,9,0.5186,,0.6043,6,0.2543,8,0.4315,5,0.9047,2
遊戲,30000,0.0,1.0,指定 CPU:效能,3,28739,0.2853,0.4781,AMD R5 5600XT,RX7650GRE,B550M,0.7545,,0.5227,,0.0597,15,0.5326,,0.1739,9,0.5186,,0.6043,6,0.2543,8,0.4315,5,0.9047,2
遊戲,30000,0.0,1.0,指定 CPU:效能,4,28539,0.2849,0.4781,AMD R5 5600XT,RX7650GRE,B550M,0.7545,,0.5227,,0.0597,15,0.5326,,0.1739,9,0.5186,,0.6043,6,0.2543,8,0.4315,5,0.9047,2
遊戲,30000,0.0,1.0,指定 CPU:效能,5,28439,0.2842,0.4781,AMD R5 5600XT,RX7650GRE,B550M,0.7545,,0.5227,,0.0597,15,0.5326,,0.1739,9,0.5186,,0.6043,6,0.2543,8,0.4315,5,0.9047,2
遊戲,30000,0.0,1.0,指定 CPU:效能,6,28439,0.2847,0.4781,AMD R5 5600XT,RX7650GRE,B550M,0.7545,,0.5227,,0.0597,15,0.5326,,0.1739,9,0.5186,,0.6043,6,0.2543,8,0.4315,5,0.9047,2
遊戲,30000,0.0,1.0,指定 CPU:效能,7,28499,0.2856,0.4781,AMD R5 5600XT,RX7650GRE,B550M,0.7545,,0.5227,,0.0597,15,0.5326,,0.1739,9,0.5186,,0.6043,6,0.2543,8,0.4315,5,0.9047,2
遊戲,30000,0.0,1.0,指定 CPU:效能,8,28539,0.2849,0.4781,AMD R5 5600XT,RX7650GRE,B550M,0.7545,,0.5227,,0.0597,15,0.5326,,0.1739,9,0.5186,,0.6043,6,0.2543,8,0.4315,5,0.9047,2
遊戲,30000,0.0,1.0,指定 CPU:效能,9,28539,0.2849,0.4781,AMD R5 5600XT,RX7650GRE,B550M,0.7545,,0.5227,,0.0597,15,0.5326,,0.1739,9,0.5186,,0.6043,6,0.2543,8,0.4315,5,0.9047,2
遊戲,30000,0.0,1.0,指定 CPU:效能,10,28539,0.2849,0.4781,AMD R5 5600XT,RX7650GRE,B550M,0.7545,,0.5227,,0.0597,15,0.5326,,0.1739,9,0.5186,,0.6043,6,0.2543,8,0.4315,5,0.9047,2
遊戲,30000,0.0,1.0,指定 CPU:效能,11,28499,0.2856,0.4781,AMD R5 5600XT,RX7650GRE,B550M,0.7545,,0.5227,,0.0597,15,0.5326,,0.1739,9,0.5186,,0.6043,6,0.2543,8,0.4315,5,0.9047,2
遊戲,30000,0.0,1.0,指定 CPU:效能,12,28239,0.2839,0.4781,AMD R5 5600XT,RX7650GRE,B550M,0.7545,,0.5227,,0.0597,15,0.5326,,0.1739,9,0.5186,,0.6043,6,0.2543,8,0.4315,5,0.9047,2
遊戲,30000,0.0,1.0,指定 CPU:效能,13,28339,0.2846,0.4781,AMD R5 5600XT,RX7650GRE,B550M,0.7545,,0.5227,,0.0597,15,0.5326,,0.1739,9,0.5186,,0.6043,6,0.2543,8,0.4315,5,0.9047,2
遊戲,30000,0.0,1.0,指定 CPU:效能,14,28489,0.2839,0.4781,AMD R5 5600XT,RX7650GRE,B550M,0.7545,,0.5227,,0.0597,15,0.5326,,0.1739,9,0.5186,,0.6043,6,0.2543,8,0.4315,5,0.9047,2
遊戲,30000,0.0,1.0,指定 CPU:效能,15,28539,0.2844,0.4781,AMD R5 5600XT,RX7650GRE,B550M,0.7545,,0.5227,,0.0597,15,0.5326,,0.1739,9,0.5186,,0.6043,6,0.2543,8,0.4315,5,0.9047,2
遊戲,30000,0.0,1.0,指定 CPU:效能,16,28499,0.2856,0.4781,AMD R5 5600XT,RX7650GRE,B550M,0.7545,,0.5227,,0.0597,15,0.5326,,0.1739,9,0.5186,,0.6043,6,0.2543,8,0.4315,5,0.9047,2
遊戲,30000,0.0,1.0,指定 CPU:效能,17,28439,0.2847,0.4781,AMD R5 5600XT,RX7650GRE,B550M,0.7545,,0.5227,,0.0597,15,0.5326,,0.1739,9,0.5186,,0.6043,6,0.2543,8,0.4315,5,0.9047,2
遊戲,30000,0.0,1.0,指定 CPU:效能,18,28439,0.2848,0.4781,AMD R5 5600XT,RX7650GRE,B550M,0.7545,,0.5227,,0.0597,15,0.5326,,0.1739,9,0.5186,,0.6043,6,0.2543,8,0.4315,5,0.9047,2
遊戲,30000,0.0,1.0,指定 CPU:效能,19,28539,0.2849,0.4781,AMD R5 5600XT,RX7650GRE,B550M,0.7545,,0.5227,,0.0597,15,0.5326,,0.1739,9,0.5186,,0.6043,6,0.2543,8,0.4315,5,0.9047,2
遊戲,30000,0.0,1.0,指定 CPU:CP值,0,28639,0.2851,0.4781,AMD R5 5600XT,RX7650GRE,B550M,0.7545,,0.5227,,0.0597,15,0.5326,,0.1739,9,0.5186,,0.6043,6,0.2543,8,0.4315,5,0.9047,2
遊戲,30000,0.0,1.0,指定 CPU:CP值,1,28439,0.2848,0.4781,AMD R5 5600XT,RX7650GRE,B550M,0.7545,,0.5227,,0.0597,15,0.5326,,0.1739,9,0.5186,,0.6043,6,0.2543,8,0.4315,5,0.9047,2
遊戲,30000,0.0,1.0,指定 CPU:CP值,2,28339,0.2846,0.4781,AMD R5 5600XT,RX7650GRE,B550M,0.7545,,0.5227,,0.0597,15,0.5326,,0.1739,9,0.5186,,0.6043,6,0.2543,8,0.4315,5,0.9047,2
遊戲,30000,0.0,1.0,指定 CPU:CP值,3,29929,0.2976,0.459,AMD R5 7500F,RX7650GRE,B650M,0.9777,4,0.8478,2,0.0597,15,0.5326,,0.1739,9,0.5186,,0.5795,7,0.2883,7,0.0,10,1.0,1
遊戲,30000,0.0,1.0,指定 CPU:CP值,4,28439,0.2847,0.4781,AMD R5 5600XT,RX7650GRE,B550M,0.7545,,0.5227,,0.0597,15,0.5326,,0.1739,9,0.5186,,0.6043,6,0.2543,8,0.4315,5,0.9047,2
遊戲,30000,0.0,1.0,指定 CPU:CP值,5,28839,0.2853,0.4781,AMD R5 5600XT,RX7650GRE,B550M,0.7545,,0.5227,,0.0597,15,0.5326,,0.1739,9,0.5186,,0.6043,6,0.2543,8,0.4315,5,0.9047,2
遊戲,30000,0.0,1.0,指定 CPU:CP值,6,28439,0.2848,0.4781,AMD R5 5600XT,RX7650GRE,B550M,0.7545,,0.5227,,0.0597,15,0.5326,,0.1739,9,0.5186,,0.6043,6,0.2543,8,0.4315,5,0.9047,2
遊戲,30000,0.0,1.0,指定 CPU:CP值,7,28299,0.2842,0.4781,AMD R5 5600XT,RX7650GRE,B550M,0.7545,,0.5227,,0.0597,15,0.5326,,0.1739,9,0.5186,,0.6043,6,0.2543,8,0.4315,5,0.9047,2
遊戲,30000,0.0,1.0,指定 CPU:CP值,8,28699,0.2853,0.4781,AMD R5 5600XT,RX7650GRE,B550M,0.7545,,0.5227,,0.0597,15,0.5326,,0.1739,9,0.5186,,0.6043,6,0.2543,8,0.4315,5,0.9047,2
遊戲,30000,0.0,1.0,指定 CPU:CP值,9,29589,0.2815,0.4781,AMD R5 5600XT,RX7650GRE,B550M,0.7545,,0.5227,,0.0597,15,0.5326,,0.1739,9,0.5186,,0.6043,6,0.2543,8,0.4315,5,0.9047,2
遊戲,30000,0.0,1.0,指定 CPU:CP值,10,28449,0.2856,0.4781,AMD R5 5600XT,RX7650GRE,B550M,0.7545,,0.5227,,0.0597,15,0.5326,,0.1739,9,0.5186,,0.6043,6,0.2543,8,0.4315,5,0.9047,2
遊戲,30000,0.0,1.0,指定 CPU:CP值,11,28339,0.2846,0.4781,AMD R5 5600XT,RX7650GRE,B550M,0.7545,,0.5227,,0.0597,15,0.5326,,0.1739,9,0.5186,,0.6043,6,0.2543,8,0.4315,5,0.9047,2
遊戲,30000,0.0,1.0,指定 CPU:CP值,12,28339,0.2846,0.4781,AMD R5 5600XT,RX7650GRE,B550M,0.7545,,0.5227,,0.0597,15,0.5326,,0.1739,9,0.5186,,0.6043,6,0.2543,8,0.4315,5,0.9047,2
遊戲,30000,0.0,1.0,指定 CPU:CP值,13,28139,0.2816,0.4781,AMD R5 5600XT,RX7650GRE,B550M,0.7545,,0.5227,,0.0597,15,0.5326,,0.1739,9,0.5186,,0.6043,6,0.2543,8,0.4315,5,0.9047,2
遊戲,30000,0.0,1.0,指定 CPU:CP值,14,29999,0.2856,0.4781,AMD R5 5600XT,RX7650GRE,B550M,0.7545,,0.5227,,0.0597,15,0.5326,,0.1739,9,0.5186,,0.6043,6,0.2543,8,0.4315,5,0.9047,2
遊戲,30000,0.0,1.0,指定 CPU:CP值,15,28639,0.2851,0.4781,AMD R5 5600XT,RX7650GRE,B550M,0.7545,,0.5227,,0.0597,15,0.5326,,0.1739,9,0.5186,,0.6043,6,0.2543,8,0.4315,5,0.9047,2
遊戲,30000,0.0,1.0,指定 CPU:CP值,16,28339,0.2846,0.4781,AMD R5 5600XT,RX7650GRE,B550M,0.7545,,0.5227,,0.0597,15,0.5326,,0.1739,9,0.5186,,0.6043,6,0.2543,8,0.4315,5,0.9047,2
遊戲,30000,0.0,1.0,指定 CPU:CP值,17,28339,0.2846,0.4781,AMD R5 5600XT,RX7650GRE,B550M,0.7545,,0.5227,,0.0597,15,0.5326,,0.1739,9,0.5186,,0.6043,6,0.2543,8,0.4315,5,0.9047,2
遊戲,30000,0.0,1.0,指定 CPU:CP值,18,28589,0.2846,0.4781,AMD R5 5600XT,RX7650GRE,B550M,0.7545,,0.5227,,0.0597,15,0.5326,,0.1739,9,0.5186,,0.6043,6,0.2543,8,0.4315,5,0.9047,2
遊戲,30000,0.0,1.0,指定 CPU:CP值,19,28839,0.2849,0.4781,AMD R5 5600XT,RX7650GRE,B550M,0.7545,,0.5227,,0.0597,15,0.5326,,0.1739,9,0.5186,,0.6043,6,0.2543,8,0.4315,5,0.9047,2
遊戲,30000,0.0,1.0,指定 GPU:效能,0,28689,0.2889,0.4781,AMD R5 5600XT,RX7650GRE,B550M,0.7545,,0.5227,,0.0597,15,0.5326,,0.1739,9,0.5186,,0.6043,6,0.2543,8,0.4315,5,0.9047,2
遊戲,30000,0.0,1.0,指定 GPU:效能,1,28539,0.2849,0.4781,AMD R5 5600XT,RX7650GRE,B550M,0.7545,,0.5227,,0.0597,15,0.5326,,0.1739,9,0.5186,,0.6043,6,0.2543,8,0.4315,5,0.9047,2
遊戲,30000,0.0,1.0,指定 GPU:效能,2,28439,0.2847,0.4781,AMD R5 5600XT,RX7650GRE,B550M,0.7545,,0.5227,,0.0597,15,0.5326,,0.1739,9,0.5186,,0.6043,6,0.2543,8,0.4315,5,0.9047,2
遊戲,30000,0.0,1.0,指定 GPU:效能,3,28689,0.2879,0.4781,AMD R5 5600XT,RX7650GRE,B550M,0.7545,,0.5227,,0.0597,15,0.5326,,0.1739,9,0.5186,,0.6043,6,0.2543,8,0.4315,5,0.9047,2
遊戲,30000,0.0,1.0,指定 GPU:效能,4,28239,0.2834,0.4781,AMD R5 5600XT,RX7650GRE,B550M,0.7545,,0.5227,,0.0597,15,0.5326,,0.1739,9,0.5186,,0.6043,6,0.2543,8,0.4315,5,0.9047,2
遊戲,30000,0.0,1.0,指定 GPU:效能,5,28439,0.2848,0.4781,AMD R5 5600XT,RX7650GRE,B550M,0.7545,,0.5227,,0.0597,15,0.5326,,0.1739,9,0.5186,,0.6043,6,0.2543,8,0.4315,5,0.9047,2
遊戲,30000,0.0,1.0,指定 GPU:效能,6,28649,0.2856,0.4781,AMD R5 5600XT,RX7650GRE,B550M,0.7545,,0.5227,,0.0597,15,0.5326,,0.1739,9,0.5186,,0.6043,6,0.2543,8,0.4315,5,0.9047,2
遊戲,30000,0.0,1.0,指定 GPU:效能,7,28499,0.2856,0.4781,AMD R5 5600XT,RX7650GRE,B550M,0.7545,,0.5227,,0.0597,15,0.5326,,0.1739,9,0.5186,,0.6043,6,0.2543,8,0.4315,5,0.9047,2
遊戲,30000,0.0,1.0,指定 GPU:效能,8,28439,0.2847,0.4781,AMD R5 5600XT,RX7650GRE,B550M,0.7545,,0.5227,,0.0597,15,0.5326,,0.1739,9,0.5186,,0.6043,6,0.2543,8,0.4315,5,0.9047,2
遊戲,30000,0.0,1.0,指定 GPU:效能,9,28339,0.2846,0.4781,AMD R5 5600XT,RX7650GRE,B550M,0.7545,,0.5227,,0.0597,15,0.5326,,0.1739,9,0.5186,,0.6043,6,0.2543,8,0.4315,5,0.9047,2
遊戲,30000,0.0,1.0,指定 GPU:效能,10,28539,0.2843,0.4781,AMD R5 5600XT,RX7650GRE,B550M,0.7545,,0.5227,,0.0597,15,0.5326,,0.1739,9,0.5186,,0.6043,6,0.2543,8,0.4315,5,0.9047,2
遊戲,30000,0.0,1.0,指定 GPU:效能,11,31319,0.3117,0.531,AMD R5 7500F,RX9060XT,B650M,0.9777,4,0.8478,2,0.6335,4,1.0,1,0.6458,3,0.5162,4,0.5795,7,0.2883,7,0.0,10,1.0,1
遊戲,30000,0.0,1.0,指定 GPU:效能,12,29099,0.2865,0.4781,AMD R5 5600XT,RX7650GRE,B550M,0.7545,,0.5227,,0.0597,15,0.5326,,0.1739,9,0.5186,,0.6043,6,0.2543,8,0.4315,5,0.9047,2
遊戲,30000,0.0,1.0,指定 GPU:效能,13,28599,0.2857,0.4781,AMD R5 5600XT,RX7650GRE,B550M,0.7545,,0.5227,,0.0597,15,0.5326,,0.1739,9,0.5186,,0.6043,6,0.2543,8,0.4315,5,0.9047,2
遊戲,30000,0.0,1.0,指定 GPU:效能,14,28339,0.2841,0.4781,AMD R5 5600XT,RX7650GRE,B550M,0.7545,,0.5227,,0.0597,15,0.5326,,0.1739,9,0.5186,,0.6043,6,0.2543,8,0.4315,5,0.9047,2
遊戲,30000,0.0,1.0,指定 GPU:效能,15,28539,0.2849,0.4781,AMD R5 5600XT,RX7650GRE,B550M,0.7545,,0.5227,,0.0597,15,0.5326,,0.1739,9,0.5186,,0.6043,6,0.2543,8,0.4315,5,0.9047,2
遊戲,30000,0.0,1.0,指定 GPU:效能,16,28239,0.2839,0.4781,AMD R5 5600XT,RX7650GRE,B550M,0.7545,,0.5227,,0.0597,15,0.5326,,0.1739,9,0.5186,,0.6043,6,0.2543,8,0.4315,5,0.9047,2
遊戲,30000,0.0,1.0,指定 GPU:效能,17,28099,0.2833,0.4781,AMD R5 5600XT,RX7650GRE,B550M,0.7545,,0.5227,,0.0597,15,0.5326,,0.1739,9,0.5186,,0.6043,6,0.2543,8,0.4315,5,0.9047,2
遊戲,30000,0.0,1.0,指定 GPU:效能,18,28689,0.2855,0.4781,AMD R5 5600XT,RX7650GRE,B550M,0.7545,,0.5227,,0.0597,15,0.5326,,0.1739,9,0.5186,,0.6043,6,0.2543,8,0.4315,5,0.9047,2
遊戲,30000,0.0,1.0,指定 GPU:效能,19,28739,0.2846,0.4781,AMD R5 5600XT,RX7650GRE,B550M,0.7545,,0.5227,,0.0597,15,0.5326,,0.1739,9,0.5186,,0.6043,6,0.2543,8,0.4315,5,0.9047,2
遊戲,30000,0.0,1.0,指定 GPU:穩定,0,28489,0.2849,0.4781,AMD R5 5600XT,RX7650GRE,B550M,0.7545,,0.5227,,0.0597,15,0.5326,,0.1739,9,0.5186,,0.6043,6,0.2543,8,0.4315,5,0.9047,2
遊戲,30000,0.0,1.0,指定 GPU:穩定,1,28289,0.2841,0.4781,AMD R5 5600XT,RX7650GRE,B550M,0.7545,,0.5227,,0.0597,15,0.5326,,0.1739,9,0.5186,,0.6043,6,0.2543,8,0.4315,5,0.9047,2
遊戲,30000,0.0,1.0,指定 GPU:穩定,2,28439,0.2842,0.4781,AMD R5 5600XT,RX7650GRE,B550M,0.7545,,0.5227,,0.0597,15,0.5326,,0.1739,9,0.5186,,0.6043,6,0.2543,8,0.4315,5,0.9047,2
遊戲,30000,0.0,1.0,指定 GPU:穩定,3,28639,0.2851,0.4781,AMD R5 5600XT,RX7650GRE,B550M,0.7545,,0.5227,,0.0597,15,0.5326,,0.1739,9,0.5186,,0.6043,6,0.2543,8,0.4315,5,0.9047,2
遊戲,30000,0.0,1.0,指定 GPU:穩定,4,28439,0.2848,0.4781,AMD R5 5600XT,RX7650GRE,B550M,0.7545,,0.5227,,0.0597,15,0.5326,,0.1739,9,0.5186,,0.6043,6,0.2543,8,0.4315,5,0.9047,2
遊戲,30000,0.0,1.0,指定 GPU:穩定,5,28339,0.2846,0.4781,AMD R5 5600XT,RX7650GRE,B550M,0.7545,,0.5227,,0.0597,15,0.5326,,0.1739,9,0.5186,,0.6043,6,0.2543,8,0.4315,5,0.9047,2
遊戲,30000,0.0,1.0,指定 GPU:穩定,6,28499,0.2856,0.4781,AMD R5 5600XT,RX7650GRE,B550M,0.7545,,0.5227,,0.0597,15,0.5326,,0.1739,9,0.5186,,0.6043,6,0.2543,8,0.4315,5,0.9047,2
遊戲,30000,0.0,1.0,指定 GPU:穩定,7,28439,0.2848,0.4781,AMD R5 5600XT,RX7650GRE,B550M,0.7545,,0.5227,,0.0597,15,0.5326,,0.1739,9,0.5186,,0.6043,6,0.2543,8,0.4315,5,0.9047,2
遊戲,30000,0.0,1.0,指定 GPU:穩定,8,28599,0.2858,0.4781,AMD R5 5600XT,RX7650GRE,B550M,0.7545,,0.5227,,0.0597,15,0.5326,,0.1739,9,0.5186,,0.6043,6,0.2543,8,0.4315,5,0.9047,2
遊戲,30000,0.0,1.0,指定 GPU:穩定,9,28439,0.2847,0.4781,AMD R5 5600XT,RX7650GRE,B550M,0.7545,,0.5227,,0.0597,15,0.5326,,0.1739,9,0.5186,,0.6043,6,0.2543,8,0.4315,5,0.9047,2
遊戲,30000,0.0,1.0,指定 GPU:穩定,10,28739,0.2852,0.4781,AMD R5 5600XT,RX7650GRE,B550M,0.7545,,0.5227,,0.0597,15,0.5326,,0.1739,9,0.5186,,0.6043,6,0.2543,8,0.4315,5,0.9047,2
遊戲,30000,0.0,1.0,指定 GPU:穩定,11,28889,0.2887,0.4781,AMD R5 5600XT,RX7650GRE,B550M,0.7545,,0.5227,,0.0597,15,0.5326,,0.1739,9,0.5186,,0.6043,6,0.2543,8,0.4315,5,0.9047,2
遊戲,30000,0.0,1.0,指定 GPU:穩定,12,28699,0.2853,0.4781,AMD R5 5600XT,RX7650GRE,B550M,0.7545,,0.5227,,0.0597,15,0.5326,,0.1739,9,0.5186,,0.6043,6,0.2543,8,0.4315,5,0.9047,2
遊戲,30000,0.0,1.0,指定 GPU:穩定,13,28339,0.2846,0.4781,AMD R5 5600XT,RX7650GRE,B550M,0.7545,,0.5227,,0.0597,15,0.5326,,0.1739,9,0.5186,,0.6043,6,0.2543,8,0.4315,5,0.9047,2
遊戲,30000,0.0,1.0,指定 GPU:穩定,14,28789,0.2856,0.4781,AMD R5 5600XT,RX7650GRE,B550M,0.7545,,0.5227,,0.0597,15,0.5326,,0.1739,9,0.5186,,0.6043,6,0.2543,8,0.4315,5,0.9047,2
遊戲,30000,0.0,1.0,指定 GPU:穩定,15,28339,0.2846,0.4781,AMD R5 5600XT,RX7650GRE,B550M,0.7545,,0.5227,,0.0597,15,0.5326,,0.1739,9,0.5186,,0.6043,6,0.2543,8,0.4315,5,0.9047,2
遊戲,30000,0.0,1.0,指定 GPU:穩定,16,28439,0.2847,0.4781,AMD R5 5600XT,RX7650GRE,B550M,0.7545,,0.5227,,0.0597,15,0.5326,,0.1739,9,0.5186,,0.6043,6,0.2543,8,0.4315,5,0.9047,2
遊戲,30000,0.0,1.0,指定 GPU:穩定,17,28539,0.2849,0.4781,AMD R5 5600XT,RX7650GRE,B550M,0.7545,,0.5227,,0.0597,15,0.5326,,0.1739,9,0.5186,,0.6043,6,0.2543,8,0.4315,5,0.9047,2
遊戲,30000,0.0,1.0,指定 GPU:穩定,18,28339,0.2846,0.4781,AMD R5 5600XT,RX7650GRE,B550M,0.7545,,0.5227,,0.0597,15,0.5326,,0.1739,9,0.5186,,0.6043,6,0.2543,8,0.4315,5,0.9047,2
遊戲,30000,0.0,1.0,指定 GPU:穩定,19,28439,0.2842,0.4781,AMD R5 5600XT,RX7650GRE,B550M,0.7545,,0.5227,,0.0597,15,0.5326,,0.1739,9,0.5186,,0.6043,6,0.2543,8,0.4315,5,0.9047,2
遊戲,30000,0.0,1.0,指定 GPU:CP值,0,28399,0.2854,0.4781,AMD R5 5600XT,RX7650GRE,B550M,0.7545,,0.5227,,0.0597,15,0.5326,,0.1739,9,0.5186,,0.6043,6,0.2543,8,0.4315,5,0.9047,2
遊戲,30000,0.0,1.0,指定 GPU:CP值,1,28539,0.2849,0.4781,AMD R5 5600XT,RX7650GRE,B550M,0.7545,,0.5227,,0.0597,15,0.5326,,0.1739,9,0.5186,,0.6043,6,0.2543,8,0.4315,5,0.9047,2
遊戲,30000,0.0,1.0,指定 GPU:CP值,2,28639,0.2851,0.4781,AMD R5 5600XT,RX7650GRE,B550M,0.7545,,0.5227,,0.0597,15,0.5326,,0.1739,9,0.5186,,0.6043,6,0.2543,8,0.4315,5,0.9047,2
遊戲,30000,0.0,1.0,指定 GPU:CP值,3,28499,0.2856,0.4781,AMD R5 5600XT,RX7650GRE,B550M,0.7545,,0.5227,,0.0597,15,0.5326,,0.1739,9,0.5186,,0.6043,6,0.2543,8,0.4315,5,0.9047,2
遊戲,30000,0.0,1.0,指定 GPU:CP值,4,28499,0.285,0.4781,AMD R5 5600XT,RX7650GRE,B550M,0.7545,,0.5227,,0.0597,15,0.5326,,0.1739,9,0.5186,,0.6043,6,0.2543,8,0.4315,5,0.9047,2
遊戲,30000,0.0,1.0,指定 GPU:CP值,5,28339,0.2846,0.4781,AMD R5 5600XT,RX7650GRE,B550M,0.7545,,0.5227,,0.0597,15,0.5326,,0.1739,9,0.5186,,0.6043,6,0.2543,8,0.4315,5,0.9047,2
遊戲,30000,0.0,1.0,指定 GPU:CP值,6,28439,0.2847,0.4781,AMD R5 5600XT,RX7650GRE,B550M,0.7545,,0.5227,,0.0597,15,0.5326,,0.1739,9,0.5186,,0.6043,6,0.2543,8,0.4315,5,0.9047,2
遊戲,30000,0.0,1.0,指定 GPU:CP值,7,28739,0.2852,0.4781,AMD R5 5600XT,RX7650GRE,B550M,0.7545,,0.5227,,0.0597,15,0.5326,,0.1739,9,0.5186,,0.6043,6,0.2543,8,0.4315,5,0.9047,2
遊戲,30000,0.0,1.0,指定 GPU:CP值,8,28339,0.2846,0.4781,AMD R5 5600XT,RX7650GRE,B550M,0.7545,,0.5227,,0.0597,15,0.5326,,0.1739,9,0.5186,,0.6043,6,0.2543,8,0.4315,5,0.9047,2
遊戲,30000,0.0,1.0,指定 GPU:CP值,9,28339,0.2846,0.4781,AMD R5 5600XT,RX7650GRE,B550M,0.7545,,0.5227,,0.0597,15,0.5326,,0.1739,9,0.5186,,0.6043,6,0.2543,8,0.4315,5,0.9047,2
遊戲,30000,0.0,1.0,指定 GPU:CP值,10,28949,0.2863,0.4781,AMD R5 5600XT,RX7650GRE,B550M,0.7545,,0.5227,,0.0597,15,0.5326,,0.1739,9,0.5186,,0.6043,6,0.2543,8,0.4315,5,0.9047,2
遊戲,30000,0.0,1.0,指定 GPU:CP值,11,28439,0.2847,0.4781,AMD R5 5600XT,RX7650GRE,B550M,0.7545,,0.5227,,0.0597,15,0.5326,,0.1739,9,0.5186,,0.6043,6,0.2543,8,0.4315,5,0.9047,2
遊戲,30000,0.0,1.0,指定 GPU:CP值,12,28339,0.2846,0.4781,AMD R5 5600XT,RX7650GRE,B550M,0.7545,,0.5227,,0.0597,15,0.5326,,0.1739,9,0.5186,,0.6043,6,0.2543,8,0.4315,5,0.9047,2
遊戲,30000,0.0,1.0,指定 GPU:CP值,13,28639,0.2851,0.4781,AMD R5 5600XT,RX7650GRE,B550M,0.7545,,0.5227,,0.0597,15,0.5326,,0.1739,9,0.5186,,0.6043,6,0.2543,8,0.4315,5,0.9047,2
遊戲,30000,0.0,1.0,指定 GPU:CP值,14,28239,0.2839,0.4781,AMD R5 5600XT,RX7650GRE,B550M,0.7545,,0.5227,,0.0597,15,0.5326,,0.1739,9,0.5186,,0.6043,6,0.2543,8,0.4315,5,0.9047,2
遊戲,30000,0.0,1.0,指定 GPU:CP值,15,28399,0.2854,0.4781,AMD R5 5600XT,RX7650GRE,B550M,0.7545,,0.5227,,0.0597,15,0.5326,,0.1739,9,0.5186,,0.6043,6,0.2543,8,0.4315,5,0.9047,2
遊戲,30000,0.0,1.0,指定 GPU:CP值,16,28339,0.2846,0.4781,AMD R5 5600XT,RX7650GRE,B550M,0.7545,,0.5227,,0.0597,15,0.5326,,0.1739,9,0.5186,,0.6043,6,0.2543,8,0.4315,5,0.9047,2
遊戲,30000,0.0,1.0,指定 GPU:CP值,17,28599,0.2857,0.4781,AMD R5 5600XT,RX7650GRE,B550M,0.7545,,0.5227,,0.0597,15,0.5326,,0.1739,9,0.5186,,0.6043,6,0.2543,8,0.4315,5,0.9047,2
遊戲,30000,0.0,1.0,指定 GPU:CP值,18,28299,0.2847,0.4781,AMD R5 5600XT,RX7650GRE,B550M,0.7545,,0.5227,,0.0597,15,0.5326,,0.1739,9,0.5186,,0.6043,6,0.2543,8,0.4315,5,0.9047,2
遊戲,30000,0.0,1.0,指定 GPU:CP值,19,28949,0.2866,0.4781,AMD R5 5600XT,RX7650GRE,B550M,0.7545,,0.5227,,0.0597,15,0.5326,,0.1739,9,0.5186,,0.6043,6,0.2543,8,0.4315,5,0.9047,2
遊戲,30000,0.0,1.0,指定 GPU:VRAM,0,28639,0.285,0.4781,AMD R5 5600XT,RX7650GRE,B550M,0.7545,,0.5227,,0.0597,15,0.5326,,0.1739,9,0.5186,,0.6043,6,0.2543,8,0.4315,5,0.9047,2
遊戲,30000,0.0,1.0,指定 GPU:VRAM,1,28299,0.2847,0.4781,AMD R5 5600XT,RX7650GRE,B550M,0.7545,,0.5227,,0.0597,15,0.5326,,0.1739,9,0.5186,,0.6043,6,0.2543,8,0.4315,5,0.9047,2
遊戲,30000,0.0,1.0,指定 GPU:VRAM,2,28239,0.2839,0.4781,AMD R5 5600XT,RX7650GRE,B550M,0.7545,,0.5227,,0.0597,15,0.5326,,0.1739,9,0.5186,,0.6043,6,0.2543,8,0.4315,5,0.9047,2
遊戲,30000,0.0,1.0,指定 GPU:VRAM,3,28439,0.2842,0.4781,AMD R5 5600XT,RX7650GRE,B550M,0.7545,,0.5227,,0.0597,15,0.5326,,0.1739,9,0.5186,,0.6043,6,0.2543,8,0.4315,5,0.9047,2
遊戲,30000,0.0,1.0,指定 GPU:VRAM,4,28439,0.2847,0.4781,AMD R5 5600XT,RX7650GRE,B550M,0.7545,,0.5227,,0.0597,15,0.5326,,0.1739,9,0.5186,,0.6043,6,0.2543,8,0.4315,5,0.9047,2
遊戲,30000,0.0,1.0,指定 GPU:VRAM,5,28439,0.2842,0.4781,AMD R5 5600XT,RX7650GRE,B550M,0.7545,,0.5227,,0.0597,15,0.5326,,0.1739,9,0.5186,,0.6043,6,0.2543,8,0.4315,5,0.9047,2
遊戲,30000,0.0,1.0,指定 GPU:VRAM,6,28439,0.2847,0.4781,AMD R5 5600XT,RX7650GRE,B550M,0.7545,,0.5227,,0.0597,15,0.5326,,0.1739,9,0.5186,,0.6043,6,0.2543,8,0.4315,5,0.9047,2
遊戲,30000,0.0,1.0,指定 GPU:VRAM,7,28639,0.285,0.4781,AMD R5 5600XT,RX7650GRE,B550M,0.7545,,0.5227,,0.0597,15,0.5326,,0.1739,9,0.5186,,0.6043,6,0.2543,8,0.4315,5,0.9047,2
遊戲,30000,0.0,1.0,指定 GPU:VRAM,8,28539,0.2849,0.4781,AMD R5 5600XT,RX7650GRE,B550M,0.7545,,0.5227,,0.0597,15,0.5326,,0.1739,9,0.5186,,0.6043,6,0.2543,8,0.4315,5,0.9047,2
遊戲,30000,0.0,1.0,指定 GPU:VRAM,9,28899,0.2856,0.4781,AMD R5 5600XT,RX7650GRE,B550M,0.7545,,0.5227,,0.0597,15,0.5326,,0.1739,9,0.5186,,0.6043,6,0.2543,8,0.4315,5,0.9047,2
遊戲,30000,0.0,1.0,指定 GPU:VRAM,10,28289,0.2841,0.4781,AMD R5 5600XT,RX7650GRE,B550M,0.7545,,0.5227,,0.0597,15,0.5326,,0.1739,9,0.5186,,0.6043,6,0.2543,8,0.4315,5,0.9047,2
遊戲,30000,0.0,1.0,指定 GPU:VRAM,11,28599,0.2852,0.4781,AMD R5 5600XT,RX7650GRE,B550M,0.7545,,0.5227,,0.0597,15,0.5326,,0.1739,9,0.5186,,0.6043,6,0.2543,8,0.4315,5,0.9047,2
遊戲,30000,0.0,1.0,指定 GPU:VRAM,12,28639,0.2846,0.4781,AMD R5 5600XT,RX7650GRE,B550M,0.7545,,0.5227,,0.0597,15,0.5326,,0.1739,9,0.5186,,0.6043,6,0.2543,8,0.4315,5,0.9047,2
遊戲,30000,0.0,1.0,指定 GPU:VRAM,13,28989,0.2894,0.4781,AMD R5 5600XT,RX7650GRE,B550M,0.7545,,0.5227,,0.0597,15,0.5326,,0.1739,9,0.5186,,0.6043,6,0.2543,8,0.4315,5,0.9047,2
遊戲,30000,0.0,1.0,指定 GPU:VRAM,14,28699,0.2854,0.4781,AMD R5 5600XT,RX7650GRE,B550M,0.7545,,0.5227,,0.0597,15,0.5326,,0.1739,9,0.5186,,0.6043,6,0.2543,8,0.4315,5,0.9047,2
遊戲,30000,0.0,1.0,指定 GPU:VRAM,15,28599,0.2857,0.4781,AMD R5 5600XT,RX7650GRE,B550M,0.7545,,0.5227,,0.0597,15,0.5326,,0.1739,9,0.5186,,0.6043,6,0.2543,8,0.4315,5,0.9047,2
遊戲,30000,0.0,1.0,指定 GPU:VRAM,16,28839,0.2853,0.4781,AMD R5 5600XT,RX7650GRE,B550M,0.7545,,0.5227,,0.0597,15,0.5326,,0.1739,9,0.5186,,0.6043,6,0.2543,8,0.4315,5,0.9047,2
遊戲,30000,0.0,1.0,指定 GPU:VRAM,17,28439,0.2848,0.4781,AMD R5 5600XT,RX7650GRE,B550M,0.7545,,0.5227,,0.0597,15,0.5326,,0.1739,9,0.5186,,0.6043,6,0.2543,8,0.4315,5,0.9047,2
遊戲,30000,0.0,1.0,指定 GPU:VRAM,18,28239,0.2839,0.4781,AMD R5 5600XT,RX7650GRE,B550M,0.7545,,0.5227,,0.0597,15,0.5326,,0.1739,9,0.5186,,0.6043,6,0.2543,8,0.4315,5,0.9047,2
遊戲,30000,0.0,1.0,指定 GPU:VRAM,19,28439,0.2842,0.4781,AMD R5 5600XT,RX7650GRE,B550M,0.7545,,0.5227,,0.0597,15,0.5326,,0.1739,9,0.5186,,0.6043,6,0.2543,8,0.4315,5,0.9047,2
遊戲,30000,0.0,1.0,指定 主機板:用料,0,27839,0.2839,0.4631,AMD R5 5600XT,RX7650GRE,A520M,0.7545,,0.5227,,0.0597,15,0.5326,,0.1739,9,0.5186,,0.6026,,0.4736,,0.4068,,0.4865,
遊戲,30000,0.0,1.0,指定 主機板:用料,1,27939,0.284,0.4631,AMD R5 5600XT,RX7650GRE,A520M,0.7545,,0.5227,,0.0597,15,0.5326,,0.1739,9,0.5186,,0.6026,,0.4736,,0.4068,,0.4865,
遊戲,30000,0.0,1.0,指定 主機板:用料,2,27939,0.284,0.4631,AMD R5 5600XT,RX7650GRE,A520M,0.7545,,0.5227,,0.0597,15,0.5326,,0.1739,9,0.5186,,0.6026,,0.4736,,0.4068,,0.4865,
遊戲,30000,0.0,1.0,指定 主機板:用料,3,27739,0.2832,0.4631,AMD R5 5600XT,RX7650GRE,A520M,0.7545,,0.5227,,0.0597,15,0.5326,,0.1739,9,0.5186,,0.6026,,0.4736,,0.4068,,0.4865,
遊戲,30000,0.0,1.0,指定 主機板:用料,4,27999,0.2849,0.4631,AMD R5 5600XT,RX7650GRE,A520M,0.7545,,0.5227,,0.0597,15,0.5326,,0.1739,9,0.5186,,0.6026,,0.4736,,0.4068,,0.4865,
遊戲,30000,0.0,1.0,指定 主機板:用料,5,27889,0.2835,0.4631,AMD R5 5600XT,RX7650GRE,A520M,0.7545,,0.5227,,0.0597,15,0.5326,,0.1739,9,0.5186,,0.6026,,0.4736,,0.4068,,0.4865,
遊戲,30000,0.0,1.0,指定 主機板:用料,6,27839,0.2839,0.4631,AMD R5 5600XT,RX7650GRE,A520M,0.7545,,0.5227,,0.0597,15,0.5326,,0.1739,9,0.5186,,0.6026,,0.4736,,0.4068,,0.4865,
遊戲,30000,0.0,1.0,指定 主機板:用料,7,28239,0.2878,0.4631,AMD R5 5600XT,RX7650GRE,A520M,0.7545,,0.5227,,0.0597,15,0.5326,,0.1739,9,0.5186,,0.6026,,0.4736,,0.4068,,0.4865,
遊戲,30000,0.0,1.0,指定 主機板:用料,8,27889,0.2841,0.4631,AMD R5 5600XT,RX7650GRE,A520M,0.7545,,0.5227,,0.0597,15,0.5326,,0.1739,9,0.5186,,0.6026,,0.4736,,0.4068,,0.4865,
遊戲,30000,0.0,1.0,指定 主機板:用料,9,27839,0.2839,0.4631,AMD R5 5600XT,RX7650GRE,A520M,0.7545,,0.5227,,0.0597,15,0.5326,,0.1739,9,0.5186,,0.6026,,0.4736,,0.4068,,0.4865,
遊戲,30000,0.0,1.0,指定 主機板:用料,10,28099,0.285,0.4631,AMD R5 5600XT,RX7650GRE,A520M,0.7545,,0.5227,,0.0597,15,0.5326,,0.1739,9,0.5186,,0.6026,,0.4736,,0.4068,,0.4865,
遊戲,30000,0.0,1.0,指定 主機板:用料,11,27939,0.284,0.4631,AMD R5 5600XT,RX7650GRE,A520M,0.7545,,0.5227,,0.0597,15,0.5326,,0.1739,9,0.5186,,0.6026,,0.4736,,0.4068,,0.4865,
遊戲,30000,0.0,1.0,指定 主機板:用料,12,27739,0.2832,0.4631,AMD R5 5600XT,RX7650GRE,A520M,0.7545,,0.5227,,0.0597,15,0.5326,,0.1739,9,0.5186,,0.6026,,0.4736,,0.4068,,0.4865,
遊戲,30000,0.0,1.0,指定 主機板:用料,13,27839,0.2839,0.4631,AMD R5 5600XT,RX7650GRE,A520M,0.7545,,0.5227,,0.0597,15,0.5326,,0.1739,9,0.5186,,0.6026,,0.4736,,0.4068,,0.4865,
遊戲,30000,0.0,1.0,指定 主機板:用料,14,27639,0.2825,0.4631,AMD R5 5600XT,RX7650GRE,A520M,0.7545,,0.5227,,0.0597,15,0.5326,,0.1739,9,0.5186,,0.6026,,0.4736,,0.4068,,0.4865,
遊戲,30000,0.0,1.0,指定 主機板:用料,15,27839,0.2833,0.4631,AMD R5 5600XT,RX7650GRE,A520M,0.7545,,0.5227,,0.0597,15,0.5326,,0.1739,9,0.5186,,0.6026,,0.4736,,0.4068,,0.4865,
遊戲,30000,0.0,1.0,指定 主機板:用料,16,27789,0.2831,0.4631,AMD R5 5600XT,RX7650GRE,A520M,0.7545,,0.5227,,0.0597,15,0.5326,,0.1739,9,0.5186,,0.6026,,0.4736,,0.4068,,0.4865,
遊戲,30000,0.0,1.0,指定 主機板:用料,17,28139,0.2844,0.4631,AMD R5 5600XT,RX7650GRE,A520M,0.7545,,0.5227,,0.0597,15,0.5326,,0.1739,9,0.5186,,0.6026,,0.4736,,0.4068,,0.4865,
遊戲,30000,0.0,1.0,指定 主機板:用料,18,27839,0.2839,0.4631,AMD R5 5600XT,RX7650GRE,A520M,0.7545,,0.5227,,0.0597,15,0.5326,,0.1739,9,0.5186,,0.6026,,0.4736,,0.4068,,0.4865,
遊戲,30000,0.0,1.0,指定 主機板:用料,19,28199,0.2852,0.4631,AMD R5 5600XT,RX7650GRE,A520M,0.7545,,0.5227,,0.0597,15,0.5326,,0.1739,9,0.5186,,0.6026,,0.4736,,0.4068,,0.4865,
遊戲,30000,0.0,1.0,指定 主機板:擴充性,0,27939,0.284,0.4631,AMD R5 5600XT,RX7650GRE,A520M,0.7545,,0.5227,,0.0597,15,0.5326,,0.1739,9,0.5186,,0.6026,,0.4736,,0.4068,,0.4865,
遊戲,30000,0.0,1.0,指定 主機板:擴充性,1,27939,0.284,0.4631,AMD R5 5600XT,RX7650GRE,A520M,0.7545,,0.5227,,0.0597,15,0.5326,,0.1739,9,0.5186,,0.6026,,0.4736,,0.4068,,0.4865,
遊戲,30000,0.0,1.0,指定 主機板:擴充性,2,27989,0.2842,0.4631,AMD R5 5600XT,RX7650GRE,A520M,0.7545,,0.5227,,0.0597,15,0.5326,,0.1739,9,0.5186,,0.6026,,0.4736,,0.4068,,0.4865,
遊戲,30000,0.0,1.0,指定 主機板:擴充性,3,27939,0.284,0.4631,AMD R5 5600XT,RX7650GRE,A520M,0.7545,,0.5227,,0.0597,15,0.5326,,0.1739,9,0.5186,,0.6026,,0.4736,,0.4068,,0.4865,
遊戲,30000,0.0,1.0,指定 主機板:擴充性,4,27839,0.2839,0.4631,AMD R5 5600XT,RX7650GRE,A520M,0.7545,,0.5227,,0.0597,15,0.5326,,0.1739,9,0.5186,,0.6026,,0.4736,,0.4068,,0.4865,
遊戲,30000,0.0,1.0,指定 主機板:擴充性,5,27839,0.2839,0.4631,AMD R5 5600XT,RX7650GRE,A520M,0.7545,,0.5227,,0.0597,15,0.5326,,0.1739,9,0.5186,,0.6026,,0.4736,,0.4068,,0.4865,
遊戲,30000,0.0,1.0,指定 主機板:擴充性,6,27799,0.284,0.4631,AMD R5 5600XT,RX7650GRE,A520M,0.7545,,0.5227,,0.0597,15,0.5326,,0.1739,9,0.5186,,0.6026,,0.4736,,0.4068,,0.4865,
遊戲,30000,0.0,1.0,指定 主機板:擴充性,7,27939,0.2835,0.4631,AMD R5 5600XT,RX7650GRE,A520M,0.7545,,0.5227,,0.0597,15,0.5326,,0.1739,9,0.5186,,0.6026,,0.4736,,0.4068,,0.4865,
遊戲,30000,0.0,1.0,指定 主機板:擴充性,8,28149,0.2852,0.4631,AMD R5 5600XT,RX7650GRE,A520M,0.7545,,0.5227,,0.0597,15,0.5326,,0.1739,9,0.5186,,0.6026,,0.4736,,0.4068,,0.4865,
遊戲,30000,0.0,1.0,指定 主機板:擴充性,9,27839,0.2839,0.4631,AMD R5 5600XT,RX7650GRE,A520M,0.7545,,0.5227,,0.0597,15,0.5326,,0.1739,9,0.5186,,0.6026,,0.4736,,0.4068,,0.4865,
遊戲,30000,0.0,1.0,指定 主機板:擴充性,10,27839,0.2839,0.4631,AMD R5 5600XT,RX7650GRE,A520M,0.7545,,0.5227,,0.0597,15,0.5326,,0.1739,9,0.5186,,0.6026,,0.4736,,0.4068,,0.4865,
遊戲,30000,0.0,1.0,指定 主機板:擴充性,11,27839,0.2839,0.4631,AMD R5 5600XT,RX7650GRE,A520M,0.7545,,0.5227,,0.0597,15,0.5326,,0.1739,9,0.5186,,0.6026,,0.4736,,0.4068,,0.4865,
遊戲,30000,0.0,1.0,指定 主機板:擴充性,12,27839,0.2839,0.4631,AMD R5 5600XT,RX7650GRE,A520M,0.7545,,0.5227,,0.0597,15,0.5326,,0.1739,9,0.5186,,0.6026,,0.4736,,0.4068,,0.4865,
遊戲,30000,0.0,1.0,指定 主機板:擴充性,13,27939,0.284,0.4631,AMD R5 5600XT,RX7650GRE,A520M,0.7545,,0.5227,,0.0597,15,0.5326,,0.1739,9,0.5186,,0.6026,,0.4736,,0.4068,,0.4865,
遊戲,30000,0.0,1.0,指定 主機板:擴充性,14,29549,0.2853,0.4631,AMD R5 5600XT,RX7650GRE,A520M,0.7545,,0.5227,,0.0597,15,0.5326,,0.1739,9,0.5186,,0.6026,,0.4736,,0.4068,,0.4865,
遊戲,30000,0.0,1.0,指定 主機板:擴充性,15,27839,0.2839,0.4631,AMD R5 5600XT,RX7650GRE,A520M,0.7545,,0.5227,,0.0597,15,0.5326,,0.1739,9,0.5186,,0.6026,,0.4736,,0.4068,,0.4865,
遊戲,30000,0.0,1.0,指定 主機板:擴充性,16,27699,0.2833,0.4631,AMD R5 5600XT,RX7650GRE,A520M,0.7545,,0.5227,,0.0597,15,0.5326,,0.1739,9,0.5186,,0.6026,,0.4736,,0.4068,,0.4865,
遊戲,30000,0.0,1.0,指定 主機板:擴充性,17,28099,0.285,0.4631,AMD R5 5600XT,RX7650GRE,A520M,0.7545,,0.5227,,0.0597,15,0.5326,,0.1739,9,0.5186,,0.6026,,0.4736,,0.4068,,0.4865,
遊戲,30000,0.0,1.0,指定 主機板:擴充性,18,27939,0.284,0.4631,AMD R5 5600XT,RX7650GRE,A520M,0.7545,,0.5227,,0.0597,15,0.5326,,0.1739,9,0.5186,,0.6026,,0.4736,,0.4068,,0.4865,
遊戲,30000,0.0,1.0,指定 主機板:擴充性,19,27939,0.284,0.4631,AMD R5 5600XT,RX7650GRE,A520M,0.7545,,0.5227,,0.0597,15,0.5326,,0.1739,9,0.5186,,0.6026,,0.4736,,0.4068,,0.4865,
遊戲,30000,0.0,1.0,指定 主機板:穩定,0,28539,0.2849,0.4781,AMD R5 5600XT,RX7650GRE,B550M,0.7545,,0.5227,,0.0597,15,0.5326,,0.1739,9,0.5186,,0.6043,6,0.2543,8,0.4315,5,0.9047,2
遊戲,30000,0.0,1.0,指定 主機板:穩定,1,28439,0.2847,0.4781,AMD R5 5600XT,RX7650GRE,B550M,0.7545,,0.5227,,0.0597,15,0.5326,,0.1739,9,0.5186,,0.6043,6,0.2543,8,0.4315,5,0.9047,2
遊戲,30000,0.0,1.0,指定 主機板:穩定,2,28439,0.2847,0.4781,AMD R5 5600XT,RX7650GRE,B550M,0.7545,,0.5227,,0.0597,15,0.5326,,0.1739,9,0.5186,,0.6043,6,0.2543,8,0.4315,5,0.9047,2
遊戲,30000,0.0,1.0,指定 主機板:穩定,3,28339,0.2846,0.4781,AMD R5 5600XT,RX7650GRE,B550M,0.7545,,0.5227,,0.0597,15,0.5326,,0.1739,9,0.5186,,0.6043,6,0.2543,8,0.4315,5,0.9047,2
遊戲,30000,0.0,1.0,指定 主機板:穩定,4,29919,0.2997,0.3959,AMD R5 7500F,RX7650GRE,A620,0.9777,4,0.8478,2,0.0597,15,0.5326,,0.1739,9,0.5186,,0.0,10,0.0,10,1.0,1,0.1273,10
遊戲,30000,0.0,1.0,指定 主機板:穩定,5,28339,0.2846,0.4781,AMD R5 5600XT,RX7650GRE,B550M,0.7545,,0.5227,,0.0597,15,0.5326,,0.1739,9,0.5186,,0.6043,6,0.2543,8,0.4315,5,0.9047,2
遊戲,30000,0.0,1.0,指定 主機板:穩定,6,28339,0.2846,0.4781,AMD R5 5600XT,RX7650GRE,B550M,0.7545,,0.5227,,0.0597,15,0.5326,,0.1739,9,0.5186,,0.6043,6,0.2543,8,0.4315,5,0.9047,2
遊戲,30000,0.0,1.0,指定 主機板:穩定,7,28789,0.2893,0.4781,AMD R5 5600XT,RX7650GRE,B550M,0.7545,,0.5227,,0.0597,15,0.5326,,0.1739,9,0.5186,,0.6043,6,0.2543,8,0.4315,5,0.9047,2
遊戲,30000,0.0,1.0,指定 主機板:穩定,8,28699,0.2859,0.4781,AMD R5 5600XT,RX7650GRE,B550M,0.7545,,0.5227,,0.0597,15,0.5326,,0.1739,9,0.5186,,0.6043,6,0.2543,8,0.4315,5,0.9047,2
遊戲,30000,0.0,1.0,指定 主機板:穩定,9,28239,0.2839,0.4781,AMD R5 5600XT,RX7650GRE,B550M,0.7545,,0.5227,,0.0597,15,0.5326,,0.1739,9,0.5186,,0.6043,6,0.2543,8,0.4315,5,0.9047,2
遊戲,30000,0.0,1.0,指定 主機板:穩定,10,28439,0.2848,0.4781,AMD R5 5600XT,RX7650GRE,B550M,0.7545,,0.5227,,0.0597,15,0.5326,,0.1739,9,0.5186,,0.6043,6,0.2543,8,0.4315,5,0.9047,2
遊戲,30000,0.0,1.0,指定 主機板:穩定,11,28439,0.2848,0.4781,AMD R5 5600XT,RX7650GRE,B550M,0.7545,,0.5227,,0.0597,15,0.5326,,0.1739,9,0.5186,,0.6043,6,0.2543,8,0.4315,5,0.9047,2
遊戲,30000,0.0,1.0,指定 主機板:穩定,12,28939,0.2855,0.4781,AMD R5 5600XT,RX7650GRE,B550M,0.7545,,0.5227,,0.0597,15,0.5326,,0.1739,9,0.5186,,0.6043,6,0.2543,8,0.4315,5,0.9047,2
遊戲,30000,0.0,1.0,指定 主機板:穩定,13,28439,0.2848,0.4781,AMD R5 5600XT,RX7650GRE,B550M,0.7545,,0.5227,,0.0597,15,0.5326,,0.1739,9,0.5186,,0.6043,6,0.2543,8,0.4315,5,0.9047,2
遊戲,30000,0.0,1.0,指定 主機板:穩定,14,28339,0.2836,0.4781,AMD R5 5600XT,RX7650GRE,B550M,0.7545,,0.5227,,0.0597,15,0.5326,,0.1739,9,0.5186,,0.6043,6,0.2543,8,0.4315,5,0.9047,2
遊戲,30000,0.0,1.0,指定 主機板:穩定,15,28439,0.2848,0.4781,AMD R5 5600XT,RX7650GRE,B550M,0.7545,,0.5227,,0.0597,15,0.5326,,0.1739,9,0.5186,,0.6043,6,0.2543,8,0.4315,5,0.9047,2
遊戲,30000,0.0,1.0,指定 主機板:穩定,16,28139,0.2832,0.4781,AMD R5 5600XT,RX7650GRE,B550M,0.7545,,0.5227,,0.0597,15,0.5326,,0.1739,9,0.5186,,0.6043,6,0.2543,8,0.4315,5,0.9047,2
遊戲,30000,0.0,1.0,指定 主機板:穩定,17,28339,0.2841,0.4781,AMD R5 5600XT,RX7650GRE,B550M,0.7545,,0.5227,,0.0597,15,0.5326,,0.1739,9,0.5186,,0.6043,6,0.2543,8,0.4315,5,0.9047,2
遊戲,30000,0.0,1.0,指定 主機板:穩定,18,28399,0.2854,0.4781,AMD R5 5600XT,RX7650GRE,B550M,0.7545,,0.5227,,0.0597,15,0.5326,,0.1739,9,0.5186,,0.6043,6,0.2543,8,0.4315,5,0.9047,2
遊戲,30000,0.0,1.0,指定 主機板:穩定,19,28439,0.2848,0.4781,AMD R5 5600XT,RX7650GRE,B550M,0.7545,,0.5227,,0.0597,15,0.5326,,0.1739,9,0.5186,,0.6043,6,0.2543,8,0.4315,5,0.9047,2
遊戲,30000,0.0,1.0,指定 主機板:CP值,0,28739,0.2889,0.4781,AMD R5 5600XT,RX7650GRE,B550M,0.7545,,0.5227,,0.0597,15,0.5326,,0.1739,9,0.5186,,0.6043,6,0.2543,8,0.4315,5,0.9047,2
遊戲,30000,0.0,1.0,指定 主機板:CP值,1,28339,0.2846,0.4781,AMD R5 5600XT,RX7650GRE,B550M,0.7545,,0.5227,,0.0597,15,0.5326,,0.1739,9,0.5186,,0.6043,6,0.2543,8,0.4315,5,0.9047,2
遊戲,30000,0.0,1.0,指定 主機板:CP值,2,28339,0.2846,0.4781,AMD R5 5600XT,RX7650GRE,B550M,0.7545,,0.5227,,0.0597,15,0.5326,,0.1739,9,0.5186,,0.6043,6,0.2543,8,0.4315,5,0.9047,2
遊戲,30000,0.0,1.0,指定 主機板:CP值,3,28339,0.2846,0.4781,AMD R5 5600XT,RX7650GRE,B550M,0.7545,,0.5227,,0.0597,15,0.5326,,0.1739,9,0.5186,,0.6043,6,0.2543,8,0.4315,5,0.9047,2
遊戲,30000,0.0,1.0,指定 主機板:CP值,4,28239,0.2839,0.4781,AMD R5 5600XT,RX7650GRE,B550M,0.7545,,0.5227,,0.0597,15,0.5326,,0.1739,9,0.5186,,0.6043,6,0.2543,8,0.4315,5,0.9047,2
遊戲,30000,0.0,1.0,指定 主機板:CP值,5,28339,0.2846,0.4781,AMD R5 5600XT,RX7650GRE,B550M,0.7545,,0.5227,,0.0597,15,0.5326,,0.1739,9,0.5186,,0.6043,6,0.2543,8,0.4315,5,0.9047,2
遊戲,30000,0.0,1.0,指定 主機板:CP值,6,28439,0.2847,0.4781,AMD R5 5600XT,RX7650GRE,B550M,0.7545,,0.5227,,0.0597,15,0.5326,,0.1739,9,0.5186,,0.6043,6,0.2543,8,0.4315,5,0.9047,2
遊戲,30000,0.0,1.0,指定 主機板:CP值,7,28339,0.2846,0.4781,AMD R5 5600XT,RX7650GRE,B550M,0.7545,,0.5227,,0.0597,15,0.5326,,0.1739,9,0.5186,,0.6043,6,0.2543,8,0.4315,5,0.9047,2
遊戲,30000,0.0,1.0,指定 主機板:CP值,8,28539,0.2849,0.4781,AMD R5 5600XT,RX7650GRE,B550M,0.7545,,0.5227,,0.0597,15,0.5326,,0.1739,9,0.5186,,0.6043,6,0.2543,8,0.4315,5,0.9047,2
遊戲,30000,0.0,1.0,指定 主機板:CP值,9,28489,0.285,0.4781,AMD R5 5600XT,RX7650GRE,B550M,0.7545,,0.5227,,0.0597,15,0.5326,,0.1739,9,0.5186,,0.6043,6,0.2543,8,0.4315,5,0.9047,2
遊戲,30000,0.0,1.0,指定 主機板:CP值,10,28339,0.2846,0.4781,AMD R5 5600XT,RX7650GRE,B550M,0.7545,,0.5227,,0.0597,15,0.5326,,0.1739,9,0.5186,,0.6043,6,0.2543,8,0.4315,5,0.9047,2
遊戲,30000,0.0,1.0,指定 主機板:CP值,11,28639,0.2851,0.4781,AMD R5 5600XT,RX7650GRE,B550M,0.7545,,0.5227,,0.0597,15,0.5326,,0.1739,9,0.5186,,0.6043,6,0.2543,8,0.4315,5,0.9047,2
遊戲,30000,0.0,1.0,指定 主機板:CP值,12,28539,0.2849,0.4781,AMD R5 5600XT,RX7650GRE,B550M,0.7545,,0.5227,,0.0597,15,0.5326,,0.1739,9,0.5186,,0.6043,6,0.2543,8,0.4315,5,0.9047,2
遊戲,30000,0.0,1.0,指定 主機板:CP值,13,28599,0.2857,0.4781,AMD R5 5600XT,RX7650GRE,B550M,0.7545,,0.5227,,0.0597,15,0.5326,,0.1739,9,0.5186,,0.6043,6,0.2543,8,0.4315,5,0.9047,2
遊戲,30000,0.0,1.0,指定 主機板:CP值,14,28339,0.2846,0.4781,AMD R5 5600XT,RX7650GRE,B550M,0.7545,,0.5227,,0.0597,15,0.5326,,0.1739,9,0.5186,,0.6043,6,0.2543,8,0.4315,5,0.9047,2
遊戲,30000,0.0,1.0,指定 主機板:CP值,15,28339,0.2846,0.4781,AMD R5 5600XT,RX7650GRE,B550M,0.7545,,0.5227,,0.0597,15,0.5326,,0.1739,9,0.5186,,0.6043,6,0.2543,8,0.4315,5,0.9047,2
遊戲,30000,0.0,1.0,指定 主機板:CP值,16,28539,0.2844,0.4781,AMD R5 5600XT,RX7650GRE,B550M,0.7545,,0.5227,,0.0597,15,0.5326,,0.1739,9,0.5186,,0.6043,6,0.2543,8,0.4315,5,0.9047,2
遊戲,30000,0.0,1.0,指定 主機板:CP值,17,28699,0.2854,0.4781,AMD R5 5600XT,RX7650GRE,B550M,0.7545,,0.5227,,0.0597,15,0.5326,,0.1739,9,0.5186,,0.6043,6,0.2543,8,0.4315,5,0.9047,2
遊戲,30000,0.0,1.0,指定 主機板:CP值,18,28239,0.2839,0.4781,AMD R5 5600XT,RX7650GRE,B550M,0.7545,,0.5227,,0.0597,15,0.5326,,0.1739,9,0.5186,,0.6043,6,0.2543,8,0.4315,5,0.9047,2
遊戲,30000,0.0,1.0,指定 主機板:CP值,19,28539,0.2844,0.4781,AMD R5 5600XT,RX7650GRE,B550M,0.7545,,0.5227,,0.0597,15,0.5326,,0.1739,9,0.5186,,0.6043,6,0.2543,8,0.4315,5,0.9047,2
遊戲,40000,0.0,1.0,無口碑,0,39499,0.396,0.5358,Intel Core Ultra 5 245KF,RX9060XT,B860M,0.6576,12,0.593,5,0.6335,4,1.0,1,0.6458,3,0.5162,4,0.6026,,0.4736,,0.4068,,0.5202,5
遊戲,40000,0.0,1.0,無口碑,1,33764,0.3313,0.4631,AMD R5 5600XT,RX7650GRE,A520M,0.7545,,0.5227,,0.0597,15,0.5326,,0.1739,9,0.5186,,0.6026,,0.4736,,0.4068,,0.4865,
遊戲,40000,0.0,1.0,無口碑,2,33489,0.3275,0.4631,AMD R5 5600XT,RX7650GRE,A520M,0.7545,,0.5227,,0.0597,15,0.5326,,0.1739,9,0.5186,,0.6026,,0.4736,,0.4068,,0.4865,
遊戲,40000,0.0,1.0,無口碑,3,33664,0.3306,0.4631,AMD R5 5600XT,RX7650GRE,A520M,0.7545,,0.5227,,0.0597,15,0.5326,,0.1739,9,0.5186,,0.6026,,0.4736,,0.4068,,0.4865,
遊戲,40000,0.0,1.0,無口碑,4,39999,0.3409,0.4113,Intel i5-14400F,RTX5060,B760M,0.6462,15,0.5828,7,0.5915,6,0.3043,8,0.4465,5,0.0,10,0.3525,8,0.2004,9,0.1753,8,0.8531,4
遊戲,40000,0.0,1.0,無口碑,5,38599,0.3359,0.4805,Intel i5-14400F,RX9060XT,B760M,0.6462,15,0.5828,7,0.6335,4,1.0,1,0.6458,3,0.5162,4,0.3525,8,0.2004,9,0.1753,8,0.8531,4
遊戲,40000,0.0,1.0,無口碑,6,39097,0.345,0.4113,Intel i5-14400F,RTX5060,B760M,0.6462,15,0.5828,7,0.5915,6,0.3043,8,0.4465,5,0.0,10,0.3525,8,0.2004,9,0.1753,8,0.8531,4
遊戲,40000,0.0,1.0,無口碑,7,33964,0.3317,0.4631,AMD R5 5600XT,RX7650GRE,A520M,0.7545,,0.5227,,0.0597,15,0.5326,,0.1739,9,0.5186,,0.6026,,0.4736,,0.4068,,0.4865,
遊戲,40000,0.0,1.0,無口碑,8,33964,0.3317,0.4631,AMD R5 5600XT,RX7650GRE,A520M,0.7545,,0.5227,,0.0597,15,0.5326,,0.1739,9,0.5186,,0.6026,,0.4736,,0.4068,,0.4865,
遊戲,40000,0.0,1.0,無口碑,9,39097,0.3455,0.4113,Intel i5-14400F,RTX5060,B760M,0.6462,15,0.5828,7,0.5915,6,0.3043,8,0.4465,5,0.0,10,0.3525,8,0.2004,9,0.1753,8,0.8531,4
遊戲,40000,0.0,1.0,無口碑,10,34064,0.3319,0.4631,AMD R5 5600XT,RX7650GRE,A520M,0.7545,,0.5227,,0.0597,15,0.5326,,0.1739,9,0.5186,,0.6026,,0.4736,,0.4068,,0.4865,
遊戲,40000,0.0,1.0,無口碑,11,39857,0.3991,0.4666,Intel Core Ultra 5 245KF,RTX5060,B860M,0.6576,12,0.593,5,0.5915,6,0.3043,8,0.4465,5,0.0,10,0.6026,,0.4736,,0.4068,,0.5202,5
遊戲,40000,0.0,1.0,無口碑,12,33864,0.3315,0.4631,AMD R5 5600XT,RX7650GRE,A520M,0.7545,,0.5227,,0.0597,15,0.5326,,0.1739,9,0.5186,,0.6026,,0.4736,,0.4068,,0.4865,
遊戲,40000,0.0,1.0,無口碑,13,39099,0.3965,0.5358,Intel Core Ultra 5 245KF,RX9060XT,B860M,0.6576,12,0.593,5,0.6335,4,1.0,1,0.6458,3,0.5162,4,0.6026,,0.4736,,0.4068,,0.5202,5
遊戲,40000,0.0,1.0,無口碑,14,39699,0.3609,0.4805,Intel i5-14400F,RX9060XT,B760M,0.6462,15,0.5828,7,0.6335,4,1.0,1,0.6458,3,0.5162,4,0.3525,8,0.2004,9,0.1753,8,0.8531,4
遊戲,40000,0.0,1.0,無口碑,15,37999,0.3375,0.4805,Intel i5-14400F,RX9060XT,B760M,0.6462,15,0.5828,7,0.6335,4,1.0,1,0.6458,3,0.5162,4,0.3525,8,0.2004,9,0.1753,8,0.8531,4
遊戲,40000,0.0,1.0,無口碑,16,33864,0.3315,0.4631,AMD R5 5600XT,RX7650GRE,A520M,0.7545,,0.5227,,0.0597,15,0.5326,,0.1739,9,0.5186,,0.6026,,0.4736,,0.4068,,0.4865,
遊戲,40000,0.0,1.0,無口碑,17,39974,0.3647,0.4805,Intel i5-14400F,RX9060XT,B760M,0.6462,15,0.5828,7,0.6335,4,1.0,1,0.6458,3,0.5162,4,0.3525,8,0.2004,9,0.1753,8,0.8531,4
遊戲,40000,0.0,1.0,無口碑,18,33764,0.3313,0.4631,AMD R5 5600XT,RX7650GRE,A520M,0.7545,,0.5227,,0.0597,15,0.5326,,0.1739,9,0.5186,,0.6026,,0.4736,,0.4068,,0.4865,
遊戲,40000,0.0,1.0,無口碑,19,33764,0.3313,0.4631,AMD R5 5600XT,RX7650GRE,A520M,0.7545,,0.5227,,0.0597,15,0.5326,,0.1739,9,0.5186,,0.6026,,0.4736,,0.4068,,0.4865,
遊戲,40000,0.0,1.0,有口碑,0,37699,0.3303,0.4805,Intel i5-14400F,RX9060XT,B760M,0.6462,15,0.5828,7,0.6335,4,1.0,1,0.6458,3,0.5162,4,0.3525,8,0.2004,9,0.1753,8,0.8531,4
遊戲,40000,0.0,1.0,有口碑,1,37859,0.3319,0.4805,Intel i5-14400F,RX9060XT,B760M,0.6462,15,0.5828,7,0.6335,4,1.0,1,0.6458,3,0.5162,4,0.3525,8,0.2004,9,0.1753,8,0.8531,4
遊戲,40000,0.0,1.0,有口碑,2,31749,0.2986,0.4781,AMD R5 5600XT,RX7650GRE,B550M,0.7545,,0.5227,,0.0597,15,0.5326,,0.1739,9,0.5186,,0.6043,6,0.2543,8,0.4315,5,0.9047,2
遊戲,40000,0.0,1.0,有口碑,3,39089,0.3602,0.6778,AMD R7 7700,RX9060XT,B850M,0.983,2,1.0,1,0.6335,4,1.0,1,0.6458,3,0.5162,4,1.0,1,0.6879,3,0.566,3,0.5164,6
遊戲,40000,0.0,1.0,有口碑,4,31749,0.2986,0.4781,AMD R5 5600XT,RX7650GRE,B550M,0.7545,,0.5227,,0.0597,15,0.5326,,0.1739,9,0.5186,,0.6043,6,0.2543,8,0.4315,5,0.9047,2
遊戲,40000,0.0,1.0,有口碑,5,39149,0.361,0.6778,AMD R7 7700,RX9060XT,B850M,0.983,2,1.0,1,0.6335,4,1.0,1,0.6458,3,0.5162,4,1.0,1,0.6879,3,0.566,3,0.5164,6
遊戲,40000,0.0,1.0,有口碑,6,39349,0.3614,0.6778,AMD R7 7700,RX9060XT,B850M,0.983,2,1.0,1,0.6335,4,1.0,1,0.6458,3,0.5162,4,1.0,1,0.6879,3,0.566,3,0.5164,6
遊戲,40000,0.0,1.0,有口碑,7,31849,0.2987,0.4781,AMD R5 5600XT,RX7650GRE,B550M,0.7545,,0.5227,,0.0597,15,0.5326,,0.1739,9,0.5186,,0.6043,6,0.2543,8,0.4315,5,0.9047,2
遊戲,40000,0.0,1.0,有口碑,8,37859,0.3319,0.4805,Intel i5-14400F,RX9060XT,B760M,0.6462,15,0.5828,7,0.6335,4,1.0,1,0.6458,3,0.5162,4,0.3525,8,0.2004,9,0.1753,8,0.8531,4
遊戲,40000,0.0,1.0,有口碑,9,31949,0.2989,0.4781,AMD R5 5600XT,RX7650GRE,B550M,0.7545,,0.5227,,0.0597,15,0.5326,,0.1739,9,0.5186,,0.6043,6,0.2543,8,0.4315,5,0.9047,2
遊戲,40000,0.0,1.0,有口碑,10,31749,0.2986,0.4781,AMD R5 5600XT,RX7650GRE,B550M,0.7545,,0.5227,,0.0597,15,0.5326,,0.1739,9,0.5186,,0.6043,6,0.2543,8,0.4315,5,0.9047,2
遊戲,40000,0.0,1.0,有口碑,11,31789,0.2979,0.4781,AMD R5 5600XT,RX7650GRE,B550M,0.7545,,0.5227,,0.0597,15,0.5326,,0.1739,9,0.5186,,0.6043,6,0.2543,8,0.4315,5,0.9047,2
遊戲,40000,0.0,1.0,有口碑,12,37559,0.3314,0.4805,Intel i5-14400F,RX9060XT,B760M,0.6462,15,0.5828,7,0.6335,4,1.0,1,0.6458,3,0.5162,4,0.3525,8,0.2004,9,0.1753,8,0.8531,4
遊戲,40000,0.0,1.0,有口碑,13,38949,0.3607,0.6778,AMD R7 7700,RX9060XT,B850M,0.983,2,1.0,1,0.6335,4,1.0,1,0.6458,3,0.5162,4,1.0,1,0.6879,3,0.566,3,0.5164,6
遊戲,40000,0.0,1.0,有口碑,14,37859,0.3318,0.4805,Intel i5-14400F,RX9060XT,B760M,0.6462,15,0.5828,7,0.6335,4,1.0,1,0.6458,3,0.5162,4,0.3525,8,0.2004,9,0.1753,8,0.8531,4
遊戲,40000,0.0,1.0,有口碑,15,32149,0.2992,0.4781,AMD R5 5600XT,RX7650GRE,B550M,0.7545,,0.5227,,0.0597,15,0.5326,,0.1739,9,0.5186,,0.6043,6,0.2543,8,0.4315,5,0.9047,2
遊戲,40000,0.0,1.0,有口碑,16,31849,0.2988,0.4781,AMD R5 5600XT,RX7650GRE,B550M,0.7545,,0.5227,,0.0597,15,0.5326,,0.1739,9,0.5186,,0.6043,6,0.2543,8,0.4315,5,0.9047,2
遊戲,40000,0.0,1.0,有口碑,17,39449,0.3602,0.6778,AMD R7 7700,RX9060XT,B850M,0.983,2,1.0,1,0.6335,4,1.0,1,0.6458,3,0.5162,4,1.0,1,0.6879,3,0.566,3,0.5164,6
遊戲,40000,0.0,1.0,有口碑,18,37559,0.3314,0.4805,Intel i5-14400F,RX9060XT,B760M,0.6462,15,0.5828,7,0.6335,4,1.0,1,0.6458,3,0.5162,4,0.3525,8,0.2004,9,0.1753,8,0.8531,4
遊戲,40000,0.0,1.0,有口碑,19,31849,0.2987,0.4781,AMD R5 5600XT,RX7650GRE,B550M,0.7545,,0.5227,,0.0597,15,0.5326,,0.1739,9,0.5186,,0.6043,6,0.2543,8,0.4315,5,0.9047,2
遊戲,40000,0.0,1.0,指定 CPU:效能,0,37959,0.3315,0.4805,Intel i5-14400F,RX9060XT,B760M,0.6462,15,0.5828,7,0.6335,4,1.0,1,0.6458,3,0.5162,4,0.3525,8,0.2004,9,0.1753,8,0.8531,4
遊戲,40000,0.0,1.0,指定 CPU:效能,1,38889,0.3599,0.6778,AMD R7 7700,RX9060XT,B850M,0.983,2,1.0,1,0.6335,4,1.0,1,0.6458,3,0.5162,4,1.0,1,0.6879,3,0.566,3,0.5164,6
遊戲,40000,0.0,1.0,指定 CPU:效能,2,39049,0.3609,0.6778,AMD R7 7700,RX9060XT,B850M,0.983,2,1.0,1,0.6335,4,1.0,1,0.6458,3,0.5162,4,1.0,1,0.6879,3,0.566,3,0.5164,6
遊戲,40000,0.0,1.0,指定 CPU:效能,3,37959,0.332,0.4805,Intel i5-14400F,RX9060XT,B760M,0.6462,15,0.5828,7,0.6335,4,1.0,1,0.6458,3,0.5162,4,0.3525,8,0.2004,9,0.1753,8,0.8531,4
遊戲,40000,0.0,1.0,指定 CPU:效能,4,38159,0.3324,0.4805,Intel i5-14400F,RX9060XT,B760M,0.6462,15,0.5828,7,0.6335,4,1.0,1,0.6458,3,0.5162,4,0.3525,8,0.2004,9,0.1753,8,0.8531,4
遊戲,40000,0.0,1.0,指定 CPU:效能,5,39149,0.361,0.6778,AMD R7 7700,RX9060XT,B850M,0.983,2,1.0,1,0.6335,4,1.0,1,0.6458,3,0.5162,4,1.0,1,0.6879,3,0.566,3,0.5164,6
遊戲,40000,0.0,1.0,指定 CPU:效能,6,38299,0.3319,0.4805,Intel i5-14400F,RX9060XT,B760M,0.6462,15,0.5828,7,0.6335,4,1.0,1,0.6458,3,0.5162,4,0.3525,8,0.2004,9,0.1753,8,0.8531,4
遊戲,40000,0.0,1.0,指定 CPU:效能,7,38259,0.3319,0.4805,Intel i5-14400F,RX9060XT,B760M,0.6462,15,0.5828,7,0.6335,4,1.0,1,0.6458,3,0.5162,4,0.3525,8,0.2004,9,0.1753,8,0.8531,4
遊戲,40000,0.0,1.0,指定 CPU:效能,8,39049,0.3609,0.6778,AMD R7 7700,RX9060XT,B850M,0.983,2,1.0,1,0.6335,4,1.0,1,0.6458,3,0.5162,4,1.0,1,0.6879,3,0.566,3,0.5164,6
遊戲,40000,0.0,1.0,指定 CPU:效能,9,37799,0.331,0.4805,Intel i5-14400F,RX9060XT,B760M,0.6462,15,0.5828,7,0.6335,4,1.0,1,0.6458,3,0.5162,4,0.3525,8,0.2004,9,0.1753,8,0.8531,4
遊戲,40000,0.0,1.0,指定 CPU:效能,10,38949,0.3607,0.6778,AMD R7 7700,RX9060XT,B850M,0.983,2,1.0,1,0.6335,4,1.0,1,0.6458,3,0.5162,4,1.0,1,0.6879,3,0.566,3,0.5164,6
遊戲,40000,0.0,1.0,指定 CPU:效能,11,37659,0.3316,0.4805,Intel i5-14400F,RX9060XT,B760M,0.6462,15,0.5828,7,0.6335,4,1.0,1,0.6458,3,0.5162,4,0.3525,8,0.2004,9,0.1753,8,0.8531,4
遊戲,40000,0.0,1.0,指定 CPU:效能,12,38949,0.3607,0.6778,AMD R7 7700,RX9060XT,B850M,0.983,2,1.0,1,0.6335,4,1.0,1,0.6458,3,0.5162,4,1.0,1,0.6879,3,0.566,3,0.5164,6
遊戲,40000,0.0,1.0,指定 CPU:效能,13,39149,0.361,0.6778,AMD R7 7700,RX9060XT,B850M,0.983,2,1.0,1,0.6335,4,1.0,1,0.6458,3,0.5162,4,1.0,1,0.6879,3,0.566,3,0.5164,6
遊戲,40000,0.0,1.0,指定 CPU:效能,14,37559,0.3314,0.4805,Intel i5-14400F,RX9060XT,B760M,0.6462,15,0.5828,7,0.6335,4,1.0,1,0.6458,3,0.5162,4,0.3525,8,0.2004,9,0.1753,8,0.8531,4
遊戲,40000,0.0,1.0,指定 CPU:效能,15,38359,0.3327,0.4805,Intel i5-14400F,RX9060XT,B760M,0.6462,15,0.5828,7,0.6335,4,1.0,1,0.6458,3,0.5162,4,0.3525,8,0.2004,9,0.1753,8,0.8531,4
遊戲,40000,0.0,1.0,指定 CPU:效能,16,39249,0.3612,0.6778,AMD R7 7700,RX9060XT,B850M,0.983,2,1.0,1,0.6335,4,1.0,1,0.6458,3,0.5162,4,1.0,1,0.6879,3,0.566,3,0.5164,6
遊戲,40000,0.0,1.0,指定 CPU:效能,17,38359,0.3327,0.4805,Intel i5-14400F,RX9060XT,B760M,0.6462,15,0.5828,7,0.6335,4,1.0,1,0.6458,3,0.5162,4,0.3525,8,0.2004,9,0.1753,8,0.8531,4
遊戲,40000,0.0,1.0,指定 CPU:效能,18,39049,0.3609,0.6778,AMD R7 7700,RX9060XT,B850M,0.983,2,1.0,1,0.6335,4,1.0,1,0.6458,3,0.5162,4,1.0,1,0.6879,3,0.566,3,0.5164,6
遊戲,40000,0.0,1.0,指定 CPU:效能,19,37699,0.334,0.4805,Intel i5-14400F,RX9060XT,B760M,0.6462,15,0.5828,7,0.6335,4,1.0,1,0.6458,3,0.5162,4,0.3525,8,0.2004,9,0.1753,8,0.8531,4
遊戲,40000,0.0,1.0,指定 CPU:CP值,0,37859,0.3319,0.4805,Intel i5-14400F,RX9060XT,B760M,0.6462,15,0.5828,7,0.6335,4,1.0,1,0.6458,3,0.5162,4,0.3525,8,0.2004,9,0.1753,8,0.8531,4
遊戲,40000,0.0,1.0,指定 CPU:CP值,1,39149,0.361,0.6778,AMD R7 7700,RX9060XT,B850M,0.983,2,1.0,1,0.6335,4,1.0,1,0.6458,3,0.5162,4,1.0,1,0.6879,3,0.566,3,0.5164,6
遊戲,40000,0.0,1.0,指定 CPU:CP值,2,38849,0.36,0.6778,AMD R7 7700,RX9060XT,B850M,0.983,2,1.0,1,0.6335,4,1.0,1,0.6458,3,0.5162,4,1.0,1,0.6879,3,0.566,3,0.5164,6
遊戲,40000,0.0,1.0,指定 CPU:CP值,3,37559,0.3314,0.4805,Intel i5-14400F,RX9060XT,B760M,0.6462,15,0.5828,7,0.6335,4,1.0,1,0.6458,3,0.5162,4,0.3525,8,0.2004,9,0.1753,8,0.8531,4
遊戲,40000,0.0,1.0,指定 CPU:CP值,4,38949,0.3607,0.6778,AMD R7 7700,RX9060XT,B850M,0.983,2,1.0,1,0.6335,4,1.0,1,0.6458,3,0.5162,4,1.0,1,0.6879,3,0.566,3,0.5164,6
遊戲,40000,0.0,1.0,指定 CPU:CP值,5,39249,0.3612,0.6778,AMD R7 7700,RX9060XT,B850M,0.983,2,1.0,1,0.6335,4,1.0,1,0.6458,3,0.5162,4,1.0,1,0.6879,3,0.566,3,0.5164,6
遊戲,40000,0.0,1.0,指定 CPU:CP值,6,38989,0.36,0.6778,AMD R7 7700,RX9060XT,B850M,0.983,2,1.0,1,0.6335,4,1.0,1,0.6458,3,0.5162,4,1.0,1,0.6879,3,0.566,3,0.5164,6
遊戲,40000,0.0,1.0,指定 CPU:CP值,7,38059,0.3322,0.4805,Intel i5-14400F,RX9060XT,B760M,0.6462,15,0.5828,7,0.6335,4,1.0,1,0.6458,3,0.5162,4,0.3525,8,0.2004,9,0.1753,8,0.8531,4
遊戲,40000,0.0,1.0,指定 CPU:CP值,8,39049,0.3609,0.6778,AMD R7 7700,RX9060XT,B850M,0.983,2,1.0,1,0.6335,4,1.0,1,0.6458,3,0.5162,4,1.0,1,0.6879,3,0.566,3,0.5164,6
遊戲,40000,0.0,1.0,指定 CPU:CP值,9,37659,0.3316,0.4805,Intel i5-14400F,RX9060XT,B760M,0.6462,15,0.5828,7,0.6335,4,1.0,1,0.6458,3,0.5162,4,0.3525,8,0.2004,9,0.1753,8,0.8531,4
遊戲,40000,0.0,1.0,指定 CPU:CP值,10,38889,0.3599,0.6778,AMD R7 7700,RX9060XT,B850M,0.983,2,1.0,1,0.6335,4,1.0,1,0.6458,3,0.5162,4,1.0,1,0.6879,3,0.566,3,0.5164,6
遊戲,40000,0.0,1.0,指定 CPU:CP值,11,37959,0.332,0.4805,Intel i5-14400F,RX9060XT,B760M,0.6462,15,0.5828,7,0.6335,4,1.0,1,0.6458,3,0.5162,4,0.3525,8,0.2004,9,0.1753,8,0.8531,4
遊戲,40000,0.0,1.0,指定 CPU:CP值,12,39049,0.3609,0.6778,AMD R7 7700,RX9060XT,B850M,0.983,2,1.0,1,0.6335,4,1.0,1,0.6458,3,0.5162,4,1.0,1,0.6879,3,0.566,3,0.5164,6
遊戲,40000,0.0,1.0,指定 CPU:CP值,13,37759,0.3312,0.4805,Intel i5-14400F,RX9060XT,B760M,0.6462,15,0.5828,7,0.6335,4,1.0,1,0.6458,3,0.5162,4,0.3525,8,0.2004,9,0.1753,8,0.8531,4
遊戲,40000,0.0,1.0,指定 CPU:CP值,14,37859,0.3319,0.4805,Intel i5-14400F,RX9060XT,B760M,0.6462,15,0.5828,7,0.6335,4,1.0,1,0.6458,3,0.5162,4,0.3525,8,0.2004,9,0.1753,8,0.8531,4
遊戲,40000,0.0,1.0,指定 CPU:CP值,15,39089,0.3602,0.6778,AMD R7 7700,RX9060XT,B850M,0.983,2,1.0,1,0.6335,4,1.0,1,0.6458,3,0.5162,4,1.0,1,0.6879,3,0.566,3,0.5164,6
遊戲,40000,0.0,1.0,指定 CPU:CP值,16,39149,0.361,0.6778,AMD R7 7700,RX9060XT,B850M,0.983,2,1.0,1,0.6335,4,1.0,1,0.6458,3,0.5162,4,1.0,1,0.6879,3,0.566,3,0.5164,6
遊戲,40000,0.0,1.0,指定 CPU:CP值,17,39649,0.361,0.6778,AMD R7 7700,RX9060XT,B850M,0.983,2,1.0,1,0.6335,4,1.0,1,0.6458,3,0.5162,4,1.0,1,0.6879,3,0.566,3,0.5164,6
遊戲,40000,0.0,1.0,指定 CPU:CP值,18,38359,0.3326,0.4805,Intel i5-14400F,RX9060XT,B760M,0.6462,15,0.5828,7,0.6335,4,1.0,1,0.6458,3,0.5162,4,0.3525,8,0.2004,9,0.1753,8,0.8531,4
遊戲,40000,0.0,1.0,指定 CPU:CP值,19,37559,0.3314,0.4805,Intel i5-14400F,RX9060XT,B760M,0.6462,15,0.5828,7,0.6335,4,1.0,1,0.6458,3,0.5162,4,0.3525,8,0.2004,9,0.1753,8,0.8531,4
遊戲,40000,0.0,1.0,指定 GPU:效能,0,37699,0.3335,0.4805,Intel i5-14400F,RX9060XT,B760M,0.6462,15,0.5828,7,0.6335,4,1.0,1,0.6458,3,0.5162,4,0.3525,8,0.2004,9,0.1753,8,0.8531,4
遊戲,40000,0.0,1.0,指定 GPU:效能,1,37659,0.3316,0.4805,Intel i5-14400F,RX9060XT,B760M,0.6462,15,0.5828,7,0.6335,4,1.0,1,0.6458,3,0.5162,4,0.3525,8,0.2004,9,0.1753,8,0.8531,4
遊戲,40000,0.0,1.0,指定 GPU:效能,2,37459,0.3307,0.4805,Intel i5-14400F,RX9060XT,B760M,0.6462,15,0.5828,7,0.6335,4,1.0,1,0.6458,3,0.5162,4,0.3525,8,0.2004,9,0.1753,8,0.8531,4
遊戲,40000,0.0,1.0,指定 GPU:效能,3,37859,0.3318,0.4805,Intel i5-14400F,RX9060XT,B760M,0.6462,15,0.5828,7,0.6335,4,1.0,1,0.6458,3,0.5162,4,0.3525,8,0.2004,9,0.1753,8,0.8531,4
遊戲,40000,0.0,1.0,指定 GPU:效能,4,37859,0.3319,0.4805,Intel i5-14400F,RX9060XT,B760M,0.6462,15,0.5828,7,0.6335,4,1.0,1,0.6458,3,0.5162,4,0.3525,8,0.2004,9,0.1753,8,0.8531,4
遊戲,40000,0.0,1.0,指定 GPU:效能,5,39049,0.3609,0.6778,AMD R7 7700,RX9060XT,B850M,0.983,2,1.0,1,0.6335,4,1.0,1,0.6458,3,0.5162,4,1.0,1,0.6879,3,0.566,3,0.5164,6
遊戲,40000,0.0,1.0,指定 GPU:效能,6,37759,0.3311,0.4805,Intel i5-14400F,RX9060XT,B760M,0.6462,15,0.5828,7,0.6335,4,1.0,1,0.6458,3,0.5162,4,0.3525,8,0.2004,9,0.1753,8,0.8531,4
遊戲,40000,0.0,1.0,指定 GPU:效能,7,38949,0.3607,0.6778,AMD R7 7700,RX9060XT,B850M,0.983,2,1.0,1,0.6335,4,1.0,1,0.6458,3,0.5162,4,1.0,1,0.6879,3,0.566,3,0.5164,6
遊戲,40000,0.0,1.0,指定 GPU:效能,8,37399,0.3292,0.4805,Intel i5-14400F,RX9060XT,B760M,0.6462,15,0.5828,7,0.6335,4,1.0,1,0.6458,3,0.5162,4,0.3525,8,0.2004,9,0.1753,8,0.8531,4
遊戲,40000,0.0,1.0,指定 GPU:效能,9,37859,0.3318,0.4805,Intel i5-14400F,RX9060XT,B760M,0.6462,15,0.5828,7,0.6335,4,1.0,1,0.6458,3,0.5162,4,0.3525,8,0.2004,9,0.1753,8,0.8531,4
遊戲,40000,0.0,1.0,指定 GPU:效能,10,38059,0.3314,0.4805,Intel i5-14400F,RX9060XT,B760M,0.6462,15,0.5828,7,0.6335,4,1.0,1,0.6458,3,0.5162,4,0.3525,8,0.2004,9,0.1753,8,0.8531,4
遊戲,40000,0.0,1.0,指定 GPU:效能,11,37559,0.3314,0.4805,Intel i5-14400F,RX9060XT,B760M,0.6462,15,0.5828,7,0.6335,4,1.0,1,0.6458,3,0.5162,4,0.3525,8,0.2004,9,0.1753,8,0.8531,4
遊戲,40000,0.0,1.0,指定 GPU:效能,12,37659,0.3304,0.4805,Intel i5-14400F,RX9060XT,B760M,0.6462,15,0.5828,7,0.6335,4,1.0,1,0.6458,3,0.5162,4,0.3525,8,0.2004,9,0.1753,8,0.8531,4
遊戲,40000,0.0,1.0,指定 GPU:效能,13,38059,0.3322,0.4805,Intel i5-14400F,RX9060XT,B760M,0.6462,15,0.5828,7,0.6335,4,1.0,1,0.6458,3,0.5162,4,0.3525,8,0.2004,9,0.1753,8,0.8531,4
遊戲,40000,0.0,1.0,指定 GPU:效能,14,38199,0.3372,0.4805,Intel i5-14400F,RX9060XT,B760M,0.6462,15,0.5828,7,0.6335,4,1.0,1,0.6458,3,0.5162,4,0.3525,8,0.2004,9,0.1753,8,0.8531,4
遊戲,40000,0.0,1.0,指定 GPU:效能,15,38859,0.3293,0.4805,Intel i5-14400,RX9060XT,B760M,0.6462,15,0.5828,7,0.6335,4,1.0,1,0.6458,3,0.5162,4,0.3525,8,0.2004,9,0.1753,8,0.8531,4
遊戲,40000,0.0,1.0,指定 GPU:效能,16,37559,0.3314,0.4805,Intel i5-14400F,RX9060XT,B760M,0.6462,15,0.5828,7,0.6335,4,1.0,1,0.6458,3,0.5162,4,0.3525,8,0.2004,9,0.1753,8,0.8531,4
遊戲,40000,0.0,1.0,指定 GPU:效能,17,37559,0.3314,0.4805,Intel i5-14400F,RX9060XT,B760M,0.6462,15,0.5828,7,0.6335,4,1.0,1,0.6458,3,0.5162,4,0.3525,8,0.2004,9,0.1753,8,0.8531,4
遊戲,40000,0.0,1.0,指定 GPU:效能,18,37659,0.3316,0.4805,Intel i5-14400F,RX9060XT,B760M,0.6462,15,0.5828,7,0.6335,4,1.0,1,0.6458,3,0.5162,4,0.3525,8,0.2004,9,0.1753,8,0.8531,4
遊戲,40000,0.0,1.0,指定 GPU:效能,19,39049,0.3609,0.6778,AMD R7 7700,RX9060XT,B850M,0.983,2,1.0,1,0.6335,4,1.0,1,0.6458,3,0.5162,4,1.0,1,0.6879,3,0.566,3,0.5164,6
遊戲,40000,0.0,1.0,指定 GPU:穩定,0,37499,0.3306,0.4805,Intel i5-14400F,RX9060XT,B760M,0.6462,15,0.5828,7,0.6335,4,1.0,1,0.6458,3,0.5162,4,0.3525,8,0.2004,9,0.1753,8,0.8531,4
遊戲,40000,0.0,1.0,指定 GPU:穩定,1,38459,0.3329,0.4805,Intel i5-14400F,RX9060XT,B760M,0.6462,15,0.5828,7,0.6335,4,1.0,1,0.6458,3,0.5162,4,0.3525,8,0.2004,9,0.1753,8,0.8531,4
遊戲,40000,0.0,1.0,指定 GPU:穩定,2,37559,0.3314,0.4805,Intel i5-14400F,RX9060XT,B760M,0.6462,15,0.5828,7,0.6335,4,1.0,1,0.6458,3,0.5162,4,0.3525,8,0.2004,9,0.1753,8,0.8531,4
遊戲,40000,0.0,1.0,指定 GPU:穩定,3,37559,0.3309,0.4805,Intel i5-14400F,RX9060XT,B760M,0.6462,15,0.5828,7,0.6335,4,1.0,1,0.6458,3,0.5162,4,0.3525,8,0.2004,9,0.1753,8,0.8531,4
遊戲,40000,0.0,1.0,指定 GPU:穩定,4,38399,0.3319,0.4805,Intel i5-14400F,RX9060XT,B760M,0.6462,15,0.5828,7,0.6335,4,1.0,1,0.6458,3,0.5162,4,0.3525,8,0.2004,9,0.1753,8,0.8531,4
遊戲,40000,0.0,1.0,指定 GPU:穩定,5,37559,0.3314,0.4805,Intel i5-14400F,RX9060XT,B760M,0.6462,15,0.5828,7,0.6335,4,1.0,1,0.6458,3,0.5162,4,0.3525,8,0.2004,9,0.1753,8,0.8531,4
遊戲,40000,0.0,1.0,指定 GPU:穩定,6,38849,0.36,0.6778,AMD R7 7700,RX9060XT,B850M,0.983,2,1.0,1,0.6335,4,1.0,1,0.6458,3,0.5162,4,1.0,1,0.6879,3,0.566,3,0.5164,6
遊戲,40000,0.0,1.0,指定 GPU:穩定,7,39049,0.3609,0.6778,AMD R7 7700,RX9060XT,B850M,0.983,2,1.0,1,0.6335,4,1.0,1,0.6458,3,0.5162,4,1.0,1,0.6879,3,0.566,3,0.5164,6
遊戲,40000,0.0,1.0,指定 GPU:穩定,8,39199,0.3362,0.4805,Intel i5-14400,RX9060XT,B760M,0.6462,15,0.5828,7,0.6335,4,1.0,1,0.6458,3,0.5162,4,0.3525,8,0.2004,9,0.1753,8,0.8531,4
遊戲,40000,0.0,1.0,指定 GPU:穩定,9,37459,0.3307,0.4805,Intel i5-14400F,RX9060XT,B760M,0.6462,15,0.5828,7,0.6335,4,1.0,1,0.6458,3,0.5162,4,0.3525,8,0.2004,9,0.1753,8,0.8531,4
遊戲,40000,0.0,1.0,指定 GPU:穩定,10,38999,0.3943,0.5358,Intel Core Ultra 5 245KF,RX9060XT,B860M,0.6576,12,0.593,5,0.6335,4,1.0,1,0.6458,3,0.5162,4,0.6026,,0.4736,,0.4068,,0.5202,5
遊戲,40000,0.0,1.0,指定 GPU:穩定,11,37859,0.3318,0.4805,Intel i5-14400F,RX9060XT,B760M,0.6462,15,0.5828,7,0.6335,4,1.0,1,0.6458,3,0.5162,4,0.3525,8,0.2004,9,0.1753,8,0.8531,4
遊戲,40000,0.0,1.0,指定 GPU:穩定,12,37699,0.3292,0.4805,Intel i5-14400F,RX9060XT,B760M,0.6462,15,0.5828,7,0.6335,4,1.0,1,0.6458,3,0.5162,4,0.3525,8,0.2004,9,0.1753,8,0.8531,4
遊戲,40000,0.0,1.0,指定 GPU:穩定,13,37559,0.3314,0.4805,Intel i5-14400F,RX9060XT,B760M,0.6462,15,0.5828,7,0.6335,4,1.0,1,0.6458,3,0.5162,4,0.3525,8,0.2004,9,0.1753,8,0.8531,4
遊戲,40000,0.0,1.0,指定 GPU:穩定,14,37559,0.3314,0.4805,Intel i5-14400F,RX9060XT,B760M,0.6462,15,0.5828,7,0.6335,4,1.0,1,0.6458,3,0.5162,4,0.3525,8,0.2004,9,0.1753,8,0.8531,4
遊戲,40000,0.0,1.0,指定 GPU:穩定,15,37559,0.3314,0.4805,Intel i5-14400F,RX9060XT,B760M,0.6462,15,0.5828,7,0.6335,4,1.0,1,0.6458,3,0.5162,4,0.3525,8,0.2004,9,0.1753,8,0.8531,4
遊戲,40000,0.0,1.0,指定 GPU:穩定,16,37599,0.3307,0.4805,Intel i5-14400F,RX9060XT,B760M,0.6462,15,0.5828,7,0.6335,4,1.0,1,0.6458,3,0.5162,4,0.3525,8,0.2004,9,0.1753,8,0.8531,4
遊戲,40000,0.0,1.0,指定 GPU:穩定,17,37559,0.3314,0.4805,Intel i5-14400F,RX9060XT,B760M,0.6462,15,0.5828,7,0.6335,4,1.0,1,0.6458,3,0.5162,4,0.3525,8,0.2004,9,0.1753,8,0.8531,4
遊戲,40000,0.0,1.0,指定 GPU:穩定,18,37659,0.3316,0.4805,Intel i5-14400F,RX9060XT,B760M,0.6462,15,0.5828,7,0.6335,4,1.0,1,0.6458,3,0.5162,4,0.3525,8,0.2004,9,0.1753,8,0.8531,4
遊戲,40000,0.0,1.0,指定 GPU:穩定,19,39149,0.361,0.6778,AMD R7 7700,RX9060XT,B850M,0.983,2,1.0,1,0.6335,4,1.0,1,0.6458,3,0.5162,4,1.0,1,0.6879,3,0.566,3,0.5164,6
遊戲,40000,0.0,1.0,指定 GPU:CP值,0,37659,0.3316,0.4805,Intel i5-14400F,RX9060XT,B760M,0.6462,15,0.5828,7,0.6335,4,1.0,1,0.6458,3,0.5162,4,0.3525,8,0.2004,9,0.1753,8,0.8531,4
遊戲,40000,0.0,1.0,指定 GPU:CP值,1,37559,0.3314,0.4805,Intel i5-14400F,RX9060XT,B760M,0.6462,15,0.5828,7,0.6335,4,1.0,1,0.6458,3,0.5162,4,0.3525,8,0.2004,9,0.1753,8,0.8531,4
遊戲,40000,0.0,1.0,指定 GPU:CP值,2,39089,0.3602,0.6778,AMD R7 7700,RX9060XT,B850M,0.983,2,1.0,1,0.6335,4,1.0,1,0.6458,3,0.5162,4,1.0,1,0.6879,3,0.566,3,0.5164,6
遊戲,40000,0.0,1.0,指定 GPU:CP值,3,37359,0.33,0.4805,Intel i5-14400F,RX9060XT,B760M,0.6462,15,0.5828,7,0.6335,4,1.0,1,0.6458,3,0.5162,4,0.3525,8,0.2004,9,0.1753,8,0.8531,4
遊戲,40000,0.0,1.0,指定 GPU:CP值,4,38949,0.3602,0.6778,AMD R7 7700,RX9060XT,B850M,0.983,2,1.0,1,0.6335,4,1.0,1,0.6458,3,0.5162,4,1.0,1,0.6879,3,0.566,3,0.5164,6
遊戲,40000,0.0,1.0,指定 GPU:CP值,5,39559,0.3298,0.4805,Intel i5-14400,RX9060XT,B760M,0.6462,15,0.5828,7,0.6335,4,1.0,1,0.6458,3,0.5162,4,0.3525,8,0.2004,9,0.1753,8,0.8531,4
遊戲,40000,0.0,1.0,指定 GPU:CP值,6,37659,0.3316,0.4805,Intel i5-14400F,RX9060XT,B760M,0.6462,15,0.5828,7,0.6335,4,1.0,1,0.6458,3,0.5162,4,0.3525,8,0.2004,9,0.1753,8,0.8531,4
遊戲,40000,0.0,1.0,指定 GPU:CP值,7,37559,0.3304,0.4805,Intel i5-14400F,RX9060XT,B760M,0.6462,15,0.5828,7,0.6335,4,1.0,1,0.6458,3,0.5162,4,0.3525,8,0.2004,9,0.1753,8,0.8531,4
遊戲,40000,0.0,1.0,指定 GPU:CP值,8,38699,0.33,0.4805,Intel i5-14400F,RX9060XT,B760M,0.6462,15,0.5828,7,0.6335,4,1.0,1,0.6458,3,0.5162,4,0.3525,8,0.2004,9,0.1753,8,0.8531,4
遊戲,40000,0.0,1.0,指定 GPU:CP值,9,37559,0.3314,0.4805,Intel i5-14400F,RX9060XT,B760M,0.6462,15,0.5828,7,0.6335,4,1.0,1,0.6458,3,0.5162,4,0.3525,8,0.2004,9,0.1753,8,0.8531,4
遊戲,40000,0.0,1.0,指定 GPU:CP值,10,38059,0.3323,0.4805,Intel i5-14400F,RX9060XT,B760M,0.6462,15,0.5828,7,0.6335,4,1.0,1,0.6458,3,0.5162,4,0.3525,8,0.2004,9,0.1753,8,0.8531,4
遊戲,40000,0.0,1.0,指定 GPU:CP值,11,37559,0.3314,0.4805,Intel i5-14400F,RX9060XT,B760M,0.6462,15,0.5828,7,0.6335,4,1.0,1,0.6458,3,0.5162,4,0.3525,8,0.2004,9,0.1753,8,0.8531,4
遊戲,40000,0.0,1.0,指定 GPU:CP值,12,39049,0.3609,0.6778,AMD R7 7700,RX9060XT,B850M,0.983,2,1.0,1,0.6335,4,1.0,1,0.6458,3,0.5162,4,1.0,1,0.6879,3,0.566,3,0.5164,6
遊戲,40000,0.0,1.0,指定 GPU:CP值,13,38359,0.3326,0.4805,Intel i5-14400F,RX9060XT,B760M,0.6462,15,0.5828,7,0.6335,4,1.0,1,0.6458,3,0.5162,4,0.3525,8,0.2004,9,0.1753,8,0.8531,4
遊戲,40000,0.0,1.0,指定 GPU:CP值,14,39049,0.3609,0.6778,AMD R7 7700,RX9060XT,B850M,0.983,2,1.0,1,0.6335,4,1.0,1,0.6458,3,0.5162,4,1.0,1,0.6879,3,0.566,3,0.5164,6
遊戲,40000,0.0,1.0,指定 GPU:CP值,15,37799,0.331,0.4805,Intel i5-14400F,RX9060XT,B760M,0.6462,15,0.5828,7,0.6335,4,1.0,1,0.6458,3,0.5162,4,0.3525,8,0.2004,9,0.1753,8,0.8531,4
遊戲,40000,0.0,1.0,指定 GPU:CP值,16,39649,0.361,0.6778,AMD R7 7700,RX9060XT,B850M,0.983,2,1.0,1,0.6335,4,1.0,1,0.6458,3,0.5162,4,1.0,1,0.6879,3,0.566,3,0.5164,6
遊戲,40000,0.0,1.0,指定 GPU:CP值,17,38459,0.3329,0.4805,Intel i5-14400F,RX9060XT,B760M,0.6462,15,0.5828,7,0.6335,4,1.0,1,0.6458,3,0.5162,4,0.3525,8,0.2004,9,0.1753,8,0.8531,4
遊戲,40000,0.0,1.0,指定 GPU:CP值,18,39039,0.3605,0.6778,AMD R7 7700,RX9060XT,B850M,0.983,2,1.0,1,0.6335,4,1.0,1,0.6458,3,0.5162,4,1.0,1,0.6879,3,0.566,3,0.5164,6
遊戲,40000,0.0,1.0,指定 GPU:CP值,19,38059,0.3322,0.4805,Intel i5-14400F,RX9060XT,B760M,0.6462,15,0.5828,7,0.6335,4,1.0,1,0.6458,3,0.5162,4,0.3525,8,0.2004,9,0.1753,8,0.8531,4
遊戲,40000,0.0,1.0,指定 GPU:VRAM,0,31749,0.2986,0.4781,AMD R5 5600XT,RX7650GRE,B550M,0.7545,,0.5227,,0.0597,15,0.5326,,0.1739,9,0.5186,,0.6043,6,0.2543,8,0.4315,5,0.9047,2
遊戲,40000,0.0,1.0,指定 GPU:VRAM,1,31849,0.2988,0.4781,AMD R5 5600XT,RX7650GRE,B550M,0.7545,,0.5227,,0.0597,15,0.5326,,0.1739,9,0.5186,,0.6043,6,0.2543,8,0.4315,5,0.9047,2
遊戲,40000,0.0,1.0,指定 GPU:VRAM,2,31989,0.2983,0.4781,AMD R5 5600XT,RX7650GRE,B550M,0.7545,,0.5227,,0.0597,15,0.5326,,0.1739,9,0.5186,,0.6043,6,0.2543,8,0.4315,5,0.9047,2
遊戲,40000,0.0,1.0,指定 GPU:VRAM,3,37899,0.3307,0.4805,Intel i5-14400F,RX9060XT,B760M,0.6462,15,0.5828,7,0.6335,4,1.0,1,0.6458,3,0.5162,4,0.3525,8,0.2004,9,0.1753,8,0.8531,4
遊戲,40000,0.0,1.0,指定 GPU:VRAM,4,31749,0.2986,0.4781,AMD R5 5600XT,RX7650GRE,B550M,0.7545,,0.5227,,0.0597,15,0.5326,,0.1739,9,0.5186,,0.6043,6,0.2543,8,0.4315,5,0.9047,2
遊戲,40000,0.0,1.0,指定 GPU:VRAM,5,31849,0.2987,0.4781,AMD R5 5600XT,RX7650GRE,B550M,0.7545,,0.5227,,0.0597,15,0.5326,,0.1739,9,0.5186,,0.6043,6,0.2543,8,0.4315,5,0.9047,2
遊戲,40000,0.0,1.0,指定 GPU:VRAM,6,32049,0.299,0.4781,AMD R5 5600XT,RX7650GRE,B550M,0.7545,,0.5227,,0.0597,15,0.5326,,0.1739,9,0.5186,,0.6043,6,0.2543,8,0.4315,5,0.9047,2
遊戲,40000,0.0,1.0,指定 GPU:VRAM,7,39489,0.3669,0.6778,AMD R7 7700,RX9060XT,B850M,0.983,2,1.0,1,0.6335,4,1.0,1,0.6458,3,0.5162,4,1.0,1,0.6879,3,0.566,3,0.5164,6
遊戲,40000,0.0,1.0,指定 GPU:VRAM,8,39049,0.3609,0.6778,AMD R7 7700,RX9060XT,B850M,0.983,2,1.0,1,0.6335,4,1.0,1,0.6458,3,0.5162,4,1.0,1,0.6879,3,0.566,3,0.5164,6
遊戲,40000,0.0,1.0,指定 GPU:VRAM,9,31749,0.2986,0.4781,AMD R5 5600XT,RX7650GRE,B550M,0.7545,,0.5227,,0.0597,15,0.5326,,0.1739,9,0.5186,,0.6043,6,0.2543,8,0.4315,5,0.9047,2
遊戲,40000,0.0,1.0,指定 GPU:VRAM,10,38359,0.3326,0.4805,Intel i5-14400F,RX9060XT,B760M,0.6462,15,0.5828,7,0.6335,4,1.0,1,0.6458,3,0.5162,4,0.3525,8,0.2004,9,0.1753,8,0.8531,4
遊戲,40000,0.0,1.0,指定 GPU:VRAM,11,31649,0.2979,0.4781,AMD R5 5600XT,RX7650GRE,B550M,0.7545,,0.5227,,0.0597,15,0.5326,,0.1739,9,0.5186,,0.6043,6,0.2543,8,0.4315,5,0.9047,2
遊戲,40000,0.0,1.0,指定 GPU:VRAM,12,31689,0.2978,0.4781,AMD R5 5600XT,RX7650GRE,B550M,0.7545,,0.5227,,0.0597,15,0.5326,,0.1739,9,0.5186,,0.6043,6,0.2543,8,0.4315,5,0.9047,2
遊戲,40000,0.0,1.0,指定 GPU:VRAM,13,31749,0.2986,0.4781,AMD R5 5600XT,RX7650GRE,B550M,0.7545,,0.5227,,0.0597,15,0.5326,,0.1739,9,0.5186,,0.6043,6,0.2543,8,0.4315,5,0.9047,2
遊戲,40000,0.0,1.0,指定 GPU:VRAM,14,31749,0.2986,0.4781,AMD R5 5600XT,RX7650GRE,B550M,0.7545,,0.5227,,0.0597,15,0.5326,,0.1739,9,0.5186,,0.6043,6,0.2543,8,0.4315,5,0.9047,2
遊戲,40000,0.0,1.0,指定 GPU:VRAM,15,31749,0.2986,0.4781,AMD R5 5600XT,RX7650GRE,B550M,0.7545,,0.5227,,0.0597,15,0.5326,,0.1739,9,0.5186,,0.6043,6,0.2543,8,0.4315,5,0.9047,2
遊戲,40000,0.0,1.0,指定 GPU:VRAM,16,31649,0.2979,0.4781,AMD R5 5600XT,RX7650GRE,B550M,0.7545,,0.5227,,0.0597,15,0.5326,,0.1739,9,0.5186,,0.6043,6,0.2543,8,0.4315,5,0.9047,2
遊戲,40000,0.0,1.0,指定 GPU:VRAM,17,37759,0.3317,0.4805,Intel i5-14400F,RX9060XT,B760M,0.6462,15,0.5828,7,0.6335,4,1.0,1,0.6458,3,0.5162,4,0.3525,8,0.2004,9,0.1753,8,0.8531,4
遊戲,40000,0.0,1.0,指定 GPU:VRAM,18,37959,0.3321,0.4805,Intel i5-14400F,RX9060XT,B760M,0.6462,15,0.5828,7,0.6335,4,1.0,1,0.6458,3,0.5162,4,0.3525,8,0.2004,9,0.1753,8,0.8531,4
遊戲,40000,0.0,1.0,指定 GPU:VRAM,19,31849,0.2987,0.4781,AMD R5 5600XT,RX7650GRE,B550M,0.7545,,0.5227,,0.0597,15,0.5326,,0.1739,9,0.5186,,0.6043,6,0.2543,8,0.4315,5,0.9047,2
遊戲,40000,0.0,1.0,指定 主機板:用料,0,39089,0.3603,0.6778,AMD R7 7700,RX9060XT,B850M,0.983,2,1.0,1,0.6335,4,1.0,1,0.6458,3,0.5162,4,1.0,1,0.6879,3,0.566,3,0.5164,6
遊戲,40000,0.0,1.0,指定 主機板:用料,1,38949,0.3607,0.6778,AMD R7 7700,RX9060XT,B850M,0.983,2,1.0,1,0.6335,4,1.0,1,0.6458,3,0.5162,4,1.0,1,0.6879,3,0.566,3,0.5164,6
遊戲,40000,0.0,1.0,指定 主機板:用料,2,38789,0.3587,0.6778,AMD R7 7700,RX9060XT,B850M,0.983,2,1.0,1,0.6335,4,1.0,1,0.6458,3,0.5162,4,1.0,1,0.6879,3,0.566,3,0.5164,6
遊戲,40000,0.0,1.0,指定 主機板:用料,3,39049,0.3609,0.6778,AMD R7 7700,RX9060XT,B850M,0.983,2,1.0,1,0.6335,4,1.0,1,0.6458,3,0.5162,4,1.0,1,0.6879,3,0.566,3,0.5164,6
遊戲,40000,0.0,1.0,指定 主機板:用料,4,39049,0.3609,0.6778,AMD R7 7700,RX9060XT,B850M,0.983,2,1.0,1,0.6335,4,1.0,1,0.6458,3,0.5162,4,1.0,1,0.6879,3,0.566,3,0.5164,6
遊戲,40000,0.0,1.0,指定 主機板:用料,5,39049,0.3609,0.6778,AMD R7 7700,RX9060XT,B850M,0.983,2,1.0,1,0.6335,4,1.0,1,0.6458,3,0.5162,4,1.0,1,0.6879,3,0.566,3,0.5164,6
遊戲,40000,0.0,1.0,指定 主機板:用料,6,38949,0.3607,0.6778,AMD R7 7700,RX9060XT,B850M,0.983,2,1.0,1,0.6335,4,1.0,1,0.6458,3,0.5162,4,1.0,1,0.6879,3,0.566,3,0.5164,6
遊戲,40000,0.0,1.0,指定 主機板:用料,7,39149,0.361,0.6778,AMD R7 7700,RX9060XT,B850M,0.983,2,1.0,1,0.6335,4,1.0,1,0.6458,3,0.5162,4,1.0,1,0.6879,3,0.566,3,0.5164,6
遊戲,40000,0.0,1.0,指定 主機板:用料,8,39149,0.361,0.6778,AMD R7 7700,RX9060XT,B850M,0.983,2,1.0,1,0.6335,4,1.0,1,0.6458,3,0.5162,4,1.0,1,0.6879,3,0.566,3,0.5164,6
遊戲,40000,0.0,1.0,指定 主機板:用料,9,39049,0.3609,0.6778,AMD R7 7700,RX9060XT,B850M,0.983,2,1.0,1,0.6335,4,1.0,1,0.6458,3,0.5162,4,1.0,1,0.6879,3,0.566,3,0.5164,6
遊戲,40000,0.0,1.0,指定 主機板:用料,10,39049,0.3609,0.6778,AMD R7 7700,RX9060XT,B850M,0.983,2,1.0,1,0.6335,4,1.0,1,0.6458,3,0.5162,4,1.0,1,0.6879,3,0.566,3,0.5164,6
遊戲,40000,0.0,1.0,指定 主機板:用料,11,31349,0.298,0.4631,AMD R5 5600XT,RX7650GRE,A520M,0.7545,,0.5227,,0.0597,15,0.5326,,0.1739,9,0.5186,,0.6026,,0.4736,,0.4068,,0.4865,
遊戲,40000,0.0,1.0,指定 主機板:用料,12,39349,0.3614,0.6778,AMD R7 7700,RX9060XT,B850M,0.983,2,1.0,1,0.6335,4,1.0,1,0.6458,3,0.5162,4,1.0,1,0.6879,3,0.566,3,0.5164,6
遊戲,40000,0.0,1.0,指定 主機板:用料,13,39049,0.3609,0.6778,AMD R7 7700,RX9060XT,B850M,0.983,2,1.0,1,0.6335,4,1.0,1,0.6458,3,0.5162,4,1.0,1,0.6879,3,0.566,3,0.5164,6
遊戲,40000,0.0,1.0,指定 主機板:用料,14,39049,0.3609,0.6778,AMD R7 7700,RX9060XT,B850M,0.983,2,1.0,1,0.6335,4,1.0,1,0.6458,3,0.5162,4,1.0,1,0.6879,3,0.566,3,0.5164,6
遊戲,40000,0.0,1.0,指定 主機板:用料,15,39089,0.3602,0.6778,AMD R7 7700,RX9060XT,B850M,0.983,2,1.0,1,0.6335,4,1.0,1,0.6458,3,0.5162,4,1.0,1,0.6879,3,0.566,3,0.5164,6
遊戲,40000,0.0,1.0,指定 主機板:用料,16,38949,0.3607,0.6778,AMD R7 7700,RX9060XT,B850M,0.983,2,1.0,1,0.6335,4,1.0,1,0.6458,3,0.5162,4,1.0,1,0.6879,3,0.566,3,0.5164,6
遊戲,40000,0.0,1.0,指定 主機板:用料,17,39149,0.361,0.6778,AMD R7 7700,RX9060XT,B850M,0.983,2,1.0,1,0.6335,4,1.0,1,0.6458,3,0.5162,4,1.0,1,0.6879,3,0.566,3,0.5164,6
遊戲,40000,0.0,1.0,指定 主機板:用料,18,39049,0.3609,0.6778,AMD R7 7700,RX9060XT,B850M,0.983,2,1.0,1,0.6335,4,1.0,1,0.6458,3,0.5162,4,1.0,1,0.6879,3,0.566,3,0.5164,6
遊戲,40000,0.0,1.0,指定 主機板:用料,19,39649,0.3619,0.6778,AMD R7 7700,RX9060XT,B850M,0.983,2,1.0,1,0.6335,4,1.0,1,0.6458,3,0.5162,4,1.0,1,0.6879,3,0.566,3,0.5164,6
遊戲,40000,0.0,1.0,指定 主機板:擴充性,0,37859,0.3318,0.4805,Intel i5-14400F,RX9060XT,B760M,0.6462,15,0.5828,7,0.6335,4,1.0,1,0.6458,3,0.5162,4,0.3525,8,0.2004,9,0.1753,8,0.8531,4
遊戲,40000,0.0,1.0,指定 主機板:擴充性,1,39049,0.3609,0.6778,AMD R7 7700,RX9060XT,B850M,0.983,2,1.0,1,0.6335,4,1.0,1,0.6458,3,0.5162,4,1.0,1,0.6879,3,0.566,3,0.5164,6
遊戲,40000,0.0,1.0,指定 主機板:擴充性,2,31249,0.2979,0.4631,AMD R5 5600XT,RX7650GRE,A520M,0.7545,,0.5227,,0.0597,15,0.5326,,0.1739,9,0.5186,,0.6026,,0.4736,,0.4068,,0.4865,
遊戲,40000,0.0,1.0,指定 主機板:擴充性,3,38159,0.3316,0.4805,Intel i5-14400F,RX9060XT,B760M,0.6462,15,0.5828,7,0.6335,4,1.0,1,0.6458,3,0.5162,4,0.3525,8,0.2004,9,0.1753,8,0.8531,4
遊戲,40000,0.0,1.0,指定 主機板:擴充性,4,39989,0.3585,0.6295,AMD R7 7700,RX9060XT,B850,0.983,2,1.0,1,0.6335,4,1.0,1,0.6458,3,0.5162,4,0.8888,3,0.8123,2,0.1389,9,0.8819,3
遊戲,40000,0.0,1.0,指定 主機板:擴充性,5,37759,0.3317,0.4805,Intel i5-14400F,RX9060XT,B760M,0.6462,15,0.5828,7,0.6335,4,1.0,1,0.6458,3,0.5162,4,0.3525,8,0.2004,9,0.1753,8,0.8531,4
遊戲,40000,0.0,1.0,指定 主機板:擴充性,6,37559,0.3314,0.4805,Intel i5-14400F,RX9060XT,B760M,0.6462,15,0.5828,7,0.6335,4,1.0,1,0.6458,3,0.5162,4,0.3525,8,0.2004,9,0.1753,8,0.8531,4
遊戲,40000,0.0,1.0,指定 主機板:擴充性,7,37859,0.3318,0.4805,Intel i5-14400F,RX9060XT,B760M,0.6462,15,0.5828,7,0.6335,4,1.0,1,0.6458,3,0.5162,4,0.3525,8,0.2004,9,0.1753,8,0.8531,4
遊戲,40000,0.0,1.0,指定 主機板:擴充性,8,39949,0.3595,0.6295,AMD R7 7700,RX9060XT,B850,0.983,2,1.0,1,0.6335,4,1.0,1,0.6458,3,0.5162,4,0.8888,3,0.8123,2,0.1389,9,0.8819,3
遊戲,40000,0.0,1.0,指定 主機板:擴充性,9,38949,0.3607,0.6778,AMD R7 7700,RX9060XT,B850M,0.983,2,1.0,1,0.6335,4,1.0,1,0.6458,3,0.5162,4,1.0,1,0.6879,3,0.566,3,0.5164,6
遊戲,40000,0.0,1.0,指定 主機板:擴充性,10,31249,0.2979,0.4631,AMD R5 5600XT,RX7650GRE,A520M,0.7545,,0.5227,,0.0597,15,0.5326,,0.1739,9,0.5186,,0.6026,,0.4736,,0.4068,,0.4865,
遊戲,40000,0.0,1.0,指定 主機板:擴充性,11,39949,0.3595,0.6295,AMD R7 7700,RX9060XT,B850,0.983,2,1.0,1,0.6335,4,1.0,1,0.6458,3,0.5162,4,0.8888,3,0.8123,2,0.1389,9,0.8819,3
遊戲,40000,0.0,1.0,指定 主機板:擴充性,12,37799,0.331,0.4805,Intel i5-14400F,RX9060XT,B760M,0.6462,15,0.5828,7,0.6335,4,1.0,1,0.6458,3,0.5162,4,0.3525,8,0.2004,9,0.1753,8,0.8531,4
遊戲,40000,0.0,1.0,指定 主機板:擴充性,13,39249,0.3612,0.6778,AMD R7 7700,RX9060XT,B850M,0.983,2,1.0,1,0.6335,4,1.0,1,0.6458,3,0.5162,4,1.0,1,0.6879,3,0.566,3,0.5164,6
遊戲,40000,0.0,1.0,指定 主機板:擴充性,14,39549,0.3604,0.6778,AMD R7 7700,RX9060XT,B850M,0.983,2,1.0,1,0.6335,4,1.0,1,0.6458,3,0.5162,4,1.0,1,0.6879,3,0.566,3,0.5164,6
遊戲,40000,0.0,1.0,指定 主機板:擴充性,15,39989,0.3585,0.6295,AMD R7 7700,RX9060XT,B850,0.983,2,1.0,1,0.6335,4,1.0,1,0.6458,3,0.5162,4,0.8888,3,0.8123,2,0.1389,9,0.8819,3
遊戲,40000,0.0,1.0,指定 主機板:擴充性,16,37859,0.3318,0.4805,Intel i5-14400F,RX9060XT,B760M,0.6462,15,0.5828,7,0.6335,4,1.0,1,0.6458,3,0.5162,4,0.3525,8,0.2004,9,0.1753,8,0.8531,4
遊戲,40000,0.0,1.0,指定 主機板:擴充性,17,39349,0.3614,0.6778,AMD R7 7700,RX9060XT,B850M,0.983,2,1.0,1,0.6335,4,1.0,1,0.6458,3,0.5162,4,1.0,1,0.6879,3,0.566,3,0.5164,6
遊戲,40000,0.0,1.0,指定 主機板:擴充性,18,38259,0.3319,0.4805,Intel i5-14400F,RX9060XT,B760M,0.6462,15,0.5828,7,0.6335,4,1.0,1,0.6458,3,0.5162,4,0.3525,8,0.2004,9,0.1753,8,0.8531,4
遊戲,40000,0.0,1.0,指定 主機板:擴充性,19,39889,0.3537,0.6295,AMD R7 7700,RX9060XT,B850,0.983,2,1.0,1,0.6335,4,1.0,1,0.6458,3,0.5162,4,0.8888,3,0.8123,2,0.1389,9,0.8819,3
遊戲,40000,0.0,1.0,指定 主機板:穩定,0,31749,0.2986,0.4781,AMD R5 5600XT,RX7650GRE,B550M,0.7545,,0.5227,,0.0597,15,0.5326,,0.1739,9,0.5186,,0.6043,6,0.2543,8,0.4315,5,0.9047,2
遊戲,40000,0.0,1.0,指定 主機板:穩定,1,37659,0.3316,0.4805,Intel i5-14400F,RX9060XT,B760M,0.6462,15,0.5828,7,0.6335,4,1.0,1,0.6458,3,0.5162,4,0.3525,8,0.2004,9,0.1753,8,0.8531,4
遊戲,40000,0.0,1.0,指定 主機板:穩定,2,35849,0.3336,0.4678,AMD R5 7500F,RX9060XT,A620,0.9777,4,0.8478,2,0.6335,4,1.0,1,0.6458,3,0.5162,4,0.0,10,0.0,10,1.0,1,0.1273,10
遊戲,40000,0.0,1.0,指定 主機板:穩定,3,31749,0.2986,0.4781,AMD R5 5600XT,RX7650GRE,B550M,0.7545,,0.5227,,0.0597,15,0.5326,,0.1739,9,0.5186,,0.6043,6,0.2543,8,0.4315,5,0.9047,2
遊戲,40000,0.0,1.0,指定 主機板:穩定,4,37559,0.3314,0.4805,Intel i5-14400F,RX9060XT,B760M,0.6462,15,0.5828,7,0.6335,4,1.0,1,0.6458,3,0.5162,4,0.3525,8,0.2004,9,0.1753,8,0.8531,4
遊戲,40000,0.0,1.0,指定 主機板:穩定,5,31749,0.2986,0.4781,AMD R5 5600XT,RX7650GRE,B550M,0.7545,,0.5227,,0.0597,15,0.5326,,0.1739,9,0.5186,,0.6043,6,0.2543,8,0.4315,5,0.9047,2
遊戲,40000,0.0,1.0,指定 主機板:穩定,6,35649,0.3333,0.4678,AMD R5 7500F,RX9060XT,A620,0.9777,4,0.8478,2,0.6335,4,1.0,1,0.6458,3,0.5162,4,0.0,10,0.0,10,1.0,1,0.1273,10
遊戲,40000,0.0,1.0,指定 主機板:穩定,7,31749,0.2986,0.4781,AMD R5 5600XT,RX7650GRE,B550M,0.7545,,0.5227,,0.0597,15,0.5326,,0.1739,9,0.5186,,0.6043,6,0.2543,8,0.4315,5,0.9047,2
遊戲,40000,0.0,1.0,指定 主機板:穩定,8,35749,0.3334,0.4678,AMD R5 7500F,RX9060XT,A620,0.9777,4,0.8478,2,0.6335,4,1.0,1,0.6458,3,0.5162,4,0.0,10,0.0,10,1.0,1,0.1273,10
遊戲,40000,0.0,1.0,指定 主機板:穩定,9,38059,0.3314,0.4805,Intel i5-14400F,RX9060XT,B760M,0.6462,15,0.5828,7,0.6335,4,1.0,1,0.6458,3,0.5162,4,0.3525,8,0.2004,9,0.1753,8,0.8531,4
遊戲,40000,0.0,1.0,指定 主機板:穩定,10,31989,0.3019,0.4781,AMD R5 5600XT,RX7650GRE,B550M,0.7545,,0.5227,,0.0597,15,0.5326,,0.1739,9,0.5186,,0.6043,6,0.2543,8,0.4315,5,0.9047,2
遊戲,40000,0.0,1.0,指定 主機板:穩定,11,35649,0.3333,0.4678,AMD R5 7500F,RX9060XT,A620,0.9777,4,0.8478,2,0.6335,4,1.0,1,0.6458,3,0.5162,4,0.0,10,0.0,10,1.0,1,0.1273,10
遊戲,40000,0.0,1.0,指定 主機板:穩定,12,31749,0.2986,0.4781,AMD R5 5600XT,RX7650GRE,B550M,0.7545,,0.5227,,0.0597,15,0.5326,,0.1739,9,0.5186,,0.6043,6,0.2543,8,0.4315,5,0.9047,2
遊戲,40000,0.0,1.0,指定 主機板:穩定,13,35589,0.3324,0.4678,AMD R5 7500F,RX9060XT,A620,0.9777,4,0.8478,2,0.6335,4,1.0,1,0.6458,3,0.5162,4,0.0,10,0.0,10,1.0,1,0.1273,10
遊戲,40000,0.0,1.0,指定 主機板:穩定,14,35649,0.3333,0.4678,AMD R5 7500F,RX9060XT,A620,0.9777,4,0.8478,2,0.6335,4,1.0,1,0.6458,3,0.5162,4,0.0,10,0.0,10,1.0,1,0.1273,10
遊戲,40000,0.0,1.0,指定 主機板:穩定,15,35649,0.3333,0.4678,AMD R5 7500F,RX9060XT,A620,0.9777,4,0.8478,2,0.6335,4,1.0,1,0.6458,3,0.5162,4,0.0,10,0.0,10,1.0,1,0.1273,10
遊戲,40000,0.0,1.0,指定 主機板:穩定,16,33449,0.2989,0.4781,AMD R5 5600XT,RX7650GRE,B550M,0.7545,,0.5227,,0.0597,15,0.5326,,0.1739,9,0.5186,,0.6043,6,0.2543,8,0.4315,5,0.9047,2
遊戲,40000,0.0,1.0,指定 主機板:穩定,17,35649,0.3333,0.4678,AMD R5 7500F,RX9060XT,A620,0.9777,4,0.8478,2,0.6335,4,1.0,1,0.6458,3,0.5162,4,0.0,10,0.0,10,1.0,1,0.1273,10
遊戲,40000,0.0,1.0,指定 主機板:穩定,18,39389,0.364,0.6778,AMD R7 7700,RX9060XT,B850M,0.983,2,1.0,1,0.6335,4,1.0,1,0.6458,3,0.5162,4,1.0,1,0.6879,3,0.566,3,0.5164,6
遊戲,40000,0.0,1.0,指定 主機板:穩定,19,35649,0.3333,0.4678,AMD R5 7500F,RX9060XT,A620,0.9777,4,0.8478,2,0.6335,4,1.0,1,0.6458,3,0.5162,4,0.0,10,0.0,10,1.0,1,0.1273,10
遊戲,40000,0.0,1.0,指定 主機板:CP值,0,37559,0.3314,0.4805,Intel i5-14400F,RX9060XT,B760M,0.6462,15,0.5828,7,0.6335,4,1.0,1,0.6458,3,0.5162,4,0.3525,8,0.2004,9,0.1753,8,0.8531,4
遊戲,40000,0.0,1.0,指定 主機板:CP值,1,37559,0.3314,0.4805,Intel i5-14400F,RX9060XT,B760M,0.6462,15,0.5828,7,0.6335,4,1.0,1,0.6458,3,0.5162,4,0.3525,8,0.2004,9,0.1753,8,0.8531,4
遊戲,40000,0.0,1.0,指定 主機板:CP值,2,37959,0.332,0.4805,Intel i5-14400F,RX9060XT,B760M,0.6462,15,0.5828,7,0.6335,4,1.0,1,0.6458,3,0.5162,4,0.3525,8,0.2004,9,0.1753,8,0.8531,4
遊戲,40000,0.0,1.0,指定 主機板:CP值,3,37759,0.3317,0.4805,Intel i5-14400F,RX9060XT,B760M,0.6462,15,0.5828,7,0.6335,4,1.0,1,0.6458,3,0.5162,4,0.3525,8,0.2004,9,0.1753,8,0.8531,4
遊戲,40000,0.0,1.0,指定 主機板:CP值,4,37559,0.3314,0.4805,Intel i5-14400F,RX9060XT,B760M,0.6462,15,0.5828,7,0.6335,4,1.0,1,0.6458,3,0.5162,4,0.3525,8,0.2004,9,0.1753,8,0.8531,4
遊戲,40000,0.0,1.0,指定 主機板:CP值,5,37759,0.3317,0.4805,Intel i5-14400F,RX9060XT,B760M,0.6462,15,0.5828,7,0.6335,4,1.0,1,0.6458,3,0.5162,4,0.3525,8,0.2004,9,0.1753,8,0.8531,4
遊戲,40000,0.0,1.0,指定 主機板:CP值,6,31749,0.2986,0.4781,AMD R5 5600XT,RX7650GRE,B550M,0.7545,,0.5227,,0.0597,15,0.5326,,0.1739,9,0.5186,,0.6043,6,0.2543,8,0.4315,5,0.9047,2
遊戲,40000,0.0,1.0,指定 主機板:CP值,7,31749,0.2986,0.4781,AMD R5 5600XT,RX7650GRE,B550M,0.7545,,0.5227,,0.0597,15,0.5326,,0.1739,9,0.5186,,0.6043,6,0.2543,8,0.4315,5,0.9047,2
遊戲,40000,0.0,1.0,指定 主機板:CP值,8,37559,0.3314,0.4805,Intel i5-14400F,RX9060XT,B760M,0.6462,15,0.5828,7,0.6335,4,1.0,1,0.6458,3,0.5162,4,0.3525,8,0.2004,9,0.1753,8,0.8531,4
遊戲,40000,0.0,1.0,指定 主機板:CP值,9,31749,0.2986,0.4781,AMD R5 5600XT,RX7650GRE,B550M,0.7545,,0.5227,,0.0597,15,0.5326,,0.1739,9,0.5186,,0.6043,6,0.2543,8,0.4315,5,0.9047,2
遊戲,40000,0.0,1.0,指定 主機板:CP值,10,31749,0.2986,0.4781,AMD R5 5600XT,RX7650GRE,B550M,0.7545,,0.5227,,0.0597,15,0.5326,,0.1739,9,0.5186,,0.6043,6,0.2543,8,0.4315,5,0.9047,2
遊戲,40000,0.0,1.0,指定 主機板:CP值,11,37859,0.3318,0.4805,Intel i5-14400F,RX9060XT,B760M,0.6462,15,0.5828,7,0.6335,4,1.0,1,0.6458,3,0.5162,4,0.3525,8,0.2004,9,0.1753,8,0.8531,4
遊戲,40000,0.0,1.0,指定 主機板:CP值,12,31749,0.2986,0.4781,AMD R5 5600XT,RX7650GRE,B550M,0.7545,,0.5227,,0.0597,15,0.5326,,0.1739,9,0.5186,,0.6043,6,0.2543,8,0.4315,5,0.9047,2
遊戲,40000,0.0,1.0,指定 主機板:CP值,13,31749,0.2986,0.4781,AMD R5 5600XT,RX7650GRE,B550M,0.7545,,0.5227,,0.0597,15,0.5326,,0.1739,9,0.5186,,0.6043,6,0.2543,8,0.4315,5,0.9047,2
遊戲,40000,0.0,1.0,指定 主機板:CP值,14,37559,0.3314,0.4805,Intel i5-14400F,RX9060XT,B760M,0.6462,15,0.5828,7,0.6335,4,1.0,1,0.6458,3,0.5162,4,0.3525,8,0.2004,9,0.1753,8,0.8531,4
遊戲,40000,0.0,1.0,指定 主機板:CP值,15,31749,0.2986,0.4781,AMD R5 5600XT,RX7650GRE,B550M,0.7545,,0.5227,,0.0597,15,0.5326,,0.1739,9,0.5186,,0.6043,6,0.2543,8,0.4315,5,0.9047,2
遊戲,40000,0.0,1.0,指定 主機板:CP值,16,31749,0.2986,0.4781,AMD R5 5600XT,RX7650GRE,B550M,0.7545,,0.5227,,0.0597,15,0.5326,,0.1739,9,0.5186,,0.6043,6,0.2543,8,0.4315,5,0.9047,2
遊戲,40000,0.0,1.0,指定 主機板:CP值,17,37859,0.3318,0.4805,Intel i5-14400F,RX9060XT,B760M,0.6462,15,0.5828,7,0.6335,4,1.0,1,0.6458,3,0.5162,4,0.3525,8,0.2004,9,0.1753,8,0.8531,4
遊戲,40000,0.0,1.0,指定 主機板:CP值,18,37359,0.3284,0.4805,Intel i5-14400F,RX9060XT,B760M,0.6462,15,0.5828,7,0.6335,4,1.0,1,0.6458,3,0.5162,4,0.3525,8,0.2004,9,0.1753,8,0.8531,4
遊戲,40000,0.0,1.0,指定 主機板:CP值,19,37659,0.3316,0.4805,Intel i5-14400F,RX9060XT,B760M,0.6462,15,0.5828,7,0.6335,4,1.0,1,0.6458,3,0.5162,4,0.3525,8,0.2004,9,0.1753,8,0.8531,4
遊戲,60000,0.0,1.0,無口碑,0,55812,0.552,0.5213,Intel Core Ultra 5 245KF,RTX5070,B860M,0.6576,12,0.593,5,0.6123,5,0.6305,6,0.4095,6,0.2741,8,0.6026,,0.4736,,0.4068,,0.5202,5
遊戲,60000,0.0,1.0,無口碑,1,55812,0.552,0.5213,Intel Core Ultra 5 245KF,RTX5070,B860M,0.6576,12,0.593,5,0.6123,5,0.6305,6,0.4095,6,0.2741,8,0.6026,,0.4736,,0.4068,,0.5202,5
遊戲,60000,0.0,1.0,無口碑,2,55812,0.552,0.5213,Intel Core Ultra 5 245KF,RTX5070,B860M,0.6576,12,0.593,5,0.6123,5,0.6305,6,0.4095,6,0.2741,8,0.6026,,0.4736,,0.4068,,0.5202,5
遊戲,60000,0.0,1.0,無口碑,3,55812,0.552,0.5213,Intel Core Ultra 5 245KF,RTX5070,B860M,0.6576,12,0.593,5,0.6123,5,0.6305,6,0.4095,6,0.2741,8,0.6026,,0.4736,,0.4068,,0.5202,5
遊戲,60000,0.0,1.0,無口碑,4,55812,0.552,0.5213,Intel Core Ultra 5 245KF,RTX5070,B860M,0.6576,12,0.593,5,0.6123,5,0.6305,6,0.4095,6,0.2741,8,0.6026,,0.4736,,0.4068,,0.5202,5
遊戲,60000,0.0,1.0,無口碑,5,55812,0.552,0.5213,Intel Core Ultra 5 245KF,RTX5070,B860M,0.6576,12,0.593,5,0.6123,5,0.6305,6,0.4095,6,0.2741,8,0.6026,,0.4736,,0.4068,,0.5202,5
遊戲,60000,0.0,1.0,無口碑,6,59987,0.564,0.5226,AMD R9 9900X,RTX5070,B650M,0.6651,11,0.5227,,0.6123,5,0.6305,6,0.4095,6,0.2741,8,0.5795,7,0.2883,7,0.0,10,1.0,1
遊戲,60000,0.0,1.0,無口碑,7,55812,0.552,0.5213,Intel Core Ultra 5 245KF,RTX5070,B860M,0.6576,12,0.593,5,0.6123,5,0.6305,6,0.4095,6,0.2741,8,0.6026,,0.4736,,0.4068,,0.5202,5
遊戲,60000,0.0,1.0,無口碑,8,55812,0.552,0.5213,Intel Core Ultra 5 245KF,RTX5070,B860M,0.6576,12,0.593,5,0.6123,5,0.6305,6,0.4095,6,0.2741,8,0.6026,,0.4736,,0.4068,,0.5202,5
遊戲,60000,0.0,1.0,無口碑,9,55812,0.552,0.5213,Intel Core Ultra 5 245KF,RTX5070,B860M,0.6576,12,0.593,5,0.6123,5,0.6305,6,0.4095,6,0.2741,8,0.6026,,0.4736,,0.4068,,0.5202,5
遊戲,60000,0.0,1.0,無口碑,10,55812,0.552,0.5213,Intel Core Ultra 5 245KF,RTX5070,B860M,0.6576,12,0.593,5,0.6123,5,0.6305,6,0.4095,6,0.2741,8,0.6026,,0.4736,,0.4068,,0.5202,5
遊戲,60000,0.0,1.0,無口碑,11,55812,0.552,0.5213,Intel Core Ultra 5 245KF,RTX5070,B860M,0.6576,12,0.593,5,0.6123,5,0.6305,6,0.4095,6,0.2741,8,0.6026,,0.4736,,0.4068,,0.5202,5
遊戲,60000,0.0,1.0,無口碑,12,59987,0.564,0.5226,AMD R9 9900X,RTX5070,B650M,0.6651,11,0.5227,,0.6123,5,0.6305,6,0.4095,6,0.2741,8,0.5795,7,0.2883,7,0.0,10,1.0,1
遊戲,60000,0.0,1.0,無口碑,13,55812,0.552,0.5213,Intel Core Ultra 5 245KF,RTX5070,B860M,0.6576,12,0.593,5,0.6123,5,0.6305,6,0.4095,6,0.2741,8,0.6026,,0.4736,,0.4068,,0.5202,5
遊戲,60000,0.0,1.0,無口碑,14,55812,0.552,0.5213,Intel Core Ultra 5 245KF,RTX5070,B860M,0.6576,12,0.593,5,0.6123,5,0.6305,6,0.4095,6,0.2741,8,0.6026,,0.4736,,0.4068,,0.5202,5
遊戲,60000,0.0,1.0,無口碑,15,55812,0.552,0.5213,Intel Core Ultra 5 245KF,RTX5070,B860M,0.6576,12,0.593,5,0.6123,5,0.6305,6,0.4095,6,0.2741,8,0.6026,,0.4736,,0.4068,,0.5202,5
遊戲,60000,0.0,1.0,無口碑,16,55812,0.552,0.5213,Intel Core Ultra 5 245KF,RTX5070,B860M,0.6576,12,0.593,5,0.6123,5,0.6305,6,0.4095,6,0.2741,8,0.6026,,0.4736,,0.4068,,0.5202,5
遊戲,60000,0.0,1.0,無口碑,17,59987,0.564,0.5226,AMD R9 9900X,RTX5070,B650M,0.6651,11,0.5227,,0.6123,5,0.6305,6,0.4095,6,0.2741,8,0.5795,7,0.2883,7,0.0,10,1.0,1
遊戲,60000,0.0,1.0,無口碑,18,55812,0.552,0.5213,Intel Core Ultra 5 245KF,RTX5070,B860M,0.6576,12,0.593,5,0.6123,5,0.6305,6,0.4095,6,0.2741,8,0.6026,,0.4736,,0.4068,,0.5202,5
遊戲,60000,0.0,1.0,無口碑,19,55812,0.552,0.5213,Intel Core Ultra 5 245KF,RTX5070,B860M,0.6576,12,0.593,5,0.6123,5,0.6305,6,0.4095,6,0.2741,8,0.6026,,0.4736,,0.4068,,0.5202,5
遊戲,60000,0.0,1.0,有口碑,0,55787,0.4497,0.7706,AMD R7 7700,RX9070,B850M,0.983,2,1.0,1,1.0,1,0.6673,5,1.0,1,1.0,1,1.0,1,0.6879,3,0.566,3,0.5164,6
遊戲,60000,0.0,1.0,有口碑,1,55787,0.4497,0.7706,AMD R7 7700,RX9070,B850M,0.983,2,1.0,1,1.0,1,0.6673,5,1.0,1,1.0,1,1.0,1,0.6879,3,0.566,3,0.5164,6
遊戲,60000,0.0,1.0,有口碑,2,55787,0.4497,0.7706,AMD R7 7700,RX9070,B850M,0.983,2,1.0,1,1.0,1,0.6673,5,1.0,1,1.0,1,1.0,1,0.6879,3,0.566,3,0.5164,6
遊戲,60000,0.0,1.0,有口碑,3,55787,0.4497,0.7706,AMD R7 7700,RX9070,B850M,0.983,2,1.0,1,1.0,1,0.6673,5,1.0,1,1.0,1,1.0,1,0.6879,3,0.566,3,0.5164,6
遊戲,60000,0.0,1.0,有口碑,4,55787,0.4497,0.7706,AMD R7 7700,RX9070,B850M,0.983,2,1.0,1,1.0,1,0.6673,5,1.0,1,1.0,1,1.0,1,0.6879,3,0.566,3,0.5164,6
遊戲,60000,0.0,1.0,有口碑,5,55787,0.4497,0.7706,AMD R7 7700,RX9070,B850M,0.983,2,1.0,1,1.0,1,0.6673,5,1.0,1,1.0,1,1.0,1,0.6879,3,0.566,3,0.5164,6
遊戲,60000,0.0,1.0,有口碑,6,55787,0.4497,0.7706,AMD R7 7700,RX9070,B850M,0.983,2,1.0,1,1.0,1,0.6673,5,1.0,1,1.0,1,1.0,1,0.6879,3,0.566,3,0.5164,6
遊戲,60000,0.0,1.0,有口碑,7,55787,0.4497,0.7706,AMD R7 7700,RX9070,B850M,0.983,2,1.0,1,1.0,1,0.6673,5,1.0,1,1.0,1,1.0,1,0.6879,3,0.566,3,0.5164,6
遊戲,60000,0.0,1.0,有口碑,8,55787,0.4497,0.7706,AMD R7 7700,RX9070,B850M,0.983,2,1.0,1,1.0,1,0.6673,5,1.0,1,1.0,1,1.0,1,0.6879,3,0.566,3,0.5164,6
遊戲,60000,0.0,1.0,有口碑,9,55787,0.4497,0.7706,AMD R7 7700,RX9070,B850M,0.983,2,1.0,1,1.0,1,0.6673,5,1.0,1,1.0,1,1.0,1,0.6879,3,0.566,3,0.5164,6
遊戲,60000,0.0,1.0,有口碑,10,55787,0.4497,0.7706,AMD R7 7700,RX9070,B850M,0.983,2,1.0,1,1.0,1,0.6673,5,1.0,1,1.0,1,1.0,1,0.6879,3,0.566,3,0.5164,6
遊戲,60000,0.0,1.0,有口碑,11,55787,0.4497,0.7706,AMD R7 7700,RX9070,B850M,0.983,2,1.0,1,1.0,1,0.6673,5,1.0,1,1.0,1,1.0,1,0.6879,3,0.566,3,0.5164,6
遊戲,60000,0.0,1.0,有口碑,12,55787,0.4497,0.7706,AMD R7 7700,RX9070,B850M,0.983,2,1.0,1,1.0,1,0.6673,5,1.0,1,1.0,1,1.0,1,0.6879,3,0.566,3,0.5164,6
遊戲,60000,0.0,1.0,有口碑,13,55787,0.4497,0.7706,AMD R7 7700,RX9070,B850M,0.983,2,1.0,1,1.0,1,0.6673,5,1.0,1,1.0,1,1.0,1,0.6879,3,0.566,3,0.5164,6
遊戲,60000,0.0,1.0,有口碑,14,55787,0.4497,0.7706,AMD R7 7700,RX9070,B850M,0.983,2,1.0,1,1.0,1,0.6673,5,1.0,1,1.0,1,1.0,1,0.6879,3,0.566,3,0.5164,6
遊戲,60000,0.0,1.0,有口碑,15,55787,0.4497,0.7706,AMD R7 7700,RX9070,B850M,0.983,2,1.0,1,1.0,1,0.6673,5,1.0,1,1.0,1,1.0,1,0.6879,3,0.566,3,0.5164,6
遊戲,60000,0.0,1.0,有口碑,16,55787,0.4497,0.7706,AMD R7 7700,RX9070,B850M,0.983,2,1.0,1,1.0,1,0.6673,5,1.0,1,1.0,1,1.0,1,0.6879,3,0.566,3,0.5164,6
遊戲,60000,0.0,1.0,有口碑,17,55787,0.4497,0.7706,AMD R7 7700,RX9070,B850M,0.983,2,1.0,1,1.0,1,0.6673,5,1.0,1,1.0,1,1.0,1,0.6879,3,0.566,3,0.5164,6
遊戲,60000,0.0,1.0,有口碑,18,55787,0.4497,0.7706,AMD R7 7700,RX9070,B850M,0.983,2,1.0,1,1.0,1,0.6673,5,1.0,1,1.0,1,1.0,1,0.6879,3,0.566,3,0.5164,6
遊戲,60000,0.0,1.0,有口碑,19,55787,0.4497,0.7706,AMD R7 7700,RX9070,B850M,0.983,2,1.0,1,1.0,1,0.6673,5,1.0,1,1.0,1,1.0,1,0.6879,3,0.566,3,0.5164,6
遊戲,60000,0.0,1.0,指定 CPU:效能,0,55787,0.4497,0.7706,AMD R7 7700,RX9070,B850M,0.983,2,1.0,1,1.0,1,0.6673,5,1.0,1,1.0,1,1.0,1,0.6879,3,0.566,3,0.5164,6
遊戲,60000,0.0,1.0,指定 CPU:效能,1,55787,0.4497,0.7706,AMD R7 7700,RX9070,B850M,0.983,2,1.0,1,1.0,1,0.6673,5,1.0,1,1.0,1,1.0,1,0.6879,3,0.566,3,0.5164,6
遊戲,60000,0.0,1.0,指定 CPU:效能,2,55787,0.4497,0.7706,AMD R7 7700,RX9070,B850M,0.983,2,1.0,1,1.0,1,0.6673,5,1.0,1,1.0,1,1.0,1,0.6879,3,0.566,3,0.5164,6
遊戲,60000,0.0,1.0,指定 CPU:效能,3,55787,0.4497,0.7706,AMD R7 7700,RX9070,B850M,0.983,2,1.0,1,1.0,1,0.6673,5,1.0,1,1.0,1,1.0,1,0.6879,3,0.566,3,0.5164,6
遊戲,60000,0.0,1.0,指定 CPU:效能,4,55787,0.4497,0.7706,AMD R7 7700,RX9070,B850M,0.983,2,1.0,1,1.0,1,0.6673,5,1.0,1,1.0,1,1.0,1,0.6879,3,0.566,3,0.5164,6
遊戲,60000,0.0,1.0,指定 CPU:效能,5,55787,0.4497,0.7706,AMD R7 7700,RX9070,B850M,0.983,2,1.0,1,1.0,1,0.6673,5,1.0,1,1.0,1,1.0,1,0.6879,3,0.566,3,0.5164,6
遊戲,60000,0.0,1.0,指定 CPU:效能,6,55787,0.4497,0.7706,AMD R7 7700,RX9070,B850M,0.983,2,1.0,1,1.0,1,0.6673,5,1.0,1,1.0,1,1.0,1,0.6879,3,0.566,3,0.5164,6
遊戲,60000,0.0,1.0,指定 CPU:效能,7,55787,0.4497,0.7706,AMD R7 7700,RX9070,B850M,0.983,2,1.0,1,1.0,1,0.6673,5,1.0,1,1.0,1,1.0,1,0.6879,3,0.566,3,0.5164,6
遊戲,60000,0.0,1.0,指定 CPU:效能,8,55787,0.4497,0.7706,AMD R7 7700,RX9070,B850M,0.983,2,1.0,1,1.0,1,0.6673,5,1.0,1,1.0,1,1.0,1,0.6879,3,0.566,3,0.5164,6
遊戲,60000,0.0,1.0,指定 CPU:效能,9,55787,0.4497,0.7706,AMD R7 7700,RX9070,B850M,0.983,2,1.0,1,1.0,1,0.6673,5,1.0,1,1.0,1,1.0,1,0.6879,3,0.566,3,0.5164,6
遊戲,60000,0.0,1.0,指定 CPU:效能,10,55787,0.4497,0.7706,AMD R7 7700,RX9070,B850M,0.983,2,1.0,1,1.0,1,0.6673,5,1.0,1,1.0,1,1.0,1,0.6879,3,0.566,3,0.5164,6
遊戲,60000,0.0,1.0,指定 CPU:效能,11,55787,0.4497,0.7706,AMD R7 7700,RX9070,B850M,0.983,2,1.0,1,1.0,1,0.6673,5,1.0,1,1.0,1,1.0,1,0.6879,3,0.566,3,0.5164,6
遊戲,60000,0.0,1.0,指定 CPU:效能,12,55787,0.4497,0.7706,AMD R7 7700,RX9070,B850M,0.983,2,1.0,1,1.0,1,0.6673,5,1.0,1,1.0,1,1.0,1,0.6879,3,0.566,3,0.5164,6
遊戲,60000,0.0,1.0,指定 CPU:效能,13,55787,0.4497,0.7706,AMD R7 7700,RX9070,B850M,0.983,2,1.0,1,1.0,1,0.6673,5,1.0,1,1.0,1,1.0,1,0.6879,3,0.566,3,0.5164,6
遊戲,60000,0.0,1.0,指定 CPU:效能,14,55787,0.4497,0.7706,AMD R7 7700,RX9070,B850M,0.983,2,1.0,1,1.0,1,0.6673,5,1.0,1,1.0,1,1.0,1,0.6879,3,0.566,3,0.5164,6
遊戲,60000,0.0,1.0,指定 CPU:效能,15,55787,0.4497,0.7706,AMD R7 7700,RX9070,B850M,0.983,2,1.0,1,1.0,1,0.6673,5,1.0,1,1.0,1,1.0,1,0.6879,3,0.566,3,0.5164,6
遊戲,60000,0.0,1.0,指定 CPU:效能,16,55787,0.4497,0.7706,AMD R7 7700,RX9070,B850M,0.983,2,1.0,1,1.0,1,0.6673,5,1.0,1,1.0,1,1.0,1,0.6879,3,0.566,3,0.5164,6
遊戲,60000,0.0,1.0,指定 CPU:效能,17,55787,0.4497,0.7706,AMD R7 7700,RX9070,B850M,0.983,2,1.0,1,1.0,1,0.6673,5,1.0,1,1.0,1,1.0,1,0.6879,3,0.566,3,0.5164,6
遊戲,60000,0.0,1.0,指定 CPU:效能,18,55787,0.4497,0.7706,AMD R7 7700,RX9070,B850M,0.983,2,1.0,1,1.0,1,0.6673,5,1.0,1,1.0,1,1.0,1,0.6879,3,0.566,3,0.5164,6
遊戲,60000,0.0,1.0,指定 CPU:效能,19,55787,0.4497,0.7706,AMD R7 7700,RX9070,B850M,0.983,2,1.0,1,1.0,1,0.6673,5,1.0,1,1.0,1,1.0,1,0.6879,3,0.566,3,0.5164,6
遊戲,60000,0.0,1.0,指定 CPU:CP值,0,55787,0.4497,0.7706,AMD R7 7700,RX9070,B850M,0.983,2,1.0,1,1.0,1,0.6673,5,1.0,1,1.0,1,1.0,1,0.6879,3,0.566,3,0.5164,6
遊戲,60000,0.0,1.0,指定 CPU:CP值,1,55787,0.4497,0.7706,AMD R7 7700,RX9070,B850M,0.983,2,1.0,1,1.0,1,0.6673,5,1.0,1,1.0,1,1.0,1,0.6879,3,0.566,3,0.5164,6
遊戲,60000,0.0,1.0,指定 CPU:CP值,2,55787,0.4497,0.7706,AMD R7 7700,RX9070,B850M,0.983,2,1.0,1,1.0,1,0.6673,5,1.0,1,1.0,1,1.0,1,0.6879,3,0.566,3,0.5164,6
遊戲,60000,0.0,1.0,指定 CPU:CP值,3,55787,0.4497,0.7706,AMD R7 7700,RX9070,B850M,0.983,2,1.0,1,1.0,1,0.6673,5,1.0,1,1.0,1,1.0,1,0.6879,3,0.566,3,0.5164,6
遊戲,60000,0.0,1.0,指定 CPU:CP值,4,55787,0.4497,0.7706,AMD R7 7700,RX9070,B850M,0.983,2,1.0,1,1.0,1,0.6673,5,1.0,1,1.0,1,1.0,1,0.6879,3,0.566,3,0.5164,6
遊戲,60000,0.0,1.0,指定 CPU:CP值,5,55787,0.4497,0.7706,AMD R7 7700,RX9070,B850M,0.983,2,1.0,1,1.0,1,0.6673,5,1.0,1,1.0,1,1.0,1,0.6879,3,0.566,3,0.5164,6
遊戲,60000,0.0,1.0,指定 CPU:CP值,6,55787,0.4497,0.7706,AMD R7 7700,RX9070,B850M,0.983,2,1.0,1,1.0,1,0.6673,5,1.0,1,1.0,1,1.0,1,0.6879,3,0.566,3,0.5164,6
遊戲,60000,0.0,1.0,指定 CPU:CP值,7,55787,0.4497,0.7706,AMD R7 7700,RX9070,B850M,0.983,2,1.0,1,1.0,1,0.6673,5,1.0,1,1.0,1,1.0,1,0.6879,3,0.566,3,0.5164,6
遊戲,60000,0.0,1.0,指定 CPU:CP值,8,55787,0.4497,0.7706,AMD R7 7700,RX9070,B850M,0.983,2,1.0,1,1.0,1,0.6673,5,1.0,1,1.0,1,1.0,1,0.6879,3,0.566,3,0.5164,6
遊戲,60000,0.0,1.0,指定 CPU:CP值,9,55787,0.4497,0.7706,AMD R7 7700,RX9070,B850M,0.983,2,1.0,1,1.0,1,0.6673,5,1.0,1,1.0,1,1.0,1,0.6879,3,0.566,3,0.5164,6
遊戲,60000,0.0,1.0,指定 CPU:CP值,10,55787,0.4497,0.7706,AMD R7 7700,RX9070,B850M,0.983,2,1.0,1,1.0,1,0.6673,5,1.0,1,1.0,1,1.0,1,0.6879,3,0.566,3,0.5164,6
遊戲,60000,0.0,1.0,指定 CPU:CP值,11,55787,0.4497,0.7706,AMD R7 7700,RX9070,B850M,0.983,2,1.0,1,1.0,1,0.6673,5,1.0,1,1.0,1,1.0,1,0.6879,3,0.566,3,0.5164,6
遊戲,60000,0.0,1.0,指定 CPU:CP值,12,55787,0.4497,0.7706,AMD R7 7700,RX9070,B850M,0.983,2,1.0,1,1.0,1,0.6673,5,1.0,1,1.0,1,1.0,1,0.6879,3,0.566,3,0.5164,6
遊戲,60000,0.0,1.0,指定 CPU:CP值,13,55787,0.4497,0.7706,AMD R7 7700,RX9070,B850M,0.983,2,1.0,1,1.0,1,0.6673,5,1.0,1,1.0,1,1.0,1,0.6879,3,0.566,3,0.5164,6
遊戲,60000,0.0,1.0,指定 CPU:CP值,14,55787,0.4497,0.7706,AMD R7 7700,RX9070,B850M,0.983,2,1.0,1,1.0,1,0.6673,5,1.0,1,1.0,1,1.0,1,0.6879,3,0.566,3,0.5164,6
遊戲,60000,0.0,1.0,指定 CPU:CP值,15,55787,0.4497,0.7706,AMD R7 7700,RX9070,B850M,0.983,2,1.0,1,1.0,1,0.6673,5,1.0,1,1.0,1,1.0,1,0.6879,3,0.566,3,0.5164,6
遊戲,60000,0.0,1.0,指定 CPU:CP值,16,55787,0.4497,0.7706,AMD R7 7700,RX9070,B850M,0.983,2,1.0,1,1.0,1,0.6673,5,1.0,1,1.0,1,1.0,1,0.6879,3,0.566,3,0.5164,6
遊戲,60000,0.0,1.0,指定 CPU:CP值,17,55787,0.4497,0.7706,AMD R7 7700,RX9070,B850M,0.983,2,1.0,1,1.0,1,0.6673,5,1.0,1,1.0,1,1.0,1,0.6879,3,0.566,3,0.5164,6
遊戲,60000,0.0,1.0,指定 CPU:CP值,18,55787,0.4497,0.7706,AMD R7 7700,RX9070,B850M,0.983,2,1.0,1,1.0,1,0.6673,5,1.0,1,1.0,1,1.0,1,0.6879,3,0.566,3,0.5164,6
遊戲,60000,0.0,1.0,指定 CPU:CP值,19,55787,0.4497,0.7706,AMD R7 7700,RX9070,B850M,0.983,2,1.0,1,1.0,1,0.6673,5,1.0,1,1.0,1,1.0,1,0.6879,3,0.566,3,0.5164,6
遊戲,60000,0.0,1.0,指定 GPU:效能,0,55787,0.4497,0.7706,AMD R7 7700,RX9070,B850M,0.983,2,1.0,1,1.0,1,0.6673,5,1.0,1,1.0,1,1.0,1,0.6879,3,0.566,3,0.5164,6
遊戲,60000,0.0,1.0,指定 GPU:效能,1,55787,0.4497,0.7706,AMD R7 7700,RX9070,B850M,0.983,2,1.0,1,1.0,1,0.6673,5,1.0,1,1.0,1,1.0,1,0.6879,3,0.566,3,0.5164,6
遊戲,60000,0.0,1.0,指定 GPU:效能,2,55787,0.4497,0.7706,AMD R7 7700,RX9070,B850M,0.983,2,1.0,1,1.0,1,0.6673,5,1.0,1,1.0,1,1.0,1,0.6879,3,0.566,3,0.5164,6
遊戲,60000,0.0,1.0,指定 GPU:效能,3,55787,0.4497,0.7706,AMD R7 7700,RX9070,B850M,0.983,2,1.0,1,1.0,1,0.6673,5,1.0,1,1.0,1,1.0,1,0.6879,3,0.566,3,0.5164,6
遊戲,60000,0.0,1.0,指定 GPU:效能,4,55787,0.4497,0.7706,AMD R7 7700,RX9070,B850M,0.983,2,1.0,1,1.0,1,0.6673,5,1.0,1,1.0,1,1.0,1,0.6879,3,0.566,3,0.5164,6
遊戲,60000,0.0,1.0,指定 GPU:效能,5,55787,0.4497,0.7706,AMD R7 7700,RX9070,B850M,0.983,2,1.0,1,1.0,1,0.6673,5,1.0,1,1.0,1,1.0,1,0.6879,3,0.566,3,0.5164,6
遊戲,60000,0.0,1.0,指定 GPU:效能,6,55787,0.4497,0.7706,AMD R7 7700,RX9070,B850M,0.983,2,1.0,1,1.0,1,0.6673,5,1.0,1,1.0,1,1.0,1,0.6879,3,0.566,3,0.5164,6
遊戲,60000,0.0,1.0,指定 GPU:效能,7,55787,0.4497,0.7706,AMD R7 7700,RX9070,B850M,0.983,2,1.0,1,1.0,1,0.6673,5,1.0,1,1.0,1,1.0,1,0.6879,3,0.566,3,0.5164,6
遊戲,60000,0.0,1.0,指定 GPU:效能,8,55787,0.4497,0.7706,AMD R7 7700,RX9070,B850M,0.983,2,1.0,1,1.0,1,0.6673,5,1.0,1,1.0,1,1.0,1,0.6879,3,0.566,3,0.5164,6
遊戲,60000,0.0,1.0,指定 GPU:效能,9,55787,0.4497,0.7706,AMD R7 7700,RX9070,B850M,0.983,2,1.0,1,1.0,1,0.6673,5,1.0,1,1.0,1,1.0,1,0.6879,3,0.566,3,0.5164,6
遊戲,60000,0.0,1.0,指定 GPU:效能,10,55787,0.4497,0.7706,AMD R7 7700,RX9070,B850M,0.983,2,1.0,1,1.0,1,0.6673,5,1.0,1,1.0,1,1.0,1,0.6879,3,0.566,3,0.5164,6
遊戲,60000,0.0,1.0,指定 GPU:效能,11,55787,0.4497,0.7706,AMD R7 7700,RX9070,B850M,0.983,2,1.0,1,1.0,1,0.6673,5,1.0,1,1.0,1,1.0,1,0.6879,3,0.566,3,0.5164,6
遊戲,60000,0.0,1.0,指定 GPU:效能,12,55787,0.4497,0.7706,AMD R7 7700,RX9070,B850M,0.983,2,1.0,1,1.0,1,0.6673,5,1.0,1,1.0,1,1.0,1,0.6879,3,0.566,3,0.5164,6
遊戲,60000,0.0,1.0,指定 GPU:效能,13,55787,0.4497,0.7706,AMD R7 7700,RX9070,B850M,0.983,2,1.0,1,1.0,1,0.6673,5,1.0,1,1.0,1,1.0,1,0.6879,3,0.566,3,0.5164,6
遊戲,60000,0.0,1.0,指定 GPU:效能,14,55787,0.4497,0.7706,AMD R7 7700,RX9070,B850M,0.983,2,1.0,1,1.0,1,0.6673,5,1.0,1,1.0,1,1.0,1,0.6879,3,0.566,3,0.5164,6
遊戲,60000,0.0,1.0,指定 GPU:效能,15,55787,0.4497,0.7706,AMD R7 7700,RX9070,B850M,0.983,2,1.0,1,1.0,1,0.6673,5,1.0,1,1.0,1,1.0,1,0.6879,3,0.566,3,0.5164,6
遊戲,60000,0.0,1.0,指定 GPU:效能,16,55787,0.4497,0.7706,AMD R7 7700,RX9070,B850M,0.983,2,1.0,1,1.0,1,0.6673,5,1.0,1,1.0,1,1.0,1,0.6879,3,0.566,3,0.5164,6
遊戲,60000,0.0,1.0,指定 GPU:效能,17,55787,0.4497,0.7706,AMD R7 7700,RX9070,B850M,0.983,2,1.0,1,1.0,1,0.6673,5,1.0,1,1.0,1,1.0,1,0.6879,3,0.566,3,0.5164,6
遊戲,60000,0.0,1.0,指定 GPU:效能,18,55787,0.4497,0.7706,AMD R7 7700,RX9070,B850M,0.983,2,1.0,1,1.0,1,0.6673,5,1.0,1,1.0,1,1.0,1,0.6879,3,0.566,3,0.5164,6
遊戲,60000,0.0,1.0,指定 GPU:效能,19,55787,0.4497,0.7706,AMD R7 7700,RX9070,B850M,0.983,2,1.0,1,1.0,1,0.6673,5,1.0,1,1.0,1,1.0,1,0.6879,3,0.566,3,0.5164,6
遊戲,60000,0.0,1.0,指定 GPU:穩定,0,53787,0.4887,0.6633,AMD R7 7700,RTX5070,B850M,0.983,2,1.0,1,0.6123,5,0.6305,6,0.4095,6,0.2741,8,1.0,1,0.6879,3,0.566,3,0.5164,6
遊戲,60000,0.0,1.0,指定 GPU:穩定,1,40887,0.3683,0.6778,AMD R7 7700,RX9060XT,B850M,0.983,2,1.0,1,0.6335,4,1.0,1,0.6458,3,0.5162,4,1.0,1,0.6879,3,0.566,3,0.5164,6
遊戲,60000,0.0,1.0,指定 GPU:穩定,2,53787,0.4887,0.6633,AMD R7 7700,RTX5070,B850M,0.983,2,1.0,1,0.6123,5,0.6305,6,0.4095,6,0.2741,8,1.0,1,0.6879,3,0.566,3,0.5164,6
遊戲,60000,0.0,1.0,指定 GPU:穩定,3,53787,0.4887,0.6633,AMD R7 7700,RTX5070,B850M,0.983,2,1.0,1,0.6123,5,0.6305,6,0.4095,6,0.2741,8,1.0,1,0.6879,3,0.566,3,0.5164,6
遊戲,60000,0.0,1.0,指定 GPU:穩定,4,53787,0.4887,0.6633,AMD R7 7700,RTX5070,B850M,0.983,2,1.0,1,0.6123,5,0.6305,6,0.4095,6,0.2741,8,1.0,1,0.6879,3,0.566,3,0.5164,6
遊戲,60000,0.0,1.0,指定 GPU:穩定,5,47137,0.4462,0.6424,Intel Core Ultra 7 265KF,RX9060XT,Z890,0.6201,18,0.5383,10,0.6335,4,1.0,1,0.6458,3,0.5162,4,0.9611,2,1.0,1,0.263,7,0.2458,9
遊戲,60000,0.0,1.0,指定 GPU:穩定,6,59972,0.5314,0.5669,AMD R9 9950X,RTX5060Ti,B850M,0.9046,6,0.5227,,0.2756,13,0.9057,2,0.1666,10,0.4991,5,1.0,1,0.6879,3,0.566,3,0.5164,6
遊戲,60000,0.0,1.0,指定 GPU:穩定,7,59972,0.5314,0.5669,AMD R9 9950X,RTX5060Ti,B850M,0.9046,6,0.5227,,0.2756,13,0.9057,2,0.1666,10,0.4991,5,1.0,1,0.6879,3,0.566,3,0.5164,6
遊戲,60000,0.0,1.0,指定 GPU:穩定,8,53787,0.4887,0.6633,AMD R7 7700,RTX5070,B850M,0.983,2,1.0,1,0.6123,5,0.6305,6,0.4095,6,0.2741,8,1.0,1,0.6879,3,0.566,3,0.5164,6
遊戲,60000,0.0,1.0,指定 GPU:穩定,9,53787,0.4887,0.6633,AMD R7 7700,RTX5070,B850M,0.983,2,1.0,1,0.6123,5,0.6305,6,0.4095,6,0.2741,8,1.0,1,0.6879,3,0.566,3,0.5164,6
遊戲,60000,0.0,1.0,指定 GPU:穩定,10,53787,0.4887,0.6633,AMD R7 7700,RTX5070,B850M,0.983,2,1.0,1,0.6123,5,0.6305,6,0.4095,6,0.2741,8,1.0,1,0.6879,3,0.566,3,0.5164,6
遊戲,60000,0.0,1.0,指定 GPU:穩定,11,40887,0.3683,0.6778,AMD R7 7700,RX9060XT,B850M,0.983,2,1.0,1,0.6335,4,1.0,1,0.6458,3,0.5162,4,1.0,1,0.6879,3,0.566,3,0.5164,6
遊戲,60000,0.0,1.0,指定 GPU:穩定,12,40887,0.3683,0.6778,AMD R7 7700,RX9060XT,B850M,0.983,2,1.0,1,0.6335,4,1.0,1,0.6458,3,0.5162,4,1.0,1,0.6879,3,0.566,3,0.5164,6
遊戲,60000,0.0,1.0,指定 GPU:穩定,13,53787,0.4887,0.6633,AMD R7 7700,RTX5070,B850M,0.983,2,1.0,1,0.6123,5,0.6305,6,0.4095,6,0.2741,8,1.0,1,0.6879,3,0.566,3,0.5164,6
遊戲,60000,0.0,1.0,指定 GPU:穩定,14,40887,0.3683,0.6778,AMD R7 7700,RX9060XT,B850M,0.983,2,1.0,1,0.6335,4,1.0,1,0.6458,3,0.5162,4,1.0,1,0.6879,3,0.566,3,0.5164,6
遊戲,60000,0.0,1.0,指定 GPU:穩定,15,40887,0.3683,0.6778,AMD R7 7700,RX9060XT,B850M,0.983,2,1.0,1,0.6335,4,1.0,1,0.6458,3,0.5162,4,1.0,1,0.6879,3,0.566,3,0.5164,6
遊戲,60000,0.0,1.0,指定 GPU:穩定,16,53787,0.4887,0.6633,AMD R7 7700,RTX5070,B850M,0.983,2,1.0,1,0.6123,5,0.6305,6,0.4095,6,0.2741,8,1.0,1,0.6879,3,0.566,3,0.5164,6
遊戲,60000,0.0,1.0,指定 GPU:穩定,17,53787,0.4887,0.6633,AMD R7 7700,RTX5070,B850M,0.983,2,1.0,1,0.6123,5,0.6305,6,0.4095,6,0.2741,8,1.0,1,0.6879,3,0.566,3,0.5164,6
遊戲,60000,0.0,1.0,指定 GPU:穩定,18,40887,0.3683,0.6778,AMD R7 7700,RX9060XT,B850M,0.983,2,1.0,1,0.6335,4,1.0,1,0.6458,3,0.5162,4,1.0,1,0.6879,3,0.566,3,0.5164,6
遊戲,60000,0.0,1.0,指定 GPU:穩定,19,53787,0.4887,0.6633,AMD R7 7700,RTX5070,B850M,0.983,2,1.0,1,0.6123,5,0.6305,6,0.4095,6,0.2741,8,1.0,1,0.6879,3,0.566,3,0.5164,6
遊戲,60000,0.0,1.0,指定 GPU:CP值,0,55787,0.4497,0.7706,AMD R7 7700,RX9070,B850M,0.983,2,1.0,1,1.0,1,0.6673,5,1.0,1,1.0,1,1.0,1,0.6879,3,0.566,3,0.5164,6
遊戲,60000,0.0,1.0,指定 GPU:CP值,1,55787,0.4497,0.7706,AMD R7 7700,RX9070,B850M,0.983,2,1.0,1,1.0,1,0.6673,5,1.0,1,1.0,1,1.0,1,0.6879,3,0.566,3,0.5164,6
遊戲,60000,0.0,1.0,指定 GPU:CP值,2,55787,0.4497,0.7706,AMD R7 7700,RX9070,B850M,0.983,2,1.0,1,1.0,1,0.6673,5,1.0,1,1.0,1,1.0,1,0.6879,3,0.566,3,0.5164,6
遊戲,60000,0.0,1.0,指定 GPU:CP值,3,55787,0.4497,0.7706,AMD R7 7700,RX9070,B850M,0.983,2,1.0,1,1.0,1,0.6673,5,1.0,1,1.0,1,1.0,1,0.6879,3,0.566,3,0.5164,6
遊戲,60000,0.0,1.0,指定 GPU:CP值,4,55787,0.4497,0.7706,AMD R7 7700,RX9070,B850M,0.983,2,1.0,1,1.0,1,0.6673,5,1.0,1,1.0,1,1.0,1,0.6879,3,0.566,3,0.5164,6
遊戲,60000,0.0,1.0,指定 GPU:CP值,5,55787,0.4497,0.7706,AMD R7 7700,RX9070,B850M,0.983,2,1.0,1,1.0,1,0.6673,5,1.0,1,1.0,1,1.0,1,0.6879,3,0.566,3,0.5164,6
遊戲,60000,0.0,1.0,指定 GPU:CP值,6,55787,0.4497,0.7706,AMD R7 7700,RX9070,B850M,0.983,2,1.0,1,1.0,1,0.6673,5,1.0,1,1.0,1,1.0,1,0.6879,3,0.566,3,0.5164,6
遊戲,60000,0.0,1.0,指定 GPU:CP值,7,55787,0.4497,0.7706,AMD R7 7700,RX9070,B850M,0.983,2,1.0,1,1.0,1,0.6673,5,1.0,1,1.0,1,1.0,1,0.6879,3,0.566,3,0.5164,6
遊戲,60000,0.0,1.0,指定 GPU:CP值,8,55787,0.4497,0.7706,AMD R7 7700,RX9070,B850M,0.983,2,1.0,1,1.0,1,0.6673,5,1.0,1,1.0,1,1.0,1,0.6879,3,0.566,3,0.5164,6
遊戲,60000,0.0,1.0,指定 GPU:CP值,9,55787,0.4497,0.7706,AMD R7 7700,RX9070,B850M,0.983,2,1.0,1,1.0,1,0.6673,5,1.0,1,1.0,1,1.0,1,0.6879,3,0.566,3,0.5164,6
遊戲,60000,0.0,1.0,指定 GPU:CP值,10,55787,0.4497,0.7706,AMD R7 7700,RX9070,B850M,0.983,2,1.0,1,1.0,1,0.6673,5,1.0,1,1.0,1,1.0,1,0.6879,3,0.566,3,0.5164,6
遊戲,60000,0.0,1.0,指定 GPU:CP值,11,55787,0.4497,0.7706,AMD R7 7700,RX9070,B850M,0.983,2,1.0,1,1.0,1,0.6673,5,1.0,1,1.0,1,1.0,1,0.6879,3,0.566,3,0.5164,6
遊戲,60000,0.0,1.0,指定 GPU:CP值,12,55787,0.4497,0.7706,AMD R7 7700,RX9070,B850M,0.983,2,1.0,1,1.0,1,0.6673,5,1.0,1,1.0,1,1.0,1,0.6879,3,0.566,3,0.5164,6
遊戲,60000,0.0,1.0,指定 GPU:CP值,13,55787,0.4497,0.7706,AMD R7 7700,RX9070,B850M,0.983,2,1.0,1,1.0,1,0.6673,5,1.0,1,1.0,1,1.0,1,0.6879,3,0.566,3,0.5164,6
遊戲,60000,0.0,1.0,指定 GPU:CP值,14,55787,0.4497,0.7706,AMD R7 7700,RX9070,B850M,0.983,2,1.0,1,1.0,1,0.6673,5,1.0,1,1.0,1,1.0,1,0.6879,3,0.566,3,0.5164,6
遊戲,60000,0.0,1.0,指定 GPU:CP值,15,55787,0.4497,0.7706,AMD R7 7700,RX9070,B850M,0.983,2,1.0,1,1.0,1,0.6673,5,1.0,1,1.0,1,1.0,1,0.6879,3,0.566,3,0.5164,6
遊戲,60000,0.0,1.0,指定 GPU:CP值,16,55787,0.4497,0.7706,AMD R7 7700,RX9070,B850M,0.983,2,1.0,1,1.0,1,0.6673,5,1.0,1,1.0,1,1.0,1,0.6879,3,0.566,3,0.5164,6
遊戲,60000,0.0,1.0,指定 GPU:CP值,17,55787,0.4497,0.7706,AMD R7 7700,RX9070,B850M,0.983,2,1.0,1,1.0,1,0.6673,5,1.0,1,1.0,1,1.0,1,0.6879,3,0.566,3,0.5164,6
遊戲,60000,0.0,1.0,指定 GPU:CP值,18,55787,0.4497,0.7706,AMD R7 7700,RX9070,B850M,0.983,2,1.0,1,1.0,1,0.6673,5,1.0,1,1.0,1,1.0,1,0.6879,3,0.566,3,0.5164,6
遊戲,60000,0.0,1.0,指定 GPU:CP值,19,55787,0.4497,0.7706,AMD R7 7700,RX9070,B850M,0.983,2,1.0,1,1.0,1,0.6673,5,1.0,1,1.0,1,1.0,1,0.6879,3,0.566,3,0.5164,6
遊戲,60000,0.0,1.0,指定 GPU:VRAM,0,55787,0.4497,0.7706,AMD R7 7700,RX9070,B850M,0.983,2,1.0,1,1.0,1,0.6673,5,1.0,1,1.0,1,1.0,1,0.6879,3,0.566,3,0.5164,6
遊戲,60000,0.0,1.0,指定 GPU:VRAM,1,55787,0.4497,0.7706,AMD R7 7700,RX9070,B850M,0.983,2,1.0,1,1.0,1,0.6673,5,1.0,1,1.0,1,1.0,1,0.6879,3,0.566,3,0.5164,6
遊戲,60000,0.0,1.0,指定 GPU:VRAM,2,55787,0.4497,0.7706,AMD R7 7700,RX9070,B850M,0.983,2,1.0,1,1.0,1,0.6673,5,1.0,1,1.0,1,1.0,1,0.6879,3,0.566,3,0.5164,6
遊戲,60000,0.0,1.0,指定 GPU:VRAM,3,55787,0.4497,0.7706,AMD R7 7700,RX9070,B850M,0.983,2,1.0,1,1.0,1,0.6673,5,1.0,1,1.0,1,1.0,1,0.6879,3,0.566,3,0.5164,6
遊戲,60000,0.0,1.0,指定 GPU:VRAM,4,55787,0.4497,0.7706,AMD R7 7700,RX9070,B850M,0.983,2,1.0,1,1.0,1,0.6673,5,1.0,1,1.0,1,1.0,1,0.6879,3,0.566,3,0.5164,6
遊戲,60000,0.0,1.0,指定 GPU:VRAM,5,55787,0.4497,0.7706,AMD R7 7700,RX9070,B850M,0.983,2,1.0,1,1.0,1,0.6673,5,1.0,1,1.0,1,1.0,1,0.6879,3,0.566,3,0.5164,6
遊戲,60000,0.0,1.0,指定 GPU:VRAM,6,55787,0.4497,0.7706,AMD R7 7700,RX9070,B850M,0.983,2,1.0,1,1.0,1,0.6673,5,1.0,1,1.0,1,1.0,1,0.6879,3,0.566,3,0.5164,6
遊戲,60000,0.0,1.0,指定 GPU:VRAM,7,55787,0.4497,0.7706,AMD R7 7700,RX9070,B850M,0.983,2,1.0,1,1.0,1,0.6673,5,1.0,1,1.0,1,1.0,1,0.6879,3,0.566,3,0.5164,6
遊戲,60000,0.0,1.0,指定 GPU:VRAM,8,55787,0.4497,0.7706,AMD R7 7700,RX9070,B850M,0.983,2,1.0,1,1.0,1,0.6673,5,1.0,1,1.0,1,1.0,1,0.6879,3,0.566,3,0.5164,6
遊戲,60000,0.0,1.0,指定 GPU:VRAM,9,55787,0.4497,0.7706,AMD R7 7700,RX9070,B850M,0.983,2,1.0,1,1.0,1,0.6673,5,1.0,1,1.0,1,1.0,1,0.6879,3,0.566,3,0.5164,6
遊戲,60000,0.0,1.0,指定 GPU:VRAM,10,55787,0.4497,0.7706,AMD R7 7700,RX9070,B850M,0.983,2,1.0,1,1.0,1,0.6673,5,1.0,1,1.0,1,1.0,1,0.6879,3,0.566,3,0.5164,6
遊戲,60000,0.0,1.0,指定 GPU:VRAM,11,55787,0.4497,0.7706,AMD R7 7700,RX9070,B850M,0.983,2,1.0,1,1.0,1,0.6673,5,1.0,1,1.0,1,1.0,1,0.6879,3,0.566,3,0.5164,6
遊戲,60000,0.0,1.0,指定 GPU:VRAM,12,55787,0.4497,0.7706,AMD R7 7700,RX9070,B850M,0.983,2,1.0,1,1.0,1,0.6673,5,1.0,1,1.0,1,1.0,1,0.6879,3,0.566,3,0.5164,6
遊戲,60000,0.0,1.0,指定 GPU:VRAM,13,55787,0.4497,0.7706,AMD R7 7700,RX9070,B850M,0.983,2,1.0,1,1.0,1,0.6673,5,1.0,1,1.0,1,1.0,1,0.6879,3,0.566,3,0.5164,6
遊戲,60000,0.0,1.0,指定 GPU:VRAM,14,55787,0.4497,0.7706,AMD R7 7700,RX9070,B850M,0.983,2,1.0,1,1.0,1,0.6673,5,1.0,1,1.0,1,1.0,1,0.6879,3,0.566,3,0.5164,6
遊戲,60000,0.0,1.0,指定 GPU:VRAM,15,55787,0.4497,0.7706,AMD R7 7700,RX9070,B850M,0.983,2,1.0,1,1.0,1,0.6673,5,1.0,1,1.0,1,1.0,1,0.6879,3,0.566,3,0.5164,6
遊戲,60000,0.0,1.0,指定 GPU:VRAM,16,55787,0.4497,0.7706,AMD R7 7700,RX9070,B850M,0.983,2,1.0,1,1.0,1,0.6673,5,1.0,1,1.0,1,1.0,1,0.6879,3,0.566,3,0.5164,6
遊戲,60000,0.0,1.0,指定 GPU:VRAM,17,55787,0.4497,0.7706,AMD R7 7700,RX9070,B850M,0.983,2,1.0,1,1.0,1,0.6673,5,1.0,1,1.0,1,1.0,1,0.6879,3,0.566,3,0.5164,6
遊戲,60000,0.0,1.0,指定 GPU:VRAM,18,55787,0.4497,0.7706,AMD R7 7700,RX9070,B850M,0.983,2,1.0,1,1.0,1,0.6673,5,1.0,1,1.0,1,1.0,1,0.6879,3,0.566,3,0.5164,6
遊戲,60000,0.0,1.0,指定 GPU:VRAM,19,55787,0.4497,0.7706,AMD R7 7700,RX9070,B850M,0.983,2,1.0,1,1.0,1,0.6673,5,1.0,1,1.0,1,1.0,1,0.6879,3,0.566,3,0.5164,6
遊戲,60000,0.0,1.0,指定 主機板:用料,0,55787,0.4497,0.7706,AMD R7 7700,RX9070,B850M,0.983,2,1.0,1,1.0,1,0.6673,5,1.0,1,1.0,1,1.0,1,0.6879,3,0.566,3,0.5164,6
遊戲,60000,0.0,1.0,指定 主機板:用料,1,55787,0.4497,0.7706,AMD R7 7700,RX9070,B850M,0.983,2,1.0,1,1.0,1,0.6673,5,1.0,1,1.0,1,1.0,1,0.6879,3,0.566,3,0.5164,6
遊戲,60000,0.0,1.0,指定 主機板:用料,2,55787,0.4497,0.7706,AMD R7 7700,RX9070,B850M,0.983,2,1.0,1,1.0,1,0.6673,5,1.0,1,1.0,1,1.0,1,0.6879,3,0.566,3,0.5164,6
遊戲,60000,0.0,1.0,指定 主機板:用料,3,55787,0.4497,0.7706,AMD R7 7700,RX9070,B850M,0.983,2,1.0,1,1.0,1,0.6673,5,1.0,1,1.0,1,1.0,1,0.6879,3,0.566,3,0.5164,6
遊戲,60000,0.0,1.0,指定 主機板:用料,4,55787,0.4497,0.7706,AMD R7 7700,RX9070,B850M,0.983,2,1.0,1,1.0,1,0.6673,5,1.0,1,1.0,1,1.0,1,0.6879,3,0.566,3,0.5164,6
遊戲,60000,0.0,1.0,指定 主機板:用料,5,55787,0.4497,0.7706,AMD R7 7700,RX9070,B850M,0.983,2,1.0,1,1.0,1,0.6673,5,1.0,1,1.0,1,1.0,1,0.6879,3,0.566,3,0.5164,6
遊戲,60000,0.0,1.0,指定 主機板:用料,6,55787,0.4497,0.7706,AMD R7 7700,RX9070,B850M,0.983,2,1.0,1,1.0,1,0.6673,5,1.0,1,1.0,1,1.0,1,0.6879,3,0.566,3,0.5164,6
遊戲,60000,0.0,1.0,指定 主機板:用料,7,55787,0.4497,0.7706,AMD R7 7700,RX9070,B850M,0.983,2,1.0,1,1.0,1,0.6673,5,1.0,1,1.0,1,1.0,1,0.6879,3,0.566,3,0.5164,6
遊戲,60000,0.0,1.0,指定 主機板:用料,8,55787,0.4497,0.7706,AMD R7 7700,RX9070,B850M,0.983,2,1.0,1,1.0,1,0.6673,5,1.0,1,1.0,1,1.0,1,0.6879,3,0.566,3,0.5164,6
遊戲,60000,0.0,1.0,指定 主機板:用料,9,55787,0.4497,0.7706,AMD R7 7700,RX9070,B850M,0.983,2,1.0,1,1.0,1,0.6673,5,1.0,1,1.0,1,1.0,1,0.6879,3,0.566,3,0.5164,6
遊戲,60000,0.0,1.0,指定 主機板:用料,10,55787,0.4497,0.7706,AMD R7 7700,RX9070,B850M,0.983,2,1.0,1,1.0,1,0.6673,5,1.0,1,1.0,1,1.0,1,0.6879,3,0.566,3,0.5164,6
遊戲,60000,0.0,1.0,指定 主機板:用料,11,55787,0.4497,0.7706,AMD R7 7700,RX9070,B850M,0.983,2,1.0,1,1.0,1,0.6673,5,1.0,1,1.0,1,1.0,1,0.6879,3,0.566,3,0.5164,6
遊戲,60000,0.0,1.0,指定 主機板:用料,12,55787,0.4497,0.7706,AMD R7 7700,RX9070,B850M,0.983,2,1.0,1,1.0,1,0.6673,5,1.0,1,1.0,1,1.0,1,0.6879,3,0.566,3,0.5164,6
遊戲,60000,0.0,1.0,指定 主機板:用料,13,55787,0.4497,0.7706,AMD R7 7700,RX9070,B850M,0.983,2,1.0,1,1.0,1,0.6673,5,1.0,1,1.0,1,1.0,1,0.6879,3,0.566,3,0.5164,6
遊戲,60000,0.0,1.0,指定 主機板:用料,14,55787,0.4497,0.7706,AMD R7 7700,RX9070,B850M,0.983,2,1.0,1,1.0,1,0.6673,5,1.0,1,1.0,1,1.0,1,0.6879,3,0.566,3,0.5164,6
遊戲,60000,0.0,1.0,指定 主機板:用料,15,55787,0.4497,0.7706,AMD R7 7700,RX9070,B850M,0.983,2,1.0,1,1.0,1,0.6673,5,1.0,1,1.0,1,1.0,1,0.6879,3,0.566,3,0.5164,6
遊戲,60000,0.0,1.0,指定 主機板:用料,16,55787,0.4497,0.7706,AMD R7 7700,RX9070,B850M,0.983,2,1.0,1,1.0,1,0.6673,5,1.0,1,1.0,1,1.0,1,0.6879,3,0.566,3,0.5164,6
遊戲,60000,0.0,1.0,指定 主機板:用料,17,55787,0.4497,0.7706,AMD R7 7700,RX9070,B850M,0.983,2,1.0,1,1.0,1,0.6673,5,1.0,1,1.0,1,1.0,1,0.6879,3,0.566,3,0.5164,6
遊戲,60000,0.0,1.0,指定 主機板:用料,18,55787,0.4497,0.7706,AMD R7 7700,RX9070,B850M,0.983,2,1.0,1,1.0,1,0.6673,5,1.0,1,1.0,1,1.0,1,0.6879,3,0.566,3,0.5164,6
遊戲,60000,0.0,1.0,指定 主機板:用料,19,55787,0.4497,0.7706,AMD R7 7700,RX9070,B850M,0.983,2,1.0,1,1.0,1,0.6673,5,1.0,1,1.0,1,1.0,1,0.6879,3,0.566,3,0.5164,6
遊戲,60000,0.0,1.0,指定 主機板:擴充性,0,59522,0.5107,0.6705,Intel Core Ultra 5 245KF,RX9070,Z890,0.6576,12,0.593,5,1.0,1,0.6673,5,1.0,1,1.0,1,0.9611,2,1.0,1,0.263,7,0.2458,9
遊戲,60000,0.0,1.0,指定 主機板:擴充性,1,59522,0.5107,0.6705,Intel Core Ultra 5 245KF,RX9070,Z890,0.6576,12,0.593,5,1.0,1,0.6673,5,1.0,1,1.0,1,0.9611,2,1.0,1,0.263,7,0.2458,9
遊戲,60000,0.0,1.0,指定 主機板:擴充性,2,57187,0.4517,0.7223,AMD R7 7700,RX9070,B850,0.983,2,1.0,1,1.0,1,0.6673,5,1.0,1,1.0,1,0.8888,3,0.8123,2,0.1389,9,0.8819,3
遊戲,60000,0.0,1.0,指定 主機板:擴充性,3,59522,0.5107,0.6705,Intel Core Ultra 5 245KF,RX9070,Z890,0.6576,12,0.593,5,1.0,1,0.6673,5,1.0,1,1.0,1,0.9611,2,1.0,1,0.263,7,0.2458,9
遊戲,60000,0.0,1.0,指定 主機板:擴充性,4,59522,0.5107,0.6705,Intel Core Ultra 5 245KF,RX9070,Z890,0.6576,12,0.593,5,1.0,1,0.6673,5,1.0,1,1.0,1,0.9611,2,1.0,1,0.263,7,0.2458,9
遊戲,60000,0.0,1.0,指定 主機板:擴充性,5,59522,0.5107,0.6705,Intel Core Ultra 5 245KF,RX9070,Z890,0.6576,12,0.593,5,1.0,1,0.6673,5,1.0,1,1.0,1,0.9611,2,1.0,1,0.263,7,0.2458,9
遊戲,60000,0.0,1.0,指定 主機板:擴充性,6,59522,0.5107,0.6705,Intel Core Ultra 5 245KF,RX9070,Z890,0.6576,12,0.593,5,1.0,1,0.6673,5,1.0,1,1.0,1,0.9611,2,1.0,1,0.263,7,0.2458,9
遊戲,60000,0.0,1.0,指定 主機板:擴充性,7,59522,0.5107,0.6705,Intel Core Ultra 5 245KF,RX9070,Z890,0.6576,12,0.593,5,1.0,1,0.6673,5,1.0,1,1.0,1,0.9611,2,1.0,1,0.263,7,0.2458,9
遊戲,60000,0.0,1.0,指定 主機板:擴充性,8,59522,0.5107,0.6705,Intel Core Ultra 5 245KF,RX9070,Z890,0.6576,12,0.593,5,1.0,1,0.6673,5,1.0,1,1.0,1,0.9611,2,1.0,1,0.263,7,0.2458,9
遊戲,60000,0.0,1.0,指定 主機板:擴充性,9,59522,0.5107,0.6705,Intel Core Ultra 5 245KF,RX9070,Z890,0.6576,12,0.593,5,1.0,1,0.6673,5,1.0,1,1.0,1,0.9611,2,1.0,1,0.263,7,0.2458,9
遊戲,60000,0.0,1.0,指定 主機板:擴充性,10,59522,0.5107,0.6705,Intel Core Ultra 5 245KF,RX9070,Z890,0.6576,12,0.593,5,1.0,1,0.6673,5,1.0,1,1.0,1,0.9611,2,1.0,1,0.263,7,0.2458,9
遊戲,60000,0.0,1.0,指定 主機板:擴充性,11,59522,0.5107,0.6705,Intel Core Ultra 5 245KF,RX9070,Z890,0.6576,12,0.593,5,1.0,1,0.6673,5,1.0,1,1.0,1,0.9611,2,1.0,1,0.263,7,0.2458,9
遊戲,60000,0.0,1.0,指定 主機板:擴充性,12,59522,0.5107,0.6705,Intel Core Ultra 5 245KF,RX9070,Z890,0.6576,12,0.593,5,1.0,1,0.6673,5,1.0,1,1.0,1,0.9611,2,1.0,1,0.263,7,0.2458,9
遊戲,60000,0.0,1.0,指定 主機板:擴充性,13,59522,0.5107,0.6705,Intel Core Ultra 5 245KF,RX9070,Z890,0.6576,12,0.593,5,1.0,1,0.6673,5,1.0,1,1.0,1,0.9611,2,1.0,1,0.263,7,0.2458,9
遊戲,60000,0.0,1.0,指定 主機板:擴充性,14,59522,0.5107,0.6705,Intel Core Ultra 5 245KF,RX9070,Z890,0.6576,12,0.593,5,1.0,1,0.6673,5,1.0,1,1.0,1,0.9611,2,1.0,1,0.263,7,0.2458,9
遊戲,60000,0.0,1.0,指定 主機板:擴充性,15,59522,0.5107,0.6705,Intel Core Ultra 5 245KF,RX9070,Z890,0.6576,12,0.593,5,1.0,1,0.6673,5,1.0,1,1.0,1,0.9611,2,1.0,1,0.263,7,0.2458,9
遊戲,60000,0.0,1.0,指定 主機板:擴充性,16,59522,0.5107,0.6705,Intel Core Ultra 5 245KF,RX9070,Z890,0.6576,12,0.593,5,1.0,1,0.6673,5,1.0,1,1.0,1,0.9611,2,1.0,1,0.263,7,0.2458,9
遊戲,60000,0.0,1.0,指定 主機板:擴充性,17,59522,0.5107,0.6705,Intel Core Ultra 5 245KF,RX9070,Z890,0.6576,12,0.593,5,1.0,1,0.6673,5,1.0,1,1.0,1,0.9611,2,1.0,1,0.263,7,0.2458,9
遊戲,60000,0.0,1.0,指定 主機板:擴充性,18,59437,0.491,0.6705,Intel Core Ultra 5 245KF,RX9070,Z890,0.6576,12,0.593,5,1.0,1,0.6673,5,1.0,1,1.0,1,0.9611,2,1.0,1,0.263,7,0.2458,9
遊戲,60000,0.0,1.0,指定 主機板:擴充性,19,59522,0.5107,0.6705,Intel Core Ultra 5 245KF,RX9070,Z890,0.6576,12,0.593,5,1.0,1,0.6673,5,1.0,1,1.0,1,0.9611,2,1.0,1,0.263,7,0.2458,9
遊戲,60000,0.0,1.0,指定 主機板:穩定,0,58787,0.4437,0.7124,AMD R7 7700,RX9070,X870E,0.983,2,1.0,1,1.0,1,0.6673,5,1.0,1,1.0,1,0.8162,5,0.42,6,0.6877,2,0.4504,7
遊戲,60000,0.0,1.0,指定 主機板:穩定,1,58787,0.4437,0.7124,AMD R7 7700,RX9070,X870E,0.983,2,1.0,1,1.0,1,0.6673,5,1.0,1,1.0,1,0.8162,5,0.42,6,0.6877,2,0.4504,7
遊戲,60000,0.0,1.0,指定 主機板:穩定,2,55787,0.4497,0.7706,AMD R7 7700,RX9070,B850M,0.983,2,1.0,1,1.0,1,0.6673,5,1.0,1,1.0,1,1.0,1,0.6879,3,0.566,3,0.5164,6
遊戲,60000,0.0,1.0,指定 主機板:穩定,3,58787,0.4437,0.7124,AMD R7 7700,RX9070,X870E,0.983,2,1.0,1,1.0,1,0.6673,5,1.0,1,1.0,1,0.8162,5,0.42,6,0.6877,2,0.4504,7
遊戲,60000,0.0,1.0,指定 主機板:穩定,4,52487,0.4222,0.5606,AMD R5 7500F,RX9070,A620,0.9777,4,0.8478,2,1.0,1,0.6673,5,1.0,1,1.0,1,0.0,10,0.0,10,1.0,1,0.1273,10
遊戲,60000,0.0,1.0,指定 主機板:穩定,5,58787,0.4437,0.7124,AMD R7 7700,RX9070,X870E,0.983,2,1.0,1,1.0,1,0.6673,5,1.0,1,1.0,1,0.8162,5,0.42,6,0.6877,2,0.4504,7
遊戲,60000,0.0,1.0,指定 主機板:穩定,6,58787,0.4437,0.7124,AMD R7 7700,RX9070,X870E,0.983,2,1.0,1,1.0,1,0.6673,5,1.0,1,1.0,1,0.8162,5,0.42,6,0.6877,2,0.4504,7
遊戲,60000,0.0,1.0,指定 主機板:穩定,7,58787,0.4437,0.7124,AMD R7 7700,RX9070,X870E,0.983,2,1.0,1,1.0,1,0.6673,5,1.0,1,1.0,1,0.8162,5,0.42,6,0.6877,2,0.4504,7
遊戲,60000,0.0,1.0,指定 主機板:穩定,8,55787,0.4497,0.7706,AMD R7 7700,RX9070,B850M,0.983,2,1.0,1,1.0,1,0.6673,5,1.0,1,1.0,1,1.0,1,0.6879,3,0.566,3,0.5164,6
遊戲,60000,0.0,1.0,指定 主機板:穩定,9,59987,0.4936,0.4828,AMD R5 7500F,RTX5070Ti,A620,0.9777,4,0.8478,2,0.527,8,0.7752,3,0.3286,7,0.5314,3,0.0,10,0.0,10,1.0,1,0.1273,10
遊戲,60000,0.0,1.0,指定 主機板:穩定,10,55787,0.4497,0.7706,AMD R7 7700,RX9070,B850M,0.983,2,1.0,1,1.0,1,0.6673,5,1.0,1,1.0,1,1.0,1,0.6879,3,0.566,3,0.5164,6
遊戲,60000,0.0,1.0,指定 主機板:穩定,11,58787,0.4437,0.7124,AMD R7 7700,RX9070,X870E,0.983,2,1.0,1,1.0,1,0.6673,5,1.0,1,1.0,1,0.8162,5,0.42,6,0.6877,2,0.4504,7
遊戲,60000,0.0,1.0,指定 主機板:穩定,12,55787,0.4497,0.7706,AMD R7 7700,RX9070,B850M,0.983,2,1.0,1,1.0,1,0.6673,5,1.0,1,1.0,1,1.0,1,0.6879,3,0.566,3,0.5164,6
遊戲,60000,0.0,1.0,指定 主機板:穩定,13,58687,0.4958,0.6051,AMD R7 7700,RTX5070,X870E,0.983,2,1.0,1,0.6123,5,0.6305,6,0.4095,6,0.2741,8,0.8162,5,0.42,6,0.6877,2,0.4504,7
遊戲,60000,0.0,1.0,指定 主機板:穩定,14,58687,0.4958,0.6051,AMD R7 7700,RTX5070,X870E,0.983,2,1.0,1,0.6123,5,0.6305,6,0.4095,6,0.2741,8,0.8162,5,0.42,6,0.6877,2,0.4504,7
遊戲,60000,0.0,1.0,指定 主機板:穩定,15,58687,0.4958,0.6051,AMD R7 7700,RTX5070,X870E,0.983,2,1.0,1,0.6123,5,0.6305,6,0.4095,6,0.2741,8,0.8162,5,0.42,6,0.6877,2,0.4504,7
遊戲,60000,0.0,1.0,指定 主機板:穩定,16,55787,0.4497,0.7706,AMD R7 7700,RX9070,B850M,0.983,2,1.0,1,1.0,1,0.6673,5,1.0,1,1.0,1,1.0,1,0.6879,3,0.566,3,0.5164,6
遊戲,60000,0.0,1.0,指定 主機板:穩定,17,58687,0.4958,0.6051,AMD R7 7700,RTX5070,X870E,0.983,2,1.0,1,0.6123,5,0.6305,6,0.4095,6,0.2741,8,0.8162,5,0.42,6,0.6877,2,0.4504,7
遊戲,60000,0.0,1.0,指定 主機板:穩定,18,52487,0.4222,0.5606,AMD R5 7500F,RX9070,A620,0.9777,4,0.8478,2,1.0,1,0.6673,5,1.0,1,1.0,1,0.0,10,0.0,10,1.0,1,0.1273,10
遊戲,60000,0.0,1.0,指定 主機板:穩定,19,55787,0.4497,0.7706,AMD R7 7700,RX9070,B850M,0.983,2,1.0,1,1.0,1,0.6673,5,1.0,1,1.0,1,1.0,1,0.6879,3,0.566,3,0.5164,6
遊戲,60000,0.0,1.0,指定 主機板:CP值,0,55787,0.4497,0.7126,AMD R7 7700,RX9070,B650M,0.983,2,1.0,1,1.0,1,0.6673,5,1.0,1,1.0,1,0.5795,7,0.2883,7,0.0,10,1.0,1
遊戲,60000,0.0,1.0,指定 主機板:CP值,1,55787,0.4497,0.7126,AMD R7 7700,RX9070,B650M,0.983,2,1.0,1,1.0,1,0.6673,5,1.0,1,1.0,1,0.5795,7,0.2883,7,0.0,10,1.0,1
遊戲,60000,0.0,1.0,指定 主機板:CP值,2,55787,0.4497,0.7126,AMD R7 7700,RX9070,B650M,0.983,2,1.0,1,1.0,1,0.6673,5,1.0,1,1.0,1,0.5795,7,0.2883,7,0.0,10,1.0,1
遊戲,60000,0.0,1.0,指定 主機板:CP值,3,55787,0.4497,0.7126,AMD R7 7700,RX9070,B650M,0.983,2,1.0,1,1.0,1,0.6673,5,1.0,1,1.0,1,0.5795,7,0.2883,7,0.0,10,1.0,1
遊戲,60000,0.0,1.0,指定 主機板:CP值,4,55787,0.4497,0.7126,AMD R7 7700,RX9070,B650M,0.983,2,1.0,1,1.0,1,0.6673,5,1.0,1,1.0,1,0.5795,7,0.2883,7,0.0,10,1.0,1
遊戲,60000,0.0,1.0,指定 主機板:CP值,5,55787,0.4497,0.7126,AMD R7 7700,RX9070,B650M,0.983,2,1.0,1,1.0,1,0.6673,5,1.0,1,1.0,1,0.5795,7,0.2883,7,0.0,10,1.0,1
遊戲,60000,0.0,1.0,指定 主機板:CP值,6,55787,0.4497,0.7126,AMD R7 7700,RX9070,B650M,0.983,2,1.0,1,1.0,1,0.6673,5,1.0,1,1.0,1,0.5795,7,0.2883,7,0.0,10,1.0,1
遊戲,60000,0.0,1.0,指定 主機板:CP值,7,55787,0.4497,0.7126,AMD R7 7700,RX9070,B650M,0.983,2,1.0,1,1.0,1,0.6673,5,1.0,1,1.0,1,0.5795,7,0.2883,7,0.0,10,1.0,1
遊戲,60000,0.0,1.0,指定 主機板:CP值,8,55787,0.4497,0.7126,AMD R7 7700,RX9070,B650M,0.983,2,1.0,1,1.0,1,0.6673,5,1.0,1,1.0,1,0.5795,7,0.2883,7,0.0,10,1.0,1
遊戲,60000,0.0,1.0,指定 主機板:CP值,9,55787,0.4497,0.7126,AMD R7 7700,RX9070,B650M,0.983,2,1.0,1,1.0,1,0.6673,5,1.0,1,1.0,1,0.5795,7,0.2883,7,0.0,10,1.0,1
遊戲,60000,0.0,1.0,指定 主機板:CP值,10,55787,0.4497,0.7126,AMD R7 7700,RX9070,B650M,0.983,2,1.0,1,1.0,1,0.6673,5,1.0,1,1.0,1,0.5795,7,0.2883,7,0.0,10,1.0,1
遊戲,60000,0.0,1.0,指定 主機板:CP值,11,55787,0.4497,0.7126,AMD R7 7700,RX9070,B650M,0.983,2,1.0,1,1.0,1,0.6673,5,1.0,1,1.0,1,0.5795,7,0.2883,7,0.0,10,1.0,1
遊戲,60000,0.0,1.0,指定 主機板:CP值,12,55787,0.4497,0.7126,AMD R7 7700,RX9070,B650M,0.983,2,1.0,1,1.0,1,0.6673,5,1.0,1,1.0,1,0.5795,7,0.2883,7,0.0,10,1.0,1
遊戲,60000,0.0,1.0,指定 主機板:CP值,13,55787,0.4497,0.7126,AMD R7 7700,RX9070,B650M,0.983,2,1.0,1,1.0,1,0.6673,5,1.0,1,1.0,1,0.5795,7,0.2883,7,0.0,10,1.0,1
遊戲,60000,0.0,1.0,指定 主機板:CP值,14,55787,0.4497,0.7126,AMD R7 7700,RX9070,B650M,0.983,2,1.0,1,1.0,1,0.6673,5,1.0,1,1.0,1,0.5795,7,0.2883,7,0.0,10,1.0,1
遊戲,60000,0.0,1.0,指定 主機板:CP值,15,55787,0.4497,0.7126,AMD R7 7700,RX9070,B650M,0.983,2,1.0,1,1.0,1,0.6673,5,1.0,1,1.0,1,0.5795,7,0.2883,7,0.0,10,1.0,1
遊戲,60000,0.0,1.0,指定 主機板:CP值,16,55787,0.4497,0.7126,AMD R7 7700,RX9070,B650M,0.983,2,1.0,1,1.0,1,0.6673,5,1.0,1,1.0,1,0.5795,7,0.2883,7,0.0,10,1.0,1
遊戲,60000,0.0,1.0,指定 主機板:CP值,17,55787,0.4497,0.7126,AMD R7 7700,RX9070,B650M,0.983,2,1.0,1,1.0,1,0.6673,5,1.0,1,1.0,1,0.5795,7,0.2883,7,0.0,10,1.0,1
遊戲,60000,0.0,1.0,指定 主機板:CP值,18,55787,0.4497,0.7126,AMD R7 7700,RX9070,B650M,0.983,2,1.0,1,1.0,1,0.6673,5,1.0,1,1.0,1,0.5795,7,0.2883,7,0.0,10,1.0,1
遊戲,60000,0.0,1.0,指定 主機板:CP值,19,55787,0.4497,0.7126,AMD R7 7700,RX9070,B650M,0.983,2,1.0,1,1.0,1,0.6673,5,1.0,1,1.0,1,0.5795,7,0.2883,7,0.0,10,1.0,1
