category,model,brand,series,data_level,title,url,tag,content,date,_index,relevant,label
CPU,Intel i3-14100,Intel,i3,型號,Re: [請益] I3-14100到底可不可以買?,https://www.ptt.cc/bbs/PC_Shopping/M.1758689168.A.E0C.html,→,他說記憶體共享能跑LLM 13B，以及SD 2K圖,09/24/2025,1,True,中立
CPU,Intel i3-14100,Intel,i3,型號,Re: [請益] I3-14100到底可不可以買?,https://www.ptt.cc/bbs/PC_Shopping/M.1758689168.A.E0C.html,→,只是AIGC應用。換言之他根本不會管Token,09/24/2025,9,True,中立
CPU,Intel i3-14100,Intel,i3,型號,Re: [請益] I3-14100到底可不可以買?,https://www.ptt.cc/bbs/PC_Shopping/M.1758689168.A.E0C.html,→,花費頂多是強升N卡以及電費吧,09/24/2025,17,True,中立
CPU,Intel i3-14100,Intel,i3,型號,Re: [請益] I3-14100到底可不可以買?,https://www.ptt.cc/bbs/PC_Shopping/M.1758689168.A.E0C.html,→,覺得慢啊，用20b附近的速度還不錯吧,09/24/2025,58,True,中立
CPU,Intel i3-14100,Intel,i3,型號,Re: [請益] I3-14100到底可不可以買?,https://www.ptt.cc/bbs/PC_Shopping/M.1758689168.A.E0C.html,→,120b可以跑，在ddr5的系統記憶體一半,09/24/2025,61,True,中立
CPU,Intel i3-14100,Intel,i3,型號,Re: [請益] I3-14100到底可不可以買?,https://www.ptt.cc/bbs/PC_Shopping/M.1758689168.A.E0C.html,→,ncensored內容也還不錯，速度尚可，,09/24/2025,63,True,中立
CPU,Intel i3-14100,Intel,i3,型號,Re: [請益] I3-14100到底可不可以買?,https://www.ptt.cc/bbs/PC_Shopping/M.1758689168.A.E0C.html,→,跑，比我想像中強，謝啦,09/24/2025,70,True,正評
CPU,Intel i3-14100,Intel,i3,型號,Re: [請益] I3-14100到底可不可以買?,https://www.ptt.cc/bbs/PC_Shopping/M.1758689168.A.E0C.html,→,加上雙通道6000能擠出120Gb/s就很好了,09/24/2025,81,True,中立
CPU,Intel i3-14100,Intel,i3,型號,Re: [請益] I3-14100到底可不可以買?,https://www.ptt.cc/bbs/PC_Shopping/M.1758689168.A.E0C.html,→,誰買誰盤子，笑你,09/24/2025,90,True,負評
CPU,Intel i3-14100,Intel,i3,型號,Re: [請益] I3-14100到底可不可以買?,https://www.ptt.cc/bbs/PC_Shopping/M.1758521944.A.134.html,→,除非自己跑SDR18 不然很多網頁夠用了,09/22/2025,157,True,中立
CPU,Intel i3-14100,Intel,i3,型號,Re: [請益] I3-14100到底可不可以買?,https://www.ptt.cc/bbs/PC_Shopping/M.1758521944.A.134.html,→,大概可以比mac mini好一點,09/22/2025,166,True,中立
CPU,Intel i3-14100,Intel,i3,型號,Re: [請益] I3-14100到底可不可以買?,https://www.ptt.cc/bbs/PC_Shopping/M.1758521944.A.134.html,推,我預算只有20K但是我要3A大作都能4K順,09/22/2025,168,True,中立
CPU,Intel i3-14100,Intel,i3,型號,Re: [請益] I3-14100到底可不可以買?,https://www.ptt.cc/bbs/PC_Shopping/M.1758521944.A.134.html,→,是原原pi不知道為什麼毛特別多 這個不要那,09/22/2025,201,True,負評
CPU,Intel i3-14100,Intel,i3,型號,Re: [請益] I3-14100到底可不可以買?,https://www.ptt.cc/bbs/PC_Shopping/M.1758521944.A.134.html,→,個不要 不然欣亞買整台20k的組合就好了,09/22/2025,202,True,負評
CPU,Intel i3-14100,Intel,i3,型號,Re: [請益] I3-14100到底可不可以買?,https://www.ptt.cc/bbs/PC_Shopping/M.1758521944.A.134.html,→,沒幹什麼硬上64G就真的不知道在想什麼了,09/22/2025,213,True,負評
CPU,Intel i3-14100,Intel,i3,型號,Re: [請益] I3-14100到底可不可以買?,https://www.ptt.cc/bbs/PC_Shopping/M.1758521944.A.134.html,→,"的一部分,雖然速度跟顯示卡記憶體沒法",09/22/2025,218,True,中立
CPU,Intel i3-14100,Intel,i3,型號,Re: [請益] I3-14100到底可不可以買?,https://www.ptt.cc/bbs/PC_Shopping/M.1758521944.A.134.html,→,比至少不會像以前動不動直接爆顯存給你,09/22/2025,219,True,中立
CPU,Intel i3-14100,Intel,i3,型號,Re: [請益] I3-14100到底可不可以買?,https://www.ptt.cc/bbs/PC_Shopping/M.1758521944.A.134.html,推,會不會縮缸這種事連原廠都不敢給保證了,09/22/2025,220,True,負評
CPU,Intel i3-14100,Intel,i3,型號,Re: [請益] I3-14100到底可不可以買?,https://www.ptt.cc/bbs/PC_Shopping/M.1758521944.A.134.html,推,推啦，原PO那種講白了，只配用爆殺i7,09/23/2025,239,True,中立
CPU,Intel i3-14100,Intel,i3,型號,Re: [請益] I3-14100到底可不可以買?,https://www.ptt.cc/bbs/PC_Shopping/M.1758521944.A.134.html,→,是達成原po想要的,09/23/2025,246,True,中立
CPU,Intel i3-14100,Intel,i3,型號,Re: [請益] I3-14100到底可不可以買?,https://www.ptt.cc/bbs/PC_Shopping/M.1758521944.A.134.html,→,找二手 但是對這類人來說 我自己也不太推薦,09/23/2025,250,True,負評
CPU,Intel i3-14100,Intel,i3,型號,Re: [請益] I3-14100到底可不可以買?,https://www.ptt.cc/bbs/PC_Shopping/M.1758521944.A.134.html,→,一樣，誰買誰盤子，記得買好貼上來給人笑,09/23/2025,259,True,負評
CPU,Intel i3-14100,Intel,i3,型號,Re: [請益] I3-14100到底可不可以買?,https://www.ptt.cc/bbs/PC_Shopping/M.1758521944.A.134.html,→,滿意 還不如一開始就直接買N卡 省一堆事,09/23/2025,267,True,正評
CPU,Intel i3-14100,Intel,i3,型號,[請益] I3-14100到底可不可以買?,https://www.ptt.cc/bbs/PC_Shopping/M.1758464494.A.AEC.html,推,怕就不要買 多200還要使用時整天怕東,09/21/2025,278,True,負評
CPU,Intel i3-14100,Intel,i3,型號,[請益] I3-14100到底可不可以買?,https://www.ptt.cc/bbs/PC_Shopping/M.1758464494.A.AEC.html,推,i5-12400F也差不多錢,09/21/2025,281,True,中立
CPU,Intel i3-14100,Intel,i3,型號,[請益] I3-14100到底可不可以買?,https://www.ptt.cc/bbs/PC_Shopping/M.1758464494.A.AEC.html,→,只有i5能買，i3都太貴，對岸12100F全,09/21/2025,284,True,負評
CPU,Intel i3-14100,Intel,i3,型號,[請益] I3-14100到底可不可以買?,https://www.ptt.cc/bbs/PC_Shopping/M.1758464494.A.AEC.html,推,會怕就算啦，單核boost時脈也才差10%,09/21/2025,294,True,中立
CPU,Intel i3-14100,Intel,i3,型號,[請益] I3-14100到底可不可以買?,https://www.ptt.cc/bbs/PC_Shopping/M.1758464494.A.AEC.html,→,12100跑不動的14100也跑不動啦,09/21/2025,297,True,負評
CPU,Intel i3-14100,Intel,i3,型號,[請益] I3-14100到底可不可以買?,https://www.ptt.cc/bbs/PC_Shopping/M.1758464494.A.AEC.html,→,5050遊戲性能比4060還要低，這東西唯一,09/21/2025,310,True,負評
CPU,Intel i3-14100,Intel,i3,型號,[請益] I3-14100到底可不可以買?,https://www.ptt.cc/bbs/PC_Shopping/M.1758464494.A.AEC.html,→,它是50系最便宜的新一代NVENC 。,09/21/2025,312,True,中立
CPU,Intel i3-14100,Intel,i3,型號,[請益] I3-14100到底可不可以買?,https://www.ptt.cc/bbs/PC_Shopping/M.1758464494.A.AEC.html,→,反正你不超頻，穩穩用的話二線品牌也沒,09/21/2025,314,True,中立
CPU,Intel i3-14100,Intel,i3,型號,[請益] I3-14100到底可不可以買?,https://www.ptt.cc/bbs/PC_Shopping/M.1758464494.A.AEC.html,→,怕縮缸，應該也會怕淘了出問題吧,09/21/2025,316,True,負評
CPU,Intel i3-14100,Intel,i3,型號,[請益] I3-14100到底可不可以買?,https://www.ptt.cc/bbs/PC_Shopping/M.1758464494.A.AEC.html,→,容易縮的主要是K版的那些，非K版的災情,09/21/2025,318,True,中立
CPU,Intel i3-14100,Intel,i3,型號,[請益] I3-14100到底可不可以買?,https://www.ptt.cc/bbs/PC_Shopping/M.1758464494.A.AEC.html,推,我用14100沒什麼問題的,09/21/2025,319,True,正評
CPU,Intel i3-14100,Intel,i3,型號,[請益] I3-14100到底可不可以買?,https://www.ptt.cc/bbs/PC_Shopping/M.1758464494.A.AEC.html,推,可以是可以 但我比較推薦12400 CPU同時跑,09/21/2025,325,True,中立
CPU,Intel i3-14100,Intel,i3,型號,[請益] I3-14100到底可不可以買?,https://www.ptt.cc/bbs/PC_Shopping/M.1758464494.A.AEC.html,→,當然要極限壓低預算就隨便 我自己是懶得省,09/21/2025,327,True,中立
CPU,Intel i3-14100,Intel,i3,型號,[請益] I3-14100到底可不可以買?,https://www.ptt.cc/bbs/PC_Shopping/M.1758464494.A.AEC.html,→,沒必要14100不如12400f ram至少拿美,09/22/2025,328,True,負評
CPU,Intel i3-14100,Intel,i3,型號,[請益] I3-14100到底可不可以買?,https://www.ptt.cc/bbs/PC_Shopping/M.1758464494.A.AEC.html,→,0K嗎？跑分網站看一輪好像那4核比8代6核,09/22/2025,332,True,中立
CPU,Intel i3-14100,Intel,i3,型號,[請益] I3-14100到底可不可以買?,https://www.ptt.cc/bbs/PC_Shopping/M.1758464494.A.AEC.html,推,整套垃圾不解釋，對岸啟動隨便都比,09/22/2025,334,True,負評
CPU,Intel i3-14100,Intel,i3,型號,[請益] I3-14100到底可不可以買?,https://www.ptt.cc/bbs/PC_Shopping/M.1758464494.A.AEC.html,→,這個香，真的不啟動也應該買12400F,09/22/2025,335,True,正評
CPU,Intel i3-14100,Intel,i3,型號,[請益] I3-14100到底可不可以買?,https://www.ptt.cc/bbs/PC_Shopping/M.1758464494.A.AEC.html,→,爛主板+雜牌記憶體而且還超爛時脈+超爛,09/22/2025,341,True,負評
CPU,Intel i3-14100,Intel,i3,型號,[請益] I3-14100到底可不可以買?,https://www.ptt.cc/bbs/PC_Shopping/M.1758464494.A.AEC.html,→,買電子垃圾也買表面規格好看點的,09/22/2025,345,True,負評
CPU,Intel i3-14100,Intel,i3,型號,[請益] I3-14100到底可不可以買?,https://www.ptt.cc/bbs/PC_Shopping/M.1758464494.A.AEC.html,推,124F屌打 然後藝人店有組搭B760M Gaming,09/22/2025,349,True,正評
CPU,Intel i3-14100,Intel,i3,型號,[請益] I3-14100到底可不可以買?,https://www.ptt.cc/bbs/PC_Shopping/M.1758464494.A.AEC.html,推,不追求效能 你有多少預算就買多少的,09/22/2025,352,True,中立
CPU,Intel i3-14100,Intel,i3,型號,[請益] I3-14100到底可不可以買?,https://www.ptt.cc/bbs/PC_Shopping/M.1758464494.A.AEC.html,推,可以 其實你心裡也有答案了 就買吧,09/22/2025,355,True,正評
CPU,Intel i3-14100,Intel,i3,型號,[請益] I3-14100到底可不可以買?,https://www.ptt.cc/bbs/PC_Shopping/M.1758464494.A.AEC.html,推,5050性價比高 再上去就5060ti 16g了,09/22/2025,356,True,中立
CPU,Intel i3-14100,Intel,i3,型號,[請益] I3-14100到底可不可以買?,https://www.ptt.cc/bbs/PC_Shopping/M.1758464494.A.AEC.html,→,了，但沒意義，多花錢效能不見得比d4強，,09/22/2025,364,True,負評
CPU,Intel i3-14100,Intel,i3,型號,[請益] I3-14100到底可不可以買?,https://www.ptt.cc/bbs/PC_Shopping/M.1758464494.A.AEC.html,推,用U不疑，疑U不用,09/22/2025,366,True,中立
CPU,Intel i3-14100,Intel,i3,型號,[請益] I3-14100到底可不可以買?,https://www.ptt.cc/bbs/PC_Shopping/M.1758464494.A.AEC.html,推,寧願買12400……,09/22/2025,367,True,負評
CPU,Intel i3-14100,Intel,i3,型號,[請益] I3-14100到底可不可以買?,https://www.ptt.cc/bbs/PC_Shopping/M.1758464494.A.AEC.html,→,"i3我覺得沒差,你喜歡就買",09/22/2025,373,True,中立
CPU,Intel i3-14100,Intel,i3,型號,[請益] I3-14100到底可不可以買?,https://www.ptt.cc/bbs/PC_Shopping/M.1758464494.A.AEC.html,推,結論看下來，你直接原單買不就好了。,09/22/2025,374,True,正評
CPU,Intel i3-14100,Intel,i3,型號,[請益] I3-14100到底可不可以買?,https://www.ptt.cc/bbs/PC_Shopping/M.1758464494.A.AEC.html,推,你別再問了 可以直接下單了,09/22/2025,377,True,正評
CPU,Intel i3-14100,Intel,i3,型號,[請益] I3-14100到底可不可以買?,https://www.ptt.cc/bbs/PC_Shopping/M.1758464494.A.AEC.html,→,這單很ok啊，直接下單吧,09/22/2025,381,True,正評
CPU,Intel i3-14100,Intel,i3,型號,[請益] I3-14100到底可不可以買?,https://www.ptt.cc/bbs/PC_Shopping/M.1758464494.A.AEC.html,推,就照你這樣配啊，超讚的不是,09/22/2025,384,True,正評
CPU,Intel i3-14100,Intel,i3,型號,[請益] I3-14100到底可不可以買?,https://www.ptt.cc/bbs/PC_Shopping/M.1758464494.A.AEC.html,→,但維修風險增加，自己選吧,09/22/2025,388,True,中立
CPU,Intel i3-14100,Intel,i3,型號,[請益] I3-14100到底可不可以買?,https://www.ptt.cc/bbs/PC_Shopping/M.1758464494.A.AEC.html,→,然後你要跑AI真的還不如買3060,09/22/2025,411,True,中立
CPU,Intel i3-14100,Intel,i3,型號,[請益] I3-14100到底可不可以買?,https://www.ptt.cc/bbs/PC_Shopping/M.1758464494.A.AEC.html,→,那你就不應該買新的,09/22/2025,416,True,負評
CPU,Intel i3-14100,Intel,i3,型號,[請益] I3-14100到底可不可以買?,https://www.ptt.cc/bbs/PC_Shopping/M.1758464494.A.AEC.html,→,別懷疑.你那套被嫌爛的配置夠跑8成遊戲了,09/22/2025,425,True,中立
CPU,Intel i3-14100,Intel,i3,型號,[請益] I3-14100到底可不可以買?,https://www.ptt.cc/bbs/PC_Shopping/M.1758464494.A.AEC.html,→,這個跑AI應該比較好吧？且也較便宜些,09/22/2025,446,True,中立
CPU,Intel i3-14100,Intel,i3,型號,[請益] I3-14100到底可不可以買?,https://www.ptt.cc/bbs/PC_Shopping/M.1758464494.A.AEC.html,→,不漂亮。所以有的是覺得再多存些加錢買,09/22/2025,458,True,負評
CPU,Intel i3-14100,Intel,i3,型號,[請益] I3-14100到底可不可以買?,https://www.ptt.cc/bbs/PC_Shopping/M.1758464494.A.AEC.html,→,價格對了 沒什麼是不能買的,09/22/2025,470,True,正評
CPU,Intel i3-14100,Intel,i3,型號,[請益] I3-14100到底可不可以買?,https://www.ptt.cc/bbs/PC_Shopping/M.1758464494.A.AEC.html,→,124F都比這便宜了 怎會挑141,09/22/2025,471,True,負評
CPU,Intel i3-14100,Intel,i3,型號,[請益] I3-14100到底可不可以買?,https://www.ptt.cc/bbs/PC_Shopping/M.1758464494.A.AEC.html,推,看預算、用途，14100是可以買的,09/22/2025,476,True,中立
CPU,Intel i3-14100,Intel,i3,型號,[請益] I3-14100到底可不可以買?,https://www.ptt.cc/bbs/PC_Shopping/M.1758464494.A.AEC.html,→,千，而且gpu弱是會等比較久，但vram不,09/22/2025,481,True,中立
CPU,Intel i3-14100,Intel,i3,型號,[請益] I3-14100到底可不可以買?,https://www.ptt.cc/bbs/PC_Shopping/M.1758464494.A.AEC.html,→,夠是直接不給跑，共用記憶體又卡pcie速,09/22/2025,482,True,負評
CPU,Intel i3-14100,Intel,i3,型號,[請益] I3-14100到底可不可以買?,https://www.ptt.cc/bbs/PC_Shopping/M.1758464494.A.AEC.html,→,更高cp值，只是現在時代已經變了，廠商更,09/22/2025,486,True,中立
CPU,Intel i3-14100,Intel,i3,型號,[請益] I3-14100到底可不可以買?,https://www.ptt.cc/bbs/PC_Shopping/M.1758464494.A.AEC.html,→,換週期真的短得誇張,09/22/2025,490,True,中立
CPU,Intel i3-14100,Intel,i3,型號,[請益] I3-14100到底可不可以買?,https://www.ptt.cc/bbs/PC_Shopping/M.1758464494.A.AEC.html,推,中低階找二手的會很划算 很多人低價在賣,09/22/2025,491,True,中立
CPU,Intel i3-14100,Intel,i3,型號,[請益] I3-14100到底可不可以買?,https://www.ptt.cc/bbs/PC_Shopping/M.1758464494.A.AEC.html,噓,很棒啊，就照你原本的單買就好啦，反,09/22/2025,496,True,正評
CPU,Intel i3-14100,Intel,i3,型號,[請益] I3-14100到底可不可以買?,https://www.ptt.cc/bbs/PC_Shopping/M.1758464494.A.AEC.html,→,鏟薯條，就什麼問題都沒了,09/23/2025,511,True,正評
CPU,Intel i5-12400,Intel,i5,型號(情報),[情報] autobuy 12400F組合5499,https://www.ptt.cc/bbs/PC_Shopping/M.1745760130.A.3B2.html,推,12400的優點不就12代跟內顯,04/27/2025,518,True,中立
CPU,Intel i5-12400,Intel,i5,型號(情報),[情報] autobuy 12400F組合5499,https://www.ptt.cc/bbs/PC_Shopping/M.1745760130.A.3B2.html,推,12400 配個好點的顯卡也很能跑,04/27/2025,519,True,正評
CPU,Intel i5-12400,Intel,i5,型號(情報),[情報] autobuy 12400F組合5499,https://www.ptt.cc/bbs/PC_Shopping/M.1745760130.A.3B2.html,→,5499也沒啥好嫌惹,04/27/2025,520,True,中立
CPU,Intel i5-12400,Intel,i5,型號(情報),[情報] autobuy 12400F組合5499,https://www.ptt.cc/bbs/PC_Shopping/M.1745760130.A.3B2.html,→,12400贏5600GT的地方只有AV1，用不到AV,04/27/2025,524,True,中立
CPU,Intel i5-12400,Intel,i5,型號(情報),[情報] autobuy 12400F組合5499,https://www.ptt.cc/bbs/PC_Shopping/M.1745760130.A.3B2.html,→,信仰不可才建議12400。,04/27/2025,526,True,中立
CPU,Intel i5-12400,Intel,i5,型號(情報),[情報] autobuy 12400F組合5499,https://www.ptt.cc/bbs/PC_Shopping/M.1745760130.A.3B2.html,→,有需要內顯的，可以考慮,04/27/2025,531,True,中立
CPU,Intel i5-12400,Intel,i5,型號(情報),[情報] autobuy 12400F組合5499,https://www.ptt.cc/bbs/PC_Shopping/M.1745760130.A.3B2.html,→,5700G跑一些遊戲可以，12400那內顯除了一y,04/27/2025,533,True,中立
CPU,Intel i5-12400,Intel,i5,型號(情報),[情報] autobuy 12400F組合5499,https://www.ptt.cc/bbs/PC_Shopping/M.1745760130.A.3B2.html,推,12400內顯可能也不太行了，YT直播竟然,04/27/2025,536,True,中立
CPU,Intel i5-12400,Intel,i5,型號(情報),[情報] autobuy 12400F組合5499,https://www.ptt.cc/bbs/PC_Shopping/M.1745760130.A.3B2.html,→,"Intel 內顯看影片還可以, 遊戲就別想了",04/27/2025,539,True,中立
CPU,Intel i5-12400,Intel,i5,型號(情報),[情報] autobuy 12400F組合5499,https://www.ptt.cc/bbs/PC_Shopping/M.1745760130.A.3B2.html,推,這張板供電只有三相，不一定能跑滿I5喔,04/27/2025,540,True,負評
CPU,Intel i5-12400,Intel,i5,型號(情報),[情報] autobuy 12400F組合5499,https://www.ptt.cc/bbs/PC_Shopping/M.1745760130.A.3B2.html,→,三相鎖65W 那不就連12100都沒辦法跑,04/27/2025,544,True,負評
CPU,Intel i5-12400,Intel,i5,型號(情報),[情報] autobuy 12400F組合5499,https://www.ptt.cc/bbs/PC_Shopping/M.1745760130.A.3B2.html,→,就算不鎖，三相的好像有時連跑65W都會降,04/27/2025,546,True,負評
CPU,Intel i5-12400,Intel,i5,型號(情報),[情報] autobuy 12400F組合5499,https://www.ptt.cc/bbs/PC_Shopping/M.1745760130.A.3B2.html,推,12400內顯在4K螢幕看youtube都會卡...,04/27/2025,548,True,負評
CPU,Intel i5-12400,Intel,i5,型號(情報),[情報] autobuy 12400F組合5499,https://www.ptt.cc/bbs/PC_Shopping/M.1745760130.A.3B2.html,→,沒道理會卡啊==,04/27/2025,552,True,中立
CPU,Intel i5-12400,Intel,i5,型號(情報),[情報] autobuy 12400F組合5499,https://www.ptt.cc/bbs/PC_Shopping/M.1745760130.A.3B2.html,推,UHD730別的不說 編解碼還是強的吧 理論上,04/27/2025,553,True,中立
CPU,Intel i5-12400,Intel,i5,型號(情報),[情報] autobuy 12400F組合5499,https://www.ptt.cc/bbs/PC_Shopping/M.1745760130.A.3B2.html,推,我用12400內顯看yt直播和4K沒卡阿,04/28/2025,560,True,正評
CPU,Intel i5-12400,Intel,i5,型號(情報),[情報] autobuy 12400F組合5499,https://www.ptt.cc/bbs/PC_Shopping/M.1745760130.A.3B2.html,推,Intel內顯有支援av1不太可能卡啊,04/28/2025,561,True,中立
CPU,Intel i5-12400,Intel,i5,型號(情報),[情報] autobuy 12400F組合5499,https://www.ptt.cc/bbs/PC_Shopping/M.1745760130.A.3B2.html,推,12代最有價值就是它的內顯AV1解碼,04/28/2025,565,True,正評
CPU,Intel i5-12400,Intel,i5,型號(情報),[情報] autobuy 12400F組合5499,https://www.ptt.cc/bbs/PC_Shopping/M.1745760130.A.3B2.html,→,"但可以直接玩1080p遊戲,有玩遊戲可買",04/28/2025,568,True,正評
CPU,Intel i5-12400,Intel,i5,型號(情報),[情報] autobuy 12400F組合5499,https://www.ptt.cc/bbs/PC_Shopping/M.1745760130.A.3B2.html,推,還有UHD730有時候HEVC硬體加速會用不了,04/28/2025,569,True,中立
CPU,Intel i5-12400,Intel,i5,型號(情報),[情報] autobuy 12400F組合5499,https://www.ptt.cc/bbs/PC_Shopping/M.1745760130.A.3B2.html,推,實測 H610 和 B660 配 12400 效能差不多,04/28/2025,572,True,中立
CPU,Intel i5-12400,Intel,i5,型號(情報),[情報] autobuy 12400F組合5499,https://www.ptt.cc/bbs/PC_Shopping/M.1745760130.A.3B2.html,→,因為正常狀況耗電量不會超過 65W 很多,04/28/2025,573,True,中立
CPU,Intel i5-12400,Intel,i5,型號(情報),[情報] autobuy 12400F組合5499,https://www.ptt.cc/bbs/PC_Shopping/M.1745760130.A.3B2.html,→,但是跑起來溫度天差地遠 應該會影響壽命,04/28/2025,574,True,負評
CPU,Intel i5-12400,Intel,i5,型號(情報),[情報] autobuy 12400F組合5499,https://www.ptt.cc/bbs/PC_Shopping/M.1745760130.A.3B2.html,→,光是VRM會熱到七八十度很多人就不會買了,04/29/2025,577,True,負評
CPU,Intel i5-12400,Intel,i5,型號(情報),[情報] autobuy 12400F組合5499,https://www.ptt.cc/bbs/PC_Shopping/M.1745760130.A.3B2.html,→,又不是真的差多少錢 而且多的功能還有用,04/29/2025,578,True,中立
CPU,Intel i5-12400,Intel,i5,型號(情報),[情報] autobuy 12400F組合5499,https://www.ptt.cc/bbs/PC_Shopping/M.1745760130.A.3B2.html,→,12400有二種核心 抽到H0核心的功耗會低一點,04/29/2025,579,True,中立
CPU,Intel i5-12400,Intel,i5,型號(情報),[情報] autobuy 12400F組合5499,https://www.ptt.cc/bbs/PC_Shopping/M.1745760130.A.3B2.html,推,12400真是一代神U，便宜又好用，配一張好,04/29/2025,580,True,正評
CPU,Intel i5-12400,Intel,i5,型號(情報),[情報] autobuy 12400F組合5499,https://www.ptt.cc/bbs/PC_Shopping/M.1745760130.A.3B2.html,推,12400看yt都卡一定有其他問題啦，那個,04/29/2025,582,True,負評
CPU,Intel i5-12400,Intel,i5,型號(情報),[情報] autobuy 12400F組合5499,https://www.ptt.cc/bbs/PC_Shopping/M.1745760130.A.3B2.html,→,等級的內顯看4k影片是夠力的,04/29/2025,583,True,正評
CPU,Intel i5-12400,Intel,i5,型號,[請益] i5-12400+技嘉4070s eagle 電供抉擇,https://www.ptt.cc/bbs/PC_Shopping/M.1739379932.A.AF7.html,→,你CPU也只是12400 650W很夠用啦,02/13/2025,590,True,中立
CPU,Intel i5-12400,Intel,i5,型號,[請益] i5-12400+技嘉4070s eagle 電供抉擇,https://www.ptt.cc/bbs/PC_Shopping/M.1739379932.A.AF7.html,推,12400遊戲時跑不到70W，4070S不到250W，,02/13/2025,598,True,中立
CPU,Intel i5-12400,Intel,i5,型號,[請益] i5-12400+技嘉4070s eagle 電供抉擇,https://www.ptt.cc/bbs/PC_Shopping/M.1739379932.A.AF7.html,推,136k+4070s 全開大概440w,02/13/2025,612,True,中立
CPU,Intel i5-12400,Intel,i5,型號,[請益] i5-12400+技嘉4070s eagle 電供抉擇,https://www.ptt.cc/bbs/PC_Shopping/M.1739379932.A.AF7.html,→,推的 原po才用12400很安全,02/13/2025,621,True,中立
CPU,Intel i5-12400,Intel,i5,型號,[請益] i5-12400+技嘉4070s eagle 電供抉擇,https://www.ptt.cc/bbs/PC_Shopping/M.1739379932.A.AF7.html,→,可以了啦 我12400+4070用gx550沒壓力,02/13/2025,623,True,正評
CPU,Intel i5-12400,Intel,i5,型號,[請益] i5-12400+技嘉4070s eagle 電供抉擇,https://www.ptt.cc/bbs/PC_Shopping/M.1739379932.A.AF7.html,→,0w 8pin線x2推，MHW開2k只有90幾幀，後,02/13/2025,632,True,負評
CPU,Intel i5-12400,Intel,i5,型號,[請益] i5-12400+技嘉4070s eagle 電供抉擇,https://www.ptt.cc/bbs/PC_Shopping/M.1739379932.A.AF7.html,→,來電供壞了換1000w結果幀數直接爆到144,02/13/2025,633,True,正評
CPU,Intel i5-12400,Intel,i5,型號,[請益] i5-12400+技嘉4070s eagle 電供抉擇,https://www.ptt.cc/bbs/PC_Shopping/M.1739379932.A.AF7.html,→,CPU 65W 算些其他雜七雜八的 應該是ok,02/13/2025,636,True,中立
CPU,Intel i5-12400,Intel,i5,型號,[請益] i5-12400+技嘉4070s eagle 電供抉擇,https://www.ptt.cc/bbs/PC_Shopping/M.1739379932.A.AF7.html,→,intel的U要再加一點就是 不過預估也是夠,02/13/2025,637,True,中立
CPU,Intel i5-12400,Intel,i5,型號,[請益] i5-12400+技嘉4070s eagle 電供抉擇,https://www.ptt.cc/bbs/PC_Shopping/M.1739379932.A.AF7.html,推,不用 跑魔物獵人 全開也才150瓦左右,02/14/2025,644,True,中立
CPU,Intel i5-12400,Intel,i5,型號,[閒聊] 12400T oc 4.8G@140.7mhz 沒縮缸,https://www.ptt.cc/bbs/PC_Shopping/M.1730559956.A.17A.html,→,雖然這片的良率有點抖。,11/02/2024,654,True,中立
CPU,Intel i5-12400,Intel,i5,型號,[閒聊] 12400T oc 4.8G@140.7mhz 沒縮缸,https://www.ptt.cc/bbs/PC_Shopping/M.1730559956.A.17A.html,推,Deskmini的供電都抓的剛剛好 超頻真的不,11/02/2024,656,True,中立
CPU,Intel i5-12400,Intel,i5,型號,[閒聊] 12400T oc 4.8G@140.7mhz 沒縮缸,https://www.ptt.cc/bbs/PC_Shopping/M.1730559956.A.17A.html,→,4.8超太小力了，直上5G吧,11/02/2024,657,True,中立
CPU,Intel i5-12400,Intel,i5,型號,[閒聊] 12400T oc 4.8G@140.7mhz 沒縮缸,https://www.ptt.cc/bbs/PC_Shopping/M.1730559956.A.17A.html,推,1.2v 4.8g的12400是什麼神仙體質,11/02/2024,658,True,正評
CPU,Intel i5-12400,Intel,i5,型號,[閒聊] 12400T oc 4.8G@140.7mhz 沒縮缸,https://www.ptt.cc/bbs/PC_Shopping/M.1730559956.A.17A.html,→,有一說是12th不會縮只是參數拉不夠高,11/03/2024,668,True,中立
CPU,Intel i5-12400,Intel,i5,型號(情報),[情報] Intel i5-12400F $3580平輸/3690公司,https://www.ptt.cc/bbs/PC_Shopping/M.1725434402.A.9D7.html,→,"存值得買的, 畢竟便宜治百病",09/04/2024,693,True,正評
CPU,Intel i5-12400,Intel,i5,型號(情報),[情報] Intel i5-12400F $3580平輸/3690公司,https://www.ptt.cc/bbs/PC_Shopping/M.1725434402.A.9D7.html,推,專打3A 4k的電玩機可以考慮 反正運算壓力,09/04/2024,703,True,中立
CPU,Intel i5-12400,Intel,i5,型號(情報),[情報] Intel i5-12400F $3580平輸/3690公司,https://www.ptt.cc/bbs/PC_Shopping/M.1725434402.A.9D7.html,→,"12400沒同步降價差評, 合理價$4390",09/04/2024,706,True,中立
CPU,Intel i5-12400,Intel,i5,型號(情報),[情報] Intel i5-12400F $3580平輸/3690公司,https://www.ptt.cc/bbs/PC_Shopping/M.1725434402.A.9D7.html,→,多七百買個內顯。,09/04/2024,714,True,中立
CPU,Intel i5-12400,Intel,i5,型號(情報),[情報] Intel i5-12400F $3580平輸/3690公司,https://www.ptt.cc/bbs/PC_Shopping/M.1725434402.A.9D7.html,→,買這顆就是一定要拿顯卡，顯卡現在低預,09/04/2024,716,True,中立
CPU,Intel i5-12400,Intel,i5,型號(情報),[情報] Intel i5-12400F $3580平輸/3690公司,https://www.ptt.cc/bbs/PC_Shopping/M.1725434402.A.9D7.html,→,100當冤大頭? 買到撞到,09/04/2024,720,True,負評
CPU,Intel i5-12400,Intel,i5,型號(情報),[情報] Intel i5-12400F $3580平輸/3690公司,https://www.ptt.cc/bbs/PC_Shopping/M.1725434402.A.9D7.html,→,其實便宜一千多塊少2年保固要說划算似,09/04/2024,728,True,中立
CPU,Intel i5-12400,Intel,i5,型號(情報),[情報] Intel i5-12400F $3580平輸/3690公司,https://www.ptt.cc/bbs/PC_Shopping/M.1725434402.A.9D7.html,推,殺到3000內 就買一張來放著未來升級用,09/04/2024,734,True,正評
CPU,Intel i5-12400,Intel,i5,型號(情報),[情報] Intel i5-12400F $3580平輸/3690公司,https://www.ptt.cc/bbs/PC_Shopping/M.1725434402.A.9D7.html,→,12代沒問題啦 有問題的事13 14代,09/04/2024,743,True,中立
CPU,Intel i5-12400,Intel,i5,型號(情報),[情報] Intel i5-12400F $3580平輸/3690公司,https://www.ptt.cc/bbs/PC_Shopping/M.1725434402.A.9D7.html,→,等於根本沒進步 幹嘛買,09/04/2024,747,True,負評
CPU,Intel i5-12400,Intel,i5,型號(情報),[情報] Intel i5-12400F $3580平輸/3690公司,https://www.ptt.cc/bbs/PC_Shopping/M.1725434402.A.9D7.html,→,不過這幾顆預設電壓都不高 應該是還好,09/04/2024,761,True,中立
CPU,Intel i5-12400,Intel,i5,型號(情報),[情報] Intel i5-12400F $3580平輸/3690公司,https://www.ptt.cc/bbs/PC_Shopping/M.1725434402.A.9D7.html,→,有可以被稱作一代神U的東西了,09/04/2024,769,True,正評
CPU,Intel i5-12400,Intel,i5,型號(情報),[情報] Intel i5-12400F $3580平輸/3690公司,https://www.ptt.cc/bbs/PC_Shopping/M.1725434402.A.9D7.html,→,"因為它理論上並沒有進步, 同頻IPC成長不到",09/05/2024,774,True,中立
CPU,Intel i5-12400,Intel,i5,型號(情報),[情報] Intel i5-12400F $3580平輸/3690公司,https://www.ptt.cc/bbs/PC_Shopping/M.1725434402.A.9D7.html,→,導致12400這個價位根本沒有選擇，基本上這,09/05/2024,777,True,中立
CPU,Intel i5-12400,Intel,i5,型號(情報),[情報] Intel i5-12400F $3580平輸/3690公司,https://www.ptt.cc/bbs/PC_Shopping/M.1725434402.A.9D7.html,→,但綁在DDR4平台 i5-12400這個價錢很,09/05/2024,783,True,中立
CPU,Intel i5-12400,Intel,i5,型號(情報),[情報] Intel i5-12400F $3580平輸/3690公司,https://www.ptt.cc/bbs/PC_Shopping/M.1725434402.A.9D7.html,→,年前產品依然堪用,09/05/2024,790,True,中立
CPU,Intel i5-12400,Intel,i5,型號(情報),[情報] Intel i5-12400F $3580平輸/3690公司,https://www.ptt.cc/bbs/PC_Shopping/M.1725434402.A.9D7.html,→,124超外頻也很猛阿..不過要特定主版,09/06/2024,795,True,中立
CPU,Intel i5-12400,Intel,i5,型號,[請益] 12400f換12600kf,https://www.ptt.cc/bbs/PC_Shopping/M.1723118449.A.FF6.html,推,無感 不用浪費這個錢,08/08/2024,796,True,負評
CPU,Intel i5-12400,Intel,i5,型號,[請益] 12400f換12600kf,https://www.ptt.cc/bbs/PC_Shopping/M.1723118449.A.FF6.html,推,12400f OC和12600kf OC遊戲幀率差不,08/08/2024,799,True,中立
CPU,Intel i5-12400,Intel,i5,型號,[請益] 12400f換12600kf,https://www.ptt.cc/bbs/PC_Shopping/M.1723118449.A.FF6.html,→,無感升級 不如連板子一起換上7800x,08/09/2024,835,True,中立
CPU,Intel i5-12400,Intel,i5,型號(情報),[情報] 順發i5-12400 特價4990元,https://www.ptt.cc/bbs/PC_Shopping/M.1711589944.A.882.html,推,買美亞特價便宜又大碗又有保固 便宜治百,03/28/2024,838,True,正評
CPU,Intel i5-12400,Intel,i5,型號(情報),[情報] 順發i5-12400 特價4990元,https://www.ptt.cc/bbs/PC_Shopping/M.1711589944.A.882.html,→,"但7500f可沒有內顯,而且不能用ddr4",03/28/2024,840,True,中立
CPU,Intel i5-12400,Intel,i5,型號(情報),[情報] 順發i5-12400 特價4990元,https://www.ptt.cc/bbs/PC_Shopping/M.1711589944.A.882.html,推,便宜 有內顯又有ddr4 還比較穩定,03/28/2024,842,True,正評
CPU,Intel i5-12400,Intel,i5,型號(情報),[情報] 順發i5-12400 特價4990元,https://www.ptt.cc/bbs/PC_Shopping/M.1711589944.A.882.html,推,12400藍廠最後清流了吧 畢竟沒大小,03/28/2024,849,True,中立
CPU,Intel i5-12400,Intel,i5,型號(情報),[情報] 順發i5-12400 特價4990元,https://www.ptt.cc/bbs/PC_Shopping/M.1711589944.A.882.html,→,你要多工那就拿更多核心的,03/28/2024,862,True,中立
CPU,Intel i5-12400,Intel,i5,型號(情報),[情報] 順發i5-12400 特價4990元,https://www.ptt.cc/bbs/PC_Shopping/M.1711589944.A.882.html,推,整機組起來12400會比7500f便宜一些，況且,03/28/2024,868,True,中立
CPU,Intel i5-12400,Intel,i5,型號(情報),[情報] 順發i5-12400 特價4990元,https://www.ptt.cc/bbs/PC_Shopping/M.1711589944.A.882.html,→,戲表現不是很好，後兩者比不上同時代的,03/28/2024,876,True,負評
CPU,Intel i5-12400,Intel,i5,型號(情報),[情報] 順發i5-12400 特價4990元,https://www.ptt.cc/bbs/PC_Shopping/M.1711589944.A.882.html,→,7500F對比應該是14400F吧，拿來比12400很怪,03/28/2024,877,True,中立
CPU,Intel i5-12400,Intel,i5,型號(情報),[情報] 順發i5-12400 特價4990元,https://www.ptt.cc/bbs/PC_Shopping/M.1711589944.A.882.html,推,用價錢比，沒問題阿,03/28/2024,879,True,正評
CPU,Intel i5-12400,Intel,i5,型號(情報),[情報] 順發i5-12400 特價4990元,https://www.ptt.cc/bbs/PC_Shopping/M.1711589944.A.882.html,→,+雙塔，跟7500F平台 價差不大,03/29/2024,902,True,中立
CPU,Intel i5-12400,Intel,i5,型號(情報),[情報] 原價屋 i3 12100 i5 12400 到貨,https://www.ptt.cc/bbs/PC_Shopping/M.1704369914.A.078.html,→,12400合理價4990 / 12400F合理價4490,01/04/2024,919,True,中立
CPU,Intel i5-12400,Intel,i5,型號(情報),[情報] 原價屋 i3 12100 i5 12400 到貨,https://www.ptt.cc/bbs/PC_Shopping/M.1704369914.A.078.html,→,算上Zen4的IPC約提昇7% 還有DDR5加持,01/04/2024,922,True,中立
CPU,Intel i5-12400,Intel,i5,型號(情報),[情報] 原價屋 i3 12100 i5 12400 到貨,https://www.ptt.cc/bbs/PC_Shopping/M.1704369914.A.078.html,→,這價錢甚至代理商的12100都有點臭，只,01/05/2024,938,True,中立
CPU,Intel i5-12400,Intel,i5,型號(情報),[情報] 原價屋 i3 12100 i5 12400 到貨,https://www.ptt.cc/bbs/PC_Shopping/M.1704369914.A.078.html,→,12400真貴..,01/05/2024,941,True,負評
CPU,Intel i5-12400,Intel,i5,型號(情報),[情報] 原價屋 i3 12100 i5 12400 到貨,https://www.ptt.cc/bbs/PC_Shopping/M.1704369914.A.078.html,→,熱有就好的買12400也不是不行,01/07/2024,950,True,中立
CPU,Intel i5-12400,Intel,i5,型號,[菜單] 購物網站 12400f 4070主機 高cp,https://www.ptt.cc/bbs/PC_Shopping/M.1695175136.A.8EB.html,推,還行 只是會自組同價能選更好的拋、記憶體、,09/21/2023,993,True,中立
CPU,Intel i5-12400,Intel,i5,型號,Re: [請益] i5-12400換AM4平台,https://www.ptt.cc/bbs/PC_Shopping/M.1692751357.A.320.html,→,反作弊系統在intel的CPU上面就跑的好好的,08/23/2023,1024,True,中立
CPU,Intel i5-12400,Intel,i5,型號,Re: [請益] i5-12400換AM4平台,https://www.ptt.cc/bbs/PC_Shopping/M.1692751357.A.320.html,噓,整個重灌有順一點啦 但還是卡 沒AMD順,08/23/2023,1041,True,中立
CPU,Intel i5-12400,Intel,i5,型號,Re: [請益] i5-12400換AM4平台,https://www.ptt.cc/bbs/PC_Shopping/M.1692751357.A.320.html,噓,我12400瑟瑟發抖,08/26/2023,1048,True,負評
CPU,Intel i5-12400,Intel,i5,型號,Re: [請益] i5-12400換AM4平台,https://www.ptt.cc/bbs/PC_Shopping/M.1692722062.A.396.html,→,別忘記12400並沒有大小核,08/23/2023,1052,True,中立
CPU,Intel i5-12400,Intel,i5,型號,Re: [請益] i5-12400換AM4平台,https://www.ptt.cc/bbs/PC_Shopping/M.1692722062.A.396.html,→,是原生6大核(P核)的 但他有遇到卡頓的情形,08/23/2023,1059,True,中立
CPU,Intel i5-12400,Intel,i5,型號,Re: [請益] i5-12400換AM4平台,https://www.ptt.cc/bbs/PC_Shopping/M.1692722062.A.396.html,噓,可憐哪 坐牢遊戲,08/23/2023,1079,True,負評
CPU,Intel i5-12400,Intel,i5,型號,Re: [請益] i5-12400換AM4平台,https://www.ptt.cc/bbs/PC_Shopping/M.1692722062.A.396.html,推,我用12400玩不會卡欸，是等級太低嗎,08/23/2023,1084,True,正評
CPU,Intel i5-12400,Intel,i5,型號,Re: [請益] i5-12400換AM4平台,https://www.ptt.cc/bbs/PC_Shopping/M.1692722062.A.396.html,推,那個不會卡的 我練低等分身也不太卡,08/23/2023,1087,True,正評
CPU,Intel i5-12400,Intel,i5,型號,Re: [請益] i5-12400換AM4平台,https://www.ptt.cc/bbs/PC_Shopping/M.1692722062.A.396.html,→,win10/11都會卡,08/23/2023,1091,True,負評
CPU,Intel i5-12400,Intel,i5,型號,Re: [請益] i5-12400換AM4平台,https://www.ptt.cc/bbs/PC_Shopping/M.1692722062.A.396.html,→,玩遊戲時 task loading判斷不正確 導致系,08/23/2023,1092,True,負評
CPU,Intel i5-12400,Intel,i5,型號,Re: [請益] i5-12400換AM4平台,https://www.ptt.cc/bbs/PC_Shopping/M.1692722062.A.396.html,→,統頻繁調整cpu freq 所以看到明顯的卡頓,08/23/2023,1093,True,負評
CPU,Intel i5-12400,Intel,i5,型號,Re: [請益] i5-12400換AM4平台,https://www.ptt.cc/bbs/PC_Shopping/M.1692722062.A.396.html,→,是錯誤的調整cpu freq 都會造成卡頓,08/23/2023,1098,True,中立
CPU,Intel i5-12400,Intel,i5,型號,Re: [請益] i5-12400換AM4平台,https://www.ptt.cc/bbs/PC_Shopping/M.1692694600.A.D75.html,推,卡成那樣居然會覺得正常 你的遊戲體驗也,08/22/2023,1111,True,負評
CPU,Intel i5-12400,Intel,i5,型號,Re: [請益] i5-12400換AM4平台,https://www.ptt.cc/bbs/PC_Shopping/M.1692694600.A.D75.html,推,樓樓上，12400沒有大小核說,08/22/2023,1112,True,中立
CPU,Intel i5-12400,Intel,i5,型號,Re: [請益] i5-12400換AM4平台,https://www.ptt.cc/bbs/PC_Shopping/M.1692694600.A.D75.html,推,這種爛優化最怕的就是換了更卡,08/22/2023,1124,True,負評
CPU,Intel i5-12400,Intel,i5,型號,Re: [請益] i5-12400換AM4平台,https://www.ptt.cc/bbs/PC_Shopping/M.1692694600.A.D75.html,→,但還是卡 超級沒有用 關背景應用跟遊,08/22/2023,1126,True,負評
CPU,Intel i5-12400,Intel,i5,型號,Re: [請益] i5-12400換AM4平台,https://www.ptt.cc/bbs/PC_Shopping/M.1692694600.A.D75.html,→,光，就素質普遍很普通,08/22/2023,1146,True,中立
CPU,Intel i5-12400,Intel,i5,型號,Re: [請益] i5-12400換AM4平台,https://www.ptt.cc/bbs/PC_Shopping/M.1692694600.A.D75.html,→,一個CPU都能屌打 沒想到瘋子谷比我想像的還,08/22/2023,1158,True,正評
CPU,Intel i5-12400,Intel,i5,型號,Re: [請益] i5-12400換AM4平台,https://www.ptt.cc/bbs/PC_Shopping/M.1692694600.A.D75.html,推,7500F幹翻12700...lol,08/22/2023,1164,True,中立
CPU,Intel i5-12400,Intel,i5,型號,Re: [請益] i5-12400換AM4平台,https://www.ptt.cc/bbs/PC_Shopping/M.1692694600.A.D75.html,→,這情況不是L3快取大小造成 因為快取只有一半,08/22/2023,1182,True,中立
CPU,Intel i5-12400,Intel,i5,型號,Re: [請益] i5-12400換AM4平台,https://www.ptt.cc/bbs/PC_Shopping/M.1692694600.A.D75.html,→,Intel 就是製程跟不上阿。,08/22/2023,1193,True,中立
CPU,Intel i5-12400,Intel,i5,型號,Re: [請益] i5-12400換AM4平台,https://www.ptt.cc/bbs/PC_Shopping/M.1692694600.A.D75.html,→,玩其他遊戲都是Intel屌打,08/23/2023,1208,True,中立
CPU,Intel i5-12400,Intel,i5,型號,[心得] Ryzen 5 5600G 與 Core i5 12400 輕測試,https://www.ptt.cc/bbs/PC_Shopping/M.1691594332.A.854.html,推,這兩顆TA頂多3080吧 3.0跟4.0根本沒差..,08/09/2023,1216,True,中立
CPU,Intel i5-12400,Intel,i5,型號,[心得] Ryzen 5 5600G 與 Core i5 12400 輕測試,https://www.ptt.cc/bbs/PC_Shopping/M.1691594332.A.854.html,→,比5600減10%,08/10/2023,1220,True,中立
CPU,Intel i5-12400,Intel,i5,型號,[心得] Ryzen 5 5600G 與 Core i5 12400 輕測試,https://www.ptt.cc/bbs/PC_Shopping/M.1691594332.A.854.html,→,都三開天堂1，2600順很多,08/10/2023,1229,True,中立
CPU,Intel i5-12400,Intel,i5,型號,[心得] Ryzen 5 5600G 與 Core i5 12400 輕測試,https://www.ptt.cc/bbs/PC_Shopping/M.1691594332.A.854.html,推,分數低是cpuz對intel太優待吧,08/10/2023,1231,True,中立
CPU,Intel i5-12400,Intel,i5,型號,[心得] Ryzen 5 5600G 與 Core i5 12400 輕測試,https://www.ptt.cc/bbs/PC_Shopping/M.1691594332.A.854.html,推,你這顆12400是H0核心的,08/10/2023,1235,True,中立
CPU,Intel i5-12400,Intel,i5,型號,Re: [請益] i5-12400換AM4平台,https://www.ptt.cc/bbs/PC_Shopping/M.1690982161.A.FDD.html,→,手動關閉第5、6個核心 也就是剩下1~4個核心,08/03/2023,1253,True,中立
CPU,Intel i5-12400,Intel,i5,型號,Re: [請益] i5-12400換AM4平台,https://www.ptt.cc/bbs/PC_Shopping/M.1690982161.A.FDD.html,→,伯仲之間 12500的生產力應用高一點,08/03/2023,1257,True,中立
CPU,Intel i5-12400,Intel,i5,型號,Re: [請益] i5-12400換AM4平台,https://www.ptt.cc/bbs/PC_Shopping/M.1690982161.A.FDD.html,→,12500都是H0核心 和H0的12400只差別在於內顯,08/03/2023,1267,True,中立
CPU,Intel i5-12400,Intel,i5,型號,Re: [請益] i5-12400換AM4平台,https://www.ptt.cc/bbs/PC_Shopping/M.1690982161.A.FDD.html,→,前者是滿血的H0晶片 後者是內顯遮蔽8組EU,08/03/2023,1268,True,中立
CPU,Intel i5-12400,Intel,i5,型號,Re: [請益] i5-12400換AM4平台,https://www.ptt.cc/bbs/PC_Shopping/M.1690982161.A.FDD.html,→,還有關閉一組轉檔引擎和降低一點CPU時脈,08/03/2023,1269,True,中立
CPU,Intel i5-12400,Intel,i5,型號,Re: [請益] i5-12400換AM4平台,https://www.ptt.cc/bbs/PC_Shopping/M.1690780569.A.0D2.html,→,12400但是順暢到不行,07/31/2023,1286,True,正評
CPU,Intel i5-12400,Intel,i5,型號,Re: [請益] i5-12400換AM4平台,https://www.ptt.cc/bbs/PC_Shopping/M.1690780569.A.0D2.html,→,到正常情況下遊戲跑不順吧,07/31/2023,1299,True,負評
CPU,Intel i5-12400,Intel,i5,型號,Re: [請益] i5-12400換AM4平台,https://www.ptt.cc/bbs/PC_Shopping/M.1690780569.A.0D2.html,→,我組好電腦到現在一年多，沒變順,07/31/2023,1303,True,正評
CPU,Intel i5-12400,Intel,i5,型號,Re: [請益] i5-12400換AM4平台,https://www.ptt.cc/bbs/PC_Shopping/M.1690780569.A.0D2.html,推,我開始懷疑是散熱問題了，要不要測個溫度,07/31/2023,1304,True,中立
CPU,Intel i5-12400,Intel,i5,型號,Re: [請益] i5-12400換AM4平台,https://www.ptt.cc/bbs/PC_Shopping/M.1690780569.A.0D2.html,推,烙格 已經原廠扇用到水冷都沒改善ㄌ,07/31/2023,1306,True,負評
CPU,Intel i5-12400,Intel,i5,型號,Re: [請益] i5-12400換AM4平台,https://www.ptt.cc/bbs/PC_Shopping/M.1690780569.A.0D2.html,→,就跟你說優化爛會卡了你在那糾結什麼,07/31/2023,1312,True,負評
CPU,Intel i5-12400,Intel,i5,型號,[請益] i5-12400換AM4平台,https://www.ptt.cc/bbs/PC_Shopping/M.1690773600.A.E56.html,→,CP值要高 通常就找5600的板U組合,07/31/2023,1323,True,中立
CPU,Intel i5-12400,Intel,i5,型號,[請益] i5-12400換AM4平台,https://www.ptt.cc/bbs/PC_Shopping/M.1690773600.A.E56.html,推,12400只有大核不是,07/31/2023,1326,True,中立
CPU,Intel i5-12400,Intel,i5,型號,[請益] i5-12400換AM4平台,https://www.ptt.cc/bbs/PC_Shopping/M.1690773600.A.E56.html,推,32mb的L3快取本來網遊就吃香,07/31/2023,1344,True,中立
CPU,Intel i5-12400,Intel,i5,型號,[請益] i5-12400換AM4平台,https://www.ptt.cc/bbs/PC_Shopping/M.1690773600.A.E56.html,推,12400玩楓之谷會卡也太神奇,07/31/2023,1347,True,負評
CPU,Intel i5-12400,Intel,i5,型號,[請益] i5-12400換AM4平台,https://www.ptt.cc/bbs/PC_Shopping/M.1690773600.A.E56.html,→,10K換AM4…還不如把CPU/MB/Ram都賣了把預,07/31/2023,1352,True,中立
CPU,Intel i5-12400,Intel,i5,型號,[請益] i5-12400換AM4平台,https://www.ptt.cc/bbs/PC_Shopping/M.1690773600.A.E56.html,→,怎麼調都沒用的 5600還屌打i9,07/31/2023,1369,True,負評
CPU,Intel i5-12400,Intel,i5,型號,[請益] i5-12400換AM4平台,https://www.ptt.cc/bbs/PC_Shopping/M.1690773600.A.E56.html,→,到正常情況下遊戲跑不順吧,07/31/2023,1391,True,負評
CPU,Intel i5-12400,Intel,i5,型號,[請益] i5-12400換AM4平台,https://www.ptt.cc/bbs/PC_Shopping/M.1690773600.A.E56.html,推,12400又沒有小核哪來的大小核問題,07/31/2023,1393,True,中立
CPU,Intel i5-12400,Intel,i5,型號,[請益] i5-12400換AM4平台,https://www.ptt.cc/bbs/PC_Shopping/M.1690773600.A.E56.html,推,12400的小核如果是遮蔽的可能有影響,07/31/2023,1401,True,中立
CPU,Intel i5-12400,Intel,i5,型號,[請益] i5-12400換AM4平台,https://www.ptt.cc/bbs/PC_Shopping/M.1690773600.A.E56.html,推,原PO那顆是H0原生就沒有小核的，只能說,07/31/2023,1405,True,中立
CPU,Intel i5-12400,Intel,i5,型號,[請益] i5-12400換AM4平台,https://www.ptt.cc/bbs/PC_Shopping/M.1690773600.A.E56.html,→,5500的遊戲效能大約是3600X等級 IPC則強不少,07/31/2023,1419,True,正評
CPU,Intel i5-12400,Intel,i5,型號,[請益] i5-12400換AM4平台,https://www.ptt.cc/bbs/PC_Shopping/M.1690773600.A.E56.html,→,前用3600正常玩 升級12400反而變不順,08/01/2023,1429,True,負評
CPU,Intel i5-12400,Intel,i5,型號,[菜單] 購物網站3060ti i5-12400f電競機,https://www.ptt.cc/bbs/PC_Shopping/M.1689249751.A.617.html,推,就堪用 沒便宜多少 不值得搶購 這種類型的,07/13/2023,1448,True,負評
CPU,Intel i5-12400,Intel,i5,型號,[菜單] 購物網站3060ti i5-12400f電競機,https://www.ptt.cc/bbs/PC_Shopping/M.1689249751.A.617.html,→,板子丐中丐 記憶體給你D4-2666,07/13/2023,1453,True,負評
CPU,Intel i5-12400,Intel,i5,型號,[菜單] 購物網站3060ti i5-12400f電競機,https://www.ptt.cc/bbs/PC_Shopping/M.1689249751.A.617.html,→,若12v有真的500w 其實蠻夠的 12400 100w,07/13/2023,1475,True,中立
CPU,Intel i5-12400,Intel,i5,型號,[菜單] 購物網站3060ti i5-12400f電競機,https://www.ptt.cc/bbs/PC_Shopping/M.1689249751.A.617.html,推,規格可以，價格不行,07/13/2023,1484,True,中立
CPU,Intel i5-12400,Intel,i5,型號,[菜單] 購物網站3060ti i5-12400f電競機,https://www.ptt.cc/bbs/PC_Shopping/M.1689249751.A.617.html,推,這價格很ok吧 含系統和保固 出問題不用,07/14/2023,1509,True,正評
CPU,Intel i5-12400,Intel,i5,型號,[菜單] 購物網站3060ti i5-12400f電競機,https://www.ptt.cc/bbs/PC_Shopping/M.1689249751.A.617.html,→,12代沒F很省功耗 500W輕鬆推,07/14/2023,1510,True,正評
CPU,Intel i5-12400,Intel,i5,型號,[菜單] 購物網站3060ti i5-12400f電競機,https://www.ptt.cc/bbs/PC_Shopping/M.1689249751.A.617.html,推,不懂電腦不會除錯的話 可以買 算合理,07/14/2023,1520,True,中立
CPU,Intel i5-12400,Intel,i5,型號,[菜單] i5-12400主機板選擇（有列選項) 組合價 10000內,https://www.ptt.cc/bbs/PC_Shopping/M.1688967797.A.DE4.html,→,拿第二組還不如單買12400跟H670m Pro RS,07/10/2023,1532,True,中立
CPU,Intel i5-12400,Intel,i5,型號,[菜單] i5-12400主機板選擇（有列選項) 組合價 10000內,https://www.ptt.cc/bbs/PC_Shopping/M.1688967797.A.DE4.html,→,才$8590 比較便宜板子還升級,07/10/2023,1533,True,正評
CPU,Intel i5-12400,Intel,i5,型號,[菜單] i5-12400主機板選擇（有列選項) 組合價 10000內,https://www.ptt.cc/bbs/PC_Shopping/M.1688967797.A.DE4.html,→,B660的板子大缺點就是M.2只有兩個。,07/11/2023,1541,True,中立
CPU,Intel i5-12400,Intel,i5,型號,[菜單] i5-12400主機板選擇（有列選項) 組合價 10000內,https://www.ptt.cc/bbs/PC_Shopping/M.1688967797.A.DE4.html,→,這片可以考慮，雖然四年保但是比較便宜,07/11/2023,1543,True,中立
CPU,Intel i5-12400,Intel,i5,型號,[菜單] i5-12400主機板選擇（有列選項) 組合價 10000內,https://www.ptt.cc/bbs/PC_Shopping/M.1688967797.A.DE4.html,→,pro b660m-c d4+12400 7899。,07/11/2023,1550,True,中立
CPU,Intel i5-12400,Intel,i5,型號,[菜單] i5-12400主機板選擇（有列選項) 組合價 10000內,https://www.ptt.cc/bbs/PC_Shopping/M.1688967797.A.DE4.html,→,00組合呀 便宜效能也差不多,07/11/2023,1555,True,中立
CPU,Intel i5-12400,Intel,i5,型號,[菜單] 38K i5-12400＆RTX4070遊戲,https://www.ptt.cc/bbs/PC_Shopping/M.1686498987.A.6F5.html,推,non-K+B系列板子 跑3600效能會變差,06/12/2023,1564,True,中立
CPU,Intel i5-12400,Intel,i5,型號,[菜單] 38K i5-12400＆RTX4070遊戲,https://www.ptt.cc/bbs/PC_Shopping/M.1686498987.A.6F5.html,→,12400用690那顆就夠了,06/12/2023,1568,True,中立
CPU,Intel i5-12400,Intel,i5,型號,[菜單] 38K i5-12400＆RTX4070遊戲,https://www.ptt.cc/bbs/PC_Shopping/M.1686498987.A.6F5.html,→,intel非K的cpu有鎖電壓，用3600的記憶,06/12/2023,1570,True,中立
CPU,Intel i5-12400,Intel,i5,型號,[菜單] 38K i5-12400＆RTX4070遊戲,https://www.ptt.cc/bbs/PC_Shopping/M.1686498987.A.6F5.html,→,性能比Gear1的3200差,06/12/2023,1572,True,負評
CPU,Intel i5-12400,Intel,i5,型號,[菜單] 38K i5-12400＆RTX4070遊戲,https://www.ptt.cc/bbs/PC_Shopping/M.1686498987.A.6F5.html,→,16G*2雙通道便宜一點也ok 其他沒問題了上,06/12/2023,1591,True,中立
CPU,Intel i5-12400,Intel,i5,型號,[請益] 5600G 跟 12400 要選哪個比較好,https://www.ptt.cc/bbs/PC_Shopping/M.1685161633.A.B5D.html,推,打LoL 124堪用 56G爽用,05/27/2023,1593,True,正評
CPU,Intel i5-12400,Intel,i5,型號,[請益] 5600G 跟 12400 要選哪個比較好,https://www.ptt.cc/bbs/PC_Shopping/M.1685161633.A.B5D.html,→,後續有想裝顯示卡 我會選124,05/27/2023,1594,True,正評
CPU,Intel i5-12400,Intel,i5,型號,[請益] 5600G 跟 12400 要選哪個比較好,https://www.ptt.cc/bbs/PC_Shopping/M.1685161633.A.B5D.html,推,不買顯卡輕度遊戲選5600g 有獨立顯卡選12400,05/27/2023,1599,True,中立
CPU,Intel i5-12400,Intel,i5,型號,[請益] 5600G 跟 12400 要選哪個比較好,https://www.ptt.cc/bbs/PC_Shopping/M.1685161633.A.B5D.html,→,12400也吃不到3600,05/27/2023,1601,True,中立
CPU,Intel i5-12400,Intel,i5,型號,[請益] 5600G 跟 12400 要選哪個比較好,https://www.ptt.cc/bbs/PC_Shopping/M.1685161633.A.B5D.html,推,你若是要買RX 6600 這種7K 配12400 比較好,05/27/2023,1613,True,中立
CPU,Intel i5-12400,Intel,i5,型號,[請益] 5600G 跟 12400 要選哪個比較好,https://www.ptt.cc/bbs/PC_Shopping/M.1685161633.A.B5D.html,推,同樓上某樓 真要顯卡不如cpu搭12400f,05/27/2023,1646,True,中立
CPU,Intel i5-12400,Intel,i5,型號,[請益] 5600G 跟 12400 要選哪個比較好,https://www.ptt.cc/bbs/PC_Shopping/M.1685161633.A.B5D.html,→,先確定會不會裝獨顯，兩者內顯性能天差地遠,05/27/2023,1650,True,中立
CPU,Intel i5-12400,Intel,i5,型號,[請益] 5600G 跟 12400 要選哪個比較好,https://www.ptt.cc/bbs/PC_Shopping/M.1685161633.A.B5D.html,→,就算要顯示卡 也是捏上124 幹嘛買F 省也省沒多少,05/27/2023,1655,True,中立
CPU,Intel i5-12400,Intel,i5,型號(情報),[情報] autobuy12400+pro b660m-c+rtx3050 15K,https://www.ptt.cc/bbs/PC_Shopping/M.1684338861.A.1D1.html,→,12400+pro b660m-c 等於7898，也沒有這麼糟糕好不。CPU,05/18/2023,1678,True,中立
CPU,Intel i5-12400,Intel,i5,型號,Re: [情報] 藝人店Acer 12400F/8G/512G/1650卡$16900,https://www.ptt.cc/bbs/PC_Shopping/M.1684139861.A.03B.html,→,只文書打Lol 這組就差不多了,05/15/2023,1687,True,中立
CPU,Intel i5-12400,Intel,i5,型號,Re: [情報] 藝人店Acer 12400F/8G/512G/1650卡$16900,https://www.ptt.cc/bbs/PC_Shopping/M.1684139861.A.03B.html,→,加RAM小破一點 應該還好吧,05/15/2023,1705,True,中立
CPU,Intel i5-12400,Intel,i5,型號,Re: [情報] 藝人店Acer 12400F/8G/512G/1650卡$16900,https://www.ptt.cc/bbs/PC_Shopping/M.1684139861.A.03B.html,推,你對比造機趣12100+1650的價格 就知道這台值不值了,05/15/2023,1707,True,正評
CPU,Intel i5-12400,Intel,i5,型號,Re: [情報] 藝人店Acer 12400F/8G/512G/1650卡$16900,https://www.ptt.cc/bbs/PC_Shopping/M.1684139861.A.03B.html,→,即便文書機  Win10裝16GB RAM 多開比較順,05/15/2023,1710,True,中立
CPU,Intel i5-12400,Intel,i5,型號,Re: [情報] 藝人店Acer 12400F/8G/512G/1650卡$16900,https://www.ptt.cc/bbs/PC_Shopping/M.1684139861.A.03B.html,→,這兩台半斤八兩，一個cpu好一點，一個有光追cpu爛一點,05/15/2023,1720,True,中立
CPU,Intel i5-12400,Intel,i5,型號,Re: [情報] 藝人店Acer 12400F/8G/512G/1650卡$16900,https://www.ptt.cc/bbs/PC_Shopping/M.1684139861.A.03B.html,→,夠用，直接省下來6K才是真的。,05/15/2023,1728,True,正評
CPU,Intel i5-12400,Intel,i5,型號,Re: [情報] 藝人店Acer 12400F/8G/512G/1650卡$16900,https://www.ptt.cc/bbs/PC_Shopping/M.1684139861.A.03B.html,→,D/RTX3060Ti/W11，32900。這大概就35K內能買到CP值最好,05/15/2023,1750,True,正評
CPU,Intel i5-12400,Intel,i5,型號,Re: [情報] 藝人店Acer 12400F/8G/512G/1650卡$16900,https://www.ptt.cc/bbs/PC_Shopping/M.1684139861.A.03B.html,→,單機遊戲至少能玩（少數優化特別爛的3A跑不動）,05/16/2023,1779,True,中立
CPU,Intel i5-12400,Intel,i5,型號,Re: [情報] 藝人店Acer 12400F/8G/512G/1650卡$16900,https://www.ptt.cc/bbs/PC_Shopping/M.1684139861.A.03B.html,→,欣亞也就TC-1760 16900的標題這台還可以，加一條美光8G,05/16/2023,1781,True,中立
CPU,Intel i5-12400,Intel,i5,型號,Re: [情報] 藝人店Acer 12400F/8G/512G/1650卡$16900,https://www.ptt.cc/bbs/PC_Shopping/M.1684139861.A.03B.html,→,你現在看的這台就合理，含OS含三年保，這價錢不過分,05/16/2023,1796,True,正評
CPU,Intel i5-12400,Intel,i5,型號,Re: [情報] 藝人店Acer 12400F/8G/512G/1650卡$16900,https://www.ptt.cc/bbs/PC_Shopping/M.1684139861.A.03B.html,→,這算很划算了，3050最便宜的零售版也要6990。,05/16/2023,1800,True,正評
CPU,Intel i5-12400,Intel,i5,型號,Re: [情報] 藝人店Acer 12400F/8G/512G/1650卡$16900,https://www.ptt.cc/bbs/PC_Shopping/M.1684139861.A.03B.html,→,它是CP值還可以。,05/16/2023,1805,True,中立
CPU,Intel i5-12400,Intel,i5,型號,Re: [情報] 藝人店Acer 12400F/8G/512G/1650卡$16900,https://www.ptt.cc/bbs/PC_Shopping/M.1684139861.A.03B.html,→,還好啦 打打lol不會有太大問題,05/16/2023,1819,True,中立
CPU,Intel i5-12400,Intel,i5,型號(情報),[情報] 藝人店Acer 12400F/8G/512G/1650卡$16900,https://www.ptt.cc/bbs/PC_Shopping/M.1683630192.A.B69.html,→,這F版的沒內顯，一定要給顯卡才能用，只是給GT1030、GT,05/09/2023,1847,True,負評
CPU,Intel i5-12400,Intel,i5,型號(情報),[情報] 藝人店Acer 12400F/8G/512G/1650卡$16900,https://www.ptt.cc/bbs/PC_Shopping/M.1683630192.A.B69.html,→,萬7有保修給老人小孩用很夠了,05/09/2023,1857,True,正評
CPU,Intel i5-12400,Intel,i5,型號(情報),[情報] 藝人店Acer 12400F/8G/512G/1650卡$16900,https://www.ptt.cc/bbs/PC_Shopping/M.1683630192.A.B69.html,→,特規主機 如果過保要升級很麻煩,05/10/2023,1861,True,中立
CPU,Intel i5-12400,Intel,i5,型號(情報),[情報] 藝人店Acer 12400F/8G/512G/1650卡$16900,https://www.ptt.cc/bbs/PC_Shopping/M.1683630192.A.B69.html,推,除了cpu跟送win兩個優點，其他都想打掉換掉,05/10/2023,1864,True,負評
CPU,Intel i5-12400,Intel,i5,型號,[請益] 12400主機板選擇（有列選項）,https://www.ptt.cc/bbs/PC_Shopping/M.1682180035.A.B5B.html,→,2/3/7/8直接刪掉 124不用搭這麼貴的,04/23/2023,1869,True,中立
CPU,Intel i5-12400,Intel,i5,型號,[請益] 12400主機板選擇（有列選項）,https://www.ptt.cc/bbs/PC_Shopping/M.1682180035.A.B5B.html,→,4規格不好別買 6規格比10差也刪掉 然後5太貴刪掉 看1/9/1,04/23/2023,1870,True,負評
CPU,Intel i5-12400,Intel,i5,型號,[請益] 12400主機板選擇（有列選項）,https://www.ptt.cc/bbs/PC_Shopping/M.1682180035.A.B5B.html,→,10的話稍貴 但搭216不會太空比較好看 以後要升級CPU也沒,04/23/2023,1876,True,中立
CPU,Intel i5-12400,Intel,i5,型號,[請益] 12400主機板選擇（有列選項）,https://www.ptt.cc/bbs/PC_Shopping/M.1682180035.A.B5B.html,→,B660A/B760A這兩張主打是白色，沒有要組白色拿這個CP值,04/23/2023,1906,True,中立
CPU,Intel i5-12400,Intel,i5,型號,[請益] 12400主機板選擇（有列選項）,https://www.ptt.cc/bbs/PC_Shopping/M.1682180035.A.B5B.html,→,但是這張就是丐了點，7相DrMOS 、M.2只有2組，不過才三,04/23/2023,1908,True,中立
CPU,Intel i5-12400,Intel,i5,型號,[請益] 12400主機板選擇（有列選項）,https://www.ptt.cc/bbs/PC_Shopping/M.1682180035.A.B5B.html,→,偷，都能撐預設pl2，大概250w左右。說丐其實也還好，價格,04/23/2023,1923,True,中立
CPU,Intel i5-12400,Intel,i5,型號,[請益] 12400主機板選擇（有列選項）,https://www.ptt.cc/bbs/PC_Shopping/M.1682180035.A.B5B.html,→,這片唯一的缺點就是6+1的供電很一般，不過拿來裝I5也足,04/23/2023,1936,True,中立
CPU,Intel i5-12400,Intel,i5,型號,[請益] 12400主機板選擇（有列選項）,https://www.ptt.cc/bbs/PC_Shopping/M.1682180035.A.B5B.html,→,下CPU-Z，主機板也是同一個系列，應該也是很耐操,04/23/2023,1944,True,中立
CPU,Intel i5-12400,Intel,i5,型號,[請益] 12400主機板選擇（有列選項）,https://www.ptt.cc/bbs/PC_Shopping/M.1682180035.A.B5B.html,推,12相如果不是Dr.Mos 供電未必有贏  但12400其實不用怎麼,04/23/2023,1950,True,中立
CPU,Intel i5-12400,Intel,i5,型號,[請益] 12400主機板選擇（有列選項）,https://www.ptt.cc/bbs/PC_Shopping/M.1682180035.A.B5B.html,→,看供電 拿9 10就可以了～,04/23/2023,1951,True,中立
CPU,Intel i5-12400,Intel,i5,型號,[請益] 12400主機板選擇（有列選項）,https://www.ptt.cc/bbs/PC_Shopping/M.1682180035.A.B5B.html,推,12400的話，能調的東西也不多，BIOS其實還好，steel l,04/23/2023,1953,True,中立
CPU,Intel i5-12400,Intel,i5,型號,[請益] 12400主機板選擇（有列選項）,https://www.ptt.cc/bbs/PC_Shopping/M.1682180035.A.B5B.html,→,沒特殊需求選1拿便宜的，夠用就好不用多花錢,04/24/2023,1959,True,中立
CPU,Intel i5-12400,Intel,i5,型號,[菜單] 30k輕度娛樂機 5600 or 12400?,https://www.ptt.cc/bbs/PC_Shopping/M.1681955002.A.4A1.html,→,12400記憶體只能用到3200，反正3600cl18根本不值得買,04/20/2023,1960,True,中立
CPU,Intel i5-12400,Intel,i5,型號,[菜單] 30k輕度娛樂機 5600 or 12400?,https://www.ptt.cc/bbs/PC_Shopping/M.1681955002.A.4A1.html,→,12400跟5600性能幾乎一樣 12400組起來比較貴但多內顯而,04/20/2023,1964,True,中立
CPU,Intel i5-12400,Intel,i5,型號,[菜單] 30k輕度娛樂機 5600 or 12400?,https://www.ptt.cc/bbs/PC_Shopping/M.1681955002.A.4A1.html,→,且主板比較好，5600比較便宜但主板比較陽春,04/20/2023,1965,True,中立
CPU,Intel i5-12400,Intel,i5,型號,[菜單] 30k輕度娛樂機 5600 or 12400?,https://www.ptt.cc/bbs/PC_Shopping/M.1681955002.A.4A1.html,推,用得到內顯124 用不到就56 省下預算到顯卡上 56可開PBO,04/20/2023,1972,True,中立
CPU,Intel i5-12400,Intel,i5,型號,[菜單] 30k輕度娛樂機 5600 or 12400?,https://www.ptt.cc/bbs/PC_Shopping/M.1681955002.A.4A1.html,→,"就接近56X。較好的顯卡體感大於Gen3, 4 差異。",04/20/2023,1973,True,中立
CPU,Intel i5-12400,Intel,i5,型號,[菜單] 30k輕度娛樂機 5600 or 12400?,https://www.ptt.cc/bbs/PC_Shopping/M.1681955002.A.4A1.html,→,Gen4體感也沒什麼差 省錢Gen3就好,04/20/2023,1975,True,中立
CPU,Intel i5-12400,Intel,i5,型號,[菜單] 30k輕度娛樂機 5600 or 12400?,https://www.ptt.cc/bbs/PC_Shopping/M.1681955002.A.4A1.html,→,讓你提升5-10% .沒有也不在意就12400,04/20/2023,1981,True,中立
CPU,Intel i5-12400,Intel,i5,型號,[菜單] 30k輕度娛樂機 5600 or 12400?,https://www.ptt.cc/bbs/PC_Shopping/M.1681955002.A.4A1.html,→,Core i5-12400: 塞了一堆ATOM的電子垃圾,04/20/2023,1985,True,負評
CPU,Intel i5-12400,Intel,i5,型號,[菜單] 30k輕度娛樂機 5600 or 12400?,https://www.ptt.cc/bbs/PC_Shopping/M.1681955002.A.4A1.html,→,intel卡還只有三年保 下去,04/20/2023,1988,True,中立
CPU,Intel i5-12400,Intel,i5,型號,[菜單] 30k輕度娛樂機 5600 or 12400?,https://www.ptt.cc/bbs/PC_Shopping/M.1681955002.A.4A1.html,推,12400又沒有小核 說塞一堆ATOM的是在哪個時空？,04/20/2023,2003,True,中立
CPU,Intel i5-12400,Intel,i5,型號,[菜單] 30k輕度娛樂機 5600 or 12400?,https://www.ptt.cc/bbs/PC_Shopping/M.1681955002.A.4A1.html,→,這C+P組合應該沒毛病,05/09/2023,2014,True,正評
CPU,Intel i5-12400,Intel,i5,型號,Re: [請益] 12400升級13600K ?,https://www.ptt.cc/bbs/PC_Shopping/M.1680548168.A.D9B.html,推,要丐就丐到底 功耗直接鎖120W 繼續用風冷 有閒錢想玩上,04/04/2023,2019,True,中立
CPU,Intel i5-12400,Intel,i5,型號,Re: [請益] 12400升級13600K ?,https://www.ptt.cc/bbs/PC_Shopping/M.1680548168.A.D9B.html,推,CPU 拿到後鎖好功耗牆 HT關掉 用原來那套就夠了 想上去,04/04/2023,2021,True,中立
CPU,Intel i5-12400,Intel,i5,型號,Re: [請益] 12400升級13600K ?,https://www.ptt.cc/bbs/PC_Shopping/M.1680548168.A.D9B.html,推,建議把這顆退掉...第一多的E核臭打遊戲沒啥感，第二那個賣,04/04/2023,2023,True,負評
CPU,Intel i5-12400,Intel,i5,型號,Re: [請益] 12400升級13600K ?,https://www.ptt.cc/bbs/PC_Shopping/M.1680548168.A.D9B.html,→,除非沒事就在那燒FPU還死盯著溫度看，不然不會藍都沒差,04/04/2023,2031,True,中立
CPU,Intel i5-12400,Intel,i5,型號,Re: [請益] 12400升級13600K ?,https://www.ptt.cc/bbs/PC_Shopping/M.1680548168.A.D9B.html,推,用Z版除非還想超大核 不然買Z版來浪費錢喔..,04/04/2023,2040,True,中立
CPU,Intel i5-12400,Intel,i5,型號,Re: [請益] 12400升級13600K ?,https://www.ptt.cc/bbs/PC_Shopping/M.1680548168.A.D9B.html,推,如果不裝水冷，裝貓頭鷹D15應該也壓的住吧？,04/04/2023,2043,True,中立
CPU,Intel i5-12400,Intel,i5,型號,Re: [請益] 12400升級13600K ?,https://www.ptt.cc/bbs/PC_Shopping/M.1680548168.A.D9B.html,→,12400馬上發病，之後組機一律攻頂...,04/04/2023,2044,True,負評
CPU,Intel i5-12400,Intel,i5,型號,Re: [請益] 12400升級13600K ?,https://www.ptt.cc/bbs/PC_Shopping/M.1680548168.A.D9B.html,→,你只是遊戲用途 也許可先找張主板把12400超到5GHz左右玩玩？,04/04/2023,2046,True,中立
CPU,Intel i5-12400,Intel,i5,型號,Re: [請益] 12400升級13600K ?,https://www.ptt.cc/bbs/PC_Shopping/M.1680548168.A.D9B.html,推,打遊戲用不了多少效能，當然不會熱，但是也用不到13900k,04/04/2023,2053,True,中立
CPU,Intel i5-12400,Intel,i5,型號,Re: [請益] 12400升級13600K ?,https://www.ptt.cc/bbs/PC_Shopping/M.1680548168.A.D9B.html,→,這代要怕太熱要買Z板或B板bios支援改微碼，intel打了一手,04/04/2023,2054,True,中立
CPU,Intel i5-12400,Intel,i5,型號,[請益] 12400升級13600K ?,https://www.ptt.cc/bbs/PC_Shopping/M.1680232075.A.C62.html,→,而且你不燒機最好是會90度+,03/31/2023,2077,True,中立
CPU,Intel i5-12400,Intel,i5,型號,[請益] 12400升級13600K ?,https://www.ptt.cc/bbs/PC_Shopping/M.1680232075.A.C62.html,→,12400搭prime ds3h PGriptide就好,03/31/2023,2085,True,中立
CPU,Intel i5-12400,Intel,i5,型號,[請益] 12400升級13600K ?,https://www.ptt.cc/bbs/PC_Shopping/M.1680232075.A.C62.html,推,換換病嗎？沒特殊需求 只是換來溫度跟耗電 原本124夠用,03/31/2023,2101,True,中立
CPU,Intel i5-12400,Intel,i5,型號,[請益] 12400升級13600K ?,https://www.ptt.cc/bbs/PC_Shopping/M.1680232075.A.C62.html,推,老實說。cpu我覺得不用換。差個幾張而已,03/31/2023,2107,True,中立
CPU,Intel i5-12400,Intel,i5,型號,[請益] 12400升級13600K ?,https://www.ptt.cc/bbs/PC_Shopping/M.1680232075.A.C62.html,推,建議2，5600G只有六核心，而12400至少還有6個小核，在,04/01/2023,2108,True,中立
CPU,Intel i5-12400,Intel,i5,型號,[請益] 12400升級13600K ?,https://www.ptt.cc/bbs/PC_Shopping/M.1680232075.A.C62.html,→,只要不超頻或重負載應用就沒差,04/01/2023,2110,True,中立
CPU,Intel i5-12400,Intel,i5,型號,[請益] 12400升級13600K ?,https://www.ptt.cc/bbs/PC_Shopping/M.1680232075.A.C62.html,→,12400明明是6C12T 6大核而已哪來小核,04/01/2023,2111,True,中立
CPU,Intel i5-12400,Intel,i5,型號(情報),[情報] 12400f+3060ti d6x套裝電腦,https://www.ptt.cc/bbs/PC_Shopping/M.1676112088.A.69B.html,推,唯一推薦之前20k的,02/11/2023,2117,True,正評
CPU,Intel i5-12400,Intel,i5,型號(情報),[情報] 12400f+3060ti d6x套裝電腦,https://www.ptt.cc/bbs/PC_Shopping/M.1676112088.A.69B.html,推,還可以 機殼可以接受的話 不挑ssd跟自己組差不多價錢了,02/11/2023,2126,True,中立
CPU,Intel i5-12400,Intel,i5,型號,[請益] 12400 5700G的選擇,https://www.ptt.cc/bbs/PC_Shopping/M.1672504479.A.816.html,→,顯卡&單核性能來看 12400>5700G 後者框框比較多,01/01/2023,2143,True,中立
CPU,Intel i5-12400,Intel,i5,型號,[請益] 12400 5700G的選擇,https://www.ptt.cc/bbs/PC_Shopping/M.1672504479.A.816.html,→,12400還輸5500欸笑死,01/01/2023,2150,True,中立
CPU,Intel i5-12400,Intel,i5,型號,[請益] 12400 5700G的選擇,https://www.ptt.cc/bbs/PC_Shopping/M.1672504479.A.816.html,→,看CPU天梯圖 12400比5600G還低  ??? 你哪邊看得,01/01/2023,2152,True,中立
CPU,Intel i5-12400,Intel,i5,型號,[請益] 12400 5700G的選擇,https://www.ptt.cc/bbs/PC_Shopping/M.1672504479.A.816.html,→,配獨顯12400比5700G強 （4K畫質除外）,01/01/2023,2161,True,正評
CPU,Intel i5-12400,Intel,i5,型號,[請益] 12400 5700G的選擇,https://www.ptt.cc/bbs/PC_Shopping/M.1672504479.A.816.html,推,rdna2內顯不弱但7700x只配了2cu，論效能只比12500的uhd77,01/01/2023,2164,True,中立
CPU,Intel i5-12400,Intel,i5,型號,[請益] 12400 5700G的選擇,https://www.ptt.cc/bbs/PC_Shopping/M.1672504479.A.816.html,推,APU保值性屌打眾生,01/01/2023,2166,True,正評
CPU,Intel i5-12400,Intel,i5,型號,[請益] 12400 5700G的選擇,https://www.ptt.cc/bbs/PC_Shopping/M.1672504479.A.816.html,推,大概要到steam deck上配的8cu效能才會明顯超越5700g的veg,01/01/2023,2167,True,中立
CPU,Intel i5-12400,Intel,i5,型號,[請益] 12400 5700G的選擇,https://www.ptt.cc/bbs/PC_Shopping/M.1672504479.A.816.html,→,60，多數遊戲跑1080p30f不成問題，不過這個本來就影,01/01/2023,2171,True,中立
CPU,Intel i5-12400,Intel,i5,型號,[請益] 12400 5700G的選擇,https://www.ptt.cc/bbs/PC_Shopping/M.1672504479.A.816.html,推,12400 好一點吧 硬解AV1 然後支援 PCI-E 4.0,01/01/2023,2173,True,正評
CPU,Intel i5-12400,Intel,i5,型號,[請益] 12400 5700G的選擇,https://www.ptt.cc/bbs/PC_Shopping/M.1672504479.A.816.html,→,有硬解 AV1 看8K影片會差很多,01/01/2023,2175,True,中立
CPU,Intel i5-12400,Intel,i5,型號,[請益] 12400 5700G的選擇,https://www.ptt.cc/bbs/PC_Shopping/M.1672504479.A.816.html,→,一超加SAM打開遊戲表現應該不會差12400多少,01/01/2023,2181,True,中立
CPU,Intel i5-12400,Intel,i5,型號,[請益] 12400 5700G的選擇,https://www.ptt.cc/bbs/PC_Shopping/M.1672504479.A.816.html,→,多那兩核心長遠來看搞不好能讓你用比較久,01/01/2023,2182,True,中立
CPU,Intel i5-12400,Intel,i5,型號,[請益] 12400 5700G的選擇,https://www.ptt.cc/bbs/PC_Shopping/M.1672504479.A.816.html,推,現在有顯卡就拿5600x 未來要裝顯卡就拿12400 不打算裝卡,01/01/2023,2186,True,中立
CPU,Intel i5-12400,Intel,i5,型號,[請益] 12400 5700G的選擇,https://www.ptt.cc/bbs/PC_Shopping/M.1672504479.A.816.html,→,如果價格差不多我會選5700G 不過12400單核好一點 看你會,01/01/2023,2187,True,中立
CPU,Intel i5-12400,Intel,i5,型號,[請益] 12400 5700G的選擇,https://www.ptt.cc/bbs/PC_Shopping/M.1672504479.A.816.html,推,我會拿5700G 可如果有打算加顯卡就12400,01/03/2023,2190,True,中立
CPU,Intel i5-12400,Intel,i5,型號,[請益] 換7900xtx 舊CPU(12400f)也需要更換嗎？,https://www.ptt.cc/bbs/PC_Shopping/M.1671879159.A.AB9.html,→,APEX 還是可以2K120 爽爽跑,12/24/2022,2195,True,中立
CPU,Intel i5-12400,Intel,i5,型號,[請益] 換7900xtx 舊CPU(12400f)也需要更換嗎？,https://www.ptt.cc/bbs/PC_Shopping/M.1671879159.A.AB9.html,→,雷 那什麼都不用換,12/24/2022,2200,True,中立
CPU,Intel i5-12400,Intel,i5,型號,[請益] 換7900xtx 舊CPU(12400f)也需要更換嗎？,https://www.ptt.cc/bbs/PC_Shopping/M.1671879159.A.AB9.html,→,如果預算夠就換阿 是真的有比較強啦,12/24/2022,2201,True,中立
CPU,Intel i5-12400,Intel,i5,型號,[請益] 換7900xtx 舊CPU(12400f)也需要更換嗎？,https://www.ptt.cc/bbs/PC_Shopping/M.1671879159.A.AB9.html,→,12400並不是什麼很老舊的CPU,12/24/2022,2203,True,中立
CPU,Intel i5-12400,Intel,i5,型號,[請益] 換7900xtx 舊CPU(12400f)也需要更換嗎？,https://www.ptt.cc/bbs/PC_Shopping/M.1671879159.A.AB9.html,推,如果是4k高刷 那就真的有差了,12/24/2022,2211,True,中立
CPU,Intel i5-12400,Intel,i5,型號,[請益] 換7900xtx 舊CPU(12400f)也需要更換嗎？,https://www.ptt.cc/bbs/PC_Shopping/M.1671879159.A.AB9.html,→,看錯那是1080P，特效在關掉一些就可以穩120了ㄅ XD,12/24/2022,2212,True,中立
CPU,Intel i5-12400,Intel,i5,型號,[請益] 換7900xtx 舊CPU(12400f)也需要更換嗎？,https://www.ptt.cc/bbs/PC_Shopping/M.1671879159.A.AB9.html,推,4K瓶頸在GPU 沒上4090就不用擔心,12/24/2022,2215,True,中立
CPU,Intel i5-12400,Intel,i5,型號,[請益] 換7900xtx 舊CPU(12400f)也需要更換嗎？,https://www.ptt.cc/bbs/PC_Shopping/M.1671879159.A.AB9.html,推,可以不用換，但大概幾年後就是整台要換了，無法再升,12/24/2022,2217,True,中立
CPU,Intel i5-12400,Intel,i5,型號,[請益] 換7900xtx 舊CPU(12400f)也需要更換嗎？,https://www.ptt.cc/bbs/PC_Shopping/M.1671879159.A.AB9.html,→,我覺得你不需要特別更換cpu,12/24/2022,2232,True,正評
CPU,Intel i5-12400,Intel,i5,型號,[請益] 換7900xtx 舊CPU(12400f)也需要更換嗎？,https://www.ptt.cc/bbs/PC_Shopping/M.1671879159.A.AB9.html,推,我自己是覺得玩遊戲的話 體感沒問題就是沒到瓶頸就是了,12/24/2022,2234,True,中立
CPU,Intel i5-12400,Intel,i5,型號,[請益] 換7900xtx 舊CPU(12400f)也需要更換嗎？,https://www.ptt.cc/bbs/PC_Shopping/M.1671879159.A.AB9.html,→,際跑過，確定不夠用再換,12/24/2022,2240,True,中立
CPU,Intel i5-12400,Intel,i5,型號,[請益] 換7900xtx 舊CPU(12400f)也需要更換嗎？,https://www.ptt.cc/bbs/PC_Shopping/M.1671879159.A.AB9.html,推,主要是UHD你也很難上高幀，影響就不會太大了,12/25/2022,2242,True,中立
CPU,Intel i5-12400,Intel,i5,型號,[請益] 換7900xtx 舊CPU(12400f)也需要更換嗎？,https://www.ptt.cc/bbs/PC_Shopping/M.1671879159.A.AB9.html,→,有測試過 同CPU N會少fps A不會,12/25/2022,2244,True,中立
CPU,Intel i5-12400,Intel,i5,型號,[請益] 換7900xtx 舊CPU(12400f)也需要更換嗎？,https://www.ptt.cc/bbs/PC_Shopping/M.1671879159.A.AB9.html,推,換換病發作就換137k吧 不然其實還很夠用啦,12/25/2022,2249,True,中立
CPU,Intel i5-12400,Intel,i5,型號(情報),[情報] 13400多核大贏12400,https://www.ptt.cc/bbs/PC_Shopping/M.1670814616.A.188.html,→,核心比較多 如果多核沒贏很多那公司可以倒閉收一收了,12/12/2022,2271,True,中立
CPU,Intel i5-12400,Intel,i5,型號(情報),[情報] 13400多核大贏12400,https://www.ptt.cc/bbs/PC_Shopping/M.1670814616.A.188.html,推,就縮水126K，重點是如果還能超基頻，還是很有競爭力,12/12/2022,2274,True,中立
CPU,Intel i5-12400,Intel,i5,型號(情報),[情報] 13400多核大贏12400,https://www.ptt.cc/bbs/PC_Shopping/M.1670814616.A.188.html,→,這R23的多核分數已經追上12700了,12/12/2022,2275,True,中立
CPU,Intel i5-12400,Intel,i5,型號(情報),[情報] 13400多核大贏12400,https://www.ptt.cc/bbs/PC_Shopping/M.1670814616.A.188.html,推,臭打遊戲買個i**400剛好,12/12/2022,2279,True,中立
CPU,Intel i5-12400,Intel,i5,型號(情報),[情報] 13400多核大贏12400,https://www.ptt.cc/bbs/PC_Shopping/M.1670814616.A.188.html,→,我如果在電資產業 一定覺得這是神物,12/12/2022,2286,True,正評
CPU,Intel i5-12400,Intel,i5,型號(情報),[情報] 13400多核大贏12400,https://www.ptt.cc/bbs/PC_Shopping/M.1670814616.A.188.html,推,多核心使用者本來就不會買12400吧 6核日常夠用了,12/12/2022,2295,True,中立
CPU,Intel i5-12400,Intel,i5,型號(情報),[情報] 13400多核大贏12400,https://www.ptt.cc/bbs/PC_Shopping/M.1670814616.A.188.html,→,有點香，12600K只會更低,12/12/2022,2302,True,中立
CPU,Intel i5-12400,Intel,i5,型號(情報),[情報] 13400多核大贏12400,https://www.ptt.cc/bbs/PC_Shopping/M.1670814616.A.188.html,推,13代E核多那麼多 算擠牙膏嗎？,12/12/2022,2306,True,中立
CPU,Intel i5-12400,Intel,i5,型號(情報),[情報] 13400多核大贏12400,https://www.ptt.cc/bbs/PC_Shopping/M.1670814616.A.188.html,→,沒贏才有鬼吧 多了E-core,12/12/2022,2309,True,中立
CPU,Intel i5-12400,Intel,i5,型號(情報),[情報] 13400多核大贏12400,https://www.ptt.cc/bbs/PC_Shopping/M.1670814616.A.188.html,→,價格沒漲太多白給你小核沒啥問題啊 不過前提是價格穩住,12/12/2022,2311,True,中立
CPU,Intel i5-12400,Intel,i5,型號(情報),[情報] 13400多核大贏12400,https://www.ptt.cc/bbs/PC_Shopping/M.1670814616.A.188.html,推,價格貴超過50%的話也沒啥屌用,12/12/2022,2313,True,中立
CPU,Intel i5-12400,Intel,i5,型號(情報),[情報] 13400多核大贏12400,https://www.ptt.cc/bbs/PC_Shopping/M.1670814616.A.188.html,→,如果零售版有B0核心的 可能功耗高一點點 單/多核也高一咪咪,12/12/2022,2317,True,中立
CPU,Intel i5-12400,Intel,i5,型號(情報),[情報] 13400多核大贏12400,https://www.ptt.cc/bbs/PC_Shopping/M.1670814616.A.188.html,→,"要嘛買便宜12代, 要嘛直上13代k",12/12/2022,2319,True,中立
CPU,Intel i5-12400,Intel,i5,型號(情報),[情報] 13400多核大贏12400,https://www.ptt.cc/bbs/PC_Shopping/M.1670814616.A.188.html,推,可是12400可以用Win10 >>>>>>> 13400,12/12/2022,2333,True,正評
CPU,Intel i5-12400,Intel,i5,型號(情報),[情報] 13400多核大贏12400,https://www.ptt.cc/bbs/PC_Shopping/M.1670814616.A.188.html,→,就12600k降鎖頻的版本.. 連價格也差不多,12/12/2022,2336,True,中立
CPU,Intel i5-12400,Intel,i5,型號(情報),[情報] 13400多核大贏12400,https://www.ptt.cc/bbs/PC_Shopping/M.1670814616.A.188.html,推,上次流出價格就是7.3k附近，漲1k買多核性能吧,12/12/2022,2337,True,正評
CPU,Intel i5-12400,Intel,i5,型號(情報),[情報] 13400多核大贏12400,https://www.ptt.cc/bbs/PC_Shopping/M.1670814616.A.188.html,推,200鎂這不買不行吧...,12/12/2022,2341,True,正評
CPU,Intel i5-12400,Intel,i5,型號,"[菜單] 真香組合求推 5600G,X vs i5-12400",https://www.ptt.cc/bbs/PC_Shopping/M.1670655255.A.A2B.html,推,要裝顯卡 不要56g 124組合超過1w1直接主板改 tuf H670,12/10/2022,2356,True,負評
CPU,Intel i5-12400,Intel,i5,型號,"[菜單] 真香組合求推 5600G,X vs i5-12400",https://www.ptt.cc/bbs/PC_Shopping/M.1670655255.A.A2B.html,→,124備用機用便宜板子就好,12/10/2022,2357,True,中立
CPU,Intel i5-12400,Intel,i5,型號,"[菜單] 真香組合求推 5600G,X vs i5-12400",https://www.ptt.cc/bbs/PC_Shopping/M.1670655255.A.A2B.html,推,12400+b版吧 13代完後 搞不好還有個13.5代 能撐比較久,12/10/2022,2360,True,中立
CPU,Intel i5-12400,Intel,i5,型號,"[菜單] 真香組合求推 5600G,X vs i5-12400",https://www.ptt.cc/bbs/PC_Shopping/M.1670655255.A.A2B.html,→,要拿12400就挑原價屋的吧，prime 、b660m DS3H AX 都可,12/10/2022,2375,True,中立
CPU,Intel i5-12400,Intel,i5,型號,"[菜單] 真香組合求推 5600G,X vs i5-12400",https://www.ptt.cc/bbs/PC_Shopping/M.1670655255.A.A2B.html,推,1.以後如果可能會加買顯示卡 選12400,12/10/2022,2382,True,正評
CPU,Intel i5-12400,Intel,i5,型號,"[菜單] 真香組合求推 5600G,X vs i5-12400",https://www.ptt.cc/bbs/PC_Shopping/M.1670655255.A.A2B.html,→,不可能選5600G，12400價錢太臭主板不是貴就是丐，拿5600,12/10/2022,2390,True,中立
CPU,Intel i5-12400,Intel,i5,型號,"[菜單] 真香組合求推 5600G,X vs i5-12400",https://www.ptt.cc/bbs/PC_Shopping/M.1670655255.A.A2B.html,推,拿5600x+aorus pro ac的真香吧，省錢，效能跟12400差,12/11/2022,2409,True,中立
CPU,Intel i5-12400,Intel,i5,型號,[請益] Re: [請益] （採買後）請問i7-6700k有需要升級i5-12400嗎？,https://www.ptt.cc/bbs/PC_Shopping/M.1668670876.A.4EA.html,→,"都要買3080了, 那犧牲單核拉內顯性能根本是多餘的!",11/17/2022,2424,True,中立
CPU,Intel i5-12400,Intel,i5,型號,[請益] Re: [請益] （採買後）請問i7-6700k有需要升級i5-12400嗎？,https://www.ptt.cc/bbs/PC_Shopping/M.1668670876.A.4EA.html,→,3000多有這個效能 也沒什麼抱怨的了 CP高,11/17/2022,2432,True,正評
CPU,Intel i5-12400,Intel,i5,型號,[請益] Re: [請益] （採買後）請問i7-6700k有需要升級i5-12400嗎？,https://www.ptt.cc/bbs/PC_Shopping/M.1668670876.A.4EA.html,推,開機變慢，類降級,11/18/2022,2471,True,負評
CPU,Intel i5-12400,Intel,i5,型號,[請益] Re: [請益] （採買後）請問i7-6700k有需要升級i5-12400嗎？,https://www.ptt.cc/bbs/PC_Shopping/M.1668670876.A.4EA.html,→,差那不多的錢要忍受5年7年的低效能 捏一下,11/20/2022,2479,True,負評
CPU,Intel i5-12400,Intel,i5,型號,Re: [請益]12400+3080Ti跑3A遊戲能穩4K60幀嗎,https://www.ptt.cc/bbs/PC_Shopping/M.1668662414.A.F64.html,→,只有往日不再優化最好，顯卡用普通效能就很順,11/17/2022,2483,True,中立
CPU,Intel i5-12400,Intel,i5,型號,Re: [請益]12400+3080Ti跑3A遊戲能穩4K60幀嗎,https://www.ptt.cc/bbs/PC_Shopping/M.1668662414.A.F64.html,推,那顆基礎功率就1G，可能會比八代表現還慘,11/17/2022,2484,True,負評
CPU,Intel i5-12400,Intel,i5,型號,Re: [請益]12400+3080Ti跑3A遊戲能穩4K60幀嗎,https://www.ptt.cc/bbs/PC_Shopping/M.1668662414.A.F64.html,→,所以12400不如8400嗎 XD,11/17/2022,2488,True,中立
CPU,Intel i5-12400,Intel,i5,型號,Re: [請益]12400+3080Ti跑3A遊戲能穩4K60幀嗎,https://www.ptt.cc/bbs/PC_Shopping/M.1668662414.A.F64.html,推,他那顆就閹割版的CPU 啊！你要買12代無印版的或低電壓,11/17/2022,2489,True,負評
CPU,Intel i5-12400,Intel,i5,型號,Re: [請益]12400+3080Ti跑3A遊戲能穩4K60幀嗎,https://www.ptt.cc/bbs/PC_Shopping/M.1668662414.A.F64.html,推,win10系統開垂直同步會影響CPU調用率，這BUG一直都沒修復,11/17/2022,2491,True,中立
CPU,Intel i5-12400,Intel,i5,型號,Re: [請益]12400+3080Ti跑3A遊戲能穩4K60幀嗎,https://www.ptt.cc/bbs/PC_Shopping/M.1668662414.A.F64.html,→,60Hz真心玩不下去,11/17/2022,2498,True,負評
CPU,Intel i5-12400,Intel,i5,型號,Re: [請益]12400+3080Ti跑3A遊戲能穩4K60幀嗎,https://www.ptt.cc/bbs/PC_Shopping/M.1668662414.A.F64.html,→,"n10比較穩, Win11那個多核調度優化根本無感, 硬碟性能才",11/17/2022,2501,True,中立
CPU,Intel i5-12400,Intel,i5,型號,[請益]12400+3080Ti跑3A遊戲能穩4K60幀嗎,https://www.ptt.cc/bbs/PC_Shopping/M.1668562753.A.6FD.html,推,這配置4k60理論沒問題 但取決於那一款遊戲跟你開的效能,11/16/2022,2508,True,中立
CPU,Intel i5-12400,Intel,i5,型號,[請益]12400+3080Ti跑3A遊戲能穩4K60幀嗎,https://www.ptt.cc/bbs/PC_Shopping/M.1668562753.A.6FD.html,→,30系列穩4K60是開DLSS為前提,11/16/2022,2509,True,中立
CPU,Intel i5-12400,Intel,i5,型號,[請益]12400+3080Ti跑3A遊戲能穩4K60幀嗎,https://www.ptt.cc/bbs/PC_Shopping/M.1668562753.A.6FD.html,→,看你跑啥遊戲 2077不開光追接近穩60,11/16/2022,2511,True,中立
CPU,Intel i5-12400,Intel,i5,型號,[請益]12400+3080Ti跑3A遊戲能穩4K60幀嗎,https://www.ptt.cc/bbs/PC_Shopping/M.1668562753.A.6FD.html,推,不行 問就是上13900k+4090,11/16/2022,2516,True,負評
CPU,Intel i5-12400,Intel,i5,型號,[請益]12400+3080Ti跑3A遊戲能穩4K60幀嗎,https://www.ptt.cc/bbs/PC_Shopping/M.1668562753.A.6FD.html,推,夠了，就算是超大作，關一些無關緊要的特效或開DLSS也O,11/16/2022,2517,True,正評
CPU,Intel i5-12400,Intel,i5,型號,[請益]12400+3080Ti跑3A遊戲能穩4K60幀嗎,https://www.ptt.cc/bbs/PC_Shopping/M.1668562753.A.6FD.html,推,不能，我的是3080ti 他不能跑4K/60,11/16/2022,2520,True,負評
CPU,Intel i5-12400,Intel,i5,型號,[請益]12400+3080Ti跑3A遊戲能穩4K60幀嗎,https://www.ptt.cc/bbs/PC_Shopping/M.1668562753.A.6FD.html,推,大作基本上都有DLSS 開下去基本都穩60啦 真心不騙,11/16/2022,2525,True,正評
CPU,Intel i5-12400,Intel,i5,型號,[請益]12400+3080Ti跑3A遊戲能穩4K60幀嗎,https://www.ptt.cc/bbs/PC_Shopping/M.1668562753.A.6FD.html,→,目前大多都是靠DLSS衝上去的 除非最佳化做特別好,11/16/2022,2528,True,中立
CPU,Intel i5-12400,Intel,i5,型號,[請益]12400+3080Ti跑3A遊戲能穩4K60幀嗎,https://www.ptt.cc/bbs/PC_Shopping/M.1668562753.A.6FD.html,→,我是12400配3080ti   用4k60hz顯示器 我覺得戰到50系列出,11/16/2022,2533,True,中立
CPU,Intel i5-12400,Intel,i5,型號,[請益]12400+3080Ti跑3A遊戲能穩4K60幀嗎,https://www.ptt.cc/bbs/PC_Shopping/M.1668562753.A.6FD.html,→,來沒啥問題 2077體積雲霧超吃資源必關XD,11/16/2022,2534,True,正評
CPU,Intel i5-12400,Intel,i5,型號,[請益]12400+3080Ti跑3A遊戲能穩4K60幀嗎,https://www.ptt.cc/bbs/PC_Shopping/M.1668562753.A.6FD.html,推,平均60的話可以,11/16/2022,2542,True,中立
CPU,Intel i5-12400,Intel,i5,型號,[請益]12400+3080Ti跑3A遊戲能穩4K60幀嗎,https://www.ptt.cc/bbs/PC_Shopping/M.1668562753.A.6FD.html,→,我之前12400+3080玩戰神 2K CPU都吃滿 幀數都100-120,11/16/2022,2546,True,中立
CPU,Intel i5-12400,Intel,i5,型號,[請益]12400+3080Ti跑3A遊戲能穩4K60幀嗎,https://www.ptt.cc/bbs/PC_Shopping/M.1668562753.A.6FD.html,→,我跑2077 12400配3080ti cpu沒吃滿 戰神這麼厲害的嗎,11/16/2022,2548,True,中立
CPU,Intel i5-12400,Intel,i5,型號,[請益]12400+3080Ti跑3A遊戲能穩4K60幀嗎,https://www.ptt.cc/bbs/PC_Shopping/M.1668562753.A.6FD.html,→,4k60就是要上4090了 除非能接受DLSS加減用,11/17/2022,2556,True,中立
CPU,Intel i5-12400,Intel,i5,型號,[請益]12400+3080Ti跑3A遊戲能穩4K60幀嗎,https://www.ptt.cc/bbs/PC_Shopping/M.1668562753.A.6FD.html,→,其實可以了 不要追求無腦畫質全開,11/17/2022,2559,True,中立
CPU,Intel i5-12400,Intel,i5,型號,[請益] 請問i7-6700k有需要升級i5-12400嗎？,https://www.ptt.cc/bbs/PC_Shopping/M.1665806287.A.308.html,推,看你解析度啊，1080有差，2k以上差距小一點,10/15/2022,2564,True,中立
CPU,Intel i5-12400,Intel,i5,型號,[請益] 請問i7-6700k有需要升級i5-12400嗎？,https://www.ptt.cc/bbs/PC_Shopping/M.1665806287.A.308.html,→,1.實際使用時遊戲跑得不夠順,10/15/2022,2577,True,負評
CPU,Intel i5-12400,Intel,i5,型號,[請益] 請問i7-6700k有需要升級i5-12400嗎？,https://www.ptt.cc/bbs/PC_Shopping/M.1665806287.A.308.html,推,升上去主要是提高1%low，應該會蠻有感的,10/15/2022,2585,True,中立
CPU,Intel i5-12400,Intel,i5,型號,[請益] 請問i7-6700k有需要升級i5-12400嗎？,https://www.ptt.cc/bbs/PC_Shopping/M.1665806287.A.308.html,推,我10400換12400就超有感了，10400會拖累3080,10/15/2022,2588,True,正評
CPU,Intel i5-12400,Intel,i5,型號,[請益] 請問i7-6700k有需要升級i5-12400嗎？,https://www.ptt.cc/bbs/PC_Shopping/M.1665806287.A.308.html,→,跑1080p rise 顯卡占用只有不到一半 然後cpu滿載,10/15/2022,2590,True,中立
CPU,Intel i5-12400,Intel,i5,型號,[請益] 請問i7-6700k有需要升級i5-12400嗎？,https://www.ptt.cc/bbs/PC_Shopping/M.1665806287.A.308.html,推,6700 到 12400蠻有感的吧 硬解youtube差超多,10/15/2022,2605,True,正評
CPU,Intel i5-12400,Intel,i5,型號,[請益] 請問i7-6700k有需要升級i5-12400嗎？,https://www.ptt.cc/bbs/PC_Shopping/M.1665806287.A.308.html,推,FHD 60hz的螢幕而已 不用換,10/15/2022,2610,True,中立
CPU,Intel i5-12400,Intel,i5,型號,[請益] 請問i7-6700k有需要升級i5-12400嗎？,https://www.ptt.cc/bbs/PC_Shopping/M.1665806287.A.308.html,→,小超5G 6核 很爽了,10/15/2022,2612,True,正評
CPU,Intel i5-12400,Intel,i5,型號,[請益] 請問i7-6700k有需要升級i5-12400嗎？,https://www.ptt.cc/bbs/PC_Shopping/M.1665806287.A.308.html,推,"我也是6700升12500,覺得YOUTUBE明顯有差",10/15/2022,2613,True,正評
CPU,Intel i5-12400,Intel,i5,型號,[請益] 請問i7-6700k有需要升級i5-12400嗎？,https://www.ptt.cc/bbs/PC_Shopping/M.1665806287.A.308.html,推,我覺得不用。如果是4k螢幕。應該是差幾張而已,10/15/2022,2627,True,中立
CPU,Intel i5-12400,Intel,i5,型號,[請益] 請問i7-6700k有需要升級i5-12400嗎？,https://www.ptt.cc/bbs/PC_Shopping/M.1665806287.A.308.html,推,升級還是有感 去欣亞拿12400+DS3H 真威組合就好了 記憶,10/15/2022,2628,True,正評
CPU,Intel i5-12400,Intel,i5,型號,[請益] 請問i7-6700k有需要升級i5-12400嗎？,https://www.ptt.cc/bbs/PC_Shopping/M.1665806287.A.308.html,→,如果玩會頂到CPU瓶頸的遊戲有感 不過不考慮等等看13代,10/15/2022,2647,True,中立
CPU,Intel i5-12400,Intel,i5,型號,[請益] 請問i7-6700k有需要升級i5-12400嗎？,https://www.ptt.cc/bbs/PC_Shopping/M.1665806287.A.308.html,→,真的忍不住就12400+ds3h真威組合 然後搭個虎徹2比較安靜,10/15/2022,2649,True,正評
CPU,Intel i5-12400,Intel,i5,型號,[閒聊] 淺談R5 5600及I5-12400定位,https://www.ptt.cc/bbs/PC_Shopping/M.1663659753.A.E2C.html,推,以目前的效能來說 大多數使用者都沒有上I7的必要了,09/20/2022,2659,True,中立
CPU,Intel i5-12400,Intel,i5,型號,[閒聊] 淺談R5 5600及I5-12400定位,https://www.ptt.cc/bbs/PC_Shopping/M.1663659753.A.E2C.html,→,需求i7的族群當然還是有 不過對大多數使用者來說 i5就能滿,09/20/2022,2665,True,中立
CPU,Intel i5-12400,Intel,i5,型號,[閒聊] 淺談R5 5600及I5-12400定位,https://www.ptt.cc/bbs/PC_Shopping/M.1663659753.A.E2C.html,推,12400 優勢有內顯 又支援AV1,09/20/2022,2679,True,中立
CPU,Intel i5-12400,Intel,i5,型號,[閒聊] 淺談R5 5600及I5-12400定位,https://www.ptt.cc/bbs/PC_Shopping/M.1663659753.A.E2C.html,→,解析度特效開越高fps瓶頸在顯卡上 13代i5單核已贏12代i7,09/20/2022,2684,True,中立
CPU,Intel i5-12400,Intel,i5,型號,[閒聊] 淺談R5 5600及I5-12400定位,https://www.ptt.cc/bbs/PC_Shopping/M.1663659753.A.E2C.html,→,多核甚至拿去超頻5g 也贏了,09/20/2022,2685,True,正評
CPU,Intel i5-12400,Intel,i5,型號,[閒聊] 淺談R5 5600及I5-12400定位,https://www.ptt.cc/bbs/PC_Shopping/M.1663659753.A.E2C.html,→,intel之前卡荒還有內顯優勢 現在純看cp值了,09/20/2022,2686,True,中立
CPU,Intel i5-12400,Intel,i5,型號,[閒聊] 淺談R5 5600及I5-12400定位,https://www.ptt.cc/bbs/PC_Shopping/M.1663659753.A.E2C.html,→,如果非k要玩超外頻到5g 內顯反而拖累,09/20/2022,2689,True,負評
CPU,Intel i5-12400,Intel,i5,型號,[閒聊] 淺談R5 5600及I5-12400定位,https://www.ptt.cc/bbs/PC_Shopping/M.1663659753.A.E2C.html,→,i5 輕遊戲機   R5 浪費砂子,09/20/2022,2690,True,負評
CPU,Intel i5-12400,Intel,i5,型號,[閒聊] 淺談R5 5600及I5-12400定位,https://www.ptt.cc/bbs/PC_Shopping/M.1663659753.A.E2C.html,推,還有12400 支援GEN 4的SSD  APU只有GEN 3,09/20/2022,2693,True,中立
CPU,Intel i5-12400,Intel,i5,型號,[閒聊] 淺談R5 5600及I5-12400定位,https://www.ptt.cc/bbs/PC_Shopping/M.1663659753.A.E2C.html,→,b660某屋最丐2400啊 沒要超頻又是i5..3k頂了 錢拿去換掉,09/20/2022,2694,True,中立
CPU,Intel i5-12400,Intel,i5,型號,[閒聊] 淺談R5 5600及I5-12400定位,https://www.ptt.cc/bbs/PC_Shopping/M.1663659753.A.E2C.html,→,就Cinebench 跑分來說，12400F打得對手是5600X，5600打,09/20/2022,2696,True,中立
CPU,Intel i5-12400,Intel,i5,型號,[閒聊] 淺談R5 5600及I5-12400定位,https://www.ptt.cc/bbs/PC_Shopping/M.1663659753.A.E2C.html,→,風扇換了 i5-12400f 全核4g 燒prime95最高才68度,09/20/2022,2698,True,正評
CPU,Intel i5-12400,Intel,i5,型號,[閒聊] 淺談R5 5600及I5-12400定位,https://www.ptt.cc/bbs/PC_Shopping/M.1663659753.A.E2C.html,→,沒有必要買12400F。,09/20/2022,2702,True,負評
CPU,Intel i5-12400,Intel,i5,型號,[閒聊] 淺談R5 5600及I5-12400定位,https://www.ptt.cc/bbs/PC_Shopping/M.1663659753.A.E2C.html,推,12400預設就能打5600 PBO了論懶人I家還是比較簡單,09/20/2022,2715,True,正評
CPU,Intel i5-12400,Intel,i5,型號,[閒聊] 淺談R5 5600及I5-12400定位,https://www.ptt.cc/bbs/PC_Shopping/M.1663659753.A.E2C.html,推,非K超頻弄一弄上5G的話 差距還會多拉個25%有,09/20/2022,2719,True,中立
CPU,Intel i5-12400,Intel,i5,型號,[閒聊] 淺談R5 5600及I5-12400定位,https://www.ptt.cc/bbs/PC_Shopping/M.1663659753.A.E2C.html,→,00比較好用(畢竟單核效能高，雖然只有4核）,09/20/2022,2723,True,中立
CPU,Intel i5-12400,Intel,i5,型號,[閒聊] 淺談R5 5600及I5-12400定位,https://www.ptt.cc/bbs/PC_Shopping/M.1663659753.A.E2C.html,→,跟12400+B660M gaming X ax D4 幾乎一樣（價差就在送的,09/20/2022,2731,True,中立
CPU,Intel i5-12400,Intel,i5,型號,[閒聊] 淺談R5 5600及I5-12400定位,https://www.ptt.cc/bbs/PC_Shopping/M.1663659753.A.E2C.html,推,12400+3080 跑遊戲cpu很少破50%的 甚至20-30%在跑,09/20/2022,2732,True,中立
CPU,Intel i5-12400,Intel,i5,型號,[閒聊] 淺談R5 5600及I5-12400定位,https://www.ptt.cc/bbs/PC_Shopping/M.1663659753.A.E2C.html,→,cpu幾乎只有loading的時候會跑滿,09/20/2022,2733,True,中立
CPU,Intel i5-12400,Intel,i5,型號,[閒聊] 淺談R5 5600及I5-12400定位,https://www.ptt.cc/bbs/PC_Shopping/M.1663659753.A.E2C.html,推,12400沒有吃不飽這問題啦,09/20/2022,2747,True,中立
CPU,Intel i5-12400,Intel,i5,型號,[閒聊] 淺談R5 5600及I5-12400定位,https://www.ptt.cc/bbs/PC_Shopping/M.1663659753.A.E2C.html,→,12400夠了 有啥特別需求…,09/20/2022,2761,True,中立
CPU,Intel i5-12400,Intel,i5,型號,[閒聊] 淺談R5 5600及I5-12400定位,https://www.ptt.cc/bbs/PC_Shopping/M.1663659753.A.E2C.html,推,講老實話是 推12400給別人 不能超不能條 問題少,09/20/2022,2763,True,正評
CPU,Intel i5-12400,Intel,i5,型號,[閒聊] 淺談R5 5600及I5-12400定位,https://www.ptt.cc/bbs/PC_Shopping/M.1663659753.A.E2C.html,推,4k遊戲真的吃不滿。cpu不用買太好,09/20/2022,2774,True,中立
CPU,Intel i5-12400,Intel,i5,型號(情報),[情報] 華擎B660M PG Riptide i5-12400實現5.5G,https://www.ptt.cc/bbs/PC_Shopping/M.1660752094.A.187.html,→,"這張我記得有鎖功率,這成績應該是解功率了。",08/18/2022,2787,True,中立
CPU,Intel i5-12400,Intel,i5,型號(情報),[情報] 華擎B660M PG Riptide i5-12400實現5.5G,https://www.ptt.cc/bbs/PC_Shopping/M.1660752094.A.187.html,推,這張超i5夠用了啦,08/19/2022,2788,True,正評
CPU,Intel i5-12400,Intel,i5,型號,[菜單] 3470升級12400，半套12K,https://www.ptt.cc/bbs/PC_Shopping/M.1659882537.A.551.html,推,RX570也有年紀了 建議拿有內顯的12400做保險 SSD有預算,08/07/2022,2792,True,正評
CPU,Intel i5-12400,Intel,i5,型號,[菜單] 3470升級12400，半套12K,https://www.ptt.cc/bbs/PC_Shopping/M.1659882537.A.551.html,→,塔散看預算 不是必須但是有比較安靜,08/07/2022,2794,True,中立
CPU,Intel i5-12400,Intel,i5,型號,[菜單] 3470升級12400，半套12K,https://www.ptt.cc/bbs/PC_Shopping/M.1659882537.A.551.html,→,顯卡沿用的部分是可以 但是建議你i5換成有內顯得12400,08/07/2022,2797,True,正評
CPU,Intel i5-12400,Intel,i5,型號,[菜單] 3470升級12400，半套12K,https://www.ptt.cc/bbs/PC_Shopping/M.1659882537.A.551.html,推,記憶體拿3200就好 散熱器可以補一個AS120+ 比較安靜,08/07/2022,2800,True,中立
CPU,Intel i5-12400,Intel,i5,型號,[菜單] 3470升級12400，半套12K,https://www.ptt.cc/bbs/PC_Shopping/M.1659882537.A.551.html,推,沒看到記憶體是組合包 那不用改 記得記憶體開3200 Gear,08/07/2022,2803,True,中立
CPU,Intel i5-12400,Intel,i5,型號,[菜單] 3470升級12400，半套12K,https://www.ptt.cc/bbs/PC_Shopping/M.1659882537.A.551.html,推,1、跑分有、實測幾乎無感 2、買 會安靜不少 3、你的需求內顯,08/08/2022,2806,True,正評
CPU,Intel i5-12400,Intel,i5,型號,[菜單] 3470升級12400，半套12K,https://www.ptt.cc/bbs/PC_Shopping/M.1659882537.A.551.html,推,記憶體拿3200就好啦 省下來把CPU改成12400 SSD可以拿 但要,08/08/2022,2808,True,中立
CPU,Intel i5-12400,Intel,i5,型號,[菜單] 3470升級12400，半套12K,https://www.ptt.cc/bbs/PC_Shopping/M.1659882537.A.551.html,→,道有內顯的好處了，5年後顯卡過保 壞掉不想換不想修或,08/08/2022,2810,True,中立
CPU,Intel i5-12400,Intel,i5,型號,[菜單] 3470升級12400，半套12K,https://www.ptt.cc/bbs/PC_Shopping/M.1659882537.A.551.html,→,升級，也能插內顯看影片滑網頁 當文書機用,08/08/2022,2811,True,中立
CPU,Intel i5-12400,Intel,i5,型號,[菜單] 3470升級12400，半套12K,https://www.ptt.cc/bbs/PC_Shopping/M.1659882537.A.551.html,推,回樓上 世紀4用12400內顯勉強可以跑,08/08/2022,2815,True,中立
CPU,Intel i5-12400,Intel,i5,型號,[菜單] 3470升級12400，半套12K,https://www.ptt.cc/bbs/PC_Shopping/M.1659882537.A.551.html,推,文明6、世紀4用內顯怎麼可能夠,08/08/2022,2820,True,負評
CPU,Intel i5-12400,Intel,i5,型號,[菜單] 3470升級12400，半套12K,https://www.ptt.cc/bbs/PC_Shopping/M.1659882537.A.551.html,→,ram記得手動調3200就好 塔散可以補個as120+比較安靜 不,08/08/2022,2825,True,中立
CPU,Intel i5-12400,Intel,i5,型號,[菜單] 3470升級12400，半套12K,https://www.ptt.cc/bbs/PC_Shopping/M.1659882537.A.551.html,→,然原廠散也是還夠 ssd容量升級有感,08/08/2022,2826,True,中立
CPU,Intel i5-12400,Intel,i5,型號,[菜單] 20k影音輕度遊戲機 12400/4650G/5600G,https://www.ptt.cc/bbs/PC_Shopping/M.1654198779.A.D24.html,→,4650 vs 12400. 我遊戲佔時間不多,06/03/2022,2838,True,中立
CPU,Intel i5-12400,Intel,i5,型號,[菜單] 20k影音輕度遊戲機 12400/4650G/5600G,https://www.ptt.cc/bbs/PC_Shopping/M.1654198779.A.D24.html,→,只有CPU部分差一代所以拿便宜夠用,06/04/2022,2849,True,中立
CPU,Intel i5-12400,Intel,i5,型號,[菜單] 20k影音輕度遊戲機 12400/4650G/5600G,https://www.ptt.cc/bbs/PC_Shopping/M.1654198779.A.D24.html,→,除了燒機之外都很涼又安靜，記得BIO,06/04/2022,2851,True,正評
CPU,Intel i5-12400,Intel,i5,型號,[菜單] 20k影音輕度遊戲機 12400/4650G/5600G,https://www.ptt.cc/bbs/PC_Shopping/M.1654198779.A.D24.html,→,S預設轉速滿高的，會覺得吵的話可以,06/04/2022,2852,True,中立
CPU,Intel i5-12400,Intel,i5,型號(情報),[情報] 7星將推首款D4超外頻主板 12400超到5.1G,https://www.ptt.cc/bbs/PC_Shopping/M.1653666505.A.DCA.html,→,這種就即便不超頻，買來也可以開XM,05/28/2022,2864,True,中立
CPU,Intel i5-12400,Intel,i5,型號(情報),[情報] 7星將推首款D4超外頻主板 12400超到5.1G,https://www.ptt.cc/bbs/PC_Shopping/M.1653666505.A.DCA.html,→,P 讓非K版的U上3600（非K版的有鎖,05/28/2022,2865,True,中立
CPU,Intel i5-12400,Intel,i5,型號(情報),[情報] 7星將推首款D4超外頻主板 12400超到5.1G,https://www.ptt.cc/bbs/PC_Shopping/M.1653666505.A.DCA.html,推,有這個不錯啊 如果用在13代也能超,05/28/2022,2869,True,正評
CPU,Intel i5-12400,Intel,i5,型號(情報),[情報] 7星將推首款D4超外頻主板 12400超到5.1G,https://www.ptt.cc/bbs/PC_Shopping/M.1653666505.A.DCA.html,推,微星的BCLK 好像有限定CPU型號,05/28/2022,2870,True,中立
CPU,Intel i5-12400,Intel,i5,型號(情報),[情報] 7星將推首款D4超外頻主板 12400超到5.1G,https://www.ptt.cc/bbs/PC_Shopping/M.1653666505.A.DCA.html,→,比如說 12400 要H0版 C0版不行,05/28/2022,2871,True,中立
CPU,Intel i5-12400,Intel,i5,型號(情報),[情報] 7星將推首款D4超外頻主板 12400超到5.1G,https://www.ptt.cc/bbs/PC_Shopping/M.1653666505.A.DCA.html,→,延遲全部變很低 比單純超倍頻還猛,05/28/2022,2874,True,正評
CPU,Intel i5-12400,Intel,i5,型號(情報),[情報] 7星將推首款D4超外頻主板 12400超到5.1G,https://www.ptt.cc/bbs/PC_Shopping/M.1653666505.A.DCA.html,→,超外頻 aida64 測出來的數字根本就,05/29/2022,2877,True,中立
CPU,Intel i5-12400,Intel,i5,型號,[請益] A4H2O 配 12400 空冷,https://www.ptt.cc/bbs/PC_Shopping/M.1651220057.A.2BB.html,→,只是12400 原廠散都能壓了,04/29/2022,2878,True,中立
CPU,Intel i5-12400,Intel,i5,型號,[請益] A4H2O 配 12400 空冷,https://www.ptt.cc/bbs/PC_Shopping/M.1651220057.A.2BB.html,→,裝得下的都壓得住,04/29/2022,2880,True,正評
CPU,Intel i5-12400,Intel,i5,型號,[菜單] i5-4460升E3 or 直上i5-12400,https://www.ptt.cc/bbs/PC_Shopping/M.1650783741.A.313.html,噓,12400 來這邊就是買新的,04/24/2022,2890,True,正評
CPU,Intel i5-12400,Intel,i5,型號,[菜單] i5-4460升E3 or 直上i5-12400,https://www.ptt.cc/bbs/PC_Shopping/M.1650783741.A.313.html,→,特效開中都能跑，我要等年底13代,04/24/2022,2894,True,中立
CPU,Intel i5-12400,Intel,i5,型號,[菜單] i5-4460升E3 or 直上i5-12400,https://www.ptt.cc/bbs/PC_Shopping/M.1650783741.A.313.html,→,我就是4460換12400 整個舒服 換吧,04/24/2022,2901,True,正評
CPU,Intel i5-12400,Intel,i5,型號,[菜單] i5-4460升E3 or 直上i5-12400,https://www.ptt.cc/bbs/PC_Shopping/M.1650783741.A.313.html,推,12代夠再戰10年了,04/24/2022,2903,True,正評
CPU,Intel i5-12400,Intel,i5,型號,[菜單] i5-4460升E3 or 直上i5-12400,https://www.ptt.cc/bbs/PC_Shopping/M.1650783741.A.313.html,推,當然直上 你只換E3是差多少?,04/24/2022,2908,True,中立
CPU,Intel i5-12400,Intel,i5,型號,[菜單] i5-4460升E3 or 直上i5-12400,https://www.ptt.cc/bbs/PC_Shopping/M.1650783741.A.313.html,→,喔這邊是電蝦 那麼建議直上,04/24/2022,2924,True,正評
CPU,Intel i5-12400,Intel,i5,型號,[菜單] i5-4460升E3 or 直上i5-12400,https://www.ptt.cc/bbs/PC_Shopping/M.1650783741.A.313.html,→,換5600或12400都好，不建議二手,04/24/2022,2925,True,中立
CPU,Intel i5-12400,Intel,i5,型號,[菜單] i5-4460升E3 or 直上i5-12400,https://www.ptt.cc/bbs/PC_Shopping/M.1650783741.A.313.html,→,代的遊戲性能又比12更好了,04/24/2022,2930,True,中立
CPU,Intel i5-12400,Intel,i5,型號,[菜單] i5-4460升E3 or 直上i5-12400,https://www.ptt.cc/bbs/PC_Shopping/M.1650783741.A.313.html,推,你這換E3應該還是會感覺不夠力,04/24/2022,2931,True,中立
CPU,Intel i5-12400,Intel,i5,型號,[菜單] i5-4460升E3 or 直上i5-12400,https://www.ptt.cc/bbs/PC_Shopping/M.1650783741.A.313.html,→,玩什麼遊戲不夠力？來這就是買新的,04/24/2022,2933,True,正評
CPU,Intel i5-12400,Intel,i5,型號,[菜單] i5-4460升E3 or 直上i5-12400,https://www.ptt.cc/bbs/PC_Shopping/M.1650783741.A.313.html,→,不夠力要看遊戲 還有是否開4K開光追,04/24/2022,2938,True,中立
CPU,Intel i5-12400,Intel,i5,型號,[菜單] i5-4460升E3 or 直上i5-12400,https://www.ptt.cc/bbs/PC_Shopping/M.1650783741.A.313.html,→,拿e3不如加一倍12100+b660也比較強,04/24/2022,2941,True,中立
CPU,Intel i5-12400,Intel,i5,型號,[菜單] i5-4460升E3 or 直上i5-12400,https://www.ptt.cc/bbs/PC_Shopping/M.1650783741.A.313.html,→,啊 建議砍掉組台12400了 有獨顯不,04/24/2022,2942,True,負評
CPU,Intel i5-12400,Intel,i5,型號,[菜單] i5-4460升E3 or 直上i5-12400,https://www.ptt.cc/bbs/PC_Shopping/M.1650783741.A.313.html,推,i5-4440剛上12400，舒服到飛天,04/24/2022,2945,True,正評
CPU,Intel i5-12400,Intel,i5,型號,[菜單] i5-4460升E3 or 直上i5-12400,https://www.ptt.cc/bbs/PC_Shopping/M.1650783741.A.313.html,推,AMD Phenom 720升12400 應該最誇張,04/24/2022,2951,True,中立
CPU,Intel i5-12400,Intel,i5,型號,[菜單] i5-4460升E3 or 直上i5-12400,https://www.ptt.cc/bbs/PC_Shopping/M.1650783741.A.313.html,推,I5 6500 直上 I5 12400 超級有感,04/24/2022,2952,True,正評
CPU,Intel i5-12400,Intel,i5,型號,[菜單] i5-4460升E3 or 直上i5-12400,https://www.ptt.cc/bbs/PC_Shopping/M.1650783741.A.313.html,→,12代可是擠出的最大份牙膏,04/24/2022,2953,True,中立
CPU,Intel i5-12400,Intel,i5,型號,[菜單] i5-4460升E3 or 直上i5-12400,https://www.ptt.cc/bbs/PC_Shopping/M.1650783741.A.313.html,推,I皇現在不擠牙膏 可以直上了,04/24/2022,2954,True,正評
CPU,Intel i5-12400,Intel,i5,型號,[菜單] i5-4460升E3 or 直上i5-12400,https://www.ptt.cc/bbs/PC_Shopping/M.1650783741.A.313.html,推,我是4460換12400，直上不會後悔的,04/24/2022,2968,True,正評
CPU,Intel i5-12400,Intel,i5,型號,[菜單] i5-4460升E3 or 直上i5-12400,https://www.ptt.cc/bbs/PC_Shopping/M.1650783741.A.313.html,→,整個變很順暢，b660日後也能再升級,04/24/2022,2969,True,正評
CPU,Intel i5-12400,Intel,i5,型號,[菜單] i5-4460升E3 or 直上i5-12400,https://www.ptt.cc/bbs/PC_Shopping/M.1650783741.A.313.html,→,認真說 12400沒那麼弱,04/24/2022,2971,True,中立
CPU,Intel i5-12400,Intel,i5,型號,[菜單] i5-4460升E3 or 直上i5-12400,https://www.ptt.cc/bbs/PC_Shopping/M.1650783741.A.313.html,推,直上12代 我i53450換12700 上ptt好,04/24/2022,2972,True,中立
CPU,Intel i5-12400,Intel,i5,型號,[菜單] i5-4460升E3 or 直上i5-12400,https://www.ptt.cc/bbs/PC_Shopping/M.1650783741.A.313.html,推,我e3 v2換12代蠻有感的,04/24/2022,2978,True,正評
CPU,Intel i5-12400,Intel,i5,型號,[菜單] i5-4460升E3 or 直上i5-12400,https://www.ptt.cc/bbs/PC_Shopping/M.1650783741.A.313.html,→,用起來舒服多了，而且很省,04/24/2022,2982,True,正評
CPU,Intel i5-12400,Intel,i5,型號,[菜單] i5-4460升E3 or 直上i5-12400,https://www.ptt.cc/bbs/PC_Shopping/M.1650783741.A.313.html,→,原廠散熱器用起來換很不爽，溫度高,04/24/2022,2984,True,負評
CPU,Intel i5-12400,Intel,i5,型號,[菜單] i5-4460升E3 or 直上i5-12400,https://www.ptt.cc/bbs/PC_Shopping/M.1650783741.A.313.html,→,絕對不用考慮e3,04/24/2022,2991,True,負評
CPU,Intel i5-12400,Intel,i5,型號,[菜單] i5-4460升E3 or 直上i5-12400,https://www.ptt.cc/bbs/PC_Shopping/M.1650783741.A.313.html,推,想當等等黨就繼續撐，不想就直上,04/24/2022,2993,True,中立
CPU,Intel i5-12400,Intel,i5,型號,[菜單] i5-4460升E3 or 直上i5-12400,https://www.ptt.cc/bbs/PC_Shopping/M.1650783741.A.313.html,噓,直接買12代I7夠你再用10年,04/24/2022,2997,True,正評
CPU,Intel i5-12400,Intel,i5,型號,[菜單] i5-4460升E3 or 直上i5-12400,https://www.ptt.cc/bbs/PC_Shopping/M.1650783741.A.313.html,→,果還不錯 CPU拿12400就可以,04/24/2022,3010,True,正評
CPU,Intel i5-12400,Intel,i5,型號,[菜單] i5-4460升E3 or 直上i5-12400,https://www.ptt.cc/bbs/PC_Shopping/M.1650783741.A.313.html,推,省錢就4代i7，有閒錢不留戀就全換,04/25/2022,3014,True,中立
CPU,Intel i5-12400,Intel,i5,型號,[菜單] i5-4460升E3 or 直上i5-12400,https://www.ptt.cc/bbs/PC_Shopping/M.1650783741.A.313.html,推,E3換12400 爽,04/25/2022,3020,True,正評
CPU,Intel i5-12400,Intel,i5,型號,[菜單] i5-4460升E3 or 直上i5-12400,https://www.ptt.cc/bbs/PC_Shopping/M.1650783741.A.313.html,→,今年三月升到12400，非常有感,04/25/2022,3032,True,正評
CPU,Intel i5-12400,Intel,i5,型號,[菜單] i5-4460升E3 or 直上i5-12400,https://www.ptt.cc/bbs/PC_Shopping/M.1650783741.A.313.html,推,要直上只推12700以上規格12代CPU，,04/25/2022,3033,True,中立
CPU,Intel i5-12400,Intel,i5,型號,[菜單] i5-4460升E3 or 直上i5-12400,https://www.ptt.cc/bbs/PC_Shopping/M.1650783741.A.313.html,→,二手的，雖然提升有感但差異不大，,04/25/2022,3038,True,中立
CPU,Intel i5-12400,Intel,i5,型號,[菜單] i5-4460升E3 or 直上i5-12400,https://www.ptt.cc/bbs/PC_Shopping/M.1650783741.A.313.html,→,有感了，所以如果不想等的話就直上,04/25/2022,3040,True,正評
CPU,Intel i5-12400,Intel,i5,型號,[請益] i5-12400 i7-12700 整機差不到三千怎麼選,https://www.ptt.cc/bbs/PC_Shopping/M.1649183142.A.C73.html,→,選貴的免得日後後悔,04/06/2022,3053,True,中立
CPU,Intel i5-12400,Intel,i5,型號,[請益] i5-12400 i7-12700 整機差不到三千怎麼選,https://www.ptt.cc/bbs/PC_Shopping/M.1649183142.A.C73.html,→,這樣買保證不後悔,04/06/2022,3055,True,正評
CPU,Intel i5-12400,Intel,i5,型號,[請益] i5-12400 i7-12700 整機差不到三千怎麼選,https://www.ptt.cc/bbs/PC_Shopping/M.1649183142.A.C73.html,推,差三千當然上i7,04/06/2022,3066,True,正評
CPU,Intel i5-12400,Intel,i5,型號,[請益] i5-12400 i7-12700 整機差不到三千怎麼選,https://www.ptt.cc/bbs/PC_Shopping/M.1649183142.A.C73.html,推,記得高配跟低配的cpu散熱器有差,04/06/2022,3071,True,中立
CPU,Intel i5-12400,Intel,i5,型號,[請益] i5-12400 i7-12700 整機差不到三千怎麼選,https://www.ptt.cc/bbs/PC_Shopping/M.1649183142.A.C73.html,→,選i7吧，工作用不能省,04/06/2022,3073,True,中立
CPU,Intel i5-12400,Intel,i5,型號,[請益] i5-12400 i7-12700 整機差不到三千怎麼選,https://www.ptt.cc/bbs/PC_Shopping/M.1649183142.A.C73.html,推,就差那麼點當然上i7,04/06/2022,3074,True,中立
CPU,Intel i5-12400,Intel,i5,型號,[請益] i5-12400 i7-12700 整機差不到三千怎麼選,https://www.ptt.cc/bbs/PC_Shopping/M.1649183142.A.C73.html,→,不缺那3000當然選i7,04/06/2022,3075,True,中立
CPU,Intel i5-12400,Intel,i5,型號,[請益] i5-12400 i7-12700 整機差不到三千怎麼選,https://www.ptt.cc/bbs/PC_Shopping/M.1649183142.A.C73.html,→,預算允許當然買i7,04/06/2022,3081,True,中立
CPU,Intel i5-12400,Intel,i5,型號,[請益] i5-12400 i7-12700 整機差不到三千怎麼選,https://www.ptt.cc/bbs/PC_Shopping/M.1649183142.A.C73.html,→,上i7吧 如果是大量採購 考慮到每個,04/07/2022,3088,True,中立
CPU,Intel i5-12400,Intel,i5,型號(情報),[情報] R5-5500 vs R5-5600/X vs i5-12400,https://www.ptt.cc/bbs/PC_Shopping/M.1649087259.A.4D1.html,推,看測試不超頻選12400，要超頻選56x,04/05/2022,3095,True,中立
CPU,Intel i5-12400,Intel,i5,型號(情報),[情報] R5-5500 vs R5-5600/X vs i5-12400,https://www.ptt.cc/bbs/PC_Shopping/M.1649087259.A.4D1.html,→,不過差距沒有很大，雙方有輸有贏,04/05/2022,3097,True,中立
CPU,Intel i5-12400,Intel,i5,型號(情報),[情報] R5-5500 vs R5-5600/X vs i5-12400,https://www.ptt.cc/bbs/PC_Shopping/M.1649087259.A.4D1.html,→,贏不了12代。不過結論還是組新的選,04/05/2022,3105,True,中立
CPU,Intel i5-12400,Intel,i5,型號(情報),[情報] R5-5500 vs R5-5600/X vs i5-12400,https://www.ptt.cc/bbs/PC_Shopping/M.1649087259.A.4D1.html,→,12代吧。這個舊平台升級可考慮。,04/05/2022,3106,True,中立
CPU,Intel i5-12400,Intel,i5,型號(情報),[情報] R5-5500 vs R5-5600/X vs i5-12400,https://www.ptt.cc/bbs/PC_Shopping/M.1649087259.A.4D1.html,→,有超就能小贏12代也沒啥問題,04/05/2022,3113,True,中立
CPU,Intel i5-12400,Intel,i5,型號(情報),[情報] R5-5500 vs R5-5600/X vs i5-12400,https://www.ptt.cc/bbs/PC_Shopping/M.1649087259.A.4D1.html,→,不想超就直接買12代還多內顯,04/05/2022,3114,True,正評
CPU,Intel i5-12400,Intel,i5,型號(情報),[情報] R5-5500 vs R5-5600/X vs i5-12400,https://www.ptt.cc/bbs/PC_Shopping/M.1649087259.A.4D1.html,→,1:1 效能增進不少 GF烙賽12nm,04/05/2022,3118,True,中立
CPU,Intel i5-12400,Intel,i5,型號,[請益] 5800x與12400抉擇,https://www.ptt.cc/bbs/PC_Shopping/M.1648574579.A.FD4.html,推,12400 有內顯可以擋,03/30/2022,3150,True,中立
CPU,Intel i5-12400,Intel,i5,型號,[請益] 5800x與12400抉擇,https://www.ptt.cc/bbs/PC_Shopping/M.1648574579.A.FD4.html,→,拿56就好，8核沒需求就沒你想像美,03/30/2022,3154,True,中立
CPU,Intel i5-12400,Intel,i5,型號,[請益] 5800x與12400抉擇,https://www.ptt.cc/bbs/PC_Shopping/M.1648574579.A.FD4.html,→,其實有點過剩但是用的很爽,03/30/2022,3167,True,正評
CPU,Intel i5-12400,Intel,i5,型號,[請益] 5800x與12400抉擇,https://www.ptt.cc/bbs/PC_Shopping/M.1648574579.A.FD4.html,推,我會買124，雖然有點怕彎,03/30/2022,3169,True,中立
CPU,Intel i5-12400,Intel,i5,型號,[請益] 5800x與12400抉擇,https://www.ptt.cc/bbs/PC_Shopping/M.1648574579.A.FD4.html,→,12代，別再幫清庫存了,03/30/2022,3171,True,負評
CPU,Intel i5-12400,Intel,i5,型號,[請益] 5800x與12400抉擇,https://www.ptt.cc/bbs/PC_Shopping/M.1648574579.A.FD4.html,→,不過你的用途拿124就很夠用了,03/30/2022,3172,True,正評
CPU,Intel i5-12400,Intel,i5,型號,[請益] 5800x與12400抉擇,https://www.ptt.cc/bbs/PC_Shopping/M.1648574579.A.FD4.html,→,照你的需求 兩邊都夠 選便宜的,03/30/2022,3174,True,中立
CPU,Intel i5-12400,Intel,i5,型號,[請益] 5800x與12400抉擇,https://www.ptt.cc/bbs/PC_Shopping/M.1648574579.A.FD4.html,推,3090基底下，124/129遊戲只有5%差,03/30/2022,3175,True,中立
CPU,Intel i5-12400,Intel,i5,型號,[請益] 5800x與12400抉擇,https://www.ptt.cc/bbs/PC_Shopping/M.1648574579.A.FD4.html,→,純遊戲12400都能打天下,03/30/2022,3177,True,正評
CPU,Intel i5-12400,Intel,i5,型號,[請益] 5800x與12400抉擇,https://www.ptt.cc/bbs/PC_Shopping/M.1648574579.A.FD4.html,推,壓得住5800X的散熱器比能伺候12400,03/30/2022,3183,True,中立
CPU,Intel i5-12400,Intel,i5,型號,[請益] 5800x與12400抉擇,https://www.ptt.cc/bbs/PC_Shopping/M.1648574579.A.FD4.html,→,124ㄅ 買56不如直上58,03/30/2022,3192,True,負評
CPU,Intel i5-12400,Intel,i5,型號,[請益] 5800x與12400抉擇,https://www.ptt.cc/bbs/PC_Shopping/M.1648574579.A.FD4.html,→,效能少5% 定價差150美金,03/30/2022,3196,True,中立
CPU,Intel i5-12400,Intel,i5,型號,[請益] 5800x與12400抉擇,https://www.ptt.cc/bbs/PC_Shopping/M.1648574579.A.FD4.html,推,12400 比較好一點 內顯可以解8K60,03/30/2022,3198,True,中立
CPU,Intel i5-12400,Intel,i5,型號,[請益] 5800x與12400抉擇,https://www.ptt.cc/bbs/PC_Shopping/M.1648574579.A.FD4.html,→,有顯卡就58x會比較強 沒顯卡就12400,03/31/2022,3204,True,中立
CPU,Intel i5-12400,Intel,i5,型號,[請益] 5800x與12400抉擇,https://www.ptt.cc/bbs/PC_Shopping/M.1648574579.A.FD4.html,→,現階段推12400，不用擔心影片播不動,04/01/2022,3206,True,正評
CPU,Intel i5-12400,Intel,i5,型號,[請益] 5800x與12400抉擇,https://www.ptt.cc/bbs/PC_Shopping/M.1648574579.A.FD4.html,→,加了顯卡玩game也是接近頂級U的體驗,04/01/2022,3207,True,中立
CPU,Intel i5-12400,Intel,i5,型號,Re: [閒聊] i5-12400F新品不良,https://www.ptt.cc/bbs/PC_Shopping/M.1647107292.A.CA9.html,→,不行  爛到該死的地步,03/13/2022,3217,True,負評
CPU,Intel i5-12400,Intel,i5,型號,[閒聊] i5-12400F新品不良,https://www.ptt.cc/bbs/PC_Shopping/M.1646902246.A.291.html,→,說狂藍屏 怕..,03/10/2022,3310,True,負評
CPU,Intel i5-12400,Intel,i5,型號,[閒聊] i5-12400F新品不良,https://www.ptt.cc/bbs/PC_Shopping/M.1646902246.A.291.html,→,遇到CPU 是那種半死不活 久久發作,03/10/2022,3324,True,負評
CPU,Intel i5-12400,Intel,i5,型號,[閒聊] i5-12400F新品不良,https://www.ptt.cc/bbs/PC_Shopping/M.1646902246.A.291.html,→,有這種災情 連OS都灌不完.....,03/10/2022,3330,True,負評
CPU,Intel i5-12400,Intel,i5,型號,[閒聊] i5-12400F新品不良,https://www.ptt.cc/bbs/PC_Shopping/M.1646902246.A.291.html,→,一開始抓不到是cpu掛 送修MB買新MB,03/10/2022,3332,True,負評
CPU,Intel i5-12400,Intel,i5,型號,[閒聊] i5-12400F新品不良,https://www.ptt.cc/bbs/PC_Shopping/M.1646902246.A.291.html,→,"測試後還是開不了機黑屏,不是MB問題",03/10/2022,3333,True,負評
CPU,Intel i5-12400,Intel,i5,型號,[閒聊] i5-12400F新品不良,https://www.ptt.cc/bbs/PC_Shopping/M.1646902246.A.291.html,→,驗要死不活 用了一年受不了才送修,03/10/2022,3339,True,負評
CPU,Intel i5-12400,Intel,i5,型號,[閒聊] i5-12400F新品不良,https://www.ptt.cc/bbs/PC_Shopping/M.1646902246.A.291.html,→,藍屏崩潰..12400f b660 d4 3200,03/11/2022,3345,True,負評
CPU,Intel i5-12400,Intel,i5,型號,[閒聊] i5-12400F新品不良,https://www.ptt.cc/bbs/PC_Shopping/M.1646902246.A.291.html,→,200進不了系統一定要關 XMP,03/12/2022,3354,True,中立
CPU,Intel i5-12400,Intel,i5,型號,[請益] 10K CPU升級 5600X 5800X 12400 選擇,https://www.ptt.cc/bbs/PC_Shopping/M.1646389041.A.B48.html,→,都是浪費錢，選1最浪費,03/04/2022,3377,True,負評
CPU,Intel i5-12400,Intel,i5,型號,[請益] 10K CPU升級 5600X 5800X 12400 選擇,https://www.ptt.cc/bbs/PC_Shopping/M.1646389041.A.B48.html,推,Cpu收二手的 最佳cp值了 剩下的存,03/05/2022,3399,True,正評
CPU,Intel i5-12400,Intel,i5,型號,[請益] i5-12400主機板挑選,https://www.ptt.cc/bbs/PC_Shopping/M.1646118098.A.104.html,→,便宜就好 這代12400這兩個板子都輕,03/01/2022,3440,True,中立
CPU,Intel i5-12400,Intel,i5,型號,[菜單] i5-12400+RTX3060 輕繪圖遊戲VR機請益,https://www.ptt.cc/bbs/PC_Shopping/M.1644923868.A.CE5.html,推,原廠扇很爛的，pa120+便宜效能又頂,02/15/2022,3448,True,正評
CPU,Intel i5-12400,Intel,i5,型號,[菜單] i5-12400+RTX3060 輕繪圖遊戲VR機請益,https://www.ptt.cc/bbs/PC_Shopping/M.1644923868.A.CE5.html,推,原廠比較吵 可以上ac210或是虎徹2,02/15/2022,3458,True,中立
CPU,Intel i5-12400,Intel,i5,型號,[菜單] i5-12400+RTX3060 輕繪圖遊戲VR機請益,https://www.ptt.cc/bbs/PC_Shopping/M.1644923868.A.CE5.html,推,Oc版效能根本沒差多少,02/15/2022,3465,True,中立
CPU,Intel i5-12400,Intel,i5,型號,[菜單] i5-12400+RTX3060 輕繪圖遊戲VR機請益,https://www.ptt.cc/bbs/PC_Shopping/M.1644923868.A.CE5.html,→,真要加錢買塔散不如拿去升12500,02/15/2022,3481,True,中立
CPU,Intel i5-12400,Intel,i5,型號,[菜單] i5-12400+RTX3060 輕繪圖遊戲VR機請益,https://www.ptt.cc/bbs/PC_Shopping/M.1644923868.A.CE5.html,→,不強求fps沒關係 但fps 不穩我頭超,02/15/2022,3484,True,負評
CPU,Intel i5-12400,Intel,i5,型號,[菜單] i5-12400+RTX3060 輕繪圖遊戲VR機請益,https://www.ptt.cc/bbs/PC_Shopping/M.1644923868.A.CE5.html,→,50要9千多，其實不划算。60雖然有,02/15/2022,3487,True,負評
CPU,Intel i5-12400,Intel,i5,型號,[請益] 欣亞12400主機板,https://www.ptt.cc/bbs/PC_Shopping/M.1644563449.A.AB8.html,→,他算四千以內供電部分給最好的板。,02/11/2022,3529,True,中立
CPU,Intel i5-12400,Intel,i5,型號,[請益] 欣亞12400主機板,https://www.ptt.cc/bbs/PC_Shopping/M.1644563449.A.AB8.html,→,用i5根本不用管供電是什麼,02/11/2022,3540,True,中立
CPU,Intel i5-12400,Intel,i5,型號,[請益] 欣亞12400主機板,https://www.ptt.cc/bbs/PC_Shopping/M.1644563449.A.AB8.html,推,非k連記憶體都不給超啊，直接h610,02/11/2022,3555,True,中立
CPU,Intel i5-12400,Intel,i5,型號,[請益] 升級猶豫5600g、i5 12400該選誰,https://www.ptt.cc/bbs/PC_Shopping/M.1644405631.A.71C.html,推,12400就夠了,02/09/2022,3591,True,正評
CPU,Intel i5-12400,Intel,i5,型號,[請益] 升級猶豫5600g、i5 12400該選誰,https://www.ptt.cc/bbs/PC_Shopping/M.1644405631.A.71C.html,推,買新的，12400,02/09/2022,3592,True,正評
CPU,Intel i5-12400,Intel,i5,型號,[請益] 升級猶豫5600g、i5 12400該選誰,https://www.ptt.cc/bbs/PC_Shopping/M.1644405631.A.71C.html,推,未來會買顯卡就12400,02/09/2022,3593,True,中立
CPU,Intel i5-12400,Intel,i5,型號,[請益] 升級猶豫5600g、i5 12400該選誰,https://www.ptt.cc/bbs/PC_Shopping/M.1644405631.A.71C.html,推,125的cp好一點,02/09/2022,3595,True,中立
CPU,Intel i5-12400,Intel,i5,型號,[請益] 升級猶豫5600g、i5 12400該選誰,https://www.ptt.cc/bbs/PC_Shopping/M.1644405631.A.71C.html,→,4說12400再拎個二手750ti擋就好了吧,02/09/2022,3596,True,中立
CPU,Intel i5-12400,Intel,i5,型號,[請益] 升級猶豫5600g、i5 12400該選誰,https://www.ptt.cc/bbs/PC_Shopping/M.1644405631.A.71C.html,推,124吧 5600G內顯只是堪用 你還是需,02/09/2022,3597,True,正評
CPU,Intel i5-12400,Intel,i5,型號,[請益] 升級猶豫5600g、i5 12400該選誰,https://www.ptt.cc/bbs/PC_Shopping/M.1644405631.A.71C.html,→,未來會加買顯卡，那豪無疑問是12400,02/09/2022,3598,True,正評
CPU,Intel i5-12400,Intel,i5,型號,[請益] 升級猶豫5600g、i5 12400該選誰,https://www.ptt.cc/bbs/PC_Shopping/M.1644405631.A.71C.html,→,12400不用想了,02/09/2022,3604,True,負評
CPU,Intel i5-12400,Intel,i5,型號,[請益] 升級猶豫5600g、i5 12400該選誰,https://www.ptt.cc/bbs/PC_Shopping/M.1644405631.A.71C.html,推,12400啊還要選嗎,02/09/2022,3611,True,中立
CPU,Intel i5-12400,Intel,i5,型號,[請益] 升級猶豫5600g、i5 12400該選誰,https://www.ptt.cc/bbs/PC_Shopping/M.1644405631.A.71C.html,→,內顯不夠去買顯卡啊 CPU效能不夠的,02/09/2022,3612,True,中立
CPU,Intel i5-12400,Intel,i5,型號,[請益] 升級猶豫5600g、i5 12400該選誰,https://www.ptt.cc/bbs/PC_Shopping/M.1644405631.A.71C.html,→,就很夠了 能打遊戲當然很好,02/09/2022,3615,True,中立
CPU,Intel i5-12400,Intel,i5,型號,[請益] 升級猶豫5600g、i5 12400該選誰,https://www.ptt.cc/bbs/PC_Shopping/M.1644405631.A.71C.html,→,你過渡期有多久？短的話直接12400,02/09/2022,3618,True,正評
CPU,Intel i5-12400,Intel,i5,型號,[請益] 升級猶豫5600g、i5 12400該選誰,https://www.ptt.cc/bbs/PC_Shopping/M.1644405631.A.71C.html,→,如果想撐個幾年我會選便宜的,02/09/2022,3619,True,中立
CPU,Intel i5-12400,Intel,i5,型號,[請益] 升級猶豫5600g、i5 12400該選誰,https://www.ptt.cc/bbs/PC_Shopping/M.1644405631.A.71C.html,→,程式沒優化的話121跟124差不多,02/09/2022,3620,True,中立
CPU,Intel i5-12400,Intel,i5,型號,[請益] 升級猶豫5600g、i5 12400該選誰,https://www.ptt.cc/bbs/PC_Shopping/M.1644405631.A.71C.html,→,12500跟12400差400，可以考慮直上，,02/09/2022,3622,True,中立
CPU,Intel i5-12400,Intel,i5,型號,[請益] 升級猶豫5600g、i5 12400該選誰,https://www.ptt.cc/bbs/PC_Shopping/M.1644405631.A.71C.html,→,不會崩，顯卡要搭機的情況下，也許,02/09/2022,3624,True,中立
CPU,Intel i5-12400,Intel,i5,型號,[請益] 升級猶豫5600g、i5 12400該選誰,https://www.ptt.cc/bbs/PC_Shopping/M.1644405631.A.71C.html,推,秒選Intel的,02/09/2022,3626,True,正評
CPU,Intel i5-12400,Intel,i5,型號,[請益] 升級猶豫5600g、i5 12400該選誰,https://www.ptt.cc/bbs/PC_Shopping/M.1644405631.A.71C.html,→,12400升級未來擴充性比較大，5600G,02/09/2022,3632,True,中立
CPU,Intel i5-12400,Intel,i5,型號,[請益] 升級猶豫5600g、i5 12400該選誰,https://www.ptt.cc/bbs/PC_Shopping/M.1644405631.A.71C.html,→,不錯，cpu涼到晚上睡不著,02/09/2022,3635,True,正評
CPU,Intel i5-12400,Intel,i5,型號,[請益] 升級猶豫5600g、i5 12400該選誰,https://www.ptt.cc/bbs/PC_Shopping/M.1644405631.A.71C.html,→,買56不如12100+RTX3050，不過3050,02/09/2022,3636,True,中立
CPU,Intel i5-12400,Intel,i5,型號,[請益] 升級猶豫5600g、i5 12400該選誰,https://www.ptt.cc/bbs/PC_Shopping/M.1644405631.A.71C.html,→,內顯需求找12500. 強不少,02/10/2022,3639,True,正評
CPU,Intel i5-12400,Intel,i5,型號,[請益] 升級猶豫5600g、i5 12400該選誰,https://www.ptt.cc/bbs/PC_Shopping/M.1644405631.A.71C.html,→,對一般人來說都是過剩,02/10/2022,3649,True,中立
CPU,Intel i5-12400,Intel,i5,型號,[請益] 升級猶豫5600g、i5 12400該選誰,https://www.ptt.cc/bbs/PC_Shopping/M.1644405631.A.71C.html,→,內顯的話可以拿12500比12400好一點,02/10/2022,3650,True,中立
CPU,Intel i5-12400,Intel,i5,型號,[請益] 12400需要上塔扇嗎,https://www.ptt.cc/bbs/PC_Shopping/M.1644216204.A.787.html,推,不怕噪音應該不需要 除非要完超外,02/07/2022,3652,True,中立
CPU,Intel i5-12400,Intel,i5,型號,[請益] 12400需要上塔扇嗎,https://www.ptt.cc/bbs/PC_Shopping/M.1644216204.A.787.html,推,不怕噪音  原廠就夠了吧,02/07/2022,3653,True,中立
CPU,Intel i5-12400,Intel,i5,型號,[請益] 12400需要上塔扇嗎,https://www.ptt.cc/bbs/PC_Shopping/M.1644216204.A.787.html,推,12400一般來說不能超頻吧,02/07/2022,3654,True,中立
CPU,Intel i5-12400,Intel,i5,型號,[請益] 12400需要上塔扇嗎,https://www.ptt.cc/bbs/PC_Shopping/M.1644216204.A.787.html,推,特定主板下能超啊,02/07/2022,3655,True,中立
CPU,Intel i5-12400,Intel,i5,型號,[請益] 12400需要上塔扇嗎,https://www.ptt.cc/bbs/PC_Shopping/M.1644216204.A.787.html,→,xmp那種應該不需要 12代基本上比較,02/07/2022,3657,True,中立
CPU,Intel i5-12400,Intel,i5,型號,[請益] 12400需要上塔扇嗎,https://www.ptt.cc/bbs/PC_Shopping/M.1644216204.A.787.html,→,要超外頻或怕吵就上啊 反正利民隨便,02/07/2022,3659,True,中立
CPU,Intel i5-12400,Intel,i5,型號,[請益] 12400需要上塔扇嗎,https://www.ptt.cc/bbs/PC_Shopping/M.1644216204.A.787.html,推,可以吧 12400 我上PA120 prime95,02/07/2022,3660,True,中立
CPU,Intel i5-12400,Intel,i5,型號,[請益] 12400需要上塔扇嗎,https://www.ptt.cc/bbs/PC_Shopping/M.1644216204.A.787.html,→,small test 最高溫67度,02/07/2022,3661,True,中立
CPU,Intel i5-12400,Intel,i5,型號,[請益] 12400需要上塔扇嗎,https://www.ptt.cc/bbs/PC_Shopping/M.1644216204.A.787.html,推,不怕吵當然不用，本來就不熱,02/07/2022,3662,True,正評
CPU,Intel i5-12400,Intel,i5,型號,[請益] 12400需要上塔扇嗎,https://www.ptt.cc/bbs/PC_Shopping/M.1644216204.A.787.html,推,我是12400f 我覺得原廠風扇不吵欸,02/07/2022,3663,True,正評
CPU,Intel i5-12400,Intel,i5,型號,[請益] 12400需要上塔扇嗎,https://www.ptt.cc/bbs/PC_Shopping/M.1644216204.A.787.html,推,PA120上了就對了,02/07/2022,3664,True,中立
CPU,Intel i5-12400,Intel,i5,型號,[請益] 12400需要上塔扇嗎,https://www.ptt.cc/bbs/PC_Shopping/M.1644216204.A.787.html,→,就很普通的聲音 完全壓得住,02/07/2022,3665,True,正評
CPU,Intel i5-12400,Intel,i5,型號,[請益] 12400需要上塔扇嗎,https://www.ptt.cc/bbs/PC_Shopping/M.1644216204.A.787.html,→,高階U是散熱，中低階U是靜音,02/07/2022,3666,True,中立
CPU,Intel i5-12400,Intel,i5,型號,[請益] 12400需要上塔扇嗎,https://www.ptt.cc/bbs/PC_Shopping/M.1644216204.A.787.html,推,至少360水冷才壓得住,02/07/2022,3667,True,中立
CPU,Intel i5-12400,Intel,i5,型號,[請益] 12400需要上塔扇嗎,https://www.ptt.cc/bbs/PC_Shopping/M.1644216204.A.787.html,→,使用者體驗是滿大的提升,02/07/2022,3669,True,中立
CPU,Intel i5-12400,Intel,i5,型號,[請益] 12400需要上塔扇嗎,https://www.ptt.cc/bbs/PC_Shopping/M.1644216204.A.787.html,推,想上就上 單塔即可 r5上雙塔的我目,02/07/2022,3674,True,中立
CPU,Intel i5-12400,Intel,i5,型號,[請益] 12400需要上塔扇嗎,https://www.ptt.cc/bbs/PC_Shopping/M.1644216204.A.787.html,→,就吵而已 效能除非機殼散熱太差,02/07/2022,3676,True,中立
CPU,Intel i5-12400,Intel,i5,型號,[請益] 12400需要上塔扇嗎,https://www.ptt.cc/bbs/PC_Shopping/M.1644216204.A.787.html,推,會問就是想省 想省就不需要,02/07/2022,3677,True,中立
CPU,Intel i5-12400,Intel,i5,型號,[請益] 12400需要上塔扇嗎,https://www.ptt.cc/bbs/PC_Shopping/M.1644216204.A.787.html,推,上了啦 塔扇也不是非常貴,02/07/2022,3678,True,中立
CPU,Intel i5-12400,Intel,i5,型號,[請益] 12400需要上塔扇嗎,https://www.ptt.cc/bbs/PC_Shopping/M.1644216204.A.787.html,→,原廠散很吵 但3080玩4k更吵XDD,02/07/2022,3679,True,中立
CPU,Intel i5-12400,Intel,i5,型號,[請益] 12400需要上塔扇嗎,https://www.ptt.cc/bbs/PC_Shopping/M.1644216204.A.787.html,推,不能超頻 可以降壓 降低了後原廠扇,02/07/2022,3682,True,中立
CPU,Intel i5-12400,Intel,i5,型號,[請益] 12400需要上塔扇嗎,https://www.ptt.cc/bbs/PC_Shopping/M.1644216204.A.787.html,推,拿大哥那張丐版的話真的很吵 我放客,02/07/2022,3683,True,負評
CPU,Intel i5-12400,Intel,i5,型號,[請益] 12400需要上塔扇嗎,https://www.ptt.cc/bbs/PC_Shopping/M.1644216204.A.787.html,→,原廠扇燒機會到80～85，今天才燒過,02/07/2022,3690,True,中立
CPU,Intel i5-12400,Intel,i5,型號,[請益] 12400需要上塔扇嗎,https://www.ptt.cc/bbs/PC_Shopping/M.1644216204.A.787.html,→,溫度跟噪音有感就值得惹 更何況主流,02/07/2022,3694,True,中立
CPU,Intel i5-12400,Intel,i5,型號,[請益] 12400需要上塔扇嗎,https://www.ptt.cc/bbs/PC_Shopping/M.1644216204.A.787.html,推,能上塔就上塔 風扇聲bad,02/07/2022,3695,True,中立
CPU,Intel i5-12400,Intel,i5,型號,[請益] 12400需要上塔扇嗎,https://www.ptt.cc/bbs/PC_Shopping/M.1644216204.A.787.html,→,是天天燒 cpu不吵其他的一樣吵,02/07/2022,3697,True,中立
CPU,Intel i5-12400,Intel,i5,型號,[請益] 12400需要上塔扇嗎,https://www.ptt.cc/bbs/PC_Shopping/M.1644216204.A.787.html,推,來這問就是買  Apex無限伍大概45度,02/07/2022,3698,True,中立
CPU,Intel i5-12400,Intel,i5,型號,[請益] 12400需要上塔扇嗎,https://www.ptt.cc/bbs/PC_Shopping/M.1644216204.A.787.html,推,"你那2個都可以, 建議安裝",02/07/2022,3699,True,中立
CPU,Intel i5-12400,Intel,i5,型號,[請益] 12400需要上塔扇嗎,https://www.ptt.cc/bbs/PC_Shopping/M.1644216204.A.787.html,推,光低噪音就值得上了好嗎,02/07/2022,3702,True,正評
CPU,Intel i5-12400,Intel,i5,型號,[請益] 12400需要上塔扇嗎,https://www.ptt.cc/bbs/PC_Shopping/M.1644216204.A.787.html,→,有換有差 大腿捏一下就過了,02/07/2022,3703,True,中立
CPU,Intel i5-12400,Intel,i5,型號,[請益] 12400需要上塔扇嗎,https://www.ptt.cc/bbs/PC_Shopping/M.1644216204.A.787.html,推,不怕吵也要看機殼通風 但原則上是,02/08/2022,3704,True,中立
CPU,Intel i5-12400,Intel,i5,型號,[請益] 12400需要上塔扇嗎,https://www.ptt.cc/bbs/PC_Shopping/M.1644216204.A.787.html,→,我主機放桌上用u12s很安靜，原廠扇,02/08/2022,3706,True,正評
CPU,Intel i5-12400,Intel,i5,型號,[請益] 12400需要上塔扇嗎,https://www.ptt.cc/bbs/PC_Shopping/M.1644216204.A.787.html,→,I原廠扇還是算了吧…比雜牌還不如,02/08/2022,3708,True,負評
CPU,Intel i5-12400,Intel,i5,型號,[請益] 12400需要上塔扇嗎,https://www.ptt.cc/bbs/PC_Shopping/M.1644216204.A.787.html,推,不怕噪音用原廠扇就夠了,03/02/2022,3709,True,中立
CPU,Intel i5-12400,Intel,i5,型號,[測試] 12400 H0 DDR4記憶體超頻測試,https://www.ptt.cc/bbs/PC_Shopping/M.1643897568.A.34A.html,→,記憶體控制器gear1 3733就是極限,02/03/2022,3711,True,中立
CPU,Intel i5-12400,Intel,i5,型號,[測試] 12400 H0 DDR4記憶體超頻測試,https://www.ptt.cc/bbs/PC_Shopping/M.1643897568.A.34A.html,推,鎖imc電壓真的很機車,02/03/2022,3715,True,負評
CPU,Intel i5-12400,Intel,i5,型號,[測試] 12400 H0 DDR4記憶體超頻測試,https://www.ptt.cc/bbs/PC_Shopping/M.1643897568.A.34A.html,→,H0核心是原生6核 C0核心是遮蔽後6核,02/03/2022,3722,True,中立
CPU,Intel i5-12400,Intel,i5,型號,[測試] 12400 H0 DDR4記憶體超頻測試,https://www.ptt.cc/bbs/PC_Shopping/M.1643897568.A.34A.html,→,依之前CHH論壇說法 H0核心的IMC體質,02/03/2022,3723,True,中立
CPU,Intel i5-12400,Intel,i5,型號,[測試] 12400 H0 DDR4記憶體超頻測試,https://www.ptt.cc/bbs/PC_Shopping/M.1643897568.A.34A.html,→,會較好 Gear 1可能可上4000MHz,02/03/2022,3724,True,中立
CPU,Intel i5-12400,Intel,i5,型號,[測試] 12400 H0 DDR4記憶體超頻測試,https://www.ptt.cc/bbs/PC_Shopping/M.1643897568.A.34A.html,→,C0核心則一般是3800MHz,02/03/2022,3725,True,中立
CPU,Intel i5-12400,Intel,i5,型號,[測試] 12400 H0 DDR4記憶體超頻測試,https://www.ptt.cc/bbs/PC_Shopping/M.1643897568.A.34A.html,→,H0 gear1 3800就不行了,02/03/2022,3727,True,負評
CPU,Intel i5-12400,Intel,i5,型號,[測試] 12400 H0 DDR4記憶體超頻測試,https://www.ptt.cc/bbs/PC_Shopping/M.1643897568.A.34A.html,→,H0核心的體質也是一般,02/03/2022,3729,True,中立
CPU,Intel i5-12400,Intel,i5,型號,[測試] 12400 H0 DDR4記憶體超頻測試,https://www.ptt.cc/bbs/PC_Shopping/M.1643897568.A.34A.html,推,搭配DDR4 3600時序低的就很適合了,02/04/2022,3730,True,中立
CPU,Intel i5-12400,Intel,i5,型號,[測試] 12400 H0 DDR4記憶體超頻測試,https://www.ptt.cc/bbs/PC_Shopping/M.1643897568.A.34A.html,→,i皇鎖sa電壓 所以non-k運氣好才能3,02/04/2022,3734,True,中立
CPU,Intel i5-12400,Intel,i5,型號,[測試] 12400 H0 DDR4記憶體超頻測試,https://www.ptt.cc/bbs/PC_Shopping/M.1643897568.A.34A.html,→,錯目前跑xmp 3600 g1沒遇到問題,02/04/2022,3738,True,中立
CPU,Intel i5-12400,Intel,i5,型號,[測試] 12400 H0 DDR4記憶體超頻測試,https://www.ptt.cc/bbs/PC_Shopping/M.1643897568.A.34A.html,→,那大概XMP3600都會掛的可能是抽到C0,02/04/2022,3742,True,中立
CPU,Intel i5-12400,Intel,i5,型號,[測試] 12400 H0 DDR4記憶體超頻測試,https://www.ptt.cc/bbs/PC_Shopping/M.1643897568.A.34A.html,→,以開機和日常使用，但跑遊戲崩潰閃,02/04/2022,3744,True,負評
CPU,Intel i5-12400,Intel,i5,型號,[測試] 12400 H0 DDR4記憶體超頻測試,https://www.ptt.cc/bbs/PC_Shopping/M.1643897568.A.34A.html,→,c0 h0 chh那邊測試 c0溫度2度 功耗,02/04/2022,3748,True,中立
CPU,Intel i5-12400,Intel,i5,型號,[測試] 12400 H0 DDR4記憶體超頻測試,https://www.ptt.cc/bbs/PC_Shopping/M.1643897568.A.34A.html,→,多7瓦 L3 9WAY  H0 L3 12WAY 看起來,02/04/2022,3749,True,中立
CPU,Intel i5-12400,Intel,i5,型號,[測試] 12400 H0 DDR4記憶體超頻測試,https://www.ptt.cc/bbs/PC_Shopping/M.1643897568.A.34A.html,→,L3快取確實只有 9通道 H0是12通道,02/04/2022,3751,True,中立
CPU,Intel i5-12400,Intel,i5,型號,[測試] 12400 H0 DDR4記憶體超頻測試,https://www.ptt.cc/bbs/PC_Shopping/M.1643897568.A.34A.html,→,所以能選的話 還是選 H0比較好,02/04/2022,3752,True,中立
CPU,Intel i5-12400,Intel,i5,型號,[測試] 12400 H0 DDR4記憶體超頻測試,https://www.ptt.cc/bbs/PC_Shopping/M.1643897568.A.34A.html,→,功耗 溫度 快取速度 都比C0 12400好,02/04/2022,3753,True,正評
CPU,Intel i5-12400,Intel,i5,型號,[測試] 12400 H0 DDR4記憶體超頻測試,https://www.ptt.cc/bbs/PC_Shopping/M.1643897568.A.34A.html,→,C0不超頻 溫度會比較低,02/04/2022,3758,True,中立
CPU,Intel i5-12400,Intel,i5,型號,[測試] 12400 H0 DDR4記憶體超頻測試,https://www.ptt.cc/bbs/PC_Shopping/M.1643897568.A.34A.html,→,還是買3200就好,02/04/2022,3759,True,中立
CPU,Intel i5-12400,Intel,i5,型號(情報),[情報] 太狂喇 i皇12400超外頻到5.2G打趴5800X,https://www.ptt.cc/bbs/PC_Shopping/M.1642342616.A.3E2.html,→,買I7 I9 還傻傻I5 12400配破萬的板,01/16/2022,3773,True,中立
CPU,Intel i5-12400,Intel,i5,型號(情報),[情報] 太狂喇 i皇12400超外頻到5.2G打趴5800X,https://www.ptt.cc/bbs/PC_Shopping/M.1642342616.A.3E2.html,→,如果超外頻 頂板才能 那沒啥卵用,01/16/2022,3775,True,中立
CPU,Intel i5-12400,Intel,i5,型號(情報),[情報] 太狂喇 i皇12400超外頻到5.2G打趴5800X,https://www.ptt.cc/bbs/PC_Shopping/M.1642342616.A.3E2.html,推,早知道買non K= =,01/16/2022,3778,True,正評
CPU,Intel i5-12400,Intel,i5,型號(情報),[情報] 太狂喇 i皇12400超外頻到5.2G打趴5800X,https://www.ptt.cc/bbs/PC_Shopping/M.1642342616.A.3E2.html,推,六代超BCLK需要關AVX,01/16/2022,3779,True,中立
CPU,Intel i5-12400,Intel,i5,型號(情報),[情報] 太狂喇 i皇12400超外頻到5.2G打趴5800X,https://www.ptt.cc/bbs/PC_Shopping/M.1642342616.A.3E2.html,→,只是這樣超搭配頂級的板子，不如買,01/16/2022,3780,True,負評
CPU,Intel i5-12400,Intel,i5,型號(情報),[情報] 太狂喇 i皇12400超外頻到5.2G打趴5800X,https://www.ptt.cc/bbs/PC_Shopping/M.1642342616.A.3E2.html,推,下午有看到這片 蠻狂的 但是就是B,01/17/2022,3787,True,中立
CPU,Intel i5-12400,Intel,i5,型號(情報),[情報] 太狂喇 i皇12400超外頻到5.2G打趴5800X,https://www.ptt.cc/bbs/PC_Shopping/M.1642342616.A.3E2.html,→,破萬的板子直接澆了冷水,01/17/2022,3789,True,中立
CPU,Intel i5-12400,Intel,i5,型號,[閒聊] GN評測i皇i5-12400 vs Ryzen:AMD失敗,https://www.ptt.cc/bbs/PC_Shopping/M.1642324777.A.0D6.html,→,cp值還是挺高，跟自家比等於也快要,01/16/2022,3797,True,正評
CPU,Intel i5-12400,Intel,i5,型號,[閒聊] GN評測i皇i5-12400 vs Ryzen:AMD失敗,https://www.ptt.cc/bbs/PC_Shopping/M.1642324777.A.0D6.html,→,跟11900k差不多的性能了,01/16/2022,3798,True,中立
CPU,Intel i5-12400,Intel,i5,型號,[閒聊] GN評測i皇i5-12400 vs Ryzen:AMD失敗,https://www.ptt.cc/bbs/PC_Shopping/M.1642324777.A.0D6.html,→,蘇媽沒有輸 12400該降價了吧,01/16/2022,3800,True,中立
CPU,Intel i5-12400,Intel,i5,型號,[閒聊] GN評測i皇i5-12400 vs Ryzen:AMD失敗,https://www.ptt.cc/bbs/PC_Shopping/M.1642324777.A.0D6.html,→,話還是買zen3比較好，但一般使用I5,01/16/2022,3810,True,中立
CPU,Intel i5-12400,Intel,i5,型號,[閒聊] GN評測i皇i5-12400 vs Ryzen:AMD失敗,https://www.ptt.cc/bbs/PC_Shopping/M.1642324777.A.0D6.html,→,其實只要是玩遊戲都一律推薦Intel喇,01/16/2022,3813,True,正評
CPU,Intel i5-12400,Intel,i5,型號,[閒聊] GN評測i皇i5-12400 vs Ryzen:AMD失敗,https://www.ptt.cc/bbs/PC_Shopping/M.1642324777.A.0D6.html,→,125比較香一點  內險好很多,01/16/2022,3821,True,正評
CPU,Intel i5-12400,Intel,i5,型號,[閒聊] GN評測i皇i5-12400 vs Ryzen:AMD失敗,https://www.ptt.cc/bbs/PC_Shopping/M.1642324777.A.0D6.html,推,12400的起落有點大啊,01/16/2022,3836,True,中立
CPU,Intel i5-12400,Intel,i5,型號,[閒聊] GN評測i皇i5-12400 vs Ryzen:AMD失敗,https://www.ptt.cc/bbs/PC_Shopping/M.1642324777.A.0D6.html,→,12400的base太低 TB又不夠激進,01/16/2022,3854,True,負評
CPU,Intel i5-12400,Intel,i5,型號,[閒聊] GN評測i皇i5-12400 vs Ryzen:AMD失敗,https://www.ptt.cc/bbs/PC_Shopping/M.1642324777.A.0D6.html,→,要是不顧功耗12代可以甩開ZEN3,01/16/2022,3856,True,中立
CPU,Intel i5-12400,Intel,i5,型號,[閒聊] GN評測i皇i5-12400 vs Ryzen:AMD失敗,https://www.ptt.cc/bbs/PC_Shopping/M.1642324777.A.0D6.html,→,頻率比 12400 高而已XDDD,01/17/2022,3880,True,中立
CPU,Intel i5-12400,Intel,i5,型號,[閒聊] GN評測i皇i5-12400 vs Ryzen:AMD失敗,https://www.ptt.cc/bbs/PC_Shopping/M.1642324777.A.0D6.html,→,很神啊 至少連打兩代INTEL 有問題嗎,01/17/2022,3890,True,正評
CPU,Intel i5-12400,Intel,i5,型號,[閒聊] GN評測i皇i5-12400 vs Ryzen:AMD失敗,https://www.ptt.cc/bbs/PC_Shopping/M.1642324777.A.0D6.html,→,比5600X低階的U都看到車尾燈了,01/17/2022,3898,True,中立
CPU,Intel i5-12400,Intel,i5,型號,[閒聊] GN評測i皇i5-12400 vs Ryzen:AMD失敗,https://www.ptt.cc/bbs/PC_Shopping/M.1642324777.A.0D6.html,→,這樣 現在給我選我也買INTEL,01/17/2022,3904,True,正評
CPU,Intel i5-12400,Intel,i5,型號,[閒聊] GN評測i皇i5-12400 vs Ryzen:AMD失敗,https://www.ptt.cc/bbs/PC_Shopping/M.1642324777.A.0D6.html,推,感覺大小核設計太吃scheduler,01/18/2022,3907,True,中立
CPU,Intel i5-12400,Intel,i5,型號(情報),[情報] 12400/12700正式評測 蘇媽被打的體無完膚,https://www.ptt.cc/bbs/PC_Shopping/M.1641374279.A.132.html,推,12400 真香,01/05/2022,3918,True,正評
CPU,Intel i5-12400,Intel,i5,型號(情報),[情報] 12400/12700正式評測 蘇媽被打的體無完膚,https://www.ptt.cc/bbs/PC_Shopping/M.1641374279.A.132.html,→,其實多數是表現比較好，還沒有到海,01/05/2022,3933,True,中立
CPU,Intel i5-12400,Intel,i5,型號(情報),[情報] 12400/12700正式評測 蘇媽被打的體無完膚,https://www.ptt.cc/bbs/PC_Shopping/M.1641374279.A.132.html,→,56X都出那麼久了 也能再超頻 12400,01/05/2022,3938,True,中立
CPU,Intel i5-12400,Intel,i5,型號(情報),[情報] 12400/12700正式評測 蘇媽被打的體無完膚,https://www.ptt.cc/bbs/PC_Shopping/M.1641374279.A.132.html,→,不定功耗平12400？,01/05/2022,3940,True,中立
CPU,Intel i5-12400,Intel,i5,型號(情報),[情報] 12400/12700正式評測 蘇媽被打的體無完膚,https://www.ptt.cc/bbs/PC_Shopping/M.1641374279.A.132.html,→,除非降到5K左右 配上渣馬上變香,01/05/2022,3948,True,中立
CPU,Intel i5-12400,Intel,i5,型號(情報),[情報] 12400/12700正式評測 蘇媽被打的體無完膚,https://www.ptt.cc/bbs/PC_Shopping/M.1641374279.A.132.html,推,5600x應該是跟12400f比吧 才$5500,01/05/2022,3962,True,中立
CPU,Intel i5-12400,Intel,i5,型號(情報),[情報] 12400/12700正式評測 蘇媽被打的體無完膚,https://www.ptt.cc/bbs/PC_Shopping/M.1641374279.A.132.html,推,12400f跟5600x價差一張板 秒選intel,01/05/2022,3964,True,正評
CPU,Intel i5-12400,Intel,i5,型號(情報),[情報] 12400/12700正式評測 蘇媽被打的體無完膚,https://www.ptt.cc/bbs/PC_Shopping/M.1641374279.A.132.html,→,晚一年多推出，沒贏乾脆收一收了,01/05/2022,3976,True,中立
CPU,Intel i5-12400,Intel,i5,型號(情報),[情報] 12400/12700正式評測 蘇媽被打的體無完膚,https://www.ptt.cc/bbs/PC_Shopping/M.1641374279.A.132.html,推,本來就打不贏，但主打那個很猛的內,01/05/2022,3991,True,中立
CPU,Intel i5-12400,Intel,i5,型號(情報),[情報] 12400/12700正式評測 蘇媽被打的體無完膚,https://www.ptt.cc/bbs/PC_Shopping/M.1641374279.A.132.html,→,輸 省電大概也玩不贏大小核,01/05/2022,3994,True,中立
CPU,Intel i5-12400,Intel,i5,型號(情報),[情報] 12400/12700正式評測 蘇媽被打的體無完膚,https://www.ptt.cc/bbs/PC_Shopping/M.1641374279.A.132.html,→,i皇10nm跟台GG 7nm的製程同等級的,01/05/2022,4000,True,中立
CPU,Intel i5-12400,Intel,i5,型號(情報),[情報] 12400/12700正式評測 蘇媽被打的體無完膚,https://www.ptt.cc/bbs/PC_Shopping/M.1641374279.A.132.html,→,遊戲解析度2K感覺CPU影響不大。,01/05/2022,4005,True,中立
CPU,Intel i5-12400,Intel,i5,型號(情報),[情報] 12400/12700正式評測 蘇媽被打的體無完膚,https://www.ptt.cc/bbs/PC_Shopping/M.1641374279.A.132.html,推,這都10+++了 還能不猛嗎？,01/05/2022,4009,True,正評
CPU,Intel i5-12400,Intel,i5,型號(情報),[情報] 12400/12700正式評測 蘇媽被打的體無完膚,https://www.ptt.cc/bbs/PC_Shopping/M.1641374279.A.132.html,→,這測試結果 其實效能差距伯仲之間,01/05/2022,4045,True,中立
CPU,Intel i5-12400,Intel,i5,型號(情報),[情報] 12400/12700正式評測 蘇媽被打的體無完膚,https://www.ptt.cc/bbs/PC_Shopping/M.1641374279.A.132.html,→,60上高階CPU秒AMD全家,01/05/2022,4048,True,正評
CPU,Intel i5-12400,Intel,i5,型號(情報),[情報] 12400/12700正式評測 蘇媽被打的體無完膚,https://www.ptt.cc/bbs/PC_Shopping/M.1641374279.A.132.html,→,效能可是絲毫不減餒,01/05/2022,4054,True,正評
CPU,Intel i5-12400,Intel,i5,型號(情報),[情報] 12400/12700正式評測 蘇媽被打的體無完膚,https://www.ptt.cc/bbs/PC_Shopping/M.1641374279.A.132.html,→,奇怪的測試，有時R9還輸8代i5/i7,01/05/2022,4059,True,中立
CPU,Intel i5-12400,Intel,i5,型號(情報),[情報] 12400/12700正式評測 蘇媽被打的體無完膚,https://www.ptt.cc/bbs/PC_Shopping/M.1641374279.A.132.html,→,主板供電都夠的話，效能差異很小吧~,01/05/2022,4060,True,中立
CPU,Intel i5-12400,Intel,i5,型號(情報),[情報] 12400/12700正式評測 蘇媽被打的體無完膚,https://www.ptt.cc/bbs/PC_Shopping/M.1641374279.A.132.html,→,硬要拿丐版去配但只是打遊戲未必有,01/05/2022,4069,True,中立
CPU,Intel i5-12400,Intel,i5,型號(情報),[情報] 12400/12700正式評測 蘇媽被打的體無完膚,https://www.ptt.cc/bbs/PC_Shopping/M.1641374279.A.132.html,→,跑點上，但光架構設計就差1年了，意,01/06/2022,4083,True,中立
CPU,Intel i5-12400,Intel,i5,型號(情報),[情報] 12400/12700正式評測 蘇媽被打的體無完膚,https://www.ptt.cc/bbs/PC_Shopping/M.1641374279.A.132.html,→,S12400比11400多30%，然後螢幕用60,01/06/2022,4096,True,中立
CPU,Intel i5-12400,Intel,i5,型號(情報),[情報] 12400/12700正式評測 蘇媽被打的體無完膚,https://www.ptt.cc/bbs/PC_Shopping/M.1641374279.A.132.html,→,intel這才出了款贏5600X一點的CPU,01/06/2022,4099,True,中立
CPU,Intel i5-12400,Intel,i5,型號(情報),[情報] 12400/12700正式評測 蘇媽被打的體無完膚,https://www.ptt.cc/bbs/PC_Shopping/M.1641374279.A.132.html,→,400就能打600，會讓人很期待7000,01/06/2022,4101,True,中立
CPU,Intel i5-12400,Intel,i5,型號(情報),[情報] 12400/12700正式評測 蘇媽被打的體無完膚,https://www.ptt.cc/bbs/PC_Shopping/M.1641374279.A.132.html,→,換12代惹，只是新組12代很香,01/06/2022,4103,True,正評
CPU,Intel i5-12400,Intel,i5,型號(情報),[情報] 12400/12700正式評測 蘇媽被打的體無完膚,https://www.ptt.cc/bbs/PC_Shopping/M.1641374279.A.132.html,推,人家U比你便宜  打的跟你有來有回，,01/06/2022,4108,True,中立
CPU,Intel i5-12400,Intel,i5,型號(情報),[情報] 12400/12700正式評測 蘇媽被打的體無完膚,https://www.ptt.cc/bbs/PC_Shopping/M.1641374279.A.132.html,→,不用比也知道我當時的a后碾壓i皇,01/06/2022,4118,True,中立
CPU,Intel i5-12400,Intel,i5,型號(情報),[情報] 12400/12700正式評測 蘇媽被打的體無完膚,https://www.ptt.cc/bbs/PC_Shopping/M.1641374279.A.132.html,→,啊…I 皇功耗完全屌打，結果那篇還,01/08/2022,4120,True,中立
CPU,Intel i5-12400,Intel,i5,型號(情報),[情報] 5600X 末日 12400 售價跑出來啦!太佛啦,https://www.ptt.cc/bbs/PC_Shopping/M.1641310018.A.E4F.html,→,每一家通路手上的A社處理器都燙到熟,01/05/2022,4153,True,負評
CPU,Intel i5-12400,Intel,i5,型號(情報),[情報] 5600X 末日 12400 售價跑出來啦!太佛啦,https://www.ptt.cc/bbs/PC_Shopping/M.1641310018.A.E4F.html,→,率3.7G就打贏12400 2.5G了,01/05/2022,4170,True,中立
CPU,Intel i5-12400,Intel,i5,型號(情報),[情報] 5600X 末日 12400 售價跑出來啦!太佛啦,https://www.ptt.cc/bbs/PC_Shopping/M.1641310018.A.E4F.html,→,12代要搭配win11 穩定性還是個問題,01/05/2022,4175,True,中立
CPU,Intel i5-12400,Intel,i5,型號(情報),[情報] 12400再度偷跑跟5600X有來有回 最佳遊戲U,https://www.ptt.cc/bbs/PC_Shopping/M.1641309666.A.ECF.html,→,遊戲硬 應用程式輸 感覺就差不多,01/04/2022,4179,True,中立
CPU,Intel i5-12400,Intel,i5,型號(情報),[情報] 12400再度偷跑跟5600X有來有回 最佳遊戲U,https://www.ptt.cc/bbs/PC_Shopping/M.1641309666.A.ECF.html,→,會再便宜一點的話滿不錯的,01/04/2022,4183,True,中立
CPU,Intel i5-12400,Intel,i5,型號(情報),[情報] 12400+新原廠扇RM1+O11 Air Mini高達81度,https://www.ptt.cc/bbs/PC_Shopping/M.1641134898.A.95E.html,推,原廠風扇81度  看來很可以啊,01/02/2022,4193,True,正評
CPU,Intel i5-12400,Intel,i5,型號(情報),[情報] 12400+新原廠扇RM1+O11 Air Mini高達81度,https://www.ptt.cc/bbs/PC_Shopping/M.1641134898.A.95E.html,推,原廠81度看來還行,01/02/2022,4195,True,中立
CPU,Intel i5-12400,Intel,i5,型號(情報),[情報] 12400+新原廠扇RM1+O11 Air Mini高達81度,https://www.ptt.cc/bbs/PC_Shopping/M.1641134898.A.95E.html,推,其實還行，就是聲音有人嫌高頻風切,01/02/2022,4204,True,中立
CPU,Intel i5-12400,Intel,i5,型號(情報),[情報] 12400+新原廠扇RM1+O11 Air Mini高達81度,https://www.ptt.cc/bbs/PC_Shopping/M.1641134898.A.95E.html,→,其實不是那麼有愛的話買個PA120就可,01/02/2022,4205,True,中立
CPU,Intel i5-12400,Intel,i5,型號(情報),[情報] 12400+新原廠扇RM1+O11 Air Mini高達81度,https://www.ptt.cc/bbs/PC_Shopping/M.1641134898.A.95E.html,噓,"市溫30度,不就90度起跳?",01/02/2022,4211,True,負評
CPU,Intel i5-12400,Intel,i5,型號(情報),[情報] 12400+新原廠扇RM1+O11 Air Mini高達81度,https://www.ptt.cc/bbs/PC_Shopping/M.1641134898.A.95E.html,推,這咖一上，海鮮上的11400礦渣基本就,01/03/2022,4219,True,中立
CPU,Intel i5-12400,Intel,i5,型號(情報),[情報] 12400+新原廠扇RM1+O11 Air Mini高達81度,https://www.ptt.cc/bbs/PC_Shopping/M.1641134898.A.95E.html,推,才81度，很低溫阿,01/03/2022,4222,True,正評
CPU,Intel i5-12400,Intel,i5,型號(情報),[情報] 12400+新原廠扇RM1+O11 Air Mini高達81度,https://www.ptt.cc/bbs/PC_Shopping/M.1641134898.A.95E.html,→,12400會是史上最強的i5，但不見得是,01/03/2022,4225,True,中立
CPU,Intel i5-12400,Intel,i5,型號(情報),[情報] 12400+新原廠扇RM1+O11 Air Mini高達81度,https://www.ptt.cc/bbs/PC_Shopping/M.1641134898.A.95E.html,→,軟體跑分有感，玩遊戲幀數差異無感,01/03/2022,4231,True,中立
CPU,Intel i5-12400,Intel,i5,型號(情報),[情報] 12400+新原廠扇RM1+O11 Air Mini高達81度,https://www.ptt.cc/bbs/PC_Shopping/M.1641134898.A.95E.html,→,12400價格可能很接近七千。原廠散,01/03/2022,4232,True,中立
CPU,Intel i5-12400,Intel,i5,型號(情報),[情報] 12400+新原廠扇RM1+O11 Air Mini高達81度,https://www.ptt.cc/bbs/PC_Shopping/M.1641134898.A.95E.html,→,熱器不嫌吵也是可以用啦。這個轉速,01/03/2022,4233,True,中立
CPU,Intel i5-12400,Intel,i5,型號(情報),[情報] 12400+新原廠扇RM1+O11 Air Mini高達81度,https://www.ptt.cc/bbs/PC_Shopping/M.1641134898.A.95E.html,→,就多兩千塊多20%的效能，划不划算,01/03/2022,4238,True,中立
CPU,Intel i5-12400,Intel,i5,型號(情報),[情報] 12400+新原廠扇RM1+O11 Air Mini高達81度,https://www.ptt.cc/bbs/PC_Shopping/M.1641134898.A.95E.html,→,反正比i7-11700划算是肯定的。,01/03/2022,4240,True,中立
CPU,Intel i5-12400,Intel,i5,型號(情報),[情報] 12400+新原廠扇RM1+O11 Air Mini高達81度,https://www.ptt.cc/bbs/PC_Shopping/M.1641134898.A.95E.html,→,預算夠堅持買新不買舊想嘗鮮選12代,01/03/2022,4244,True,中立
CPU,Intel i5-12400,Intel,i5,型號(情報),[情報] 12400+新原廠扇RM1+O11 Air Mini高達81度,https://www.ptt.cc/bbs/PC_Shopping/M.1641134898.A.95E.html,→,12400啊 理論效能連11900k都打掉了,01/03/2022,4246,True,正評
CPU,Intel i5-12400,Intel,i5,型號(情報),[情報] 12400+新原廠扇RM1+O11 Air Mini高達81度,https://www.ptt.cc/bbs/PC_Shopping/M.1641134898.A.95E.html,→,更不要提原廠超頻不保還不給風扇，,01/03/2022,4256,True,負評
CPU,Intel i5-12400,Intel,i5,型號(情報),[情報] 12400+新原廠扇RM1+O11 Air Mini高達81度,https://www.ptt.cc/bbs/PC_Shopping/M.1641134898.A.95E.html,推,可以用，但噪音能不能接受而已,01/03/2022,4258,True,中立
CPU,Intel i5-12400,Intel,i5,型號(情報),[情報] 12400+新原廠扇RM1+O11 Air Mini高達81度,https://www.ptt.cc/bbs/PC_Shopping/M.1641134898.A.95E.html,→,另外散熱壓不住CPU會降頻跑,01/03/2022,4260,True,負評
CPU,Intel i5-12400,Intel,i5,型號(情報),[情報] 12400+新原廠扇RM1+O11 Air Mini高達81度,https://www.ptt.cc/bbs/PC_Shopping/M.1641134898.A.95E.html,→,而且原廠扇就可以壓制這種極限測試,01/03/2022,4264,True,中立
CPU,Intel i5-12400,Intel,i5,型號(情報),[情報] 12400+新原廠扇RM1+O11 Air Mini高達81度,https://www.ptt.cc/bbs/PC_Shopping/M.1641134898.A.95E.html,→,我不用原廠扇是3000rpm就很吵,01/03/2022,4265,True,負評
CPU,Intel i5-12400,Intel,i5,型號(情報),[情報] 12400+新原廠扇RM1+O11 Air Mini高達81度,https://www.ptt.cc/bbs/PC_Shopping/M.1641134898.A.95E.html,→,我寧願1500rpm固定也不要升起來,01/03/2022,4266,True,負評
CPU,Intel i5-12400,Intel,i5,型號(情報),[情報] 11900KF哭暈在廁所 遊戲連12400都打不過,https://www.ptt.cc/bbs/PC_Shopping/M.1640784174.A.F3F.html,→,哇咧，那筆電一定不能買12代,12/29/2021,4272,True,負評
CPU,Intel i5-12400,Intel,i5,型號(情報),[情報] 11900KF哭暈在廁所 遊戲連12400都打不過,https://www.ptt.cc/bbs/PC_Shopping/M.1640784174.A.F3F.html,→,是14nm不知+了多少次配殘廢uhd700,12/30/2021,4287,True,負評
CPU,Intel i5-12400,Intel,i5,型號(情報),[情報] i皇12代RM1散熱器 12400滿載85W@73度,https://www.ptt.cc/bbs/PC_Shopping/M.1640782968.A.A48.html,推,12代沒積熱，所以還堪用,12/29/2021,4295,True,中立
CPU,Intel i5-12400,Intel,i5,型號(情報),[情報] i皇12代RM1散熱器 12400滿載85W@73度,https://www.ptt.cc/bbs/PC_Shopping/M.1640782968.A.A48.html,→,而且還是裸測 實際上機 在機殼內,12/29/2021,4314,True,中立
CPU,Intel i5-12400,Intel,i5,型號(情報),[情報] i皇12代RM1散熱器 12400滿載85W@73度,https://www.ptt.cc/bbs/PC_Shopping/M.1640782968.A.A48.html,推,仔細看圖，這是單烤fpu，這樣很猛了,12/30/2021,4323,True,正評
CPU,Intel i5-12400,Intel,i5,型號(情報),[情報] 日亞12400 7K有找 TUF B660M-PLUS要5.5K,https://www.ptt.cc/bbs/PC_Shopping/M.1640699301.A.D0D.html,→,要額外支出4000。不是很划算惹,12/28/2021,4329,True,負評
CPU,Intel i5-12400,Intel,i5,型號(情報),[情報] 日亞12400 7K有找 TUF B660M-PLUS要5.5K,https://www.ptt.cc/bbs/PC_Shopping/M.1640699301.A.D0D.html,推,還好 反正效能直接打爆更貴的amd,12/28/2021,4333,True,正評
CPU,Intel i5-12400,Intel,i5,型號(情報),[情報] 日亞12400 7K有找 TUF B660M-PLUS要5.5K,https://www.ptt.cc/bbs/PC_Shopping/M.1640699301.A.D0D.html,→,等12300 單核比12400強不少,12/28/2021,4337,True,中立
CPU,Intel i5-12400,Intel,i5,型號(情報),[情報] i5-12400F+B660M DDR4 CPUZ輕鬆秒5600x,https://www.ptt.cc/bbs/PC_Shopping/M.1640163521.A.79D.html,→,3A根本效能溢出，跳水舊產品就能順,12/22/2021,4365,True,正評
CPU,Intel i5-12400,Intel,i5,型號(情報),[情報] i5-12400F+B660M DDR4 CPUZ輕鬆秒5600x,https://www.ptt.cc/bbs/PC_Shopping/M.1640163521.A.79D.html,→,能保在11400價錢帶 就太香了,12/22/2021,4373,True,正評
CPU,Intel i5-12400,Intel,i5,型號(情報),[情報] i5-12400F+B660M DDR4 CPUZ輕鬆秒5600x,https://www.ptt.cc/bbs/PC_Shopping/M.1640163521.A.79D.html,→,56G內顯贏但砍M2很臭吧,12/22/2021,4381,True,中立
CPU,Intel i5-12400,Intel,i5,型號(情報),[情報] i5-12400F+B660M DDR4 CPUZ輕鬆秒5600x,https://www.ptt.cc/bbs/PC_Shopping/M.1640163521.A.79D.html,→,"z690丐板5.5k,b660應該在4k內",12/22/2021,4383,True,中立
CPU,Intel i5-12400,Intel,i5,型號(情報),[情報] i5-12400F+B660M DDR4 CPUZ輕鬆秒5600x,https://www.ptt.cc/bbs/PC_Shopping/M.1640163521.A.79D.html,推,有屁用 沒貨板子貴 說cp高真的笑死,12/23/2021,4386,True,負評
CPU,Intel i5-12400,Intel,i5,型號(情報),[情報] i5-12400f正式曝光 確定搭載新散熱器,https://www.ptt.cc/bbs/PC_Shopping/M.1640072500.A.32F.html,推,差沒多少錢還是買非F的比較好。,12/21/2021,4402,True,中立
CPU,Intel i5-12400,Intel,i5,型號(情報),[情報] i5-12400f正式曝光 確定搭載新散熱器,https://www.ptt.cc/bbs/PC_Shopping/M.1640072500.A.32F.html,推,114其實原廠我測壓的住，不用換塔,12/21/2021,4408,True,中立
CPU,Intel i5-12400,Intel,i5,型號(情報),[情報] i5-12400f正式曝光 確定搭載新散熱器,https://www.ptt.cc/bbs/PC_Shopping/M.1640072500.A.32F.html,推,114原廠扇壓得住的，會換都是嫌吵,12/21/2021,4412,True,中立
CPU,Intel i5-12400,Intel,i5,型號(情報),[情報] i5-12400f正式曝光 確定搭載新散熱器,https://www.ptt.cc/bbs/PC_Shopping/M.1640072500.A.32F.html,→,都拔掉內顯了，是會熱到哪去,12/21/2021,4421,True,負評
CPU,Intel i5-12400,Intel,i5,型號(情報),[情報] i5-12400f正式曝光 確定搭載新散熱器,https://www.ptt.cc/bbs/PC_Shopping/M.1640072500.A.32F.html,推,壓得住啦。只是比較吵而已,12/21/2021,4431,True,中立
CPU,Intel i5-12400,Intel,i5,型號(情報),[情報] i5-12400f正式曝光 確定搭載新散熱器,https://www.ptt.cc/bbs/PC_Shopping/M.1640072500.A.32F.html,→,那個塑膠根本灰塵收集器 用久肯定一,12/21/2021,4435,True,負評
CPU,Intel i5-12400,Intel,i5,型號(情報),[情報] i5-12400f正式曝光 確定搭載新散熱器,https://www.ptt.cc/bbs/PC_Shopping/M.1640072500.A.32F.html,→,時脈在甜蜜點上 所以功耗還是OK的,12/22/2021,4453,True,中立
CPU,Intel i5-12400,Intel,i5,型號,Re: [情報] 精彩了 12400遊戲=5600X 功耗低了近20W,https://www.ptt.cc/bbs/PC_Shopping/M.1639568237.A.1C8.html,推,不比超頻應該用起來都一樣，頂多m2,12/15/2021,4473,True,中立
CPU,Intel i5-12400,Intel,i5,型號,Re: [情報] 精彩了 12400遊戲=5600X 功耗低了近20W,https://www.ptt.cc/bbs/PC_Shopping/M.1639568237.A.1C8.html,推,這代i5非K沒小核 差很多吧,12/16/2021,4474,True,中立
CPU,Intel i5-12400,Intel,i5,型號,Re: [情報] 精彩了 12400遊戲=5600X 功耗低了近20W,https://www.ptt.cc/bbs/PC_Shopping/M.1639568237.A.1C8.html,→,況且這代i5非K沒小核，跟K還是有差,12/16/2021,4477,True,中立
CPU,Intel i5-12400,Intel,i5,型號,Re: [情報] 精彩了 12400遊戲=5600X 功耗低了近20W,https://www.ptt.cc/bbs/PC_Shopping/M.1639568237.A.1C8.html,→,要是想5GHz拉一下bclk也夠了,12/16/2021,4480,True,中立
CPU,Intel i5-12400,Intel,i5,型號,Re: [情報] 精彩了 12400遊戲=5600X 功耗低了近20W,https://www.ptt.cc/bbs/PC_Shopping/M.1639568237.A.1C8.html,→,超小超的差異罷了。,12/16/2021,4482,True,中立
CPU,Intel i5-12400,Intel,i5,型號(情報),[情報] 精彩了 12400遊戲=5600X 功耗低了近20W,https://www.ptt.cc/bbs/PC_Shopping/M.1639558247.A.5CC.html,推,不是 是600尾價格偏高,12/15/2021,4505,True,負評
CPU,Intel i5-12400,Intel,i5,型號(情報),[情報] 精彩了 12400遊戲=5600X 功耗低了近20W,https://www.ptt.cc/bbs/PC_Shopping/M.1639558247.A.5CC.html,→,不管拉 牙膏即使非k 一定功耗爆高,12/15/2021,4506,True,負評
CPU,Intel i5-12400,Intel,i5,型號(情報),[情報] 精彩了 12400遊戲=5600X 功耗低了近20W,https://www.ptt.cc/bbs/PC_Shopping/M.1639558247.A.5CC.html,→,積熱問題嚴重 沒360水冷壓不住啦！,12/15/2021,4507,True,負評
CPU,Intel i5-12400,Intel,i5,型號(情報),[情報] 精彩了 12400遊戲=5600X 功耗低了近20W,https://www.ptt.cc/bbs/PC_Shopping/M.1639558247.A.5CC.html,→,真是垃圾intel 10nm,12/15/2021,4508,True,負評
CPU,Intel i5-12400,Intel,i5,型號(情報),[情報] 精彩了 12400遊戲=5600X 功耗低了近20W,https://www.ptt.cc/bbs/PC_Shopping/M.1639558247.A.5CC.html,→,產品本身是很棒但就怕店家又用顯卡,12/15/2021,4509,True,中立
CPU,Intel i5-12400,Intel,i5,型號(情報),[情報] 精彩了 12400遊戲=5600X 功耗低了近20W,https://www.ptt.cc/bbs/PC_Shopping/M.1639558247.A.5CC.html,→,"A粉會無視吧,之後照樣講12400要水冷",12/15/2021,4512,True,中立
CPU,Intel i5-12400,Intel,i5,型號(情報),[情報] 精彩了 12400遊戲=5600X 功耗低了近20W,https://www.ptt.cc/bbs/PC_Shopping/M.1639558247.A.5CC.html,推,12代i5以下的功耗和溫度都比較可控,12/15/2021,4518,True,中立
CPU,Intel i5-12400,Intel,i5,型號(情報),[情報] 精彩了 12400遊戲=5600X 功耗低了近20W,https://www.ptt.cc/bbs/PC_Shopping/M.1639558247.A.5CC.html,推,很好啊，都過多久了這樣子超越很正,12/15/2021,4520,True,正評
CPU,Intel i5-12400,Intel,i5,型號(情報),[情報] 精彩了 12400遊戲=5600X 功耗低了近20W,https://www.ptt.cc/bbs/PC_Shopping/M.1639558247.A.5CC.html,→,是真的話 錢跟上11400 無敵,12/15/2021,4528,True,正評
CPU,Intel i5-12400,Intel,i5,型號(情報),[情報] 精彩了 12400遊戲=5600X 功耗低了近20W,https://www.ptt.cc/bbs/PC_Shopping/M.1639558247.A.5CC.html,推,能耗比看起來很香，i皇製程雖然慢了,12/15/2021,4529,True,中立
CPU,Intel i5-12400,Intel,i5,型號(情報),[情報] 精彩了 12400遊戲=5600X 功耗低了近20W,https://www.ptt.cc/bbs/PC_Shopping/M.1639558247.A.5CC.html,推,這下功耗不重要了,12/15/2021,4535,True,中立
CPU,Intel i5-12400,Intel,i5,型號(情報),[情報] 精彩了 12400遊戲=5600X 功耗低了近20W,https://www.ptt.cc/bbs/PC_Shopping/M.1639558247.A.5CC.html,推,這下功耗很重要了,12/15/2021,4539,True,中立
CPU,Intel i5-12400,Intel,i5,型號(情報),[情報] 精彩了 12400遊戲=5600X 功耗低了近20W,https://www.ptt.cc/bbs/PC_Shopping/M.1639558247.A.5CC.html,→,#1Xi8K1iZ (PC_Shopping),12/15/2021,4542,True,正評
CPU,Intel i5-12400,Intel,i5,型號(情報),[情報] 精彩了 12400遊戲=5600X 功耗低了近20W,https://www.ptt.cc/bbs/PC_Shopping/M.1639558247.A.5CC.html,推,板子跟U不要太貴一定熱賣,12/15/2021,4548,True,中立
CPU,Intel i5-12400,Intel,i5,型號(情報),[情報] 精彩了 12400遊戲=5600X 功耗低了近20W,https://www.ptt.cc/bbs/PC_Shopping/M.1639558247.A.5CC.html,推,12400拿來玩PVE應該夠用了 好心動,12/15/2021,4560,True,中立
CPU,Intel i5-12400,Intel,i5,型號(情報),[情報] 精彩了 12400遊戲=5600X 功耗低了近20W,https://www.ptt.cc/bbs/PC_Shopping/M.1639558247.A.5CC.html,推,不意外 12代功耗真的猛,12/15/2021,4562,True,中立
CPU,Intel i5-12400,Intel,i5,型號(情報),[情報] 精彩了 12400遊戲=5600X 功耗低了近20W,https://www.ptt.cc/bbs/PC_Shopping/M.1639558247.A.5CC.html,→,是intel12代最低只有12700k可以選,12/16/2021,4576,True,中立
CPU,Intel i5-12400,Intel,i5,型號(情報),[情報] 精彩了 12400遊戲=5600X 功耗低了近20W,https://www.ptt.cc/bbs/PC_Shopping/M.1639558247.A.5CC.html,→,根本打不到5600X這個組中高階顯卡,12/16/2021,4577,True,中立
CPU,Intel i5-12400,Intel,i5,型號(情報),[情報] 精彩了 12400遊戲=5600X 功耗低了近20W,https://www.ptt.cc/bbs/PC_Shopping/M.1639558247.A.5CC.html,→,迴轉率跑不快要降，前提是最多平出,12/16/2021,4591,True,中立
CPU,Intel i5-12400,Intel,i5,型號(情報),[情報] 精彩了 12400遊戲=5600X 功耗低了近20W,https://www.ptt.cc/bbs/PC_Shopping/M.1639558247.A.5CC.html,推,尼有興趣可以拿58X現在的售價*0.92,12/16/2021,4599,True,中立
CPU,Intel i5-12400,Intel,i5,型號(情報),[情報] 精彩了 12400遊戲=5600X 功耗低了近20W,https://www.ptt.cc/bbs/PC_Shopping/M.1639558247.A.5CC.html,推,而且就算12代鋪貨，國外56X/58X的價,12/16/2021,4613,True,中立
CPU,Intel i5-12400,Intel,i5,型號(情報),[情報] i皇12400F輕鬆打5600X 蘇媽是要降價了沒,https://www.ptt.cc/bbs/PC_Shopping/M.1639506573.A.391.html,→,那個功耗更不用說 ..,12/15/2021,4640,True,中立
CPU,Intel i5-12400,Intel,i5,型號(情報),[情報] i皇12400F輕鬆打5600X 蘇媽是要降價了沒,https://www.ptt.cc/bbs/PC_Shopping/M.1639506573.A.391.html,→,包內顯的12400搭丐板或許是便宜選擇,12/15/2021,4647,True,中立
CPU,Intel i5-12400,Intel,i5,型號(情報),[情報] i皇12400F輕鬆打5600X 蘇媽是要降價了沒,https://www.ptt.cc/bbs/PC_Shopping/M.1639506573.A.391.html,→,12400F+B660如果能壓在8000我就換,12/15/2021,4648,True,中立
CPU,Intel i5-12400,Intel,i5,型號(情報),[情報] i皇12400F輕鬆打5600X 蘇媽是要降價了沒,https://www.ptt.cc/bbs/PC_Shopping/M.1639506573.A.391.html,推,功耗不就是intel強項嗎,12/15/2021,4662,True,中立
CPU,Intel i5-12400,Intel,i5,型號(情報),[情報] i皇12400F輕鬆打5600X 蘇媽是要降價了沒,https://www.ptt.cc/bbs/PC_Shopping/M.1639506573.A.391.html,推,要也是買12400 多個內顯多個保險,12/15/2021,4663,True,正評
CPU,Intel i5-12400,Intel,i5,型號(情報),[情報] i皇12400F輕鬆打5600X 蘇媽是要降價了沒,https://www.ptt.cc/bbs/PC_Shopping/M.1639506573.A.391.html,→,買最丐的B660。12400光會不會維持,12/15/2021,4678,True,中立
CPU,Intel i5-12400,Intel,i5,型號(情報),[情報] i皇12400F輕鬆打5600X 蘇媽是要降價了沒,https://www.ptt.cc/bbs/PC_Shopping/M.1639506573.A.391.html,→,12代現在的就有礦渣了,12/15/2021,4682,True,負評
CPU,Intel i5-12400,Intel,i5,型號(情報),[情報] i皇12400F輕鬆打5600X 蘇媽是要降價了沒,https://www.ptt.cc/bbs/PC_Shopping/M.1639506573.A.391.html,推,12400難保不會變成空氣CPU,12/15/2021,4685,True,負評
CPU,Intel i5-12400,Intel,i5,型號(情報),[情報] i皇12400F輕鬆打5600X 蘇媽是要降價了沒,https://www.ptt.cc/bbs/PC_Shopping/M.1639506573.A.391.html,推,之前就有數據流出過了，功耗普普,12/15/2021,4710,True,中立
CPU,Intel i5-12400,Intel,i5,型號(情報),[情報] i皇12400F輕鬆打5600X 蘇媽是要降價了沒,https://www.ptt.cc/bbs/PC_Shopping/M.1639506573.A.391.html,推,快降 這樣我3600就能換了,12/15/2021,4713,True,中立
CPU,Intel i5-12400,Intel,i5,型號(情報),[情報] i皇12400F輕鬆打5600X 蘇媽是要降價了沒,https://www.ptt.cc/bbs/PC_Shopping/M.1639506573.A.391.html,推,功耗普普用AS120就可以了，一般56X,12/15/2021,4714,True,中立
CPU,Intel i5-12400,Intel,i5,型號(情報),[情報] i皇12400F輕鬆打5600X 蘇媽是要降價了沒,https://www.ptt.cc/bbs/PC_Shopping/M.1639506573.A.391.html,→,這種沒k，預設頻率又不高的，功耗,12/15/2021,4717,True,中立
CPU,Intel i5-12400,Intel,i5,型號(情報),[情報] i皇12400F輕鬆打5600X 蘇媽是要降價了沒,https://www.ptt.cc/bbs/PC_Shopping/M.1639506573.A.391.html,→,差距純遊戲不開監控真的能感覺出差,12/15/2021,4719,True,中立
CPU,Intel i5-12400,Intel,i5,型號(情報),[情報] i皇12400F輕鬆打5600X 蘇媽是要降價了沒,https://www.ptt.cc/bbs/PC_Shopping/M.1639506573.A.391.html,噓,輕鬆打贏沒錯，連11代都踩在地上無,12/15/2021,4724,True,中立
CPU,Intel i5-12400,Intel,i5,型號(情報),[情報] i皇12400F輕鬆打5600X 蘇媽是要降價了沒,https://www.ptt.cc/bbs/PC_Shopping/M.1639506573.A.391.html,→,非K用原廠散熱又不會出問題,12/15/2021,4728,True,正評
CPU,Intel i5-12400,Intel,i5,型號(情報),[情報] i皇12400F輕鬆打5600X 蘇媽是要降價了沒,https://www.ptt.cc/bbs/PC_Shopping/M.1639506573.A.391.html,推,板子貴、功耗、溫度 就現在來看全都,12/15/2021,4739,True,中立
CPU,Intel i5-12400,Intel,i5,型號(情報),[情報] i皇12400F輕鬆打5600X 蘇媽是要降價了沒,https://www.ptt.cc/bbs/PC_Shopping/M.1639506573.A.391.html,→,5600x的能耗被12400壓著打,12/15/2021,4761,True,正評
CPU,Intel i5-12400,Intel,i5,型號(情報),[情報] i皇12400F輕鬆打5600X 蘇媽是要降價了沒,https://www.ptt.cc/bbs/PC_Shopping/M.1639506573.A.391.html,→,12400好像有點香,12/15/2021,4764,True,正評
CPU,Intel i5-12400,Intel,i5,型號(情報),[情報] 有人流出i12 12400評測影片,https://www.ptt.cc/bbs/PC_Shopping/M.1637837461.A.33E.html,推,12400功耗低但比11400更熱....,11/25/2021,4781,True,負評
CPU,Intel i5-12400,Intel,i5,型號(情報),[情報] 有人流出i12 12400評測影片,https://www.ptt.cc/bbs/PC_Shopping/M.1637837461.A.33E.html,→,就密度上升開始積熱啊,11/25/2021,4783,True,負評
CPU,Intel i5-12400,Intel,i5,型號(情報),[情報] 有人流出i12 12400評測影片,https://www.ptt.cc/bbs/PC_Shopping/M.1637837461.A.33E.html,推,12600K都沒多熱了啊，12400能熱到哪,11/25/2021,4786,True,中立
CPU,Intel i5-12400,Intel,i5,型號(情報),[情報] 有人流出i12 12400評測影片,https://www.ptt.cc/bbs/PC_Shopping/M.1637837461.A.33E.html,推,看來12400可以下去了,11/25/2021,4795,True,中立
CPU,Intel i5-12400,Intel,i5,型號(情報),[情報] PR測試i5-12400 vs 5600X小輸1.4%,https://www.ptt.cc/bbs/PC_Shopping/M.1637146773.A.44F.html,推,記憶體差成這樣跑分才小輸1.4%,11/17/2021,4811,True,中立
CPU,Intel i5-12400,Intel,i5,型號(情報),[情報] PR測試i5-12400 vs 5600X小輸1.4%,https://www.ptt.cc/bbs/PC_Shopping/M.1637146773.A.44F.html,→,12400也才賣4000多,11/17/2021,4817,True,中立
CPU,Intel i5-12400,Intel,i5,型號(情報),[情報] PR測試i5-12400 vs 5600X小輸1.4%,https://www.ptt.cc/bbs/PC_Shopping/M.1637146773.A.44F.html,→,12400賣4k多就血流成河啦,11/17/2021,4821,True,負評
CPU,Intel i5-12400,Intel,i5,型號(情報),[情報] PR測試i5-12400 vs 5600X小輸1.4%,https://www.ptt.cc/bbs/PC_Shopping/M.1637146773.A.44F.html,→,12400輸效能一點，但是還是要看價,11/17/2021,4823,True,中立
CPU,Intel i5-12400,Intel,i5,型號(情報),[情報] PR測試i5-12400 vs 5600X小輸1.4%,https://www.ptt.cc/bbs/PC_Shopping/M.1637146773.A.44F.html,→,格，賣現在11400的價錢它還是殺翻5,11/17/2021,4824,True,正評
CPU,Intel i5-12400,Intel,i5,型號(情報),[情報] PR測試i5-12400 vs 5600X小輸1.4%,https://www.ptt.cc/bbs/PC_Shopping/M.1637146773.A.44F.html,→,沒什麼戰鬥力。因為B660的板子還不,11/17/2021,4825,True,中立
CPU,Intel i5-12400,Intel,i5,型號(情報),[情報] PR測試i5-12400 vs 5600X小輸1.4%,https://www.ptt.cc/bbs/PC_Shopping/M.1637146773.A.44F.html,→,沒有B660板子，12400還是沒什麼戰,11/17/2021,4826,True,中立
CPU,Intel i5-12400,Intel,i5,型號(情報),[情報] PR測試i5-12400 vs 5600X小輸1.4%,https://www.ptt.cc/bbs/PC_Shopping/M.1637146773.A.44F.html,→,12400只要能接11400的市場=無敵,11/17/2021,4831,True,正評
CPU,Intel i5-12400,Intel,i5,型號(情報),[情報] PR測試i5-12400 vs 5600X小輸1.4%,https://www.ptt.cc/bbs/PC_Shopping/M.1637146773.A.44F.html,推,"12400只能賣6k,才能逼到56x",11/18/2021,4832,True,中立
CPU,Intel i5-12400,Intel,i5,型號(情報),[情報] 12100f $3.3k 12400f $5.6k 12700f  10k,https://www.ptt.cc/bbs/PC_Shopping/M.1636212346.A.7E6.html,推,12400F如果這個價格真的很香,11/06/2021,4833,True,正評
CPU,Intel i5-12400,Intel,i5,型號(情報),[情報] 12100f $3.3k 12400f $5.6k 12700f  10k,https://www.ptt.cc/bbs/PC_Shopping/M.1636212346.A.7E6.html,→,12400F 太香拉,11/06/2021,4834,True,正評
CPU,Intel i5-12400,Intel,i5,型號(情報),[情報] 12100f $3.3k 12400f $5.6k 12700f  10k,https://www.ptt.cc/bbs/PC_Shopping/M.1636212346.A.7E6.html,推,12400f這就是目前5600x應該有的價位,11/06/2021,4835,True,中立
CPU,Intel i5-12400,Intel,i5,型號(情報),[情報] 12100f $3.3k 12400f $5.6k 12700f  10k,https://www.ptt.cc/bbs/PC_Shopping/M.1636212346.A.7E6.html,→,12400賣8K賣不動，效能差太多了,11/06/2021,4849,True,負評
CPU,Intel i5-12400,Intel,i5,型號(情報),[情報] 12100f $3.3k 12400f $5.6k 12700f  10k,https://www.ptt.cc/bbs/PC_Shopping/M.1636212346.A.7E6.html,推,12400差一個內顯差1000喔？,11/06/2021,4854,True,中立
CPU,Intel i5-12400,Intel,i5,型號(情報),[情報] 12100f $3.3k 12400f $5.6k 12700f  10k,https://www.ptt.cc/bbs/PC_Shopping/M.1636212346.A.7E6.html,推,很有競爭力的價位,11/06/2021,4855,True,正評
CPU,Intel i5-12400,Intel,i5,型號(情報),[情報] 12100f $3.3k 12400f $5.6k 12700f  10k,https://www.ptt.cc/bbs/PC_Shopping/M.1636212346.A.7E6.html,→,11代的i5不應該差12代非K的太多,11/07/2021,4861,True,中立
CPU,Intel i5-12400,Intel,i5,型號(情報),[情報] 12100f $3.3k 12400f $5.6k 12700f  10k,https://www.ptt.cc/bbs/PC_Shopping/M.1636212346.A.7E6.html,→,"而且如果b版還是限制ram頻率,12400f",11/07/2021,4864,True,中立
CPU,Intel i5-12400,Intel,i5,型號(情報),[情報] 12100f $3.3k 12400f $5.6k 12700f  10k,https://www.ptt.cc/bbs/PC_Shopping/M.1636212346.A.7E6.html,推,12400F價格贏了才是重點,11/07/2021,4868,True,中立
CPU,Intel i5-12400,Intel,i5,型號(情報),[情報] 12100f $3.3k 12400f $5.6k 12700f  10k,https://www.ptt.cc/bbs/PC_Shopping/M.1636212346.A.7E6.html,→,目前情報是效能和價格都贏,11/07/2021,4872,True,正評
CPU,Intel i5-12400,Intel,i5,型號(情報),[情報] 12100f $3.3k 12400f $5.6k 12700f  10k,https://www.ptt.cc/bbs/PC_Shopping/M.1636212346.A.7E6.html,推,12400比12400F香，差幾百還是有內,11/07/2021,4891,True,中立
CPU,Intel i5-12400,Intel,i5,型號(情報),[情報] 12100f $3.3k 12400f $5.6k 12700f  10k,https://www.ptt.cc/bbs/PC_Shopping/M.1636212346.A.7E6.html,→,12400賣6K應該可以橫著走一段時間,11/07/2021,4896,True,正評
CPU,Intel i5-12400,Intel,i5,型號(情報),[情報] 12100f $3.3k 12400f $5.6k 12700f  10k,https://www.ptt.cc/bbs/PC_Shopping/M.1636212346.A.7E6.html,推,12400也太讚…,11/07/2021,4897,True,正評
CPU,Intel i5-12400,Intel,i5,型號(情報),[情報] 12100f $3.3k 12400f $5.6k 12700f  10k,https://www.ptt.cc/bbs/PC_Shopping/M.1636212346.A.7E6.html,→,支援av1硬解，一定cp值報表，文書,11/07/2021,4942,True,正評
CPU,Intel i5-12400,Intel,i5,型號(情報),[情報] 12100f $3.3k 12400f $5.6k 12700f  10k,https://www.ptt.cc/bbs/PC_Shopping/M.1636212346.A.7E6.html,推,12400要來收復失土的 蘇媽快降價啦,11/07/2021,4943,True,中立
CPU,Intel i5-12400,Intel,i5,型號(情報),[情報] 12100f $3.3k 12400f $5.6k 12700f  10k,https://www.ptt.cc/bbs/PC_Shopping/M.1636212346.A.7E6.html,推,就算同樣6K也是保固好的I家大勝,11/07/2021,4949,True,正評
CPU,Intel i5-12400,Intel,i5,型號(情報),[情報] 12100f $3.3k 12400f $5.6k 12700f  10k,https://www.ptt.cc/bbs/PC_Shopping/M.1636212346.A.7E6.html,推,12400賣五千，好香,11/07/2021,4955,True,正評
CPU,Intel i5-12400,Intel,i5,型號(情報),[情報] 12100f $3.3k 12400f $5.6k 12700f  10k,https://www.ptt.cc/bbs/PC_Shopping/M.1636212346.A.7E6.html,推,12400 + B660 香噴噴,11/08/2021,4986,True,正評
CPU,Intel i5-12400,Intel,i5,型號(情報),[情報] i皇12400F再曝單核虐5600X 12%功耗溫度平,https://www.ptt.cc/bbs/PC_Shopping/M.1636117011.A.D91.html,→,平。雖然待機6W蠻吸引人的,11/05/2021,4992,True,中立
CPU,Intel i5-12400,Intel,i5,型號(情報),[情報] i皇12400F再曝單核虐5600X 12%功耗溫度平,https://www.ptt.cc/bbs/PC_Shopping/M.1636117011.A.D91.html,推,不如買12600k,11/05/2021,5009,True,負評
CPU,Intel i5-12400,Intel,i5,型號(情報),[情報] i皇12400F再曝單核虐5600X 12%功耗溫度平,https://www.ptt.cc/bbs/PC_Shopping/M.1636117011.A.D91.html,→,都1年了才和56x打平，一點都不香,11/05/2021,5010,True,負評
CPU,Intel i5-12400,Intel,i5,型號(情報),[情報] i皇12400F再曝單核虐5600X 12%功耗溫度平,https://www.ptt.cc/bbs/PC_Shopping/M.1636117011.A.D91.html,→,12400賣5000肯定空氣中的空氣QQ,11/05/2021,5020,True,中立
CPU,Intel i5-12400,Intel,i5,型號(情報),[情報] i皇12400F再曝單核虐5600X 12%功耗溫度平,https://www.ptt.cc/bbs/PC_Shopping/M.1636117011.A.D91.html,→,現階段12代 臭到有剩,11/05/2021,5048,True,負評
CPU,Intel i5-12400,Intel,i5,型號(情報),[情報] i皇12400F再曝單核虐5600X 12%功耗溫度平,https://www.ptt.cc/bbs/PC_Shopping/M.1636117011.A.D91.html,→,10nm就能有這種表現!而amd 7nm...,11/05/2021,5062,True,中立
CPU,Intel i5-12400,Intel,i5,型號(情報),[情報] i皇12400F再曝單核虐5600X 12%功耗溫度平,https://www.ptt.cc/bbs/PC_Shopping/M.1636117011.A.D91.html,→,10nm製程竟能把待機功耗壓這麼低!,11/05/2021,5070,True,正評
CPU,Intel i5-12400,Intel,i5,型號(情報),[情報] i皇12400F再曝單核虐5600X 12%功耗溫度平,https://www.ptt.cc/bbs/PC_Shopping/M.1636117011.A.D91.html,→,起不來 最低頻率保持偏高  待機更糟,11/05/2021,5074,True,負評
CPU,Intel i5-12400,Intel,i5,型號(情報),[情報] i皇12400F再曝單核虐5600X 12%功耗溫度平,https://www.ptt.cc/bbs/PC_Shopping/M.1636117011.A.D91.html,推,沒注意這顆沒有小核 真的厲害,11/06/2021,5079,True,正評
CPU,Intel i5-12400,Intel,i5,型號(情報),[情報] i皇12400F再曝單核虐5600X 12%功耗溫度平,https://www.ptt.cc/bbs/PC_Shopping/M.1636117011.A.D91.html,推,這顆買5k 市場直接逆轉,11/06/2021,5083,True,正評
CPU,Intel i5-12400,Intel,i5,型號(情報),[情報] i皇12400F再曝單核虐5600X 12%功耗溫度平,https://www.ptt.cc/bbs/PC_Shopping/M.1636117011.A.D91.html,推,那我還是等12400好了    12400k小核,11/06/2021,5084,True,中立
CPU,Intel i5-12400,Intel,i5,型號(情報),[情報] i皇12400F再曝單核虐5600X 12%功耗溫度平,https://www.ptt.cc/bbs/PC_Shopping/M.1636117011.A.D91.html,→,"就125W,太浪費電了  不適合當server",11/06/2021,5085,True,負評
CPU,Intel i5-12400,Intel,i5,型號(情報),[情報] i皇12400F再曝單核虐5600X 12%功耗溫度平,https://www.ptt.cc/bbs/PC_Shopping/M.1636117011.A.D91.html,推,12400用的是H0核心 原生6大核無小核,11/06/2021,5094,True,中立
CPU,Intel i5-12400,Intel,i5,型號(情報),[情報] i皇12400F再曝單核虐5600X 12%功耗溫度平,https://www.ptt.cc/bbs/PC_Shopping/M.1636117011.A.D91.html,推,10奈米幹翻7奈米 難怪要自稱intel 7,11/06/2021,5101,True,中立
CPU,Intel i5-12400,Intel,i5,型號(情報),[情報]i5-12400正式版跑分,https://www.ptt.cc/bbs/PC_Shopping/M.1633952249.A.A1C.html,推,很不錯吧 相較AMD問題又少,10/11/2021,5120,True,正評
CPU,Intel i5-12400,Intel,i5,型號(情報),[情報]i5-12400正式版跑分,https://www.ptt.cc/bbs/PC_Shopping/M.1633952249.A.A1C.html,→,我怎麼覺得這樣很弱..,10/11/2021,5123,True,負評
CPU,Intel i5-12400,Intel,i5,型號(情報),[情報]i5-12400正式版跑分,https://www.ptt.cc/bbs/PC_Shopping/M.1633952249.A.A1C.html,推,就看價格了 如果台幣5000初還不錯,10/11/2021,5125,True,中立
CPU,Intel i5-12400,Intel,i5,型號(情報),[情報]i5-12400正式版跑分,https://www.ptt.cc/bbs/PC_Shopping/M.1633952249.A.A1C.html,→,6000以上臭死,10/11/2021,5126,True,負評
CPU,Intel i5-12400,Intel,i5,型號(情報),[情報]i5-12400正式版跑分,https://www.ptt.cc/bbs/PC_Shopping/M.1633952249.A.A1C.html,→,i5沒小核 基本上跟11代沒差別吧,10/11/2021,5130,True,中立
CPU,Intel i5-12400,Intel,i5,型號(情報),[情報]i5-12400正式版跑分,https://www.ptt.cc/bbs/PC_Shopping/M.1633952249.A.A1C.html,→,其實是小贏5600x但不知測試條件就..,10/11/2021,5131,True,中立
CPU,Intel i5-12400,Intel,i5,型號(情報),[情報]i5-12400正式版跑分,https://www.ptt.cc/bbs/PC_Shopping/M.1633952249.A.A1C.html,→,和56差不多我直接買56就好啦= =,10/11/2021,5132,True,中立
CPU,Intel i5-12400,Intel,i5,型號(情報),[情報]i5-12400正式版跑分,https://www.ptt.cc/bbs/PC_Shopping/M.1633952249.A.A1C.html,→,4784 56x也超得上去 不過會破百瓦,10/11/2021,5134,True,中立
CPU,Intel i5-12400,Intel,i5,型號(情報),[情報]i5-12400正式版跑分,https://www.ptt.cc/bbs/PC_Shopping/M.1633952249.A.A1C.html,→,因為56x價格臭，又沒有內顯,10/11/2021,5137,True,負評
CPU,Intel i5-12400,Intel,i5,型號(情報),[情報]i5-12400正式版跑分,https://www.ptt.cc/bbs/PC_Shopping/M.1633952249.A.A1C.html,→,這個價格就還不錯香，至少有內顯,10/11/2021,5138,True,正評
CPU,Intel i5-12400,Intel,i5,型號(情報),[情報]i5-12400正式版跑分,https://www.ptt.cc/bbs/PC_Shopping/M.1633952249.A.A1C.html,推,從這邊看12400贏11400約18％,10/11/2021,5144,True,中立
CPU,Intel i5-12400,Intel,i5,型號(情報),[情報]i5-12400正式版跑分,https://www.ptt.cc/bbs/PC_Shopping/M.1633952249.A.A1C.html,→,i5的話要12600k才能打R7 5800x,10/11/2021,5145,True,中立
CPU,Intel i5-12400,Intel,i5,型號(情報),[情報]i5-12400正式版跑分,https://www.ptt.cc/bbs/PC_Shopping/M.1633952249.A.A1C.html,推,12代比11代強多了…,10/11/2021,5154,True,中立
CPU,Intel i5-12400,Intel,i5,型號(情報),[情報]i5-12400正式版跑分,https://www.ptt.cc/bbs/PC_Shopping/M.1633952249.A.A1C.html,→,56x目前普遍U+板就11~13k,10/11/2021,5164,True,中立
CPU,Intel i5-12400,Intel,i5,型號(情報),[情報]i5-12400正式版跑分,https://www.ptt.cc/bbs/PC_Shopping/M.1633952249.A.A1C.html,→,56x搭2k多的板子就夠了,10/11/2021,5166,True,中立
CPU,Intel i5-12400,Intel,i5,型號(情報),[情報]i5-12400正式版跑分,https://www.ptt.cc/bbs/PC_Shopping/M.1633952249.A.A1C.html,→,B560拿丐版阿，為了RAM還能接受,10/11/2021,5170,True,中立
CPU,Intel i5-12400,Intel,i5,型號(情報),[情報]i5-12400正式版跑分,https://www.ptt.cc/bbs/PC_Shopping/M.1633952249.A.A1C.html,推,12600k目前流出的情報只比12400貴,10/11/2021,5178,True,中立
CPU,Intel i5-12400,Intel,i5,型號(情報),[情報]i5-12400正式版跑分,https://www.ptt.cc/bbs/PC_Shopping/M.1633952249.A.A1C.html,→,70多美但能打R7 5800x 應該比1240,10/11/2021,5179,True,中立
CPU,Intel i5-12400,Intel,i5,型號(情報),[情報]i5-12400正式版跑分,https://www.ptt.cc/bbs/PC_Shopping/M.1633952249.A.A1C.html,推,沒小核沒進步太多吧,10/11/2021,5181,True,中立
CPU,Intel i5-12400,Intel,i5,型號(情報),[情報]i5-12400正式版跑分,https://www.ptt.cc/bbs/PC_Shopping/M.1633952249.A.A1C.html,→,"跟10400,11400比起來進步不少",10/11/2021,5182,True,中立
CPU,Intel i5-12400,Intel,i5,型號(情報),[情報]i5-12400正式版跑分,https://www.ptt.cc/bbs/PC_Shopping/M.1633952249.A.A1C.html,→,比起pcie4.0 不能超頻更有感XD,10/11/2021,5183,True,中立
CPU,Intel i5-12400,Intel,i5,型號(情報),[情報]i5-12400正式版跑分,https://www.ptt.cc/bbs/PC_Shopping/M.1633952249.A.A1C.html,→,本來就沒有進步很多,10/11/2021,5202,True,中立
CPU,Intel i5-12400,Intel,i5,型號(情報),[情報]i5-12400正式版跑分,https://www.ptt.cc/bbs/PC_Shopping/M.1633952249.A.A1C.html,推,單核強很多 多核就只有平手了,10/11/2021,5206,True,中立
CPU,Intel i5-12400,Intel,i5,型號(情報),[情報]i5-12400正式版跑分,https://www.ptt.cc/bbs/PC_Shopping/M.1633952249.A.A1C.html,→,新製程 l3都加大很多 價格對標AMD,10/11/2021,5211,True,中立
CPU,Intel i5-12400,Intel,i5,型號(情報),[情報]i5-12400正式版跑分,https://www.ptt.cc/bbs/PC_Shopping/M.1633952249.A.A1C.html,→,"12400滿載功耗有降下來,ipc也有提升",10/11/2021,5218,True,中立
CPU,Intel i5-12400,Intel,i5,型號(情報),[情報]i5-12400正式版跑分,https://www.ptt.cc/bbs/PC_Shopping/M.1633952249.A.A1C.html,→,有啦 功耗低不少,10/11/2021,5224,True,正評
CPU,Intel i5-12400,Intel,i5,型號(情報),[情報]i5-12400正式版跑分,https://www.ptt.cc/bbs/PC_Shopping/M.1633952249.A.A1C.html,→,功耗低是因為沒有小核心,10/11/2021,5226,True,中立
CPU,Intel i5-12400,Intel,i5,型號(情報),[情報]i5-12400正式版跑分,https://www.ptt.cc/bbs/PC_Shopping/M.1633952249.A.A1C.html,→,12400價格對標5600X 感覺怪怪的XD,10/11/2021,5232,True,中立
CPU,Intel i5-12400,Intel,i5,型號(情報),[情報]i5-12400正式版跑分,https://www.ptt.cc/bbs/PC_Shopping/M.1633952249.A.A1C.html,→,"不求輾壓amd,只要贏自家10,11代就好",10/11/2021,5244,True,中立
CPU,Intel i5-12400,Intel,i5,型號(情報),[情報]i5-12400正式版跑分,https://www.ptt.cc/bbs/PC_Shopping/M.1633952249.A.A1C.html,推,買5600還能開pbo超頻，12400可以嗎?,10/11/2021,5248,True,中立
CPU,Intel i5-12400,Intel,i5,型號(情報),[情報]i5-12400正式版跑分,https://www.ptt.cc/bbs/PC_Shopping/M.1633952249.A.A1C.html,→,這顆跑分都直接追到開PBO的了,10/11/2021,5249,True,中立
CPU,Intel i5-12400,Intel,i5,型號(情報),[情報]i5-12400正式版跑分,https://www.ptt.cc/bbs/PC_Shopping/M.1633952249.A.A1C.html,→,大核電壓只能降到一定程度，功耗要,10/11/2021,5258,True,中立
CPU,Intel i5-12400,Intel,i5,型號(情報),[情報]i5-12400正式版跑分,https://www.ptt.cc/bbs/PC_Shopping/M.1633952249.A.A1C.html,→,這張圖的頻率滿低的，跟12900那種,10/11/2021,5260,True,中立
CPU,Intel i5-12400,Intel,i5,型號(情報),[情報]i5-12400正式版跑分,https://www.ptt.cc/bbs/PC_Shopping/M.1633952249.A.A1C.html,→,小核只有ppa高,10/11/2021,5263,True,中立
CPU,Intel i5-12400,Intel,i5,型號(情報),[情報]i5-12400正式版跑分,https://www.ptt.cc/bbs/PC_Shopping/M.1633952249.A.A1C.html,→,就只有硬要拉5G+造成功耗完全降不,10/11/2021,5265,True,負評
CPU,Intel i5-12400,Intel,i5,型號(情報),[情報]i5-12400正式版跑分,https://www.ptt.cc/bbs/PC_Shopping/M.1633952249.A.A1C.html,→,非K版比較能代表量產的體質,10/11/2021,5269,True,中立
CPU,Intel i5-12400,Intel,i5,型號(情報),[情報]i5-12400正式版跑分,https://www.ptt.cc/bbs/PC_Shopping/M.1633952249.A.A1C.html,推,同頻和AMD差不多 但K版上限蠻高的,10/11/2021,5270,True,中立
CPU,Intel i5-12400,Intel,i5,型號(情報),[情報]i5-12400正式版跑分,https://www.ptt.cc/bbs/PC_Shopping/M.1633952249.A.A1C.html,推,其實蠻廢的欸…幹 這樣不會賣欸,10/11/2021,5274,True,負評
CPU,Intel i5-12400,Intel,i5,型號(情報),[情報]i5-12400正式版跑分,https://www.ptt.cc/bbs/PC_Shopping/M.1633952249.A.A1C.html,→,價格夠低B660主板也便宜就有用,10/11/2021,5281,True,中立
CPU,Intel i5-12400,Intel,i5,型號(情報),[情報]i5-12400正式版跑分,https://www.ptt.cc/bbs/PC_Shopping/M.1633952249.A.A1C.html,→,"前幾代ipc沒提升,只好拉頻率",10/11/2021,5282,True,中立
CPU,Intel i5-12400,Intel,i5,型號(情報),[情報]i5-12400正式版跑分,https://www.ptt.cc/bbs/PC_Shopping/M.1633952249.A.A1C.html,推,12代看來i9以下都蠻有競爭力，那個i,10/11/2021,5286,True,中立
CPU,Intel i5-12400,Intel,i5,型號(情報),[情報]i5-12400正式版跑分,https://www.ptt.cc/bbs/PC_Shopping/M.1633952249.A.A1C.html,→,5000系一堆舊版子都能上，B660能賣,10/11/2021,5291,True,中立
CPU,Intel i5-12400,Intel,i5,型號(情報),[情報]i5-12400正式版跑分,https://www.ptt.cc/bbs/PC_Shopping/M.1633952249.A.A1C.html,→,本不用比，12400就只能B660,10/11/2021,5294,True,中立
CPU,Intel i5-12400,Intel,i5,型號(情報),[情報]i5-12400正式版跑分,https://www.ptt.cc/bbs/PC_Shopping/M.1633952249.A.A1C.html,推,如果版+u比單顆56x便宜才會考慮~不,10/12/2021,5302,True,中立
CPU,Intel i5-12400,Intel,i5,型號(情報),[情報]i5-12400正式版跑分,https://www.ptt.cc/bbs/PC_Shopping/M.1633952249.A.A1C.html,推,才78w，配H610打死，應該不錯,10/12/2021,5307,True,正評
CPU,Intel i5-12400,Intel,i5,型號(情報),[情報]i5-12400正式版跑分,https://www.ptt.cc/bbs/PC_Shopping/M.1633952249.A.A1C.html,→,現在放出R20成績不是12400都略贏,10/12/2021,5315,True,中立
CPU,Intel i5-12400,Intel,i5,型號(情報),[情報]i5-12400正式版跑分,https://www.ptt.cc/bbs/PC_Shopping/M.1633952249.A.A1C.html,推,這功耗是純燒FPU的狀態，其實很猛好,10/12/2021,5319,True,正評
CPU,Intel i5-12400,Intel,i5,型號(情報),[情報]i5-12400正式版跑分,https://www.ptt.cc/bbs/PC_Shopping/M.1633952249.A.A1C.html,→,上面的除非是K版保底的效能，不然對,10/12/2021,5322,True,中立
CPU,Intel i5-12400,Intel,i5,型號(情報),[情報]i5-12400正式版跑分,https://www.ptt.cc/bbs/PC_Shopping/M.1633952249.A.A1C.html,→,i5跟5600X 差不多那這年在幹嘛,10/12/2021,5325,True,中立
CPU,Intel i5-12400,Intel,i5,型號(情報),[情報]i5-12400正式版跑分,https://www.ptt.cc/bbs/PC_Shopping/M.1633952249.A.A1C.html,→,小核設計應該是低載有利 拿去燒雞功,10/12/2021,5337,True,中立
CPU,Intel i5-12400,Intel,i5,型號(情報),[情報]i5-12400正式版跑分,https://www.ptt.cc/bbs/PC_Shopping/M.1633952249.A.A1C.html,→,耗爆炸效能又不夠好 好像也蠻合理的,10/12/2021,5338,True,負評
CPU,Intel i5-12400,Intel,i5,型號(情報),[情報]i5-12400正式版跑分,https://www.ptt.cc/bbs/PC_Shopping/M.1633952249.A.A1C.html,→,完美 只能當開路先鋒,10/12/2021,5342,True,中立
CPU,Intel i5-12400,Intel,i5,型號(情報),[情報]i5-12400正式版跑分,https://www.ptt.cc/bbs/PC_Shopping/M.1633952249.A.A1C.html,→,Golden Cove P core 也沒有AVX512,10/12/2021,5348,True,中立
CPU,Intel i5-12400,Intel,i5,型號(情報),[情報]i5-12400正式版跑分,https://www.ptt.cc/bbs/PC_Shopping/M.1633952249.A.A1C.html,推,56至少還可以超zzzzzz,10/12/2021,5349,True,中立
CPU,Intel i5-12400,Intel,i5,型號(情報),[情報]i5-12400正式版跑分,https://www.ptt.cc/bbs/PC_Shopping/M.1633952249.A.A1C.html,推,積熱那麼嚴重也超不了什麼，你5600x,10/12/2021,5350,True,負評
CPU,Intel i5-12400,Intel,i5,型號(情報),[情報]i5-12400正式版跑分,https://www.ptt.cc/bbs/PC_Shopping/M.1633952249.A.A1C.html,→,跟負載無關，根本的問題是小核的設,10/12/2021,5353,True,中立
CPU,Intel i5-12400,Intel,i5,型號(情報),[情報]i5-12400正式版跑分,https://www.ptt.cc/bbs/PC_Shopping/M.1633952249.A.A1C.html,→,pipeline stage比SKL更短,10/12/2021,5355,True,中立
CPU,Intel i5-12400,Intel,i5,型號(情報),[情報]i5-12400正式版跑分,https://www.ptt.cc/bbs/PC_Shopping/M.1633952249.A.A1C.html,→,算切大核 這樣只有跑分才會全部全開,10/12/2021,5361,True,中立
CPU,Intel i5-12400,Intel,i5,型號(情報),[情報]i5-12400正式版跑分,https://www.ptt.cc/bbs/PC_Shopping/M.1633952249.A.A1C.html,→,燒爆 但日常根本遇不到,10/12/2021,5362,True,中立
CPU,Intel i5-12400,Intel,i5,型號(情報),[情報]i5-12400正式版跑分,https://www.ptt.cc/bbs/PC_Shopping/M.1633952249.A.A1C.html,→,樣 沒事小核吃到重運算然後變火爐,10/12/2021,5364,True,負評
CPU,Intel i5-12400,Intel,i5,型號(情報),[情報]i5-12400正式版跑分,https://www.ptt.cc/bbs/PC_Shopping/M.1633952249.A.A1C.html,推,真的不差，單核4G追上Zen3 4.5G,10/12/2021,5366,True,正評
CPU,Intel i5-14400F,Intel,i5,型號(情報),[情報] i5-14400F 跑分曝光 CPU-Z 高於 13400F,https://www.ptt.cc/bbs/PC_Shopping/M.1701088497.A.144.html,噓,全核頻率給那麼低，怎麼可能贏7500F,11/27/2023,5368,True,負評
CPU,Intel i5-14400F,Intel,i5,型號(情報),[情報] i5-14400F 跑分曝光 CPU-Z 高於 13400F,https://www.ptt.cc/bbs/PC_Shopping/M.1701088497.A.144.html,→,大幅提升5%不到!!,11/27/2023,5369,True,中立
CPU,Intel i5-14400F,Intel,i5,型號(情報),[情報] i5-14400F 跑分曝光 CPU-Z 高於 13400F,https://www.ptt.cc/bbs/PC_Shopping/M.1701088497.A.144.html,→,7500屌打...,11/27/2023,5370,True,正評
CPU,Intel i5-14400F,Intel,i5,型號(情報),[情報] i5-14400F 跑分曝光 CPU-Z 高於 13400F,https://www.ptt.cc/bbs/PC_Shopping/M.1701088497.A.144.html,→,低於前代同級距的產品會被幹爆吧,11/27/2023,5378,True,負評
CPU,Intel i5-14400F,Intel,i5,型號(情報),[情報] i5-14400F 跑分曝光 CPU-Z 高於 13400F,https://www.ptt.cc/bbs/PC_Shopping/M.1701088497.A.144.html,推,沒進步好歹賣便宜點,11/28/2023,5380,True,中立
CPU,Intel i5-14400F,Intel,i5,型號(情報),[情報] i5-14400F 跑分曝光 CPU-Z 高於 13400F,https://www.ptt.cc/bbs/PC_Shopping/M.1701088497.A.144.html,推,14400F除非降到5480元（12400同價）14400,11/28/2023,5388,True,中立
CPU,Intel i5-14400F,Intel,i5,型號(情報),[情報] i5-14400F 跑分曝光 CPU-Z 高於 13400F,https://www.ptt.cc/bbs/PC_Shopping/M.1701088497.A.144.html,→,降到5980~5990元，才有買的價值 ，至於電,11/28/2023,5389,True,中立
CPU,Intel i5-14400F,Intel,i5,型號(情報),[情報] i5-14400F 跑分曝光 CPU-Z 高於 13400F,https://www.ptt.cc/bbs/PC_Shopping/M.1701088497.A.144.html,推,誤差範圍內   狗才買,11/28/2023,5391,True,負評
CPU,Intel i5-14400,Intel,i5,型號,套裝機i5 14400 配 B760 or H610選擇,https://www.ptt.cc/bbs/PC_Shopping/M.1720864992.A.3E5.html,→,我的意思是是否h610足夠發揮14400的,07/13/2024,5397,True,中立
CPU,Intel i5-14400,Intel,i5,型號,套裝機i5 14400 配 B760 or H610選擇,https://www.ptt.cc/bbs/PC_Shopping/M.1720864992.A.3E5.html,→,『當文書及看影片使用』你不用考慮太多了,07/13/2024,5400,True,中立
CPU,Intel i5-14400,Intel,i5,型號,套裝機i5 14400 配 B760 or H610選擇,https://www.ptt.cc/bbs/PC_Shopping/M.1720864992.A.3E5.html,→,你的用途也不需要這個U有多大的性能發揮,07/13/2024,5402,True,中立
CPU,Intel i5-14400,Intel,i5,型號,套裝機i5 14400 配 B760 or H610選擇,https://www.ptt.cc/bbs/PC_Shopping/M.1720864992.A.3E5.html,推,文書機就是買便宜的就好 別想這麼多,07/13/2024,5404,True,中立
CPU,Intel i5-14400,Intel,i5,型號,套裝機i5 14400 配 B760 or H610選擇,https://www.ptt.cc/bbs/PC_Shopping/M.1720864992.A.3E5.html,→,反正都差不多的東西 買便宜的就好,07/13/2024,5406,True,中立
CPU,Intel i5-14400,Intel,i5,型號,套裝機i5 14400 配 B760 or H610選擇,https://www.ptt.cc/bbs/PC_Shopping/M.1720864992.A.3E5.html,→,你文書影音也用不到什麼效能 選便宜的就,07/13/2024,5408,True,中立
CPU,Intel i5-14400,Intel,i5,型號,套裝機i5 14400 配 B760 or H610選擇,https://www.ptt.cc/bbs/PC_Shopping/M.1720864992.A.3E5.html,推,12400+DDR4就可以了，想擴充就找4DIMM的板,07/13/2024,5414,True,中立
CPU,Intel i5-14400,Intel,i5,型號,套裝機i5 14400 配 B760 or H610選擇,https://www.ptt.cc/bbs/PC_Shopping/M.1720864992.A.3E5.html,推,這個需求12400都嚴重過剩，你該考慮是能不,07/14/2024,5417,True,中立
CPU,Intel i5-14400,Intel,i5,型號,套裝機i5 14400 配 B760 or H610選擇,https://www.ptt.cc/bbs/PC_Shopping/M.1720864992.A.3E5.html,→,小核，唯一的差別就只是時脈，12600K睿,07/14/2024,5427,True,中立
CPU,Intel i5-14400,Intel,i5,型號,套裝機i5 14400 配 B760 or H610選擇,https://www.ptt.cc/bbs/PC_Shopping/M.1720864992.A.3E5.html,→,頻比較高，另外兩個低一點。,07/14/2024,5428,True,中立
CPU,Intel i5-14400,Intel,i5,型號,套裝機i5 14400 配 B760 or H610選擇,https://www.ptt.cc/bbs/PC_Shopping/M.1720864992.A.3E5.html,推,文書機真的沒差啊.,07/14/2024,5431,True,中立
CPU,Intel i5-14400,Intel,i5,型號,套裝機i5 14400 配 B760 or H610選擇,https://www.ptt.cc/bbs/PC_Shopping/M.1720864992.A.3E5.html,→,其實應該12100就夠了，還能再省個千把,07/15/2024,5433,True,負評
CPU,Intel i5-14400,Intel,i5,型號(情報),[情報] i5-14400F 跑分曝光 CPU-Z 高於 13400F,https://www.ptt.cc/bbs/PC_Shopping/M.1701088497.A.144.html,→,大幅提升5%不到!!,11/27/2023,5435,True,中立
CPU,Intel i5-14400,Intel,i5,型號(情報),[情報] i5-14400F 跑分曝光 CPU-Z 高於 13400F,https://www.ptt.cc/bbs/PC_Shopping/M.1701088497.A.144.html,→,20MB的L3我看得有點霧....,11/28/2023,5448,True,中立
CPU,Intel i5-14400,Intel,i5,型號(情報),[情報] i5-14400F 跑分曝光 CPU-Z 高於 13400F,https://www.ptt.cc/bbs/PC_Shopping/M.1701088497.A.144.html,推,14400F除非降到5480元（12400同價）14400,11/28/2023,5454,True,中立
CPU,Intel i5-14400,Intel,i5,型號(情報),[情報] i皇太強了8 14400比13400強高達5%,https://www.ptt.cc/bbs/PC_Shopping/M.1700827635.A.F17.html,推,所以12400=13400=14400 太讚了吧我大,11/24/2023,5460,True,中立
CPU,Intel i5-14400,Intel,i5,型號(情報),[情報] i皇太強了8 14400比13400強高達5%,https://www.ptt.cc/bbs/PC_Shopping/M.1700827635.A.F17.html,推,提升約一成 好猛,11/24/2023,5461,True,中立
CPU,Intel i5-14400,Intel,i5,型號(情報),[情報] i皇太強了8 14400比13400強高達5%,https://www.ptt.cc/bbs/PC_Shopping/M.1700827635.A.F17.html,推,5555555 太強了8,11/24/2023,5466,True,正評
CPU,Intel i5-14400,Intel,i5,型號(情報),[情報] i皇太強了8 14400比13400強高達5%,https://www.ptt.cc/bbs/PC_Shopping/M.1700827635.A.F17.html,→,他甚至還沒有使出全力的樣子,11/24/2023,5467,True,正評
CPU,Intel i5-14400,Intel,i5,型號(情報),[情報] i皇太強了8 14400比13400強高達5%,https://www.ptt.cc/bbs/PC_Shopping/M.1700827635.A.F17.html,推,差距在6%內算13代贏,11/24/2023,5468,True,中立
CPU,Intel i5-14400,Intel,i5,型號(情報),[情報] i皇太強了8 14400比13400強高達5%,https://www.ptt.cc/bbs/PC_Shopping/M.1700827635.A.F17.html,推,他就算沒有Apo也會贏,11/24/2023,5470,True,正評
CPU,Intel i5-14400,Intel,i5,型號(情報),[情報] i皇太強了8 14400比13400強高達5%,https://www.ptt.cc/bbs/PC_Shopping/M.1700827635.A.F17.html,推,挖喔喔喔喔~5%唉!性奮不已中(簽名檔圖片),11/24/2023,5473,True,中立
CPU,Intel i5-14400,Intel,i5,型號(情報),[情報] i皇太強了8 14400比13400強高達5%,https://www.ptt.cc/bbs/PC_Shopping/M.1700827635.A.F17.html,推,藍趴統計學釋疑：沒贏超過6%都算平手，誤差,11/24/2023,5478,True,中立
CPU,Intel i5-14400,Intel,i5,型號(情報),[情報] i皇太強了8 14400比13400強高達5%,https://www.ptt.cc/bbs/PC_Shopping/M.1700827635.A.F17.html,推,佛心，幫用戶省錢,11/24/2023,5481,True,中立
CPU,Intel i5-14400,Intel,i5,型號(情報),[情報] i皇太強了8 14400比13400強高達5%,https://www.ptt.cc/bbs/PC_Shopping/M.1700827635.A.F17.html,推,超過6%才算贏 5%下去,11/24/2023,5482,True,中立
CPU,Intel i5-14400,Intel,i5,型號(情報),[情報] i皇太強了8 14400比13400強高達5%,https://www.ptt.cc/bbs/PC_Shopping/M.1700827635.A.F17.html,→,太強了 贏在誤差範圍之內,11/24/2023,5489,True,中立
CPU,Intel i5-14400,Intel,i5,型號(情報),[情報] i皇太強了8 14400比13400強高達5%,https://www.ptt.cc/bbs/PC_Shopping/M.1700827635.A.F17.html,推,笑死 效能誤差範圍內 比5.96%還小,11/24/2023,5490,True,中立
CPU,Intel i5-14400,Intel,i5,型號(情報),[情報] i皇太強了8 14400比13400強高達5%,https://www.ptt.cc/bbs/PC_Shopping/M.1700827635.A.F17.html,推,跟6700K換到同腳位的7700K一樣香,11/24/2023,5492,True,正評
CPU,Intel i5-14400,Intel,i5,型號(情報),[情報] i皇太強了8 14400比13400強高達5%,https://www.ptt.cc/bbs/PC_Shopping/M.1700827635.A.F17.html,→,和12代比還是多了4個小核,11/24/2023,5495,True,中立
CPU,Intel i5-14400,Intel,i5,型號(情報),[情報] i皇太強了8 14400比13400強高達5%,https://www.ptt.cc/bbs/PC_Shopping/M.1700827635.A.F17.html,推,笑死  買12500真的賺爛 這次要復刻Skylak,11/24/2023,5496,True,正評
CPU,Intel i5-14400,Intel,i5,型號(情報),[情報] i皇太強了8 14400比13400強高達5%,https://www.ptt.cc/bbs/PC_Shopping/M.1700827635.A.F17.html,→,只是13代套皮 所以144跟124也會是差不多的,11/24/2023,5498,True,中立
CPU,Intel i5-14400,Intel,i5,型號(情報),[情報] i皇太強了8 14400比13400強高達5%,https://www.ptt.cc/bbs/PC_Shopping/M.1700827635.A.F17.html,推,沒超過5.96%，算13代贏,11/24/2023,5501,True,中立
CPU,Intel i5-14400,Intel,i5,型號(情報),[情報] i皇太強了8 14400比13400強高達5%,https://www.ptt.cc/bbs/PC_Shopping/M.1700827635.A.F17.html,推,難以置信的進步幅度,11/24/2023,5502,True,中立
CPU,Intel i5-14400,Intel,i5,型號(情報),[情報] i皇太強了8 14400比13400強高達5%,https://www.ptt.cc/bbs/PC_Shopping/M.1700827635.A.F17.html,推,不到5.96%可是統計誤差喔,11/25/2023,5518,True,中立
CPU,Intel i5-14400,Intel,i5,型號(情報),[情報] i皇太強了8 14400比13400強高達5%,https://www.ptt.cc/bbs/PC_Shopping/M.1700827635.A.F17.html,推,提升5%  還蠻可觀的,11/25/2023,5519,True,中立
CPU,Intel i5-14400,Intel,i5,型號(情報),[情報] i皇太強了8 14400比13400強高達5%,https://www.ptt.cc/bbs/PC_Shopping/M.1700827635.A.F17.html,推,牙膏14代 根本來幫A廠促銷的,11/25/2023,5521,True,中立
CPU,Intel i5-14400,Intel,i5,型號(情報),[情報] i皇太強了8 14400比13400強高達5%,https://www.ptt.cc/bbs/PC_Shopping/M.1700827635.A.F17.html,推,比猴子還強0.96%,11/25/2023,5522,True,中立
CPU,Intel i5-14400,Intel,i5,型號(情報),[情報] i皇太強了8 14400比13400強高達5%,https://www.ptt.cc/bbs/PC_Shopping/M.1700827635.A.F17.html,推,12到14還算是勉強有進步啦 多了4E,11/25/2023,5523,True,中立
CPU,Intel i5-14400,Intel,i5,型號(情報),[情報] i皇太強了8 14400比13400強高達5%,https://www.ptt.cc/bbs/PC_Shopping/M.1700827635.A.F17.html,推,以同顏色另一組織標準這樣算13代贏,11/25/2023,5525,True,中立
CPU,Intel i5-14400,Intel,i5,型號(情報),[情報] i皇太強了8 14400比13400強高達5%,https://www.ptt.cc/bbs/PC_Shopping/M.1700827635.A.F17.html,推,說真的 還不如不要發表14代,11/25/2023,5528,True,負評
CPU,Intel i5-14400,Intel,i5,型號(情報),[情報] i皇太強了8 14400比13400強高達5%,https://www.ptt.cc/bbs/PC_Shopping/M.1700827635.A.F17.html,推,整合1314代 看起來13代贏 賣處理器要講誠,11/25/2023,5529,True,中立
CPU,Intel i5-14400,Intel,i5,型號(情報),[情報] i皇太強了8 14400比13400強高達5%,https://www.ptt.cc/bbs/PC_Shopping/M.1700827635.A.F17.html,→,真的要比效能AMD1%都不會讓你,11/25/2023,5530,True,中立
CPU,Intel i5-14400,Intel,i5,型號(情報),[情報] i皇太強了8 14400比13400強高達5%,https://www.ptt.cc/bbs/PC_Shopping/M.1700827635.A.F17.html,→,大幅提升2-5% 小漲1-2千 寵粉,11/25/2023,5532,True,中立
CPU,Intel i5-14400,Intel,i5,型號(情報),[情報] i皇太強了8 14400比13400強高達5%,https://www.ptt.cc/bbs/PC_Shopping/M.1700827635.A.F17.html,推,在誤差範圍內是平手,11/25/2023,5534,True,中立
CPU,Intel i5-14400,Intel,i5,型號(情報),[情報] i皇太強了8 14400比13400強高達5%,https://www.ptt.cc/bbs/PC_Shopping/M.1700827635.A.F17.html,推,祖傳擠牙膏5%科技,11/25/2023,5535,True,中立
CPU,Intel i5-14400,Intel,i5,型號(情報),[情報] i皇太強了8 14400比13400強高達5%,https://www.ptt.cc/bbs/PC_Shopping/M.1700827635.A.F17.html,推,我沒有讓他使出全力 我感到失望,11/27/2023,5543,True,負評
CPU,Intel i5-14400,Intel,i5,型號(情報),[情報] 消息稱Intel i5 14400將有B0和C0兩種,https://www.ptt.cc/bbs/PC_Shopping/M.1695298289.A.C28.html,→,11代與14代桌面版都是上代製程的垃圾,09/21/2023,5550,True,負評
CPU,Intel i5-14400,Intel,i5,型號(情報),[情報] 消息稱Intel i5 14400將有B0和C0兩種,https://www.ptt.cc/bbs/PC_Shopping/M.1695298289.A.C28.html,推,若比不上136k就是垃圾,09/21/2023,5551,True,負評
CPU,Intel i5-14400,Intel,i5,型號(情報),[情報] 消息稱Intel i5 14400將有B0和C0兩種,https://www.ptt.cc/bbs/PC_Shopping/M.1695298289.A.C28.html,→,"全核5.2G, 卻不出",09/21/2023,5555,True,中立
CPU,Intel i5-14400,Intel,i5,型號(情報),[情報] 消息稱Intel i5 14400將有B0和C0兩種,https://www.ptt.cc/bbs/PC_Shopping/M.1695298289.A.C28.html,推,基本上就是13400的升頻版 核心也一樣二種,09/21/2023,5561,True,中立
CPU,Intel i7-14700,Intel,i7,型號(情報),[情報] 機車店14700/H610/16G/1TB $21599,https://www.ptt.cc/bbs/PC_Shopping/M.1770716258.A.5A2.html,推,14700效能很強,02/10/2026,5564,True,正評
CPU,Intel i7-14700,Intel,i7,型號(情報),[情報] 機車店14700/H610/16G/1TB $21599,https://www.ptt.cc/bbs/PC_Shopping/M.1770716258.A.5A2.html,→,H610沒法讓14700全速，所以不會燒,02/10/2026,5565,True,中立
CPU,Intel i7-14700,Intel,i7,型號(情報),[情報] 機車店14700/H610/16G/1TB $21599,https://www.ptt.cc/bbs/PC_Shopping/M.1770716258.A.5A2.html,噓,14代印特爾=糞,02/10/2026,5568,True,負評
CPU,Intel i7-14700,Intel,i7,型號(情報),[情報] 機車店14700/H610/16G/1TB $21599,https://www.ptt.cc/bbs/PC_Shopping/M.1770716258.A.5A2.html,→,14700很強 但是配H610就很像笑話 XD,02/10/2026,5569,True,中立
CPU,Intel i7-14700,Intel,i7,型號(情報),[情報] 機車店14700/H610/16G/1TB $21599,https://www.ptt.cc/bbs/PC_Shopping/M.1770716258.A.5A2.html,推,縮缸高階cpu配低階板子再加個爛電源,02/10/2026,5578,True,負評
CPU,Intel i7-14700,Intel,i7,型號(情報),[情報] 機車店14700/H610/16G/1TB $21599,https://www.ptt.cc/bbs/PC_Shopping/M.1770716258.A.5A2.html,推,14代瑕疵品就不要拿出來雷人了,02/10/2026,5579,True,負評
CPU,Intel i7-14700,Intel,i7,型號(情報),[情報] 機車店14700/H610/16G/1TB $21599,https://www.ptt.cc/bbs/PC_Shopping/M.1770716258.A.5A2.html,→,E100 QLC 、會縮缸的14700、雜牌電源、,02/10/2026,5584,True,負評
CPU,Intel i7-14700,Intel,i7,型號(情報),[情報] 機車店14700/H610/16G/1TB $21599,https://www.ptt.cc/bbs/PC_Shopping/M.1770716258.A.5A2.html,推,就算沒有鎖也會降頻,02/10/2026,5590,True,負評
CPU,Intel i7-14700,Intel,i7,型號(情報),[情報] 機車店14700/H610/16G/1TB $21599,https://www.ptt.cc/bbs/PC_Shopping/M.1770716258.A.5A2.html,→,14700，會縮嗎？,02/10/2026,5591,True,中立
CPU,Intel i7-14700,Intel,i7,型號(情報),[情報] 機車店14700/H610/16G/1TB $21599,https://www.ptt.cc/bbs/PC_Shopping/M.1770716258.A.5A2.html,→,這種陽春到不行的板子配14700，真的會,02/11/2026,5594,True,負評
CPU,Intel i7-14700,Intel,i7,型號(情報),[情報] 機車店14700/H610/16G/1TB $21599,https://www.ptt.cc/bbs/PC_Shopping/M.1770716258.A.5A2.html,推,有把BIOS刷到最新版的新品就不會縮了,02/11/2026,5598,True,中立
CPU,Intel i7-14700,Intel,i7,型號(情報),[情報] 機車店14700/H610/16G/1TB $21599,https://www.ptt.cc/bbs/PC_Shopping/M.1770716258.A.5A2.html,→,縮了.保固你要負責?  ㄎ～ㄎ,02/11/2026,5601,True,負評
CPU,Intel i7-14700,Intel,i7,型號,[閒聊] 美亞14700K特價,https://www.ptt.cc/bbs/PC_Shopping/M.1742371550.A.E6E.html,推,買到撞到~100美含運倒可以考慮買來縮缸,03/19/2025,5608,True,負評
CPU,Intel i7-14700,Intel,i7,型號,[閒聊] 美亞14700K特價,https://www.ptt.cc/bbs/PC_Shopping/M.1742371550.A.E6E.html,→,14代最主要還是預設電壓太高，需要自,03/19/2025,5615,True,負評
CPU,Intel i7-14700,Intel,i7,型號,[閒聊] 美亞14700K特價,https://www.ptt.cc/bbs/PC_Shopping/M.1742371550.A.E6E.html,推,這價格香，但是縮缸...，12900K/KF少4,03/19/2025,5616,True,負評
CPU,Intel i7-14700,Intel,i7,型號,[閒聊] 美亞14700K特價,https://www.ptt.cc/bbs/PC_Shopping/M.1742371550.A.E6E.html,→,且5年保 我是覺得這價格很可以了,03/19/2025,5620,True,正評
CPU,Intel i7-14700,Intel,i7,型號,[閒聊] 美亞14700K特價,https://www.ptt.cc/bbs/PC_Shopping/M.1742371550.A.E6E.html,→,"就當作關掉E核, 降頻5.2G使用",03/19/2025,5622,True,中立
CPU,Intel i7-14700,Intel,i7,型號,[閒聊] 美亞14700K特價,https://www.ptt.cc/bbs/PC_Shopping/M.1742371550.A.E6E.html,推,這價格很猛，而且I皇保固還是,03/19/2025,5623,True,正評
CPU,Intel i7-14700,Intel,i7,型號,[閒聊] 美亞14700K特價,https://www.ptt.cc/bbs/PC_Shopping/M.1742371550.A.E6E.html,→,"降壓沒用, 只有鎖電壓牆1.3V, 電壓自動,",03/19/2025,5625,True,負評
CPU,Intel i7-14700,Intel,i7,型號,[閒聊] 美亞14700K特價,https://www.ptt.cc/bbs/PC_Shopping/M.1742371550.A.E6E.html,→,"不管加壓/降壓, 該縮還得縮, 只要它三不五",03/19/2025,5626,True,負評
CPU,Intel i7-14700,Intel,i7,型號,[閒聊] 美亞14700K特價,https://www.ptt.cc/bbs/PC_Shopping/M.1742371550.A.E6E.html,→,"時Turbo到1.55V, 必死",03/19/2025,5627,True,負評
CPU,Intel i7-14700,Intel,i7,型號,[閒聊] 美亞14700K特價,https://www.ptt.cc/bbs/PC_Shopping/M.1742371550.A.E6E.html,→,買兩顆來替換 便宜治百病,03/19/2025,5631,True,正評
CPU,Intel i7-14700,Intel,i7,型號,[閒聊] 美亞14700K特價,https://www.ptt.cc/bbs/PC_Shopping/M.1742371550.A.E6E.html,推,怕縮的降壓用 大概還好,03/19/2025,5634,True,中立
CPU,Intel i7-14700,Intel,i7,型號,[閒聊] 美亞14700K特價,https://www.ptt.cc/bbs/PC_Shopping/M.1742371550.A.E6E.html,→,新Bios還是會縮缸，縮缸時CPU會變成0.8G,03/19/2025,5639,True,負評
CPU,Intel i7-14700,Intel,i7,型號,[閒聊] 美亞14700K特價,https://www.ptt.cc/bbs/PC_Shopping/M.1742371550.A.E6E.html,→,"這價格對比9800X3D其實很猛,免換平台",03/19/2025,5641,True,中立
CPU,Intel i7-14700,Intel,i7,型號,[閒聊] 美亞14700K特價,https://www.ptt.cc/bbs/PC_Shopping/M.1742371550.A.E6E.html,推,這價格對了 縮了也不太怕 自己調降壓,03/19/2025,5644,True,中立
CPU,Intel i7-14700,Intel,i7,型號,[閒聊] 美亞14700K特價,https://www.ptt.cc/bbs/PC_Shopping/M.1742371550.A.E6E.html,噓,便宜是真便宜 難用是真難用,03/19/2025,5654,True,中立
CPU,Intel i7-14700,Intel,i7,型號,[閒聊] 美亞14700K特價,https://www.ptt.cc/bbs/PC_Shopping/M.1742371550.A.E6E.html,→,年以上才會想換 這顆怕買了沒多久就縮缸,03/19/2025,5657,True,負評
CPU,Intel i7-14700,Intel,i7,型號,[閒聊] 美亞14700K特價,https://www.ptt.cc/bbs/PC_Shopping/M.1742371550.A.E6E.html,推,285k如果可以賣這個價炸了我都誇他響,03/19/2025,5658,True,正評
CPU,Intel i7-14700,Intel,i7,型號,[閒聊] 美亞14700K特價,https://www.ptt.cc/bbs/PC_Shopping/M.1742371550.A.E6E.html,推,電子垃圾還是別拿出來了,03/19/2025,5664,True,負評
CPU,Intel i7-14700,Intel,i7,型號,[閒聊] 美亞14700K特價,https://www.ptt.cc/bbs/PC_Shopping/M.1742371550.A.E6E.html,→,一開始開不起來 開起來變BIOS重設選單,03/19/2025,5668,True,負評
CPU,Intel i7-14700,Intel,i7,型號,[閒聊] 美亞14700K特價,https://www.ptt.cc/bbs/PC_Shopping/M.1742371550.A.E6E.html,噓,送修回來還是死當，根本垃圾,03/19/2025,5669,True,負評
CPU,Intel i7-14700,Intel,i7,型號,[閒聊] 美亞14700K特價,https://www.ptt.cc/bbs/PC_Shopping/M.1742371550.A.E6E.html,→,拿回來也是1.4V+ 要自己手動降,03/19/2025,5671,True,負評
CPU,Intel i7-14700,Intel,i7,型號,[閒聊] 美亞14700K特價,https://www.ptt.cc/bbs/PC_Shopping/M.1742371550.A.E6E.html,推,買這顆壞掉了 還要多一個除錯點 很麻煩,03/19/2025,5674,True,負評
CPU,Intel i7-14700,Intel,i7,型號,[閒聊] 美亞14700K特價,https://www.ptt.cc/bbs/PC_Shopping/M.1742371550.A.E6E.html,推,跳到i5價格  真香,03/19/2025,5675,True,正評
CPU,Intel i7-14700,Intel,i7,型號,[閒聊] 美亞14700K特價,https://www.ptt.cc/bbs/PC_Shopping/M.1742371550.A.E6E.html,→,有問題的產品別碰,03/19/2025,5679,True,負評
CPU,Intel i7-14700,Intel,i7,型號,[閒聊] 美亞14700K特價,https://www.ptt.cc/bbs/PC_Shopping/M.1742371550.A.E6E.html,→,不怕他縮 只怕他保內不縮,03/19/2025,5680,True,中立
CPU,Intel i7-14700,Intel,i7,型號,[閒聊] 美亞14700K特價,https://www.ptt.cc/bbs/PC_Shopping/M.1742371550.A.E6E.html,推,雖然會有縮缸機率，但這價格可以有,03/20/2025,5685,True,中立
CPU,Intel i7-14700,Intel,i7,型號,[閒聊] 美亞14700K特價,https://www.ptt.cc/bbs/PC_Shopping/M.1742371550.A.E6E.html,推,147不是要水冷嗎 還是更新後塔散就壓的,03/20/2025,5687,True,中立
CPU,Intel i7-14700,Intel,i7,型號,[閒聊] 美亞14700K特價,https://www.ptt.cc/bbs/PC_Shopping/M.1742371550.A.E6E.html,→,127k等有149k無痛升級 其他都不優,03/20/2025,5689,True,中立
CPU,Intel i7-14700,Intel,i7,型號,[閒聊] 美亞14700K特價,https://www.ptt.cc/bbs/PC_Shopping/M.1742371550.A.E6E.html,推,台灣也這價錢的話可以考慮了,03/20/2025,5690,True,中立
CPU,Intel i7-14700,Intel,i7,型號,[閒聊] 美亞14700K特價,https://www.ptt.cc/bbs/PC_Shopping/M.1742371550.A.E6E.html,推,這個u會縮來縮去,03/20/2025,5691,True,負評
CPU,Intel i7-14700,Intel,i7,型號,Re: [情報] ICU全系遊戲沒一個打贏9700x/14700k,https://www.ptt.cc/bbs/PC_Shopping/M.1736781883.A.6DB.html,推,全E核就N150啊，可是很廢,01/14/2025,5702,True,負評
CPU,Intel i7-14700,Intel,i7,型號,Re: [情報] ICU全系遊戲沒一個打贏9700x/14700k,https://www.ptt.cc/bbs/PC_Shopping/M.1736781883.A.6DB.html,推,i的全E核做成單板PC反而能鶴立雞群,01/14/2025,5707,True,中立
CPU,Intel i7-14700,Intel,i7,型號(情報),[情報] ICU全系遊戲沒一個打贏9700x/14700k,https://www.ptt.cc/bbs/PC_Shopping/M.1736777754.A.D30.html,推,比14代還熱是要怎樣...,01/13/2025,5715,True,負評
CPU,Intel i7-14700,Intel,i7,型號(情報),[情報] ICU全系遊戲沒一個打贏9700x/14700k,https://www.ptt.cc/bbs/PC_Shopping/M.1736777754.A.D30.html,推,這代砍HT也沒辦法吹多工了,01/13/2025,5716,True,中立
CPU,Intel i7-14700,Intel,i7,型號(情報),[情報] ICU全系遊戲沒一個打贏9700x/14700k,https://www.ptt.cc/bbs/PC_Shopping/M.1736777754.A.D30.html,推,四個字才對，還沒吹NPU啦,01/13/2025,5719,True,中立
CPU,Intel i7-14700,Intel,i7,型號(情報),[情報] ICU全系遊戲沒一個打贏9700x/14700k,https://www.ptt.cc/bbs/PC_Shopping/M.1736777754.A.D30.html,推,GG製程本來就有積熱問題，TDP沒影響就,01/13/2025,5722,True,負評
CPU,Intel i7-14700,Intel,i7,型號(情報),[情報] ICU全系遊戲沒一個打贏9700x/14700k,https://www.ptt.cc/bbs/PC_Shopping/M.1736777754.A.D30.html,推,保留HT可能還不會這麼慘,01/13/2025,5727,True,中立
CPU,Intel i7-14700,Intel,i7,型號(情報),[情報] ICU全系遊戲沒一個打贏9700x/14700k,https://www.ptt.cc/bbs/PC_Shopping/M.1736777754.A.D30.html,推,最新0x114遊戲測試僅CS2有增加，其,01/13/2025,5732,True,中立
CPU,Intel i7-14700,Intel,i7,型號(情報),[情報] ICU全系遊戲沒一個打贏9700x/14700k,https://www.ptt.cc/bbs/PC_Shopping/M.1736777754.A.D30.html,→,怎麼溫度比14代高？,01/13/2025,5739,True,中立
CPU,Intel i7-14700,Intel,i7,型號(情報),[情報] ICU全系遊戲沒一個打贏9700x/14700k,https://www.ptt.cc/bbs/PC_Shopping/M.1736777754.A.D30.html,→,時脈大提升 或許有改善,01/13/2025,5755,True,中立
CPU,Intel i7-14700,Intel,i7,型號(情報),[情報] ICU全系遊戲沒一個打贏9700x/14700k,https://www.ptt.cc/bbs/PC_Shopping/M.1736777754.A.D30.html,→,這代兩頭抓 是能預期比7900x/7950x3d來,01/13/2025,5759,True,中立
CPU,Intel i7-14700,Intel,i7,型號(情報),[情報] ICU全系遊戲沒一個打贏9700x/14700k,https://www.ptt.cc/bbs/PC_Shopping/M.1736777754.A.D30.html,→,自己用，也缺乏其他豬屎屋的改善意見,01/13/2025,5762,True,中立
CPU,Intel i7-14700,Intel,i7,型號(情報),[情報] ICU全系遊戲沒一個打贏9700x/14700k,https://www.ptt.cc/bbs/PC_Shopping/M.1736777754.A.D30.html,推,這功耗跟溫度怎麼那麼慘 把3nm做成跟7n,01/13/2025,5768,True,負評
CPU,Intel i7-14700,Intel,i7,型號(情報),[情報] ICU全系遊戲沒一個打贏9700x/14700k,https://www.ptt.cc/bbs/PC_Shopping/M.1736777754.A.D30.html,→,Intel請到JK CPU沒進步還等著爛十年,01/13/2025,5780,True,負評
CPU,Intel i7-14700,Intel,i7,型號(情報),[情報] ICU全系遊戲沒一個打贏9700x/14700k,https://www.ptt.cc/bbs/PC_Shopping/M.1736777754.A.D30.html,→,只有筆電版能戰省電 但太貴,01/13/2025,5790,True,中立
CPU,Intel i7-14700,Intel,i7,型號(情報),[情報] ICU全系遊戲沒一個打贏9700x/14700k,https://www.ptt.cc/bbs/PC_Shopping/M.1736777754.A.D30.html,推,9700x默秒全,01/13/2025,5792,True,中立
CPU,Intel i7-14700,Intel,i7,型號(情報),[情報] ICU全系遊戲沒一個打贏9700x/14700k,https://www.ptt.cc/bbs/PC_Shopping/M.1736777754.A.D30.html,→,會吃積熱？難道不是CPU設計有問題導致,01/14/2025,5796,True,負評
CPU,Intel i7-14700,Intel,i7,型號(情報),[情報] ICU全系遊戲沒一個打贏9700x/14700k,https://www.ptt.cc/bbs/PC_Shopping/M.1736777754.A.D30.html,→,9000系設計沒問題就不積熱了,01/14/2025,5797,True,中立
CPU,Intel i7-14700,Intel,i7,型號(情報),[情報] ICU全系遊戲沒一個打贏9700x/14700k,https://www.ptt.cc/bbs/PC_Shopping/M.1736777754.A.D30.html,推,溫度部分還好，都50以下無感，重點還是,01/14/2025,5810,True,中立
CPU,Intel i7-14700,Intel,i7,型號(情報),[情報] ICU全系遊戲沒一個打贏9700x/14700k,https://www.ptt.cc/bbs/PC_Shopping/M.1736777754.A.D30.html,→,GG積熱 那三星不就,01/14/2025,5819,True,負評
CPU,Intel i7-14700,Intel,i7,型號(情報),[情報] ICU全系遊戲沒一個打贏9700x/14700k,https://www.ptt.cc/bbs/PC_Shopping/M.1736777754.A.D30.html,推,有沒有K好像根本沒差,01/14/2025,5835,True,中立
CPU,Intel i7-14700,Intel,i7,型號,[菜單] 60K~65K 工作遊戲機 14700 & 7900,https://www.ptt.cc/bbs/PC_Shopping/M.1730380096.A.BDA.html,→,主板爛 147丟掉,10/31/2024,5844,True,負評
CPU,Intel i7-14700,Intel,i7,型號,[菜單] 60K~65K 工作遊戲機 14700 & 7900,https://www.ptt.cc/bbs/PC_Shopping/M.1730380096.A.BDA.html,→,Intel現在根本買不了，要嘛有Bug 要嘛縮,10/31/2024,5848,True,負評
CPU,Intel i7-14700,Intel,i7,型號,[菜單] 60K~65K 工作遊戲機 14700 & 7900,https://www.ptt.cc/bbs/PC_Shopping/M.1730380096.A.BDA.html,→,好，至少是優化的問題不會自爆,10/31/2024,5859,True,中立
CPU,Intel i7-14700,Intel,i7,型號,[菜單] 60K~65K 工作遊戲機 14700 & 7900,https://www.ptt.cc/bbs/PC_Shopping/M.1730380096.A.BDA.html,推,i家13 14代電壓縮缸跟氧化門，後來只,10/31/2024,5863,True,負評
CPU,Intel i7-14700,Intel,i7,型號,[菜單] 60K~65K 工作遊戲機 14700 & 7900,https://www.ptt.cc/bbs/PC_Shopping/M.1730380096.A.BDA.html,→,有延長保固沒召回，如果能接受可以買1,10/31/2024,5864,True,中立
CPU,Intel i7-14700,Intel,i7,型號,[菜單] 60K~65K 工作遊戲機 14700 & 7900,https://www.ptt.cc/bbs/PC_Shopping/M.1730380096.A.BDA.html,→,2代或新的 別碰13 14,10/31/2024,5865,True,負評
CPU,Intel i7-14700,Intel,i7,型號,[測試] MSI更新CPU微碼簡測，14700K暴降100W,https://www.ptt.cc/bbs/PC_Shopping/M.1710054341.A.4C5.html,推,降電壓後效能也沒那麼高了，那樣跑分不好看,03/10/2024,5878,True,中立
CPU,Intel i7-14700,Intel,i7,型號,[測試] MSI更新CPU微碼簡測，14700K暴降100W,https://www.ptt.cc/bbs/PC_Shopping/M.1710054341.A.4C5.html,推,13代非k一樣無法，就算配z版也一樣，,03/10/2024,5879,True,負評
CPU,Intel i7-14700,Intel,i7,型號,[測試] MSI更新CPU微碼簡測，14700K暴降100W,https://www.ptt.cc/bbs/PC_Shopping/M.1710054341.A.4C5.html,→,R23全預設38k但電壓1.5v溫度破百，降,03/10/2024,5880,True,負評
CPU,Intel i7-14700,Intel,i7,型號,[測試] MSI更新CPU微碼簡測，14700K暴降100W,https://www.ptt.cc/bbs/PC_Shopping/M.1710054341.A.4C5.html,→,壓0.1v跑R23直接剩16k cep無法關,03/10/2024,5881,True,負評
CPU,Intel i7-14700,Intel,i7,型號,[測試] MSI更新CPU微碼簡測，14700K暴降100W,https://www.ptt.cc/bbs/PC_Shopping/M.1710054341.A.4C5.html,推,看起來14代現在可以買了，不然原本那價格,03/10/2024,5882,True,正評
CPU,Intel i7-14700,Intel,i7,型號,[測試] MSI更新CPU微碼簡測，14700K暴降100W,https://www.ptt.cc/bbs/PC_Shopping/M.1710054341.A.4C5.html,→,配那個溫度太恐怖,03/10/2024,5883,True,負評
CPU,Intel i7-14700,Intel,i7,型號,[測試] MSI更新CPU微碼簡測，14700K暴降100W,https://www.ptt.cc/bbs/PC_Shopping/M.1710054341.A.4C5.html,推,降電壓跟效能有啥關係 效能看的是頻率 電,03/10/2024,5884,True,中立
CPU,Intel i7-14700,Intel,i7,型號,[測試] MSI更新CPU微碼簡測，14700K暴降100W,https://www.ptt.cc/bbs/PC_Shopping/M.1710054341.A.4C5.html,→,壓只要能夠保持那個頻率穩定運行就可以了,03/10/2024,5885,True,中立
CPU,Intel i7-14700,Intel,i7,型號,[測試] MSI更新CPU微碼簡測，14700K暴降100W,https://www.ptt.cc/bbs/PC_Shopping/M.1710054341.A.4C5.html,→,看測試降電壓效能還比不降高捏,03/10/2024,5886,True,中立
CPU,Intel i7-14700,Intel,i7,型號,[測試] MSI更新CPU微碼簡測，14700K暴降100W,https://www.ptt.cc/bbs/PC_Shopping/M.1710054341.A.4C5.html,→,跑分跟本沒差 誤差範圍而已,03/10/2024,5887,True,中立
CPU,Intel i7-14700,Intel,i7,型號,[測試] MSI更新CPU微碼簡測，14700K暴降100W,https://www.ptt.cc/bbs/PC_Shopping/M.1710054341.A.4C5.html,推,有一點關係吧，預設高電壓會直接頂到,03/10/2024,5888,True,中立
CPU,Intel i7-14700,Intel,i7,型號,[測試] MSI更新CPU微碼簡測，14700K暴降100W,https://www.ptt.cc/bbs/PC_Shopping/M.1710054341.A.4C5.html,→,溫度牆，沒幾秒就降頻了，反而低電壓,03/10/2024,5889,True,負評
CPU,Intel i7-14700,Intel,i7,型號,[測試] MSI更新CPU微碼簡測，14700K暴降100W,https://www.ptt.cc/bbs/PC_Shopping/M.1710054341.A.4C5.html,→,B板配K就是為了更好的能效比,03/10/2024,5890,True,中立
CPU,Intel i7-14700,Intel,i7,型號,[測試] MSI更新CPU微碼簡測，14700K暴降100W,https://www.ptt.cc/bbs/PC_Shopping/M.1710054341.A.4C5.html,推,13代非k真的是拉基產品，預設電那麼,03/10/2024,5892,True,負評
CPU,Intel i7-14700,Intel,i7,型號,[測試] MSI更新CPU微碼簡測，14700K暴降100W,https://www.ptt.cc/bbs/PC_Shopping/M.1710054341.A.4C5.html,→,上面-0.1v剩16k要看實際到底跑幾V幾GHz,03/10/2024,5893,True,中立
CPU,Intel i7-14700,Intel,i7,型號,[測試] MSI更新CPU微碼簡測，14700K暴降100W,https://www.ptt.cc/bbs/PC_Shopping/M.1710054341.A.4C5.html,→,02v性能也是暴降，但預設又電超高,03/10/2024,5896,True,中立
CPU,Intel i7-14700,Intel,i7,型號,[測試] MSI更新CPU微碼簡測，14700K暴降100W,https://www.ptt.cc/bbs/PC_Shopping/M.1710054341.A.4C5.html,→,每個大核從21W開始往上測到25~28W,03/10/2024,5900,True,中立
CPU,Intel i7-14700,Intel,i7,型號,[測試] MSI更新CPU微碼簡測，14700K暴降100W,https://www.ptt.cc/bbs/PC_Shopping/M.1710054341.A.4C5.html,推,有差吧 我記得頻率雖上的去 也不會藍,03/10/2024,5901,True,中立
CPU,Intel i7-14700,Intel,i7,型號,[測試] MSI更新CPU微碼簡測，14700K暴降100W,https://www.ptt.cc/bbs/PC_Shopping/M.1710054341.A.4C5.html,→,屏的情況下 但是你電壓沒給夠IPC反而,03/10/2024,5902,True,中立
CPU,Intel i7-14700,Intel,i7,型號,[測試] MSI更新CPU微碼簡測，14700K暴降100W,https://www.ptt.cc/bbs/PC_Shopping/M.1710054341.A.4C5.html,→,跑分跟本沒差的話，那 intel 出廠電成這樣的,03/10/2024,5903,True,中立
CPU,Intel i7-14700,Intel,i7,型號,[測試] MSI更新CPU微碼簡測，14700K暴降100W,https://www.ptt.cc/bbs/PC_Shopping/M.1710054341.A.4C5.html,推,主機板出廠自動調整好更優，預設全部低於,03/10/2024,5905,True,中立
CPU,Intel i7-14700,Intel,i7,型號,[測試] MSI更新CPU微碼簡測，14700K暴降100W,https://www.ptt.cc/bbs/PC_Shopping/M.1710054341.A.4C5.html,→,"1.4V, 毋須調整可以順順用",03/10/2024,5906,True,正評
CPU,Intel i7-14700,Intel,i7,型號,[測試] MSI更新CPU微碼簡測，14700K暴降100W,https://www.ptt.cc/bbs/PC_Shopping/M.1710054341.A.4C5.html,→,就intel的產品太垃圾然後板廠幫忙擦屁股,03/10/2024,5910,True,負評
CPU,Intel i7-14700,Intel,i7,型號,[測試] MSI更新CPU微碼簡測，14700K暴降100W,https://www.ptt.cc/bbs/PC_Shopping/M.1710054341.A.4C5.html,→,誤再補壓，不是預設一律全都電爆縮缸,03/10/2024,5915,True,中立
CPU,Intel i7-14700,Intel,i7,型號,[測試] MSI更新CPU微碼簡測，14700K暴降100W,https://www.ptt.cc/bbs/PC_Shopping/M.1710054341.A.4C5.html,→,你看，現在不就有板廠搶著幫你解決問題了,03/10/2024,5920,True,中立
CPU,Intel i7-14700,Intel,i7,型號,[測試] MSI更新CPU微碼簡測，14700K暴降100W,https://www.ptt.cc/bbs/PC_Shopping/M.1710054341.A.4C5.html,推,說降壓後效能不高的是沒看最後一張圖的,03/10/2024,5921,True,中立
CPU,Intel i7-14700,Intel,i7,型號,[測試] MSI更新CPU微碼簡測，14700K暴降100W,https://www.ptt.cc/bbs/PC_Shopping/M.1710054341.A.4C5.html,→,產品擦屁股啊，i的說法是只要跑得出基礎,03/10/2024,5924,True,中立
CPU,Intel i7-14700,Intel,i7,型號,[測試] MSI更新CPU微碼簡測，14700K暴降100W,https://www.ptt.cc/bbs/PC_Shopping/M.1710054341.A.4C5.html,→,頻率都不算壞，TB頻率跑步上去不算問題,03/10/2024,5925,True,中立
CPU,Intel i7-14700,Intel,i7,型號,[測試] MSI更新CPU微碼簡測，14700K暴降100W,https://www.ptt.cc/bbs/PC_Shopping/M.1710054341.A.4C5.html,推,i7以上非K的買到撞到，之前買過12700,03/10/2024,5926,True,負評
CPU,Intel i7-14700,Intel,i7,型號,[測試] MSI更新CPU微碼簡測，14700K暴降100W,https://www.ptt.cc/bbs/PC_Shopping/M.1710054341.A.4C5.html,→,用起來真的效能有差，真的不是帳面那種,03/10/2024,5928,True,正評
CPU,Intel i7-14700,Intel,i7,型號,[測試] MSI更新CPU微碼簡測，14700K暴降100W,https://www.ptt.cc/bbs/PC_Shopping/M.1710054341.A.4C5.html,→,頻率差幾%而已，是真的遊戲效能差一截,03/10/2024,5929,True,負評
CPU,Intel i7-14700,Intel,i7,型號,[測試] MSI更新CPU微碼簡測，14700K暴降100W,https://www.ptt.cc/bbs/PC_Shopping/M.1710054341.A.4C5.html,→,"除非板卡預設廠直接鎖定原廠限制,PL1=65W,",03/10/2024,5933,True,中立
CPU,Intel i7-14700,Intel,i7,型號,[測試] MSI更新CPU微碼簡測，14700K暴降100W,https://www.ptt.cc/bbs/PC_Shopping/M.1710054341.A.4C5.html,→,"PL2=253W, 可是跑分黨又不樂意了",03/10/2024,5934,True,中立
CPU,Intel i7-14700,Intel,i7,型號,[測試] MSI更新CPU微碼簡測，14700K暴降100W,https://www.ptt.cc/bbs/PC_Shopping/M.1710054341.A.4C5.html,推,只跑R23不一定穩定,03/10/2024,5935,True,中立
CPU,Intel i7-14700,Intel,i7,型號,[測試] MSI更新CPU微碼簡測，14700K暴降100W,https://www.ptt.cc/bbs/PC_Shopping/M.1710054341.A.4C5.html,→,"補充: 14700K=125/253, 非K=65/219",03/10/2024,5937,True,中立
CPU,Intel i7-14700,Intel,i7,型號,[測試] MSI更新CPU微碼簡測，14700K暴降100W,https://www.ptt.cc/bbs/PC_Shopping/M.1710054341.A.4C5.html,推,感覺是cpu體質差異太大，intel為了讓體,03/10/2024,5938,True,中立
CPU,Intel i7-14700,Intel,i7,型號,[測試] MSI更新CPU微碼簡測，14700K暴降100W,https://www.ptt.cc/bbs/PC_Shopping/M.1710054341.A.4C5.html,→,質差的也能運作，只好靠cep預設高電壓,03/10/2024,5939,True,中立
CPU,Intel i7-14700,Intel,i7,型號,[測試] MSI更新CPU微碼簡測，14700K暴降100W,https://www.ptt.cc/bbs/PC_Shopping/M.1710054341.A.4C5.html,推,0.2V可以差到100W...原本就突破極限了吧…,03/10/2024,5942,True,中立
CPU,Intel i7-14700,Intel,i7,型號,[測試] MSI更新CPU微碼簡測，14700K暴降100W,https://www.ptt.cc/bbs/PC_Shopping/M.1710054341.A.4C5.html,→,代快取加大很多所以對遊戲性能大提升，,03/10/2024,5944,True,正評
CPU,Intel i7-14700,Intel,i7,型號,[測試] MSI更新CPU微碼簡測，14700K暴降100W,https://www.ptt.cc/bbs/PC_Shopping/M.1710054341.A.4C5.html,推,皮諾可，這個電不死,03/10/2024,5946,True,中立
CPU,Intel i7-14700,Intel,i7,型號,[測試] MSI更新CPU微碼簡測，14700K暴降100W,https://www.ptt.cc/bbs/PC_Shopping/M.1710054341.A.4C5.html,→,很正常，像12代，超到5g就足夠了，結果各,03/10/2024,5947,True,中立
CPU,Intel i7-14700,Intel,i7,型號,[測試] MSI更新CPU微碼簡測，14700K暴降100W,https://www.ptt.cc/bbs/PC_Shopping/M.1710054341.A.4C5.html,→,"家評測硬是要電到5.2~5.3, 溫度沒撞100度",03/10/2024,5948,True,中立
CPU,Intel i7-14700,Intel,i7,型號,[測試] MSI更新CPU微碼簡測，14700K暴降100W,https://www.ptt.cc/bbs/PC_Shopping/M.1710054341.A.4C5.html,→,CEP就是低電壓降你效能啊,03/10/2024,5949,True,中立
CPU,Intel i7-14700,Intel,i7,型號,[測試] MSI更新CPU微碼簡測，14700K暴降100W,https://www.ptt.cc/bbs/PC_Shopping/M.1710054341.A.4C5.html,→,你調低電壓，intel降你性能,03/10/2024,5950,True,中立
CPU,Intel i7-14700,Intel,i7,型號,[測試] MSI更新CPU微碼簡測，14700K暴降100W,https://www.ptt.cc/bbs/PC_Shopping/M.1710054341.A.4C5.html,→,跑分才知道有沒有被降性能,03/10/2024,5951,True,中立
CPU,Intel i7-14700,Intel,i7,型號,[測試] MSI更新CPU微碼簡測，14700K暴降100W,https://www.ptt.cc/bbs/PC_Shopping/M.1710054341.A.4C5.html,推,其實搾最後那10%效能可能要多吃50%的電,03/10/2024,5952,True,中立
CPU,Intel i7-14700,Intel,i7,型號,[測試] MSI更新CPU微碼簡測，14700K暴降100W,https://www.ptt.cc/bbs/PC_Shopping/M.1710054341.A.4C5.html,推,預設給高沒差吧 但cep非k不給你關是,03/10/2024,5953,True,中立
CPU,Intel i7-14700,Intel,i7,型號,[測試] MSI更新CPU微碼簡測，14700K暴降100W,https://www.ptt.cc/bbs/PC_Shopping/M.1710054341.A.4C5.html,→,哪招 預設打開 使用者關了降太多當機,03/10/2024,5954,True,中立
CPU,Intel i7-14700,Intel,i7,型號,[測試] MSI更新CPU微碼簡測，14700K暴降100W,https://www.ptt.cc/bbs/PC_Shopping/M.1710054341.A.4C5.html,→,會自己調就好 現在是連關都不給關,03/10/2024,5955,True,負評
CPU,Intel i7-14700,Intel,i7,型號,[測試] MSI更新CPU微碼簡測，14700K暴降100W,https://www.ptt.cc/bbs/PC_Shopping/M.1710054341.A.4C5.html,→,耗電 過熱 燒壞都你家的事,03/10/2024,5959,True,負評
CPU,Intel i7-14700,Intel,i7,型號,[測試] MSI更新CPU微碼簡測，14700K暴降100W,https://www.ptt.cc/bbs/PC_Shopping/M.1710054341.A.4C5.html,推,預設電爆就算了 還鎖死不給你調整,03/10/2024,5960,True,負評
CPU,Intel i7-14700,Intel,i7,型號,[測試] MSI更新CPU微碼簡測，14700K暴降100W,https://www.ptt.cc/bbs/PC_Shopping/M.1710054341.A.4C5.html,推,我就不懂了 如果降壓不降效能 那為什麼要,03/10/2024,5965,True,中立
CPU,Intel i7-14700,Intel,i7,型號,[測試] MSI更新CPU微碼簡測，14700K暴降100W,https://www.ptt.cc/bbs/PC_Shopping/M.1710054341.A.4C5.html,→,降壓不確定 之前是有案例自己超 操死她會,03/10/2024,5970,True,中立
CPU,Intel i7-14700,Intel,i7,型號,[測試] MSI更新CPU微碼簡測，14700K暴降100W,https://www.ptt.cc/bbs/PC_Shopping/M.1710054341.A.4C5.html,推,需要看體質就代表這東西不穩定，不管你是,03/10/2024,5974,True,負評
CPU,Intel i7-14700,Intel,i7,型號,[測試] MSI更新CPU微碼簡測，14700K暴降100W,https://www.ptt.cc/bbs/PC_Shopping/M.1710054341.A.4C5.html,→,降壓還是超頻都是在試探cpu能力在哪,03/10/2024,5975,True,中立
CPU,Intel i7-14700,Intel,i7,型號,[測試] MSI更新CPU微碼簡測，14700K暴降100W,https://www.ptt.cc/bbs/PC_Shopping/M.1710054341.A.4C5.html,→,官方預設電這麼高的理由也許就是實驗過後,03/10/2024,5976,True,中立
CPU,Intel i7-14700,Intel,i7,型號,[測試] MSI更新CPU微碼簡測，14700K暴降100W,https://www.ptt.cc/bbs/PC_Shopping/M.1710054341.A.4C5.html,→,壓or超頻久了出現縮缸也不意外吧,03/10/2024,5978,True,負評
CPU,Intel i7-14700,Intel,i7,型號,[測試] MSI更新CPU微碼簡測，14700K暴降100W,https://www.ptt.cc/bbs/PC_Shopping/M.1710054341.A.4C5.html,→,也降1-2x，不是每顆都能1.2v 55/43,03/10/2024,5988,True,中立
CPU,Intel i7-14700,Intel,i7,型號,[測試] MSI更新CPU微碼簡測，14700K暴降100W,https://www.ptt.cc/bbs/PC_Shopping/M.1710054341.A.4C5.html,→,遊戲效能有差，1% low也有差,03/10/2024,5994,True,中立
CPU,Intel i7-14700,Intel,i7,型號,[測試] MSI更新CPU微碼簡測，14700K暴降100W,https://www.ptt.cc/bbs/PC_Shopping/M.1710054341.A.4C5.html,推,非K預設PL很低，但調上去也沒多少長進,03/10/2024,5999,True,中立
CPU,Intel i7-14700,Intel,i7,型號,[測試] MSI更新CPU微碼簡測，14700K暴降100W,https://www.ptt.cc/bbs/PC_Shopping/M.1710054341.A.4C5.html,→,下只比k版低0.2 (全P核 4.5ghz vs 4.7),03/10/2024,6001,True,中立
CPU,Intel i7-14700,Intel,i7,型號,[測試] MSI更新CPU微碼簡測，14700K暴降100W,https://www.ptt.cc/bbs/PC_Shopping/M.1710054341.A.4C5.html,→,如果非k沒降頻/k版沒超頻， 差別不大,03/10/2024,6002,True,中立
CPU,Intel i7-14700,Intel,i7,型號,[測試] MSI更新CPU微碼簡測，14700K暴降100W,https://www.ptt.cc/bbs/PC_Shopping/M.1710054341.A.4C5.html,推,降壓不大會縮缸吧體質夠的話用起來真的,03/10/2024,6003,True,中立
CPU,Intel i7-14700,Intel,i7,型號,[測試] MSI更新CPU微碼簡測，14700K暴降100W,https://www.ptt.cc/bbs/PC_Shopping/M.1710054341.A.4C5.html,→,是又冷又穩定  超頻才容易縮,03/10/2024,6004,True,正評
CPU,Intel i7-14700,Intel,i7,型號,[測試] MSI更新CPU微碼簡測，14700K暴降100W,https://www.ptt.cc/bbs/PC_Shopping/M.1710054341.A.4C5.html,推,bios問題終於有改善了,03/10/2024,6005,True,中立
CPU,Intel i7-14700,Intel,i7,型號,[測試] MSI更新CPU微碼簡測，14700K暴降100W,https://www.ptt.cc/bbs/PC_Shopping/M.1710054341.A.4C5.html,推,136K的R23跑分2萬3多不是算正常嗎?,03/10/2024,6010,True,中立
CPU,Intel i7-14700,Intel,i7,型號,[測試] MSI更新CPU微碼簡測，14700K暴降100W,https://www.ptt.cc/bbs/PC_Shopping/M.1710054341.A.4C5.html,推,降壓不只要測高時脈下的穩定 低時脈的,03/11/2024,6011,True,中立
CPU,Intel i7-14700,Intel,i7,型號,[測試] MSI更新CPU微碼簡測，14700K暴降100W,https://www.ptt.cc/bbs/PC_Shopping/M.1710054341.A.4C5.html,→,日常用途 電壓會掉更低 也有可能會藍頻,03/11/2024,6012,True,負評
CPU,Intel i7-14700,Intel,i7,型號,[測試] MSI更新CPU微碼簡測，14700K暴降100W,https://www.ptt.cc/bbs/PC_Shopping/M.1710054341.A.4C5.html,→,甚至比高時脈更容易,03/11/2024,6013,True,中立
CPU,Intel i7-14700,Intel,i7,型號,[測試] MSI更新CPU微碼簡測，14700K暴降100W,https://www.ptt.cc/bbs/PC_Shopping/M.1710054341.A.4C5.html,→,正常使用沒超頻不會衝到200w以上,03/11/2024,6020,True,中立
CPU,Intel i7-14700,Intel,i7,型號,[測試] MSI更新CPU微碼簡測，14700K暴降100W,https://www.ptt.cc/bbs/PC_Shopping/M.1710054341.A.4C5.html,推,只要忍受得住散熱器噪音 也可以預設直接用,03/11/2024,6022,True,中立
CPU,Intel i7-14700,Intel,i7,型號,[測試] MSI更新CPU微碼簡測，14700K暴降100W,https://www.ptt.cc/bbs/PC_Shopping/M.1710054341.A.4C5.html,推,降壓的另一面是電流增加，如果跑到同瓦,03/24/2024,6031,True,中立
CPU,Intel i7-14700,Intel,i7,型號,[測試] MSI更新CPU微碼簡測，14700K暴降100W,https://www.ptt.cc/bbs/PC_Shopping/M.1710054341.A.4C5.html,→,好像也沒比較好.. 內部元件一樣承受比,03/24/2024,6033,True,中立
CPU,Intel i7-14700,Intel,i7,型號,[菜單] 30k影音文書機請益-3更新，直上14700k,https://www.ptt.cc/bbs/PC_Shopping/M.1707578316.A.D96.html,→,你沒買散熱器要怎麼用intel大火爐,02/10/2024,6037,True,負評
CPU,Intel i7-14700,Intel,i7,型號,[菜單] 30k影音文書機請益-3更新，直上14700k,https://www.ptt.cc/bbs/PC_Shopping/M.1707578316.A.D96.html,→,而且Intel大火爐你機殼需要拿散熱好，,02/10/2024,6043,True,負評
CPU,Intel i7-14700,Intel,i7,型號,[菜單] 30k影音文書機請益-3更新，直上14700k,https://www.ptt.cc/bbs/PC_Shopping/M.1707578316.A.D96.html,→,有考慮作轉檔 147可以啦 但如果只是偶爾,02/10/2024,6053,True,中立
CPU,Intel i7-14700,Intel,i7,型號,[菜單] 30k影音文書機請益-3更新，直上14700k,https://www.ptt.cc/bbs/PC_Shopping/M.1707578316.A.D96.html,→,要玩遊戲甚至打3A不求特效的話 都夠用,02/10/2024,6055,True,中立
CPU,Intel i7-14700,Intel,i7,型號,[菜單] 30k影音文書機請益-3更新，直上14700k,https://www.ptt.cc/bbs/PC_Shopping/M.1707578316.A.D96.html,→,未來會打遊戲，147其實也沒強136多少，,02/11/2024,6056,True,中立
CPU,Intel i7-14700,Intel,i7,型號,[菜單] 30k影音文書機請益-3更新，直上14700k,https://www.ptt.cc/bbs/PC_Shopping/M.1707578316.A.D96.html,→,又更燙了，核心技術跟13代是一樣的,02/11/2024,6060,True,負評
CPU,Intel i7-14700,Intel,i7,型號,[菜單] 30k影音文書機請益-3更新，直上14700k,https://www.ptt.cc/bbs/PC_Shopping/M.1707578316.A.D96.html,→,147有搭MB組合會比137單買+主板單買便宜,02/11/2024,6064,True,中立
CPU,Intel i7-14700,Intel,i7,型號,[菜單] 30k影音文書機請益-3更新，直上14700k,https://www.ptt.cc/bbs/PC_Shopping/M.1707578316.A.D96.html,→,用B版電壓會偏高 除非你改微碼降 但只有,02/11/2024,6079,True,中立
CPU,Intel i7-14700,Intel,i7,型號,[菜單] 30k影音文書機請益-3更新，直上14700k,https://www.ptt.cc/bbs/PC_Shopping/M.1707578316.A.D96.html,→,非K鎖253瓦其實就很夠了 往上就拼分沒意,02/11/2024,6080,True,中立
CPU,Intel i7-14700,Intel,i7,型號,[菜單] 30k影音文書機請益-3更新，直上14700k,https://www.ptt.cc/bbs/PC_Shopping/M.1707578316.A.D96.html,→,溫度牆，降頻100-200左右，因無法改,02/11/2024,6082,True,負評
CPU,Intel i7-14700,Intel,i7,型號,[菜單] 30k影音文書機請益-3更新，直上14700k,https://www.ptt.cc/bbs/PC_Shopping/M.1707578316.A.D96.html,→,"微碼降電壓，後來改llc,預設3，改2",02/11/2024,6083,True,中立
CPU,Intel i7-14700,Intel,i7,型號,[菜單] 30k影音文書機請益-3更新，直上14700k,https://www.ptt.cc/bbs/PC_Shopping/M.1707578316.A.D96.html,→,或1，溫度降蠻多的！,02/11/2024,6084,True,正評
CPU,Intel i7-14700,Intel,i7,型號,[菜單] 30k影音文書機請益-3更新，直上14700k,https://www.ptt.cc/bbs/PC_Shopping/M.1707578316.A.D96.html,→,你又不超頻 還買K版CPU幹嘛,02/11/2024,6087,True,中立
CPU,Intel i7-14700,Intel,i7,型號,[菜單] 30k影音文書機請益-3更新，直上14700k,https://www.ptt.cc/bbs/PC_Shopping/M.1707578316.A.D96.html,→,而且14700k用塔散又壓不住,02/11/2024,6089,True,負評
CPU,Intel i7-14700,Intel,i7,型號,[菜單] 30k影音文書機請益-3更新，直上14700k,https://www.ptt.cc/bbs/PC_Shopping/M.1707578316.A.D96.html,推,只上網看影片又沒高負載怎麼壓不住,02/11/2024,6091,True,負評
CPU,Intel i7-14700,Intel,i7,型號,[菜單] 30k影音文書機請益-3更新，直上14700k,https://www.ptt.cc/bbs/PC_Shopping/M.1707578316.A.D96.html,→,但拿14700k+z790上網看影片就是極度過剩,02/11/2024,6092,True,中立
CPU,Intel i7-14700,Intel,i7,型號,[菜單] 30k影音文書機請益-3更新，直上14700k,https://www.ptt.cc/bbs/PC_Shopping/M.1707578316.A.D96.html,→,連我這阿菜都知道I皇14代CP值不高了,02/11/2024,6096,True,負評
CPU,Intel i7-14700,Intel,i7,型號,[菜單] 30k影音文書機請益-3更新，直上14700k,https://www.ptt.cc/bbs/PC_Shopping/M.1707578316.A.D96.html,→,打電動的話功耗比intel低很多，想省電可,02/11/2024,6106,True,中立
CPU,Intel i7-14700,Intel,i7,型號,[菜單] 30k影音文書機請益-3更新，直上14700k,https://www.ptt.cc/bbs/PC_Shopping/M.1707578316.A.D96.html,→,以考慮，但溫度表現就差沒多少，AMD積熱,02/11/2024,6107,True,負評
CPU,Intel i7-14700,Intel,i7,型號,[菜單] 30k影音文書機請益-3更新，直上14700k,https://www.ptt.cc/bbs/PC_Shopping/M.1707578316.A.D96.html,推,14代就是整代跳過的產品,02/11/2024,6109,True,中立
CPU,Intel i7-14700,Intel,i7,型號,[菜單] 30k影音文書機請益-3更新，直上14700k,https://www.ptt.cc/bbs/PC_Shopping/M.1707578316.A.D96.html,→,除非便宜不然也是不用考慮,02/11/2024,6110,True,中立
CPU,Intel i7-14700,Intel,i7,型號,[菜單] 30k影音文書機請益-3更新，直上14700k,https://www.ptt.cc/bbs/PC_Shopping/M.1707578316.A.D96.html,→,用風扇壓看做什麼事，純打電動可以壓吧,02/11/2024,6112,True,中立
CPU,Intel i7-14700,Intel,i7,型號,[菜單] 30k影音文書機請益-3更新，直上14700k,https://www.ptt.cc/bbs/PC_Shopping/M.1707578316.A.D96.html,→,看測試溫度還沒78x3d高,02/11/2024,6114,True,中立
CPU,Intel i7-14700,Intel,i7,型號,"[請益]  78X3d,79X3d,14700選擇",https://www.ptt.cc/bbs/PC_Shopping/M.1707378776.A.597.html,→,你如果是多工為主，預算又沒辦法到7950X3,02/08/2024,6119,True,中立
CPU,Intel i7-14700,Intel,i7,型號,"[請益]  78X3d,79X3d,14700選擇",https://www.ptt.cc/bbs/PC_Shopping/M.1707378776.A.597.html,→,X這種可以衝很高的，你限制功耗其實效能,02/08/2024,6132,True,中立
CPU,Intel i7-14700,Intel,i7,型號,"[請益]  78X3d,79X3d,14700選擇",https://www.ptt.cc/bbs/PC_Shopping/M.1707378776.A.597.html,→,"你先看多工時 cpu/記憶體, 哪一個90%以上",02/08/2024,6138,True,中立
CPU,Intel i7-14700,Intel,i7,型號,"[請益]  78X3d,79X3d,14700選擇",https://www.ptt.cc/bbs/PC_Shopping/M.1707378776.A.597.html,→,跟78接近 但多工好不少,02/08/2024,6142,True,中立
CPU,Intel i7-14700,Intel,i7,型號,"[請益]  78X3d,79X3d,14700選擇",https://www.ptt.cc/bbs/PC_Shopping/M.1707378776.A.597.html,→,多工的普通也是和X3D所帶來的提升差距,02/08/2024,6143,True,中立
CPU,Intel i7-14700,Intel,i7,型號,"[請益]  78X3d,79X3d,14700選擇",https://www.ptt.cc/bbs/PC_Shopping/M.1707378776.A.597.html,推,不管怎說還是一個8核cpu 只開兩模擬器都稱,02/08/2024,6149,True,中立
CPU,Intel i7-14700,Intel,i7,型號,"[請益]  78X3d,79X3d,14700選擇",https://www.ptt.cc/bbs/PC_Shopping/M.1707378776.A.597.html,→,得住 打遊戲就最頂,02/08/2024,6150,True,正評
CPU,Intel i7-14700,Intel,i7,型號,"[請益]  78X3d,79X3d,14700選擇",https://www.ptt.cc/bbs/PC_Shopping/M.1707378776.A.597.html,→,如果不是很在意那個1%low的話,02/08/2024,6157,True,中立
CPU,Intel i7-14700,Intel,i7,型號,"[請益]  78X3d,79X3d,14700選擇",https://www.ptt.cc/bbs/PC_Shopping/M.1707378776.A.597.html,→,想開到6+以上的話最好選核心多的,02/08/2024,6161,True,中立
CPU,Intel i7-14700,Intel,i7,型號,"[請益]  78X3d,79X3d,14700選擇",https://www.ptt.cc/bbs/PC_Shopping/M.1707378776.A.597.html,→,因為你玩的沒很吃v-cache 那多兩核不是,02/08/2024,6167,True,中立
CPU,Intel i7-14700,Intel,i7,型號,"[請益]  78X3d,79X3d,14700選擇",https://www.ptt.cc/bbs/PC_Shopping/M.1707378776.A.597.html,推,4開+3A+多網頁 5600會頓 3900x不會 3950x,02/09/2024,6174,True,中立
CPU,Intel i7-14700,Intel,i7,型號(情報),[情報] i5 14500 非K與i7 14700 非K QS散裝偷跑,https://www.ptt.cc/bbs/PC_Shopping/M.1700654297.A.A41.html,→,我買過好幾次，根本就沒啥問題,11/23/2023,6199,True,正評
CPU,Intel i7-14700,Intel,i7,型號(情報),[情報] i5 14500 非K與i7 14700 非K QS散裝偷跑,https://www.ptt.cc/bbs/PC_Shopping/M.1700654297.A.A41.html,推,因為14th都是擠牙膏，同架構擠到不能,11/23/2023,6223,True,中立
CPU,Intel i7-14700,Intel,i7,型號(情報),[情報] i5 14500 非K與i7 14700 非K QS散裝偷跑,https://www.ptt.cc/bbs/PC_Shopping/M.1700654297.A.A41.html,→,之後一定會低不少，價格對了自然就香了,11/23/2023,6230,True,中立
CPU,Intel i7-14700,Intel,i7,型號,[請益] 新的14700還是二手13900,https://www.ptt.cc/bbs/PC_Shopping/M.1699889429.A.79C.html,→,我只能說這東西十有八九是那東西的鍋,11/13/2023,6235,True,負評
CPU,Intel i7-14700,Intel,i7,型號,[請益] 新的14700還是二手13900,https://www.ptt.cc/bbs/PC_Shopping/M.1699889429.A.79C.html,推,我覺得不錯用欸，怎這麼多人體驗這麼,11/13/2023,6241,True,正評
CPU,Intel i7-14700,Intel,i7,型號,[請益] 新的14700還是二手13900,https://www.ptt.cc/bbs/PC_Shopping/M.1699889429.A.79C.html,→,尤其一些特殊模式 容易跟bios衝突 建議少用,11/13/2023,6243,True,負評
CPU,Intel i7-14700,Intel,i7,型號,[請益] 新的14700還是二手13900,https://www.ptt.cc/bbs/PC_Shopping/M.1699889429.A.79C.html,→,安靜模式 電壓又縮一層下去 然後就無限重啟,11/14/2023,6246,True,負評
CPU,Intel i7-14700,Intel,i7,型號,[請益] 新的14700還是二手13900,https://www.ptt.cc/bbs/PC_Shopping/M.1699889429.A.79C.html,→,買新的，另外AC這垃圾軟體直接移除,11/14/2023,6272,True,中立
CPU,Intel i7-14700,Intel,i7,型號,[請益] 新的14700還是二手13900,https://www.ptt.cc/bbs/PC_Shopping/M.1699889429.A.79C.html,→,效能不超過20% 都沒感覺啦,11/14/2023,6289,True,中立
CPU,Intel i7-14700,Intel,i7,型號,[請益] 新的14700還是二手13900,https://www.ptt.cc/bbs/PC_Shopping/M.1699889429.A.79C.html,推,刀碩不意外，要轉I家的話建議拿14700k+m,11/14/2023,6298,True,正評
CPU,Intel i7-14700,Intel,i7,型號,[請益] 14700K只能上水冷嗎？,https://www.ptt.cc/bbs/PC_Shopping/M.1698741430.A.BE6.html,推,冬天要來了空冷夠吧，夏天你再觀察看看,10/31/2023,6341,True,中立
CPU,Intel i7-14700,Intel,i7,型號,[請益] 14700K只能上水冷嗎？,https://www.ptt.cc/bbs/PC_Shopping/M.1698741430.A.BE6.html,→,你如果放著讓他過熱降頻沒差的話也行啊,10/31/2023,6342,True,中立
CPU,Intel i7-14700,Intel,i7,型號,[請益] 14700K只能上水冷嗎？,https://www.ptt.cc/bbs/PC_Shopping/M.1698741430.A.BE6.html,→,限PL1/2 開104微碼就壓得住了吧？,10/31/2023,6343,True,中立
CPU,Intel i7-14700,Intel,i7,型號,[請益] 14700K只能上水冷嗎？,https://www.ptt.cc/bbs/PC_Shopping/M.1698741430.A.BE6.html,→,壓，目前看起來是不烤機沒問題。,10/31/2023,6351,True,中立
CPU,Intel i7-14700,Intel,i7,型號,[請益] 14700K只能上水冷嗎？,https://www.ptt.cc/bbs/PC_Shopping/M.1698741430.A.BE6.html,推,只能降壓限制turbo幅度,10/31/2023,6354,True,中立
CPU,Intel i7-14700,Intel,i7,型號,[請益] 14700K只能上水冷嗎？,https://www.ptt.cc/bbs/PC_Shopping/M.1698741430.A.BE6.html,→,13700就勉強風冷能不讓他降頻 K版以上,10/31/2023,6355,True,中立
CPU,Intel i7-14700,Intel,i7,型號,[請益] 14700K只能上水冷嗎？,https://www.ptt.cc/bbs/PC_Shopping/M.1698741430.A.BE6.html,→,幾乎都要水冷才行 這還沒考慮到你家的通,10/31/2023,6356,True,中立
CPU,Intel i7-14700,Intel,i7,型號,[請益] 14700K只能上水冷嗎？,https://www.ptt.cc/bbs/PC_Shopping/M.1698741430.A.BE6.html,→,如果沒機殼開放式環境 可能可以啦 I7 K版,10/31/2023,6358,True,中立
CPU,Intel i7-14700,Intel,i7,型號,[請益] 14700K只能上水冷嗎？,https://www.ptt.cc/bbs/PC_Shopping/M.1698741430.A.BE6.html,推,風冷也沒差啦，只是偶爾會自己降時脈,10/31/2023,6359,True,中立
CPU,Intel i7-14700,Intel,i7,型號,[請益] 14700K只能上水冷嗎？,https://www.ptt.cc/bbs/PC_Shopping/M.1698741430.A.BE6.html,推,一體水很少漏液 千萬不要加效能扇 炒爆你,10/31/2023,6360,True,負評
CPU,Intel i7-14700,Intel,i7,型號,[請益] 14700K只能上水冷嗎？,https://www.ptt.cc/bbs/PC_Shopping/M.1698741430.A.BE6.html,推,風冷搭配全年冷氣16度可以,10/31/2023,6361,True,中立
CPU,Intel i7-14700,Intel,i7,型號,[請益] 14700K只能上水冷嗎？,https://www.ptt.cc/bbs/PC_Shopping/M.1698741430.A.BE6.html,→,怕的話就是降功耗,10/31/2023,6363,True,中立
CPU,Intel i7-14700,Intel,i7,型號,[請益] 14700K只能上水冷嗎？,https://www.ptt.cc/bbs/PC_Shopping/M.1698741430.A.BE6.html,→,PL2就設253W剩下讓他自己發揮,10/31/2023,6365,True,中立
CPU,Intel i7-14700,Intel,i7,型號,[請益] 14700K只能上水冷嗎？,https://www.ptt.cc/bbs/PC_Shopping/M.1698741430.A.BE6.html,推,沒差，你不會一天到晚讓cpu滿載，沒必要,10/31/2023,6366,True,中立
CPU,Intel i7-14700,Intel,i7,型號,[請益] 14700K只能上水冷嗎？,https://www.ptt.cc/bbs/PC_Shopping/M.1698741430.A.BE6.html,推,頂塔配高轉風扇能壓吧？,10/31/2023,6367,True,中立
CPU,Intel i7-14700,Intel,i7,型號,[請益] 14700K只能上水冷嗎？,https://www.ptt.cc/bbs/PC_Shopping/M.1698741430.A.BE6.html,推,"PL1/PL2都鎖230W, 一定壓得住，應該還是",10/31/2023,6369,True,中立
CPU,Intel i7-14700,Intel,i7,型號,[請益] 14700K只能上水冷嗎？,https://www.ptt.cc/bbs/PC_Shopping/M.1698741430.A.BE6.html,→,比13700K略強,10/31/2023,6370,True,中立
CPU,Intel i7-14700,Intel,i7,型號,[請益] 14700K只能上水冷嗎？,https://www.ptt.cc/bbs/PC_Shopping/M.1698741430.A.BE6.html,推,沒長時間負載還壓得住，也可以自己降壓,10/31/2023,6372,True,中立
CPU,Intel i7-14700,Intel,i7,型號,[請益] 14700K只能上水冷嗎？,https://www.ptt.cc/bbs/PC_Shopping/M.1698741430.A.BE6.html,推,我賊船的一體水用到快過保了都沒事,10/31/2023,6373,True,正評
CPU,Intel i7-14700,Intel,i7,型號,[請益] 14700K只能上水冷嗎？,https://www.ptt.cc/bbs/PC_Shopping/M.1698741430.A.BE6.html,→,意效能可能縮缸就只能上水啦,10/31/2023,6378,True,負評
CPU,Intel i7-14700,Intel,i7,型號,[請益] 14700K只能上水冷嗎？,https://www.ptt.cc/bbs/PC_Shopping/M.1698741430.A.BE6.html,推,用空冷就降壓/降頻/換AMD只有這幾個選,10/31/2023,6380,True,中立
CPU,Intel i7-14700,Intel,i7,型號,[請益] 14700K只能上水冷嗎？,https://www.ptt.cc/bbs/PC_Shopping/M.1698741430.A.BE6.html,→,沒有壓不住的 只有跑不到的,10/31/2023,6382,True,正評
CPU,Intel i7-14700,Intel,i7,型號,[請益] 14700K只能上水冷嗎？,https://www.ptt.cc/bbs/PC_Shopping/M.1698741430.A.BE6.html,推,FC140壓在230W以內還可以的,10/31/2023,6383,True,中立
CPU,Intel i7-14700,Intel,i7,型號,[請益] 14700K只能上水冷嗎？,https://www.ptt.cc/bbs/PC_Shopping/M.1698741430.A.BE6.html,→,生產力為主可以選，如果遊戲為主改成7800,10/31/2023,6387,True,中立
CPU,Intel i7-14700,Intel,i7,型號,[請益] 14700K只能上水冷嗎？,https://www.ptt.cc/bbs/PC_Shopping/M.1698741430.A.BE6.html,推,是降壓，不是降頻，要跑到最高頻不需要那,10/31/2023,6388,True,中立
CPU,Intel i7-14700,Intel,i7,型號,[請益] 14700K只能上水冷嗎？,https://www.ptt.cc/bbs/PC_Shopping/M.1698741430.A.BE6.html,推,14代就是可以直接跳過的一代啊,10/31/2023,6391,True,負評
CPU,Intel i7-14700,Intel,i7,型號,[請益] 14700K只能上水冷嗎？,https://www.ptt.cc/bbs/PC_Shopping/M.1698741430.A.BE6.html,→,"開蓋翼王玩過,連散熱接觸的地方都要磨",10/31/2023,6396,True,負評
CPU,Intel i7-14700,Intel,i7,型號,[請益] 14700K只能上水冷嗎？,https://www.ptt.cc/bbs/PC_Shopping/M.1698741430.A.BE6.html,推,打遊戲壓得住，吃cpu的軟體不行,11/01/2023,6398,True,中立
CPU,Intel i7-14700,Intel,i7,型號,[請益] 14700K只能上水冷嗎？,https://www.ptt.cc/bbs/PC_Shopping/M.1698741430.A.BE6.html,推,冷氣打開就不用上水冷了,11/01/2023,6399,True,中立
CPU,Intel i7-14700,Intel,i7,型號,[請益] 14700K只能上水冷嗎？,https://www.ptt.cc/bbs/PC_Shopping/M.1698741430.A.BE6.html,推,都買到那麼好了捏點水冷吧 風冷溫,11/01/2023,6400,True,中立
CPU,Intel i7-14700,Intel,i7,型號,[請益] 14700K只能上水冷嗎？,https://www.ptt.cc/bbs/PC_Shopping/M.1698741430.A.BE6.html,推,降壓、限制功耗，如果以上都不想又不想他,11/01/2023,6403,True,中立
CPU,Intel i7-14700,Intel,i7,型號,[請益] 14700K只能上水冷嗎？,https://www.ptt.cc/bbs/PC_Shopping/M.1698741430.A.BE6.html,→,很燙，那就只能水冷,11/01/2023,6404,True,負評
CPU,Intel i7-14700,Intel,i7,型號,[請益] 14700K只能上水冷嗎？,https://www.ptt.cc/bbs/PC_Shopping/M.1698741430.A.BE6.html,推,冬天正常用 夏天降頻限熱,11/01/2023,6408,True,中立
CPU,Intel i7-14700,Intel,i7,型號,[請益] 14700K只能上水冷嗎？,https://www.ptt.cc/bbs/PC_Shopping/M.1698741430.A.BE6.html,→,可以關掉所有小核。降一點點頻率跑。張數差,11/01/2023,6409,True,中立
CPU,Intel i7-14700,Intel,i7,型號,[請益] 14700K只能上水冷嗎？,https://www.ptt.cc/bbs/PC_Shopping/M.1698741430.A.BE6.html,→,但是耗電量差很多,11/01/2023,6410,True,中立
CPU,Intel i7-14700,Intel,i7,型號,[請益] 14700K只能上水冷嗎？,https://www.ptt.cc/bbs/PC_Shopping/M.1698741430.A.BE6.html,推,不太會漏是沒錯 頂多就是冷頭不會轉,11/01/2023,6413,True,中立
CPU,Intel i7-14700,Intel,i7,型號,[請益] 14700K只能上水冷嗎？,https://www.ptt.cc/bbs/PC_Shopping/M.1698741430.A.BE6.html,→,了而已 送修等了18天都還沒好,11/01/2023,6414,True,負評
CPU,Intel i7-14700,Intel,i7,型號,[請益] 14700K只能上水冷嗎？,https://www.ptt.cc/bbs/PC_Shopping/M.1698741430.A.BE6.html,→,只有跑分有感吧，CPU最高溫度可以設115,11/01/2023,6416,True,中立
CPU,Intel i7-14700,Intel,i7,型號,[請益] 14700K只能上水冷嗎？,https://www.ptt.cc/bbs/PC_Shopping/M.1698741430.A.BE6.html,→,就算預設100也是非常安全。,11/01/2023,6417,True,中立
CPU,Intel i7-14700,Intel,i7,型號,[請益] 14700K只能上水冷嗎？,https://www.ptt.cc/bbs/PC_Shopping/M.1698741430.A.BE6.html,→,不上是要當暖爐喔,11/04/2023,6422,True,中立
CPU,Intel i7-14700,Intel,i7,型號,[閒聊] Gamers Nexus 14700K測試,https://www.ptt.cc/bbs/PC_Shopping/M.1697555531.A.D0E.html,推,其實還行，就這個價格策略而言,10/17/2023,6430,True,中立
CPU,Intel i7-14700,Intel,i7,型號,[閒聊] Gamers Nexus 14700K測試,https://www.ptt.cc/bbs/PC_Shopping/M.1697555531.A.D0E.html,推,沒加4顆E核的14代型號 步進就跟13代 一樣B0,10/17/2023,6432,True,中立
CPU,Intel i7-14700,Intel,i7,型號,[閒聊] Gamers Nexus 14700K測試,https://www.ptt.cc/bbs/PC_Shopping/M.1697555531.A.D0E.html,推,加4個E核拉了點頻率 13代就當14代賣,10/17/2023,6434,True,中立
CPU,Intel i7-14700,Intel,i7,型號,[閒聊] Gamers Nexus 14700K測試,https://www.ptt.cc/bbs/PC_Shopping/M.1697555531.A.D0E.html,推,不過再怎麼廢還是比10代到11代好很多XD,10/17/2023,6438,True,中立
CPU,Intel i7-14700,Intel,i7,型號,[閒聊] Gamers Nexus 14700K測試,https://www.ptt.cc/bbs/PC_Shopping/M.1697555531.A.D0E.html,→,不比1%low的話，和13700k也很接近了,10/17/2023,6445,True,中立
CPU,Intel i7-14700,Intel,i7,型號,[閒聊] Gamers Nexus 14700K測試,https://www.ptt.cc/bbs/PC_Shopping/M.1697555531.A.D0E.html,推,除了整天臭轉檔的 E核再堆上去都沒啥差,10/17/2023,6460,True,中立
CPU,Intel i7-14700,Intel,i7,型號,[閒聊] Gamers Nexus 14700K測試,https://www.ptt.cc/bbs/PC_Shopping/M.1697555531.A.D0E.html,推,蘇媽看來不用鳥14代這爛貨了,10/18/2023,6472,True,負評
CPU,Intel i7-14700,Intel,i7,型號,[閒聊] Gamers Nexus 14700K測試,https://www.ptt.cc/bbs/PC_Shopping/M.1697555531.A.D0E.html,→,跟之前的情報差不多 就套皮13代 毫無新意,10/18/2023,6476,True,中立
CPU,Intel i7-14700,Intel,i7,型號,[閒聊] Gamers Nexus 14700K測試,https://www.ptt.cc/bbs/PC_Shopping/M.1697555531.A.D0E.html,推,功耗直接比12700k多了125w,10/18/2023,6482,True,中立
CPU,Intel i7-14700,Intel,i7,型號,[閒聊] Gamers Nexus 14700K測試,https://www.ptt.cc/bbs/PC_Shopping/M.1697555531.A.D0E.html,推,功耗高這麼多，屌打AMD,10/18/2023,6486,True,中立
CPU,Intel i7-14700,Intel,i7,型號,[閒聊] Gamers Nexus 14700K測試,https://www.ptt.cc/bbs/PC_Shopping/M.1697555531.A.D0E.html,推,這好慘，我看360水冷也很難壓住,10/18/2023,6488,True,負評
CPU,Intel i7-14700,Intel,i7,型號,[閒聊] Gamers Nexus 14700K測試,https://www.ptt.cc/bbs/PC_Shopping/M.1697555531.A.D0E.html,→,ipc+3%算有提升了，畢竟只是同製程…,10/18/2023,6491,True,中立
CPU,Intel i7-14700,Intel,i7,型號,[閒聊] Gamers Nexus 14700K測試,https://www.ptt.cc/bbs/PC_Shopping/M.1697555531.A.D0E.html,→,遊戲及能耗方面是肯定比ZEN5好,10/18/2023,6492,True,正評
CPU,Intel i7-14700,Intel,i7,型號,[閒聊] Gamers Nexus 14700K測試,https://www.ptt.cc/bbs/PC_Shopping/M.1697555531.A.D0E.html,→,呃… 147K也太廢了吧 我到底看了什麼,10/18/2023,6507,True,負評
CPU,Intel i7-14700,Intel,i7,型號,[閒聊] Gamers Nexus 14700K測試,https://www.ptt.cc/bbs/PC_Shopping/M.1697555531.A.D0E.html,→,多噴50%的電 換到的提升只有10%上下,10/18/2023,6512,True,負評
CPU,Intel i7-14700,Intel,i7,型號,[閒聊] Gamers Nexus 14700K測試,https://www.ptt.cc/bbs/PC_Shopping/M.1697555531.A.D0E.html,推,堆核功耗怪物。是說i5以下沒必要堆一堆,10/18/2023,6516,True,中立
CPU,Intel i7-14700,Intel,i7,型號,[閒聊] Gamers Nexus 14700K測試,https://www.ptt.cc/bbs/PC_Shopping/M.1697555531.A.D0E.html,→,吃電越高不是桌機就沒差，供電、散熱、,10/18/2023,6518,True,中立
CPU,Intel i7-14700,Intel,i7,型號,[閒聊] Gamers Nexus 14700K測試,https://www.ptt.cc/bbs/PC_Shopping/M.1697555531.A.D0E.html,推,147K對比79X甚至77X 依然效能上有優勢,10/18/2023,6524,True,正評
CPU,Intel i7-14700,Intel,i7,型號,[閒聊] Gamers Nexus 14700K測試,https://www.ptt.cc/bbs/PC_Shopping/M.1697555531.A.D0E.html,推,如果跟13gen曲線一樣的話，是不用電到那麼,10/18/2023,6526,True,中立
CPU,Intel i7-14700,Intel,i7,型號,[閒聊] Gamers Nexus 14700K測試,https://www.ptt.cc/bbs/PC_Shopping/M.1697555531.A.D0E.html,→,可以考慮買14700K,10/18/2023,6533,True,正評
CPU,Intel i7-14700,Intel,i7,型號,[閒聊] Gamers Nexus 14700K測試,https://www.ptt.cc/bbs/PC_Shopping/M.1697555531.A.D0E.html,推,跟13700K相比之下14700K公耗號多了那,10/18/2023,6539,True,中立
CPU,Intel i7-14700,Intel,i7,型號,[閒聊] Gamers Nexus 14700K測試,https://www.ptt.cc/bbs/PC_Shopping/M.1697555531.A.D0E.html,→,但功耗效率卻比13700K好上有10趴左右,10/18/2023,6541,True,中立
CPU,Intel i7-14700,Intel,i7,型號,[閒聊] Gamers Nexus 14700K測試,https://www.ptt.cc/bbs/PC_Shopping/M.1697555531.A.D0E.html,→,功耗這麼高，進步幅度根本硬電出來的吧,10/18/2023,6543,True,負評
CPU,Intel i7-14700,Intel,i7,型號,[閒聊] Gamers Nexus 14700K測試,https://www.ptt.cc/bbs/PC_Shopping/M.1697555531.A.D0E.html,推,那種功耗也太誇張了.....,10/18/2023,6555,True,負評
CPU,Intel i7-14700,Intel,i7,型號,[閒聊] Gamers Nexus 14700K測試,https://www.ptt.cc/bbs/PC_Shopping/M.1697555531.A.D0E.html,推,跟11代比起來 14代才真的是浪費沙子,10/18/2023,6560,True,負評
CPU,Intel i7-14700,Intel,i7,型號,[閒聊] Gamers Nexus 14700K測試,https://www.ptt.cc/bbs/PC_Shopping/M.1697555531.A.D0E.html,推,看到14700k那功耗就涼了..,10/18/2023,6563,True,負評
CPU,Intel i7-14700,Intel,i7,型號,[閒聊] Gamers Nexus 14700K測試,https://www.ptt.cc/bbs/PC_Shopping/M.1697555531.A.D0E.html,→,功耗直逼13900k,10/18/2023,6571,True,中立
CPU,Intel i7-14700,Intel,i7,型號,[閒聊] Gamers Nexus 14700K測試,https://www.ptt.cc/bbs/PC_Shopping/M.1697555531.A.D0E.html,→,12、13代挑cp值高的買就可以了,10/18/2023,6573,True,中立
CPU,Intel i7-14700,Intel,i7,型號,[閒聊] Gamers Nexus 14700K測試,https://www.ptt.cc/bbs/PC_Shopping/M.1697555531.A.D0E.html,推,看了更多評測，14代的IMC也沒進步，可能要,10/18/2023,6578,True,中立
CPU,Intel i7-14700,Intel,i7,型號,[閒聊] Gamers Nexus 14700K測試,https://www.ptt.cc/bbs/PC_Shopping/M.1697555531.A.D0E.html,推,i的功耗完全被a海放,10/18/2023,6580,True,負評
CPU,Intel i7-14700,Intel,i7,型號,[閒聊] Gamers Nexus 14700K測試,https://www.ptt.cc/bbs/PC_Shopping/M.1697555531.A.D0E.html,推,沒辦法，製程落後功耗被屌打是沒辦法的,10/18/2023,6582,True,負評
CPU,Intel i7-14700,Intel,i7,型號,[閒聊] Gamers Nexus 14700K測試,https://www.ptt.cc/bbs/PC_Shopping/M.1697555531.A.D0E.html,→,幀生成波動較大的問題，讓你實際玩會,10/18/2023,6609,True,負評
CPU,Intel i7-14700,Intel,i7,型號,[閒聊] Gamers Nexus 14700K測試,https://www.ptt.cc/bbs/PC_Shopping/M.1697555531.A.D0E.html,推,光看能耗就不想看了,10/18/2023,6627,True,負評
CPU,Intel i7-14700,Intel,i7,型號,[閒聊] Gamers Nexus 14700K測試,https://www.ptt.cc/bbs/PC_Shopping/M.1697555531.A.D0E.html,→,很高，手動自己調一下還會更低,10/18/2023,6630,True,正評
CPU,Intel i7-14700,Intel,i7,型號,[閒聊] Gamers Nexus 14700K測試,https://www.ptt.cc/bbs/PC_Shopping/M.1697555531.A.D0E.html,→,intel就回到正常可以接受的範圍,10/18/2023,6632,True,中立
CPU,Intel i7-14700,Intel,i7,型號(情報),[情報] 20 核 i7-14700K 也曝光超頻到 6.3G,https://www.ptt.cc/bbs/PC_Shopping/M.1691597521.A.5F3.html,推,1.3V...這樣有沒有300W...,08/10/2023,6685,True,中立
CPU,Intel i7-14700,Intel,i7,型號(情報),[情報] 20 核 i7-14700K 也曝光超頻到 6.3G,https://www.ptt.cc/bbs/PC_Shopping/M.1691597521.A.5F3.html,推,可以算1.4v了,08/10/2023,6686,True,中立
CPU,Intel i7-14700,Intel,i7,型號(情報),[情報] 20 核 i7-14700K 也曝光超頻到 6.3G,https://www.ptt.cc/bbs/PC_Shopping/M.1691597521.A.5F3.html,推,如果太熱不行 風扇吵死人,08/10/2023,6687,True,負評
CPU,Intel i7-14700,Intel,i7,型號(情報),[情報] 20 核 i7-14700K 也曝光超頻到 6.3G,https://www.ptt.cc/bbs/PC_Shopping/M.1691597521.A.5F3.html,推,這麼高的電壓配4090，今年冬天可能要穿短,08/10/2023,6695,True,負評
CPU,Intel i7-14700,Intel,i7,型號(情報),[情報] 20 核 i7-14700K 也曝光超頻到 6.3G,https://www.ptt.cc/bbs/PC_Shopping/M.1691597521.A.5F3.html,推,發熱量毫無使用體驗,08/10/2023,6698,True,負評
CPU,Intel i7-14700,Intel,i7,型號(情報),[情報] 20 核 i7-14700K 也曝光超頻到 6.3G,https://www.ptt.cc/bbs/PC_Shopping/M.1691597521.A.5F3.html,推,感覺非常的熱….,08/10/2023,6699,True,負評
CPU,Intel i7-14700,Intel,i7,型號(情報),[情報] 20 核 i7-14700K 也曝光超頻到 6.3G,https://www.ptt.cc/bbs/PC_Shopping/M.1691597521.A.5F3.html,→,所以這顆搭4090，可以全開4k+144hz,08/10/2023,6701,True,中立
CPU,Intel i7-14700,Intel,i7,型號(情報),[情報] 14700k 20C/28T 比上代多核強17%,https://www.ptt.cc/bbs/PC_Shopping/M.1688991154.A.CCD.html,→,功耗牆上電壓多 溫度好似火...,07/10/2023,6711,True,負評
CPU,Intel i7-14700,Intel,i7,型號(情報),[情報] 14700k 20C/28T 比上代多核強17%,https://www.ptt.cc/bbs/PC_Shopping/M.1688991154.A.CCD.html,推,後面有過熱 機殼上面風扇多 溫度依然火,07/10/2023,6715,True,負評
CPU,Intel i7-14700,Intel,i7,型號(情報),[情報] 14700k 20C/28T 比上代多核強17%,https://www.ptt.cc/bbs/PC_Shopping/M.1688991154.A.CCD.html,推,這還只是147 不敢想像i9那精美的TDP,07/10/2023,6717,True,中立
CPU,Intel i7-14700,Intel,i7,型號(情報),[情報] 14700k 20C/28T 比上代多核強17%,https://www.ptt.cc/bbs/PC_Shopping/M.1688991154.A.CCD.html,推,模擬器用不到小核,07/10/2023,6718,True,中立
CPU,Intel i7-14700,Intel,i7,型號(情報),[情報] 14700k 20C/28T 比上代多核強17%,https://www.ptt.cc/bbs/PC_Shopping/M.1688991154.A.CCD.html,→,為了跑分&減少耗電 一直堆小核 XD,07/10/2023,6720,True,中立
CPU,Intel i7-14700,Intel,i7,型號(情報),[情報] 14700k 20C/28T 比上代多核強17%,https://www.ptt.cc/bbs/PC_Shopping/M.1688991154.A.CCD.html,→,空冷是不是壓不住,07/10/2023,6721,True,中立
CPU,Intel i7-14700,Intel,i7,型號(情報),[情報] 14700k 20C/28T 比上代多核強17%,https://www.ptt.cc/bbs/PC_Shopping/M.1688991154.A.CCD.html,推,後面還是小核 多到堆成山坡,07/10/2023,6723,True,中立
CPU,Intel i7-14700,Intel,i7,型號(情報),[情報] 14700k 20C/28T 比上代多核強17%,https://www.ptt.cc/bbs/PC_Shopping/M.1688991154.A.CCD.html,推,單核才多3％= =,07/10/2023,6724,True,中立
CPU,Intel i7-14700,Intel,i7,型號(情報),[情報] 14700k 20C/28T 比上代多核強17%,https://www.ptt.cc/bbs/PC_Shopping/M.1688991154.A.CCD.html,→,等下一代新製程吧..13代已經夠熱了,07/10/2023,6731,True,負評
CPU,Intel i7-14700,Intel,i7,型號(情報),[情報] 14700k 20C/28T 比上代多核強17%,https://www.ptt.cc/bbs/PC_Shopping/M.1688991154.A.CCD.html,推,28T才強不到20%.......,07/10/2023,6743,True,中立
CPU,Intel i7-14700,Intel,i7,型號(情報),[情報] 14700k 20C/28T 比上代多核強17%,https://www.ptt.cc/bbs/PC_Shopping/M.1688991154.A.CCD.html,推,intel製程跟不上只能堆小核啊,07/10/2023,6744,True,中立
CPU,Intel i7-14700,Intel,i7,型號(情報),[情報] 14700k 20C/28T 比上代多核強17%,https://www.ptt.cc/bbs/PC_Shopping/M.1688991154.A.CCD.html,推,13代 新。再戰10年U,07/10/2023,6747,True,中立
CPU,Intel i7-14700,Intel,i7,型號(情報),[情報] 14700k 20C/28T 比上代多核強17%,https://www.ptt.cc/bbs/PC_Shopping/M.1688991154.A.CCD.html,推,intel這進步幅度蠻可觀的   讚,07/10/2023,6748,True,正評
CPU,Intel i7-14700,Intel,i7,型號(情報),[情報] 14700k 20C/28T 比上代多核強17%,https://www.ptt.cc/bbs/PC_Shopping/M.1688991154.A.CCD.html,→,24T->28T多17% MT分數就多17% 全靠小核,07/11/2023,6751,True,中立
CPU,Intel i7-14700,Intel,i7,型號(情報),[情報] 14700k 20C/28T 比上代多核強17%,https://www.ptt.cc/bbs/PC_Shopping/M.1688991154.A.CCD.html,推,感覺這空冷壓不住溫度,07/11/2023,6759,True,負評
CPU,Intel Core Ultra 5 225F,Intel,Core Ultra 5,型號,Re: [情報] 原價屋 265K/KF 又降價了!?加225F,https://www.ptt.cc/bbs/PC_Shopping/M.1752558103.A.F67.html,推,還砍 看來是賣很爛,07/15/2025,6764,True,負評
CPU,Intel Core Ultra 5 225F,Intel,Core Ultra 5,型號,Re: [情報] 原價屋 265K/KF 又降價了!?加225F,https://www.ptt.cc/bbs/PC_Shopping/M.1752558103.A.F67.html,→,搭起來都比那張4990 MATX AORUS 划算,07/15/2025,6781,True,中立
CPU,Intel Core Ultra 5 225F,Intel,Core Ultra 5,型號,Re: [情報] 原價屋 265K/KF 又降價了!?加225F,https://www.ptt.cc/bbs/PC_Shopping/M.1752558103.A.F67.html,→,規格比小白鵰強一大節,07/15/2025,6785,True,正評
CPU,Intel Core Ultra 5 225F,Intel,Core Ultra 5,型號,Re: [情報] 原價屋 265K/KF 又降價了!?加225F,https://www.ptt.cc/bbs/PC_Shopping/M.1752558103.A.F67.html,推,版貴 只能用一代 難救,07/15/2025,6792,True,負評
CPU,Intel Core Ultra 5 225F,Intel,Core Ultra 5,型號,Re: [情報] 原價屋 265K/KF 又降價了!?加225F,https://www.ptt.cc/bbs/PC_Shopping/M.1752558103.A.F67.html,推,只剩信徒會買了吧,07/15/2025,6793,True,負評
CPU,Intel Core Ultra 5 225F,Intel,Core Ultra 5,型號,Re: [情報] 原價屋 265K/KF 又降價了!?加225F,https://www.ptt.cc/bbs/PC_Shopping/M.1752558103.A.F67.html,推,再降$2000以上才有吸引力，不然組7700,07/15/2025,6795,True,中立
CPU,Intel Core Ultra 5 225F,Intel,Core Ultra 5,型號,Re: [情報] 原價屋 265K/KF 又降價了!?加225F,https://www.ptt.cc/bbs/PC_Shopping/M.1752558103.A.F67.html,推,看需求 7700還是比較便宜 打遊戲也夠用 CP,07/15/2025,6815,True,中立
CPU,Intel Core Ultra 5 225F,Intel,Core Ultra 5,型號,Re: [情報] 原價屋 265K/KF 又降價了!?加225F,https://www.ptt.cc/bbs/PC_Shopping/M.1752558103.A.F67.html,推,對岸z版都4k了，這裡8k還是丐版，而且還,07/15/2025,6816,True,負評
CPU,Intel Core Ultra 5 225F,Intel,Core Ultra 5,型號,Re: [情報] 原價屋 265K/KF 又降價了!?加225F,https://www.ptt.cc/bbs/PC_Shopping/M.1752558103.A.F67.html,→,值比較高...純打遊戲的情況,07/15/2025,6818,True,正評
CPU,Intel Core Ultra 5 225F,Intel,Core Ultra 5,型號,Re: [情報] 原價屋 265K/KF 又降價了!?加225F,https://www.ptt.cc/bbs/PC_Shopping/M.1752558103.A.F67.html,推,沒價值啊，AM4還能升級16核或x3d,07/15/2025,6822,True,負評
CPU,Intel Core Ultra 5 225F,Intel,Core Ultra 5,型號,Re: [情報] 原價屋 265K/KF 又降價了!?加225F,https://www.ptt.cc/bbs/PC_Shopping/M.1752558103.A.F67.html,→,有信仰或有需求 那還是可以買,07/15/2025,6826,True,中立
CPU,Intel Core Ultra 5 225F,Intel,Core Ultra 5,型號,Re: [情報] 原價屋 265K/KF 又降價了!?加225F,https://www.ptt.cc/bbs/PC_Shopping/M.1752558103.A.F67.html,推,只能用一代跟本智障,07/15/2025,6828,True,負評
CPU,Intel Core Ultra 5 225F,Intel,Core Ultra 5,型號,Re: [情報] 原價屋 265K/KF 又降價了!?加225F,https://www.ptt.cc/bbs/PC_Shopping/M.1752558103.A.F67.html,→,說I家優勢是多核，但穩定性問題都要關小核,07/15/2025,6835,True,中立
CPU,Intel Core Ultra 5 225F,Intel,Core Ultra 5,型號,Re: [情報] 原價屋 265K/KF 又降價了!?加225F,https://www.ptt.cc/bbs/PC_Shopping/M.1752558103.A.F67.html,推,Intel這代完全沒誘因去買 腳位只能一,07/15/2025,6841,True,負評
CPU,Intel Core Ultra 5 225F,Intel,Core Ultra 5,型號,Re: [情報] 原價屋 265K/KF 又降價了!?加225F,https://www.ptt.cc/bbs/PC_Shopping/M.1752558103.A.F67.html,→,只能搭雞排板，Pass,07/15/2025,6843,True,負評
CPU,Intel Core Ultra 5 225F,Intel,Core Ultra 5,型號,Re: [情報] 原價屋 265K/KF 又降價了!?加225F,https://www.ptt.cc/bbs/PC_Shopping/M.1752558103.A.F67.html,推,板子有夠貴，cpu打5折也沒用,07/15/2025,6844,True,負評
CPU,Intel Core Ultra 5 225F,Intel,Core Ultra 5,型號,Re: [情報] 原價屋 265K/KF 又降價了!?加225F,https://www.ptt.cc/bbs/PC_Shopping/M.1752558103.A.F67.html,→,其實這價錢可以買，考慮到下一代大,07/15/2025,6855,True,中立
CPU,Intel Core Ultra 5 225F,Intel,Core Ultra 5,型號,Re: [情報] 原價屋 265K/KF 又降價了!?加225F,https://www.ptt.cc/bbs/PC_Shopping/M.1752558103.A.F67.html,→,概也不會有什麼大進步，這個折扣絕,07/15/2025,6856,True,中立
CPU,Intel Core Ultra 5 225F,Intel,Core Ultra 5,型號,Re: [情報] 原價屋 265K/KF 又降價了!?加225F,https://www.ptt.cc/bbs/PC_Shopping/M.1752558103.A.F67.html,推,板+u 1萬內可以考慮看看 價錢還不夠香,07/15/2025,6857,True,中立
CPU,Intel Core Ultra 5 225F,Intel,Core Ultra 5,型號,Re: [情報] 原價屋 265K/KF 又降價了!?加225F,https://www.ptt.cc/bbs/PC_Shopping/M.1752558103.A.F67.html,→,u+板 售價持平或比7700+板貴1000以內就值,07/15/2025,6859,True,正評
CPU,Intel Core Ultra 5 225F,Intel,Core Ultra 5,型號,Re: [情報] 原價屋 265K/KF 又降價了!?加225F,https://www.ptt.cc/bbs/PC_Shopping/M.1752558103.A.F67.html,→,得買，冷知識 ： 265K比7700X遊戲強一點,07/15/2025,6860,True,正評
CPU,Intel Core Ultra 5 225F,Intel,Core Ultra 5,型號,Re: [情報] 原價屋 265K/KF 又降價了!?加225F,https://www.ptt.cc/bbs/PC_Shopping/M.1752558103.A.F67.html,→,265k生產力對標9900x 遊戲對標7700x,07/15/2025,6862,True,中立
CPU,Intel Core Ultra 5 225F,Intel,Core Ultra 5,型號,Re: [情報] 原價屋 265K/KF 又降價了!?加225F,https://www.ptt.cc/bbs/PC_Shopping/M.1752558103.A.F67.html,推,只論CPU 這價錢可以買 7700是上一代的,07/15/2025,6864,True,中立
CPU,Intel Core Ultra 5 225F,Intel,Core Ultra 5,型號,Re: [情報] 原價屋 265K/KF 又降價了!?加225F,https://www.ptt.cc/bbs/PC_Shopping/M.1752558103.A.F67.html,推,265k玩3a要調D2D跟NGU 配高頻記憶體,07/15/2025,6869,True,中立
CPU,Intel Core Ultra 5 225F,Intel,Core Ultra 5,型號,Re: [情報] 原價屋 265K/KF 又降價了!?加225F,https://www.ptt.cc/bbs/PC_Shopping/M.1752558103.A.F67.html,推,I荒有勇氣點!265K搭中階B860這個價就買,07/15/2025,6878,True,正評
CPU,Intel Core Ultra 5 225F,Intel,Core Ultra 5,型號,Re: [情報] 原價屋 265K/KF 又降價了!?加225F,https://www.ptt.cc/bbs/PC_Shopping/M.1752558103.A.F67.html,→,啊Intel這代還能說嘴的 待機功耗比A,07/15/2025,6891,True,中立
CPU,Intel Core Ultra 5 225F,Intel,Core Ultra 5,型號,Re: [情報] 原價屋 265K/KF 又降價了!?加225F,https://www.ptt.cc/bbs/PC_Shopping/M.1752558103.A.F67.html,→,"等於9700X ; 265K 3A遊戲微輸9700X, 生產",07/15/2025,6893,True,中立
CPU,Intel Core Ultra 5 225F,Intel,Core Ultra 5,型號,Re: [情報] 原價屋 265K/KF 又降價了!?加225F,https://www.ptt.cc/bbs/PC_Shopping/M.1752558103.A.F67.html,→,力約等於9900X ; 285K 3A遊戲約等於9950X,07/15/2025,6894,True,中立
CPU,Intel Core Ultra 5 225F,Intel,Core Ultra 5,型號,Re: [情報] 原價屋 265K/KF 又降價了!?加225F,https://www.ptt.cc/bbs/PC_Shopping/M.1752558103.A.F67.html,→,價錢，還是選am5吧，傻了才買intel,07/15/2025,6898,True,負評
CPU,Intel Core Ultra 5 225F,Intel,Core Ultra 5,型號,Re: [情報] 原價屋 265K/KF 又降價了!?加225F,https://www.ptt.cc/bbs/PC_Shopping/M.1752558103.A.F67.html,推,爛在倉庫裡吧 現在不是沒I不行,07/15/2025,6899,True,負評
CPU,Intel Core Ultra 5 225F,Intel,Core Ultra 5,型號,Re: [情報] 原價屋 265K/KF 又降價了!?加225F,https://www.ptt.cc/bbs/PC_Shopping/M.1752558103.A.F67.html,→,這代就是正常發揮而已，前兩代超到,07/15/2025,6905,True,中立
CPU,Intel Core Ultra 5 225F,Intel,Core Ultra 5,型號,Re: [情報] 原價屋 265K/KF 又降價了!?加225F,https://www.ptt.cc/bbs/PC_Shopping/M.1752558103.A.F67.html,→,縮缸的可以當不存在,07/15/2025,6906,True,負評
CPU,Intel Core Ultra 5 225F,Intel,Core Ultra 5,型號,Re: [情報] 原價屋 265K/KF 又降價了!?加225F,https://www.ptt.cc/bbs/PC_Shopping/M.1752558103.A.F67.html,→,同時快取大幅度加大，LLC每核心達到2MB，,07/16/2025,6913,True,中立
CPU,Intel Core Ultra 5 225F,Intel,Core Ultra 5,型號,Re: [情報] 原價屋 265K/KF 又降價了!?加225F,https://www.ptt.cc/bbs/PC_Shopping/M.1752558103.A.F67.html,→,死貴不懂得何時該變價，中階規格又不靈活,07/16/2025,6918,True,負評
CPU,Intel Core Ultra 5 225F,Intel,Core Ultra 5,型號,Re: [情報] 原價屋 265K/KF 又降價了!?加225F,https://www.ptt.cc/bbs/PC_Shopping/M.1752558103.A.F67.html,→,8通道DDR5 5600 64GB裝下去，頻寬屌打雙通,07/16/2025,6921,True,中立
CPU,Intel Core Ultra 5 225F,Intel,Core Ultra 5,型號,Re: [情報] 原價屋 265K/KF 又降價了!?加225F,https://www.ptt.cc/bbs/PC_Shopping/M.1752558103.A.F67.html,→,285 vs 245 轉一個H264影像，差距不到2分,07/16/2025,6925,True,中立
CPU,Intel Core Ultra 5 225,Intel,Core Ultra 5,系列(fallback+情報),[情報] Intel Core Ultra 5 225 上市了...,https://www.ptt.cc/bbs/PC_Shopping/M.1736783364.A.D6D.html,→,這顆是對標14400的 不過價格又往上了,01/13/2025,6935,True,中立
CPU,Intel Core Ultra 5 225,Intel,Core Ultra 5,系列(fallback+情報),[情報] Intel Core Ultra 5 225 上市了...,https://www.ptt.cc/bbs/PC_Shopping/M.1736783364.A.D6D.html,推,板子跟U各降3000再說，這價格太臭了。,01/13/2025,6938,True,負評
CPU,Intel Core Ultra 5 225,Intel,Core Ultra 5,系列(fallback+情報),[情報] Intel Core Ultra 5 225 上市了...,https://www.ptt.cc/bbs/PC_Shopping/M.1736783364.A.D6D.html,推,把錢丟地上都比買垃圾好,01/14/2025,6943,True,負評
CPU,Intel Core Ultra 5 225,Intel,Core Ultra 5,系列(fallback+情報),[情報] Intel Core Ultra 5 225 上市了...,https://www.ptt.cc/bbs/PC_Shopping/M.1736783364.A.D6D.html,→,"買到撞到, 只有4990價值",01/14/2025,6944,True,中立
CPU,Intel Core Ultra 5 225,Intel,Core Ultra 5,系列(fallback+情報),[情報] Intel Core Ultra 5 225 上市了...,https://www.ptt.cc/bbs/PC_Shopping/M.1736783364.A.D6D.html,推,垃圾，有錢買AMD,01/14/2025,6947,True,負評
CPU,Intel Core Ultra 5 225,Intel,Core Ultra 5,系列(fallback+情報),[情報] Intel Core Ultra 5 225 上市了...,https://www.ptt.cc/bbs/PC_Shopping/M.1736783364.A.D6D.html,→,真的好貴 看樣子就是跟其他ICU一樣走高,01/14/2025,6951,True,中立
CPU,Intel Core Ultra 5 225,Intel,Core Ultra 5,系列(fallback+情報),[情報] Intel Core Ultra 5 225 上市了...,https://www.ptt.cc/bbs/PC_Shopping/M.1736783364.A.D6D.html,推,這價格有信仰也買不下去 純論效能A全面屌打,01/14/2025,6962,True,中立
CPU,Intel Core Ultra 5 225,Intel,Core Ultra 5,系列(fallback+情報),[情報] Intel Core Ultra 5 225 上市了...,https://www.ptt.cc/bbs/PC_Shopping/M.1736783364.A.D6D.html,→,倒吸牙膏還最低階的開價八千多是在考驗顧,01/14/2025,6979,True,負評
CPU,Intel Core Ultra 5 225,Intel,Core Ultra 5,系列(fallback+情報),[情報] Intel Core Ultra 5 225 上市了...,https://www.ptt.cc/bbs/PC_Shopping/M.1736783364.A.D6D.html,推,遊戲連7500f都打不過那連5700x3d都,01/14/2025,6980,True,負評
CPU,Intel Core Ultra 5 225,Intel,Core Ultra 5,系列(fallback+情報),[情報] Intel Core Ultra 5 225 上市了...,https://www.ptt.cc/bbs/PC_Shopping/M.1736783364.A.D6D.html,推,浪費台GG產能的廢物,01/14/2025,6981,True,負評
CPU,Intel Core Ultra 5 225,Intel,Core Ultra 5,系列(fallback+情報),[情報] Intel Core Ultra 5 225 上市了...,https://www.ptt.cc/bbs/PC_Shopping/M.1736783364.A.D6D.html,推,笑死  這甚麼垃圾,01/14/2025,6987,True,負評
CPU,Intel Core Ultra 5 225,Intel,Core Ultra 5,系列(fallback+情報),[情報] Intel Core Ultra 5 225 上市了...,https://www.ptt.cc/bbs/PC_Shopping/M.1736783364.A.D6D.html,→,這代剩NB了吧，DT就是垃圾,01/14/2025,6989,True,負評
CPU,Intel Core Ultra 5 225,Intel,Core Ultra 5,系列(fallback+情報),[情報] Intel Core Ultra 5 225 上市了...,https://www.ptt.cc/bbs/PC_Shopping/M.1736783364.A.D6D.html,→,這垃圾只值4000吧…,01/14/2025,6991,True,負評
CPU,Intel Core Ultra 5 225,Intel,Core Ultra 5,系列(fallback+情報),[情報] Intel Core Ultra 5 225 上市了...,https://www.ptt.cc/bbs/PC_Shopping/M.1736783364.A.D6D.html,推,這垃圾居然還能比7700貴快2000???,01/14/2025,6993,True,負評
CPU,Intel Core Ultra 5 225,Intel,Core Ultra 5,系列(fallback+情報),[情報] Intel Core Ultra 5 225 上市了...,https://www.ptt.cc/bbs/PC_Shopping/M.1736783364.A.D6D.html,推,7700直接便宜快2000 效能還比較好,01/14/2025,6994,True,正評
CPU,Intel Core Ultra 5 225,Intel,Core Ultra 5,系列(fallback+情報),[情報] Intel Core Ultra 5 225 上市了...,https://www.ptt.cc/bbs/PC_Shopping/M.1736783364.A.D6D.html,→,126K搭Z板還是蠻好用的，沒升級ICU的,01/14/2025,6996,True,正評
CPU,Intel Core Ultra 5 225,Intel,Core Ultra 5,系列(fallback+情報),[情報] Intel Core Ultra 5 225 上市了...,https://www.ptt.cc/bbs/PC_Shopping/M.1736783364.A.D6D.html,推,NB部分。性能還不錯。怎麼不比照辦理封裝DRA,01/14/2025,7001,True,中立
CPU,Intel Core Ultra 5 225,Intel,Core Ultra 5,系列(fallback+情報),[情報] Intel Core Ultra 5 225 上市了...,https://www.ptt.cc/bbs/PC_Shopping/M.1736783364.A.D6D.html,推,NB不是Leak實測還是被HX370/HX365爆打 ?,01/14/2025,7002,True,中立
CPU,Intel Core Ultra 5 225,Intel,Core Ultra 5,系列(fallback+情報),[情報] Intel Core Ultra 5 225 上市了...,https://www.ptt.cc/bbs/PC_Shopping/M.1736783364.A.D6D.html,推,逼站有跟HX 365比較的測試，CPU都贏HX,01/14/2025,7007,True,正評
CPU,Intel Core Ultra 5 225,Intel,Core Ultra 5,系列(fallback+情報),[情報] Intel Core Ultra 5 225 上市了...,https://www.ptt.cc/bbs/PC_Shopping/M.1736783364.A.D6D.html,→,365但遊戲基本都被屌打,01/14/2025,7008,True,負評
CPU,Intel Core Ultra 5 225,Intel,Core Ultra 5,系列(fallback+情報),[情報] Intel Core Ultra 5 225 上市了...,https://www.ptt.cc/bbs/PC_Shopping/M.1736783364.A.D6D.html,→,內顯也不是用Xe2然後桌面板沒有LPE Core,01/14/2025,7016,True,中立
CPU,Intel Core Ultra 5 225,Intel,Core Ultra 5,系列(fallback+情報),[情報] i皇確定CPU新命名方式 Core Ultra 5曝光,https://www.ptt.cc/bbs/PC_Shopping/M.1682966894.A.830.html,→,Ultra感覺就很燙,05/02/2023,7029,True,負評
CPU,Intel Core Ultra 5 235,Intel,Core Ultra 5,系列(fallback+情報),[情報] i皇確定CPU新命名方式 Core Ultra 5曝光,https://www.ptt.cc/bbs/PC_Shopping/M.1682966894.A.830.html,→,Ultra感覺就很燙,05/02/2023,7203,True,負評
CPU,Intel Core Ultra 5 245KF,Intel,Core Ultra 5,型號(情報),[情報] Intel年度促銷活動 ! 入手245KF再送3A,https://www.ptt.cc/bbs/PC_Shopping/M.1766563814.A.CC5.html,推,最不適合打Game的U送Game是嘲諷買家嗎?,12/24/2025,7295,True,負評
CPU,Intel Core Ultra 5 245KF,Intel,Core Ultra 5,型號(情報),[情報] Intel年度促銷活動 ! 入手245KF再送3A,https://www.ptt.cc/bbs/PC_Shopping/M.1766563814.A.CC5.html,→,3A遊戲不影響，但它不適合打網遊（記憶體,12/24/2025,7298,True,中立
CPU,Intel Core Ultra 5 245KF,Intel,Core Ultra 5,型號(情報),[情報] Intel年度促銷活動 ! 入手245KF再送3A,https://www.ptt.cc/bbs/PC_Shopping/M.1766563814.A.CC5.html,推,這cpu打3a根本沒問題，去看一下評測,12/24/2025,7304,True,正評
CPU,Intel Core Ultra 5 245KF,Intel,Core Ultra 5,型號(情報),[情報] Intel年度促銷活動 ! 入手245KF再送3A,https://www.ptt.cc/bbs/PC_Shopping/M.1766563814.A.CC5.html,推,寧願買A卡也不要買I卡,12/24/2025,7306,True,負評
CPU,Intel Core Ultra 5 245KF,Intel,Core Ultra 5,型號(情報),[情報] Intel Core 225 / 245KF 雙11特價,https://www.ptt.cc/bbs/PC_Shopping/M.1762820635.A.595.html,推,買這種比12代還要慢的垃圾幹什麼,11/11/2025,7324,True,負評
CPU,Intel Core Ultra 5 245KF,Intel,Core Ultra 5,型號(情報),[情報] Intel Core 225 / 245KF 雙11特價,https://www.ptt.cc/bbs/PC_Shopping/M.1762820635.A.595.html,推,沒有比12代慢好嗎…，有好一些,11/11/2025,7325,True,中立
CPU,Intel Core Ultra 5 245KF,Intel,Core Ultra 5,型號(情報),[情報] Core U5 245KF 245K 降價 $6350起,https://www.ptt.cc/bbs/PC_Shopping/M.1759555708.A.4B4.html,推,265k降到這個價才有誠意,10/04/2025,7339,True,中立
CPU,Intel Core Ultra 5 245KF,Intel,Core Ultra 5,型號(情報),[情報] Core U5 245KF 245K 降價 $6350起,https://www.ptt.cc/bbs/PC_Shopping/M.1759555708.A.4B4.html,推,"遊戲1080P還是9600X略強, 2K/4K差距無感",10/04/2025,7352,True,中立
CPU,Intel Core Ultra 5 245KF,Intel,Core Ultra 5,型號(情報),[情報] Core U5 245KF 245K 降價 $6350起,https://www.ptt.cc/bbs/PC_Shopping/M.1759555708.A.4B4.html,→,這顆打遊戲不如12~14,10/04/2025,7359,True,負評
CPU,Intel Core Ultra 5 245KF,Intel,Core Ultra 5,型號(情報),[情報] Core U5 245KF 245K 降價 $6350起,https://www.ptt.cc/bbs/PC_Shopping/M.1759555708.A.4B4.html,推,這玩遊戲有贏13600k嗎,10/04/2025,7360,True,中立
CPU,Intel Core Ultra 5 245KF,Intel,Core Ultra 5,型號(情報),[情報] Core U5 245KF 245K 降價 $6350起,https://www.ptt.cc/bbs/PC_Shopping/M.1759555708.A.4B4.html,→,沒多執行緒 也不是都大核,10/04/2025,7362,True,中立
CPU,Intel Core Ultra 5 245KF,Intel,Core Ultra 5,型號(情報),[情報] Core U5 245KF 245K 降價 $6350起,https://www.ptt.cc/bbs/PC_Shopping/M.1759555708.A.4B4.html,推,開VM模擬器 不要選大小核的,10/04/2025,7363,True,中立
CPU,Intel Core Ultra 5 245KF,Intel,Core Ultra 5,型號(情報),[情報] Core U5 245KF 245K 降價 $6350起,https://www.ptt.cc/bbs/PC_Shopping/M.1759555708.A.4B4.html,→,"跟13600K應該是差不多, 或微輸1~2% (1080P",10/04/2025,7364,True,中立
CPU,Intel Core Ultra 5 245KF,Intel,Core Ultra 5,型號(情報),[情報] Core U5 245KF 245K 降價 $6350起,https://www.ptt.cc/bbs/PC_Shopping/M.1759555708.A.4B4.html,推,只看價格有點微妙 還是稍微偏高一點,10/04/2025,7368,True,中立
CPU,Intel Core Ultra 5 245KF,Intel,Core Ultra 5,型號(情報),[情報] Core U5 245KF 245K 降價 $6350起,https://www.ptt.cc/bbs/PC_Shopping/M.1759555708.A.4B4.html,推,245k性能記得是跟9700x差不多的，這價,10/04/2025,7374,True,中立
CPU,Intel Core Ultra 5 245KF,Intel,Core Ultra 5,型號(情報),[情報] Core U5 245KF 245K 降價 $6350起,https://www.ptt.cc/bbs/PC_Shopping/M.1759555708.A.4B4.html,推,記得是跑分差不多，遊戲性能就差很多了,10/04/2025,7375,True,中立
CPU,Intel Core Ultra 5 245KF,Intel,Core Ultra 5,型號(情報),[情報] Core U5 245KF 245K 降價 $6350起,https://www.ptt.cc/bbs/PC_Shopping/M.1759555708.A.4B4.html,→,相當於4990區段。這是AMD平台沒辦法的,10/04/2025,7385,True,中立
CPU,Intel Core Ultra 5 245KF,Intel,Core Ultra 5,型號(情報),[情報] Core U5 245KF 245K 降價 $6350起,https://www.ptt.cc/bbs/PC_Shopping/M.1759555708.A.4B4.html,推,這價格可以了WiFi 就自己解決吧。淘寶,10/04/2025,7390,True,中立
CPU,Intel Core Ultra 5 245KF,Intel,Core Ultra 5,型號(情報),[情報] Core U5 245KF 245K 降價 $6350起,https://www.ptt.cc/bbs/PC_Shopping/M.1759555708.A.4B4.html,→,點 / 245K生產力強一點,10/04/2025,7406,True,中立
CPU,Intel Core Ultra 5 245KF,Intel,Core Ultra 5,型號(情報),[情報] Core U5 245KF 245K 降價 $6350起,https://www.ptt.cc/bbs/PC_Shopping/M.1759555708.A.4B4.html,→,7700比245K遊戲強5% (1080P),10/04/2025,7408,True,中立
CPU,Intel Core Ultra 5 245KF,Intel,Core Ultra 5,型號(情報),[情報] Core U5 245KF 245K 降價 $6350起,https://www.ptt.cc/bbs/PC_Shopping/M.1759555708.A.4B4.html,→,245K生產力比7700強9%,10/04/2025,7409,True,中立
CPU,Intel Core Ultra 5 245KF,Intel,Core Ultra 5,型號(情報),[情報] Core U5 245KF 245K 降價 $6350起,https://www.ptt.cc/bbs/PC_Shopping/M.1759555708.A.4B4.html,→,跑分用小核心騙出來的 參考參考就好了,10/04/2025,7415,True,負評
CPU,Intel Core Ultra 5 245KF,Intel,Core Ultra 5,型號(情報),[情報] Core U5 245KF 245K 降價 $6350起,https://www.ptt.cc/bbs/PC_Shopping/M.1759555708.A.4B4.html,→,6大核實用性還是輸完整8大核的7700啦,10/04/2025,7417,True,中立
CPU,Intel Core Ultra 5 245KF,Intel,Core Ultra 5,型號(情報),[情報] Core U5 245KF 245K 降價 $6350起,https://www.ptt.cc/bbs/PC_Shopping/M.1759555708.A.4B4.html,→,樣在多核跑分上面會很無敵，就像加法，,10/04/2025,7421,True,正評
CPU,Intel Core Ultra 5 245KF,Intel,Core Ultra 5,型號(情報),[情報] Core U5 245KF 245K 降價 $6350起,https://www.ptt.cc/bbs/PC_Shopping/M.1759555708.A.4B4.html,→,每次跑ffmpeg都給我用E核跑 快氣死我,10/04/2025,7428,True,負評
CPU,Intel Core Ultra 5 245KF,Intel,Core Ultra 5,型號(情報),[情報] Core U5 245KF 245K 降價 $6350起,https://www.ptt.cc/bbs/PC_Shopping/M.1759555708.A.4B4.html,→,這價格還挺有競爭力的,10/04/2025,7429,True,中立
CPU,Intel Core Ultra 5 245KF,Intel,Core Ultra 5,型號(情報),[情報] Core U5 245KF 245K 降價 $6350起,https://www.ptt.cc/bbs/PC_Shopping/M.1759555708.A.4B4.html,→,如果你買專門拿來跑分的電腦 就會比較強,10/04/2025,7436,True,中立
CPU,Intel Core Ultra 5 245KF,Intel,Core Ultra 5,型號(情報),[情報] Core U5 245KF 245K 降價 $6350起,https://www.ptt.cc/bbs/PC_Shopping/M.1759555708.A.4B4.html,→,如果是純打遊戲，那它沒有9600X好用，,10/04/2025,7439,True,負評
CPU,Intel Core Ultra 5 245KF,Intel,Core Ultra 5,型號(情報),[情報] Core U5 245KF 245K 降價 $6350起,https://www.ptt.cc/bbs/PC_Shopping/M.1759555708.A.4B4.html,→,模擬器Intel 輸AMD好幾條街吧，這種小,10/04/2025,7441,True,正評
CPU,Intel Core Ultra 5 245KF,Intel,Core Ultra 5,型號(情報),[情報] Core U5 245KF 245K 降價 $6350起,https://www.ptt.cc/bbs/PC_Shopping/M.1759555708.A.4B4.html,→,然不夠便宜但是相對7700來說，更強的單,10/04/2025,7443,True,中立
CPU,Intel Core Ultra 5 245KF,Intel,Core Ultra 5,型號(情報),[情報] Core U5 245KF 245K 降價 $6350起,https://www.ptt.cc/bbs/PC_Shopping/M.1759555708.A.4B4.html,→,核多工效能一樣就是少2核。,10/04/2025,7444,True,中立
CPU,Intel Core Ultra 5 245KF,Intel,Core Ultra 5,型號(情報),[情報] Core U5 245KF 245K 降價 $6350起,https://www.ptt.cc/bbs/PC_Shopping/M.1759555708.A.4B4.html,→,沒誠意，pass,10/04/2025,7447,True,負評
CPU,Intel Core Ultra 5 245KF,Intel,Core Ultra 5,型號(情報),[情報] Core U5 245KF 245K 降價 $6350起,https://www.ptt.cc/bbs/PC_Shopping/M.1759555708.A.4B4.html,→,我個人買來是覺得他sata位置很爛,10/04/2025,7452,True,負評
CPU,Intel Core Ultra 5 245KF,Intel,Core Ultra 5,型號(情報),[情報] Core U5 245KF 245K 降價 $6350起,https://www.ptt.cc/bbs/PC_Shopping/M.1759555708.A.4B4.html,推,據說PS3模擬器會用AVX-512，ICU缺AVX-512,10/04/2025,7454,True,中立
CPU,Intel Core Ultra 5 245KF,Intel,Core Ultra 5,型號(情報),[情報] Core U5 245KF 245K 降價 $6350起,https://www.ptt.cc/bbs/PC_Shopping/M.1759555708.A.4B4.html,推,"avx512都預設關閉了吧,不開少的效能",10/04/2025,7455,True,中立
CPU,Intel Core Ultra 5 245KF,Intel,Core Ultra 5,型號(情報),[情報] Core U5 245KF 245K 降價 $6350起,https://www.ptt.cc/bbs/PC_Shopping/M.1759555708.A.4B4.html,→,靠cpu本身效能提升硬幹就好,10/04/2025,7456,True,中立
CPU,Intel Core Ultra 5 245KF,Intel,Core Ultra 5,型號(情報),[情報] Core U5 245KF 245K 降價 $6350起,https://www.ptt.cc/bbs/PC_Shopping/M.1759555708.A.4B4.html,→,245K$6950可以比下9600X/7700了，遊戲同級,10/04/2025,7458,True,中立
CPU,Intel Core Ultra 5 245KF,Intel,Core Ultra 5,型號(情報),[情報] Core U5 245KF 245K 降價 $6350起,https://www.ptt.cc/bbs/PC_Shopping/M.1759555708.A.4B4.html,→,但其他都強不少，而且這代內顯很強,10/04/2025,7459,True,中立
CPU,Intel Core Ultra 5 245KF,Intel,Core Ultra 5,型號(情報),[情報] Core U5 245KF 245K 降價 $6350起,https://www.ptt.cc/bbs/PC_Shopping/M.1759555708.A.4B4.html,推,遊戲和9600X同級，其他應用都比較強,10/04/2025,7461,True,正評
CPU,Intel Core Ultra 5 245KF,Intel,Core Ultra 5,型號(情報),[情報] Core U5 245KF 245K 降價 $6350起,https://www.ptt.cc/bbs/PC_Shopping/M.1759555708.A.4B4.html,推,縮得沒錯 被攻擊針對的HT跟需要暖機的,10/04/2025,7467,True,負評
CPU,Intel Core Ultra 5 245KF,Intel,Core Ultra 5,型號(情報),[情報] Core U5 245KF 245K 降價 $6350起,https://www.ptt.cc/bbs/PC_Shopping/M.1759555708.A.4B4.html,→,只有一代的產品本來就不應該賣這麼貴。,10/04/2025,7472,True,負評
CPU,Intel Core Ultra 5 245KF,Intel,Core Ultra 5,型號(情報),[情報] Core U5 245KF 245K 降價 $6350起,https://www.ptt.cc/bbs/PC_Shopping/M.1759555708.A.4B4.html,→,intel 現在贏的點就是QSV，有用到這個i,10/04/2025,7479,True,中立
CPU,Intel Core Ultra 5 245KF,Intel,Core Ultra 5,型號(情報),[情報] Core U5 245KF 245K 降價 $6350起,https://www.ptt.cc/bbs/PC_Shopping/M.1759555708.A.4B4.html,→,得了R7等級的U了，甚至可以上R9,10/05/2025,7489,True,中立
CPU,Intel Core Ultra 5 245KF,Intel,Core Ultra 5,型號(情報),[情報] Core U5 245KF 245K 降價 $6350起,https://www.ptt.cc/bbs/PC_Shopping/M.1759555708.A.4B4.html,→,這就是性價比啊，哪來沒有性價比了,10/05/2025,7490,True,正評
CPU,Intel Core Ultra 5 245KF,Intel,Core Ultra 5,型號(情報),[情報] Core U5 245KF 245K 降價 $6350起,https://www.ptt.cc/bbs/PC_Shopping/M.1759555708.A.4B4.html,→,15代也不需要很貴的板子吧，性價比不輸AMD,10/05/2025,7492,True,中立
CPU,Intel Core Ultra 5 245KF,Intel,Core Ultra 5,型號(情報),[情報] Core U5 245KF 245K 降價 $6350起,https://www.ptt.cc/bbs/PC_Shopping/M.1759555708.A.4B4.html,→,分贏97x，生產力幾乎差不多，遊戲97x大,10/05/2025,7498,True,中立
CPU,Intel Core Ultra 5 245KF,Intel,Core Ultra 5,型號(情報),[情報] Core U5 245KF 245K 降價 $6350起,https://www.ptt.cc/bbs/PC_Shopping/M.1759555708.A.4B4.html,推,先前測試過U5 245K對比R7 9700X的效能,10/05/2025,7501,True,中立
CPU,Intel Core Ultra 5 245KF,Intel,Core Ultra 5,型號(情報),[情報] Core U5 245KF 245K 降價 $6350起,https://www.ptt.cc/bbs/PC_Shopping/M.1759555708.A.4B4.html,推,不對啊，樓上風大測試245K壓著97打。,10/05/2025,7504,True,中立
CPU,Intel Core Ultra 5 245KF,Intel,Core Ultra 5,型號(情報),[情報] Core U5 245KF 245K 降價 $6350起,https://www.ptt.cc/bbs/PC_Shopping/M.1759555708.A.4B4.html,→,很不錯了，看你日常怎麼問跟訓練他，然,10/05/2025,7506,True,正評
CPU,Intel Core Ultra 5 245KF,Intel,Core Ultra 5,型號(情報),[情報] Core U5 245KF 245K 降價 $6350起,https://www.ptt.cc/bbs/PC_Shopping/M.1759555708.A.4B4.html,→,價錢對就飄點香味了，9700X現在太臭該降價,10/05/2025,7511,True,中立
CPU,Intel Core Ultra 5 245KF,Intel,Core Ultra 5,型號(情報),[情報] Core U5 245KF 245K 降價 $6350起,https://www.ptt.cc/bbs/PC_Shopping/M.1759555708.A.4B4.html,→,不堆大核，就算熱，可以做像冷氣那樣高密,10/07/2025,7517,True,中立
CPU,Intel Core Ultra 5 245KF,Intel,Core Ultra 5,型號(情報),[情報] Core U5 245KF 245K 降價 $6350起,https://www.ptt.cc/bbs/PC_Shopping/M.1759555708.A.4B4.html,→,問題，進步節奏實在太慢，遊戲開發更慢，,10/07/2025,7521,True,負評
CPU,Intel Core Ultra 5 245KF,Intel,Core Ultra 5,型號(情報),[情報] Core U5 245KF 245K 降價 $6350起,https://www.ptt.cc/bbs/PC_Shopping/M.1759555708.A.4B4.html,→,認知也差太多 ICU 就是跑分嚇死人 遊戲,10/07/2025,7526,True,中立
CPU,Intel Core Ultra 5 245KF,Intel,Core Ultra 5,型號(情報),[情報] Core U5 245KF 245K 降價 $6350起,https://www.ptt.cc/bbs/PC_Shopping/M.1759555708.A.4B4.html,→,性能笑死人 多看看其他家評測 1080p 一,10/07/2025,7527,True,負評
CPU,Intel Core Ultra 5 245KF,Intel,Core Ultra 5,型號(情報),[情報] Core U5 245KF 245K 降價 $6350起,https://www.ptt.cc/bbs/PC_Shopping/M.1759555708.A.4B4.html,推,表現影響應該不大,10/08/2025,7539,True,中立
CPU,Intel Core Ultra 5 245K,Intel,Core Ultra 5,型號(情報),[情報] Intel年度促銷活動 ! 入手245KF再送3A,https://www.ptt.cc/bbs/PC_Shopping/M.1766563814.A.CC5.html,推,最不適合打Game的U送Game是嘲諷買家嗎?,12/24/2025,7560,True,負評
CPU,Intel Core Ultra 5 245K,Intel,Core Ultra 5,型號(情報),[情報] Intel年度促銷活動 ! 入手245KF再送3A,https://www.ptt.cc/bbs/PC_Shopping/M.1766563814.A.CC5.html,→,3A遊戲不影響，但它不適合打網遊（記憶體,12/24/2025,7563,True,中立
CPU,Intel Core Ultra 5 245K,Intel,Core Ultra 5,型號(情報),[情報] Intel年度促銷活動 ! 入手245KF再送3A,https://www.ptt.cc/bbs/PC_Shopping/M.1766563814.A.CC5.html,推,這cpu打3a根本沒問題，去看一下評測,12/24/2025,7569,True,正評
CPU,Intel Core Ultra 5 245K,Intel,Core Ultra 5,型號(情報),[情報] Intel年度促銷活動 ! 入手245KF再送3A,https://www.ptt.cc/bbs/PC_Shopping/M.1766563814.A.CC5.html,推,寧願買A卡也不要買I卡,12/24/2025,7571,True,負評
CPU,Intel Core Ultra 5 245K,Intel,Core Ultra 5,型號(情報),[情報] Intel Core 225 / 245KF 雙11特價,https://www.ptt.cc/bbs/PC_Shopping/M.1762820635.A.595.html,推,買這種比12代還要慢的垃圾幹什麼,11/11/2025,7589,True,負評
CPU,Intel Core Ultra 5 245K,Intel,Core Ultra 5,型號(情報),[情報] Core U5 245KF 245K 降價 $6350起,https://www.ptt.cc/bbs/PC_Shopping/M.1759555708.A.4B4.html,→,"CPU價可以了, 可是主機板沒降價沒用",10/04/2025,7601,True,中立
CPU,Intel Core Ultra 5 245K,Intel,Core Ultra 5,型號(情報),[情報] Core U5 245KF 245K 降價 $6350起,https://www.ptt.cc/bbs/PC_Shopping/M.1759555708.A.4B4.html,推,245K這顆 有比9600X 9700X強嗎?,10/04/2025,7606,True,中立
CPU,Intel Core Ultra 5 245K,Intel,Core Ultra 5,型號(情報),[情報] Core U5 245KF 245K 降價 $6350起,https://www.ptt.cc/bbs/PC_Shopping/M.1759555708.A.4B4.html,推,"遊戲1080P還是9600X略強, 2K/4K差距無感",10/04/2025,7617,True,中立
CPU,Intel Core Ultra 5 245K,Intel,Core Ultra 5,型號(情報),[情報] Core U5 245KF 245K 降價 $6350起,https://www.ptt.cc/bbs/PC_Shopping/M.1759555708.A.4B4.html,→,這顆打遊戲不如12~14,10/04/2025,7624,True,負評
CPU,Intel Core Ultra 5 245K,Intel,Core Ultra 5,型號(情報),[情報] Core U5 245KF 245K 降價 $6350起,https://www.ptt.cc/bbs/PC_Shopping/M.1759555708.A.4B4.html,→,沒多執行緒 也不是都大核,10/04/2025,7627,True,中立
CPU,Intel Core Ultra 5 245K,Intel,Core Ultra 5,型號(情報),[情報] Core U5 245KF 245K 降價 $6350起,https://www.ptt.cc/bbs/PC_Shopping/M.1759555708.A.4B4.html,推,開VM模擬器 不要選大小核的,10/04/2025,7628,True,中立
CPU,Intel Core Ultra 5 245K,Intel,Core Ultra 5,型號(情報),[情報] Core U5 245KF 245K 降價 $6350起,https://www.ptt.cc/bbs/PC_Shopping/M.1759555708.A.4B4.html,→,"跟13600K應該是差不多, 或微輸1~2% (1080P",10/04/2025,7629,True,中立
CPU,Intel Core Ultra 5 245K,Intel,Core Ultra 5,型號(情報),[情報] Core U5 245KF 245K 降價 $6350起,https://www.ptt.cc/bbs/PC_Shopping/M.1759555708.A.4B4.html,推,只看價格有點微妙 還是稍微偏高一點,10/04/2025,7633,True,中立
CPU,Intel Core Ultra 5 245K,Intel,Core Ultra 5,型號(情報),[情報] Core U5 245KF 245K 降價 $6350起,https://www.ptt.cc/bbs/PC_Shopping/M.1759555708.A.4B4.html,推,245k性能記得是跟9700x差不多的，這價,10/04/2025,7639,True,中立
CPU,Intel Core Ultra 5 245K,Intel,Core Ultra 5,型號(情報),[情報] Core U5 245KF 245K 降價 $6350起,https://www.ptt.cc/bbs/PC_Shopping/M.1759555708.A.4B4.html,推,記得是跑分差不多，遊戲性能就差很多了,10/04/2025,7640,True,中立
CPU,Intel Core Ultra 5 245K,Intel,Core Ultra 5,型號(情報),[情報] Core U5 245KF 245K 降價 $6350起,https://www.ptt.cc/bbs/PC_Shopping/M.1759555708.A.4B4.html,推,這價格可以了WiFi 就自己解決吧。淘寶,10/04/2025,7655,True,中立
CPU,Intel Core Ultra 5 245K,Intel,Core Ultra 5,型號(情報),[情報] Core U5 245KF 245K 降價 $6350起,https://www.ptt.cc/bbs/PC_Shopping/M.1759555708.A.4B4.html,→,點 / 245K生產力強一點,10/04/2025,7671,True,中立
CPU,Intel Core Ultra 5 245K,Intel,Core Ultra 5,型號(情報),[情報] Core U5 245KF 245K 降價 $6350起,https://www.ptt.cc/bbs/PC_Shopping/M.1759555708.A.4B4.html,→,7700比245K遊戲強5% (1080P),10/04/2025,7673,True,中立
CPU,Intel Core Ultra 5 245K,Intel,Core Ultra 5,型號(情報),[情報] Core U5 245KF 245K 降價 $6350起,https://www.ptt.cc/bbs/PC_Shopping/M.1759555708.A.4B4.html,→,245K生產力比7700強9%,10/04/2025,7674,True,中立
CPU,Intel Core Ultra 5 245K,Intel,Core Ultra 5,型號(情報),[情報] Core U5 245KF 245K 降價 $6350起,https://www.ptt.cc/bbs/PC_Shopping/M.1759555708.A.4B4.html,推,245K終究是R5等級的東西,10/04/2025,7679,True,中立
CPU,Intel Core Ultra 5 245K,Intel,Core Ultra 5,型號(情報),[情報] Core U5 245KF 245K 降價 $6350起,https://www.ptt.cc/bbs/PC_Shopping/M.1759555708.A.4B4.html,→,跑分用小核心騙出來的 參考參考就好了,10/04/2025,7680,True,中立
CPU,Intel Core Ultra 5 245K,Intel,Core Ultra 5,型號(情報),[情報] Core U5 245KF 245K 降價 $6350起,https://www.ptt.cc/bbs/PC_Shopping/M.1759555708.A.4B4.html,→,6大核實用性還是輸完整8大核的7700啦,10/04/2025,7682,True,中立
CPU,Intel Core Ultra 5 245K,Intel,Core Ultra 5,型號(情報),[情報] Core U5 245KF 245K 降價 $6350起,https://www.ptt.cc/bbs/PC_Shopping/M.1759555708.A.4B4.html,→,樣在多核跑分上面會很無敵，就像加法，,10/04/2025,7686,True,正評
CPU,Intel Core Ultra 5 245K,Intel,Core Ultra 5,型號(情報),[情報] Core U5 245KF 245K 降價 $6350起,https://www.ptt.cc/bbs/PC_Shopping/M.1759555708.A.4B4.html,→,每次跑ffmpeg都給我用E核跑 快氣死我,10/04/2025,7693,True,負評
CPU,Intel Core Ultra 5 245K,Intel,Core Ultra 5,型號(情報),[情報] Core U5 245KF 245K 降價 $6350起,https://www.ptt.cc/bbs/PC_Shopping/M.1759555708.A.4B4.html,→,這價格還挺有競爭力的,10/04/2025,7694,True,中立
CPU,Intel Core Ultra 5 245K,Intel,Core Ultra 5,型號(情報),[情報] Core U5 245KF 245K 降價 $6350起,https://www.ptt.cc/bbs/PC_Shopping/M.1759555708.A.4B4.html,→,如果你買專門拿來跑分的電腦 就會比較強,10/04/2025,7701,True,中立
CPU,Intel Core Ultra 5 245K,Intel,Core Ultra 5,型號(情報),[情報] Core U5 245KF 245K 降價 $6350起,https://www.ptt.cc/bbs/PC_Shopping/M.1759555708.A.4B4.html,→,如果是純打遊戲，那它沒有9600X好用，,10/04/2025,7704,True,負評
CPU,Intel Core Ultra 5 245K,Intel,Core Ultra 5,型號(情報),[情報] Core U5 245KF 245K 降價 $6350起,https://www.ptt.cc/bbs/PC_Shopping/M.1759555708.A.4B4.html,→,模擬器Intel 輸AMD好幾條街吧，這種小,10/04/2025,7706,True,正評
CPU,Intel Core Ultra 5 245K,Intel,Core Ultra 5,型號(情報),[情報] Core U5 245KF 245K 降價 $6350起,https://www.ptt.cc/bbs/PC_Shopping/M.1759555708.A.4B4.html,→,然不夠便宜但是相對7700來說，更強的單,10/04/2025,7708,True,中立
CPU,Intel Core Ultra 5 245K,Intel,Core Ultra 5,型號(情報),[情報] Core U5 245KF 245K 降價 $6350起,https://www.ptt.cc/bbs/PC_Shopping/M.1759555708.A.4B4.html,→,核多工效能一樣就是少2核。,10/04/2025,7709,True,中立
CPU,Intel Core Ultra 5 245K,Intel,Core Ultra 5,型號(情報),[情報] Core U5 245KF 245K 降價 $6350起,https://www.ptt.cc/bbs/PC_Shopping/M.1759555708.A.4B4.html,→,我個人買來是覺得他sata位置很爛,10/04/2025,7717,True,負評
CPU,Intel Core Ultra 5 245K,Intel,Core Ultra 5,型號(情報),[情報] Core U5 245KF 245K 降價 $6350起,https://www.ptt.cc/bbs/PC_Shopping/M.1759555708.A.4B4.html,推,據說PS3模擬器會用AVX-512，ICU缺AVX-512,10/04/2025,7719,True,中立
CPU,Intel Core Ultra 5 245K,Intel,Core Ultra 5,型號(情報),[情報] Core U5 245KF 245K 降價 $6350起,https://www.ptt.cc/bbs/PC_Shopping/M.1759555708.A.4B4.html,推,"avx512都預設關閉了吧,不開少的效能",10/04/2025,7720,True,中立
CPU,Intel Core Ultra 5 245K,Intel,Core Ultra 5,型號(情報),[情報] Core U5 245KF 245K 降價 $6350起,https://www.ptt.cc/bbs/PC_Shopping/M.1759555708.A.4B4.html,→,靠cpu本身效能提升硬幹就好,10/04/2025,7721,True,中立
CPU,Intel Core Ultra 5 245K,Intel,Core Ultra 5,型號(情報),[情報] Core U5 245KF 245K 降價 $6350起,https://www.ptt.cc/bbs/PC_Shopping/M.1759555708.A.4B4.html,→,245K$6950可以比下9600X/7700了，遊戲同級,10/04/2025,7723,True,正評
CPU,Intel Core Ultra 5 245K,Intel,Core Ultra 5,型號(情報),[情報] Core U5 245KF 245K 降價 $6350起,https://www.ptt.cc/bbs/PC_Shopping/M.1759555708.A.4B4.html,→,但其他都強不少，而且這代內顯很強,10/04/2025,7724,True,中立
CPU,Intel Core Ultra 5 245K,Intel,Core Ultra 5,型號(情報),[情報] Core U5 245KF 245K 降價 $6350起,https://www.ptt.cc/bbs/PC_Shopping/M.1759555708.A.4B4.html,推,遊戲和9600X同級，其他應用都比較強,10/04/2025,7726,True,正評
CPU,Intel Core Ultra 5 245K,Intel,Core Ultra 5,型號(情報),[情報] Core U5 245KF 245K 降價 $6350起,https://www.ptt.cc/bbs/PC_Shopping/M.1759555708.A.4B4.html,推,縮得沒錯 被攻擊針對的HT跟需要暖機的,10/04/2025,7732,True,負評
CPU,Intel Core Ultra 5 245K,Intel,Core Ultra 5,型號(情報),[情報] Core U5 245KF 245K 降價 $6350起,https://www.ptt.cc/bbs/PC_Shopping/M.1759555708.A.4B4.html,→,intel 現在贏的點就是QSV，有用到這個i,10/04/2025,7744,True,中立
CPU,Intel Core Ultra 5 245K,Intel,Core Ultra 5,型號(情報),[情報] Core U5 245KF 245K 降價 $6350起,https://www.ptt.cc/bbs/PC_Shopping/M.1759555708.A.4B4.html,→,得了R7等級的U了，甚至可以上R9,10/05/2025,7754,True,中立
CPU,Intel Core Ultra 5 245K,Intel,Core Ultra 5,型號(情報),[情報] Core U5 245KF 245K 降價 $6350起,https://www.ptt.cc/bbs/PC_Shopping/M.1759555708.A.4B4.html,→,這就是性價比啊，哪來沒有性價比了,10/05/2025,7755,True,正評
CPU,Intel Core Ultra 5 245K,Intel,Core Ultra 5,型號(情報),[情報] Core U5 245KF 245K 降價 $6350起,https://www.ptt.cc/bbs/PC_Shopping/M.1759555708.A.4B4.html,→,15代也不需要很貴的板子吧，性價比不輸AMD,10/05/2025,7757,True,中立
CPU,Intel Core Ultra 5 245K,Intel,Core Ultra 5,型號(情報),[情報] Core U5 245KF 245K 降價 $6350起,https://www.ptt.cc/bbs/PC_Shopping/M.1759555708.A.4B4.html,推,那個gpt結果有問題吧，245k基本上只有跑,10/05/2025,7762,True,中立
CPU,Intel Core Ultra 5 245K,Intel,Core Ultra 5,型號(情報),[情報] Core U5 245KF 245K 降價 $6350起,https://www.ptt.cc/bbs/PC_Shopping/M.1759555708.A.4B4.html,→,分贏97x，生產力幾乎差不多，遊戲97x大,10/05/2025,7763,True,中立
CPU,Intel Core Ultra 5 245K,Intel,Core Ultra 5,型號(情報),[情報] Core U5 245KF 245K 降價 $6350起,https://www.ptt.cc/bbs/PC_Shopping/M.1759555708.A.4B4.html,推,先前測試過U5 245K對比R7 9700X的效能,10/05/2025,7766,True,中立
CPU,Intel Core Ultra 5 245K,Intel,Core Ultra 5,型號(情報),[情報] Core U5 245KF 245K 降價 $6350起,https://www.ptt.cc/bbs/PC_Shopping/M.1759555708.A.4B4.html,推,不對啊，樓上風大測試245K壓著97打。,10/05/2025,7769,True,中立
CPU,Intel Core Ultra 5 245K,Intel,Core Ultra 5,型號(情報),[情報] Core U5 245KF 245K 降價 $6350起,https://www.ptt.cc/bbs/PC_Shopping/M.1759555708.A.4B4.html,→,很不錯了，看你日常怎麼問跟訓練他，然,10/05/2025,7771,True,正評
CPU,Intel Core Ultra 5 245K,Intel,Core Ultra 5,型號(情報),[情報] Core U5 245KF 245K 降價 $6350起,https://www.ptt.cc/bbs/PC_Shopping/M.1759555708.A.4B4.html,→,總之245K 降價後就能跟 9600X 還有 970,10/05/2025,7774,True,中立
CPU,Intel Core Ultra 5 245K,Intel,Core Ultra 5,型號(情報),[情報] Core U5 245KF 245K 降價 $6350起,https://www.ptt.cc/bbs/PC_Shopping/M.1759555708.A.4B4.html,→,不堆大核，就算熱，可以做像冷氣那樣高密,10/07/2025,7782,True,中立
CPU,Intel Core Ultra 5 245K,Intel,Core Ultra 5,型號(情報),[情報] Core U5 245KF 245K 降價 $6350起,https://www.ptt.cc/bbs/PC_Shopping/M.1759555708.A.4B4.html,→,認知也差太多 ICU 就是跑分嚇死人 遊戲,10/07/2025,7791,True,中立
CPU,Intel Core Ultra 5 245K,Intel,Core Ultra 5,型號(情報),[情報] Core U5 245KF 245K 降價 $6350起,https://www.ptt.cc/bbs/PC_Shopping/M.1759555708.A.4B4.html,→,性能笑死人 多看看其他家評測 1080p 一,10/07/2025,7792,True,負評
CPU,Intel Core Ultra 5 245K,Intel,Core Ultra 5,型號(情報),[情報] Core U5 245KF 245K 降價 $6350起,https://www.ptt.cc/bbs/PC_Shopping/M.1759555708.A.4B4.html,→,生產力、溫度、功耗等其他面向。,10/08/2025,7811,True,中立
CPU,Intel Core Ultra 5 245K,Intel,Core Ultra 5,型號,[測試] Intel 245K搭載MSI Z890 0x114 vs 9700X,https://www.ptt.cc/bbs/PC_Shopping/M.1741170489.A.655.html,推,板子貴太多 台灣U價格搭板265K跟9700X差,03/05/2025,7813,True,中立
CPU,Intel Core Ultra 5 245K,Intel,Core Ultra 5,型號,[測試] Intel 245K搭載MSI Z890 0x114 vs 9700X,https://www.ptt.cc/bbs/PC_Shopping/M.1741170489.A.655.html,推,15代記憶體控制器硬傷，等下一代,03/05/2025,7819,True,負評
CPU,Intel Core Ultra 5 245K,Intel,Core Ultra 5,型號,[測試] Intel 245K搭載MSI Z890 0x114 vs 9700X,https://www.ptt.cc/bbs/PC_Shopping/M.1741170489.A.655.html,→,PS/2是直接送一個IRQ，XOC穩定性高很多,03/05/2025,7828,True,正評
CPU,Intel Core Ultra 5 245K,Intel,Core Ultra 5,型號,[測試] Intel 245K搭載MSI Z890 0x114 vs 9700X,https://www.ptt.cc/bbs/PC_Shopping/M.1741170489.A.655.html,推,該去買245了 你們太多了跑來AMD 害AMD變貴,03/05/2025,7833,True,正評
CPU,Intel Core Ultra 5 245K,Intel,Core Ultra 5,型號,[測試] Intel 245K搭載MSI Z890 0x114 vs 9700X,https://www.ptt.cc/bbs/PC_Shopping/M.1741170489.A.655.html,→,封裝問題卡住性能發揮，可惜了,03/05/2025,7835,True,負評
CPU,Intel Core Ultra 5 245K,Intel,Core Ultra 5,型號,[測試] Intel 245K搭載MSI Z890 0x114 vs 9700X,https://www.ptt.cc/bbs/PC_Shopping/M.1741170489.A.655.html,→,所以245K基本算搶救成功 ? 接近9700X全預,03/06/2025,7838,True,中立
CPU,Intel Core Ultra 7 265KF,Intel,Core Ultra 7,型號(情報),[情報] 美國 Ultra 7 265K 265KF 降價送水冷,https://www.ptt.cc/bbs/PC_Shopping/M.1759803525.A.A01.html,→,印特爾說u2 cp值超高 現在降價 直接飛,10/07/2025,7847,True,正評
CPU,Intel Core Ultra 7 265KF,Intel,Core Ultra 7,型號(情報),[情報] 美國 Ultra 7 265K 265KF 降價送水冷,https://www.ptt.cc/bbs/PC_Shopping/M.1759803525.A.A01.html,推,265K賣這價挺不錯了,10/07/2025,7853,True,正評
CPU,Intel Core Ultra 7 265KF,Intel,Core Ultra 7,型號(情報),[情報] 美國 Ultra 7 265K 265KF 降價送水冷,https://www.ptt.cc/bbs/PC_Shopping/M.1759803525.A.A01.html,推,台幣7500很可以了 比7700強 生產遊,10/07/2025,7861,True,正評
CPU,Intel Core Ultra 7 265KF,Intel,Core Ultra 7,型號(情報),[情報] 美國 Ultra 7 265K 265KF 降價送水冷,https://www.ptt.cc/bbs/PC_Shopping/M.1759803525.A.A01.html,推,價格不錯啊 買一代撐5年那種可以,10/07/2025,7863,True,中立
CPU,Intel Core Ultra 7 265KF,Intel,Core Ultra 7,型號(情報),[情報] 美國 Ultra 7 265K 265KF 降價送水冷,https://www.ptt.cc/bbs/PC_Shopping/M.1759803525.A.A01.html,→,265K也沒熱到需要上水吧,10/07/2025,7864,True,中立
CPU,Intel Core Ultra 7 265KF,Intel,Core Ultra 7,型號(情報),[情報] 美國 Ultra 7 265K 265KF 降價送水冷,https://www.ptt.cc/bbs/PC_Shopping/M.1759803525.A.A01.html,→,265K還是裝水冷比較好，日本某YT有用技,10/10/2025,7875,True,中立
CPU,Intel Core Ultra 7 265KF,Intel,Core Ultra 7,型號(情報),[情報] 美國 Ultra 7 265K 265KF 降價送水冷,https://www.ptt.cc/bbs/PC_Shopping/M.1759803525.A.A01.html,→,"嘉的Z890開ultra turbo mode,LV3可以衝",10/10/2025,7876,True,中立
CPU,Intel Core Ultra 7 265KF,Intel,Core Ultra 7,型號(情報),[情報] 美國 Ultra 7 265K 265KF 降價送水冷,https://www.ptt.cc/bbs/PC_Shopping/M.1759803525.A.A01.html,→,不過即使沒開測滿載也可以測到接近300w,10/10/2025,7877,True,中立
CPU,Intel Core Ultra 7 265KF,Intel,Core Ultra 7,型號(情報),[情報] 美亞Intel 265KF再降價+120F流出？,https://www.ptt.cc/bbs/PC_Shopping/M.1750478355.A.49E.html,→,"265K降到7990單賣就可以了吧, 根本不用",06/21/2025,7910,True,中立
CPU,Intel Core Ultra 7 265KF,Intel,Core Ultra 7,型號(情報),[情報] 美亞Intel 265KF再降價+120F流出？,https://www.ptt.cc/bbs/PC_Shopping/M.1750478355.A.49E.html,→,換5900XT不會毫無意義啦，這顆實際上是5,06/21/2025,7924,True,中立
CPU,Intel Core Ultra 7 265KF,Intel,Core Ultra 7,型號(情報),[情報] 美亞Intel 265KF再降價+120F流出？,https://www.ptt.cc/bbs/PC_Shopping/M.1750478355.A.49E.html,推,"265k搭配精奧z890, cp值都有了",06/21/2025,7929,True,正評
CPU,Intel Core Ultra 7 265KF,Intel,Core Ultra 7,型號(情報),[情報] 美亞Intel 265KF再降價+120F流出？,https://www.ptt.cc/bbs/PC_Shopping/M.1750478355.A.49E.html,→,大概要Z890跌到4990一張才值得買吧。,06/21/2025,7930,True,中立
CPU,Intel Core Ultra 7 265KF,Intel,Core Ultra 7,型號(情報),[情報] 美亞Intel 265KF再降價+120F流出？,https://www.ptt.cc/bbs/PC_Shopping/M.1750478355.A.49E.html,→,265K要搭z890來超 沒超很爛 但z890很貴,06/21/2025,7940,True,中立
CPU,Intel Core Ultra 7 265KF,Intel,Core Ultra 7,型號(情報),[情報] 美亞Intel 265KF再降價+120F流出？,https://www.ptt.cc/bbs/PC_Shopping/M.1750478355.A.49E.html,推,腳位都要改了誰還買這個啊...就算是I 粉也,06/21/2025,7944,True,負評
CPU,Intel Core Ultra 7 265KF,Intel,Core Ultra 7,型號(情報),[情報] 美亞Intel 265KF再降價+120F流出？,https://www.ptt.cc/bbs/PC_Shopping/M.1750478355.A.49E.html,推,板子降下來我幫人家組文書機時會考慮,06/22/2025,7955,True,中立
CPU,Intel Core Ultra 7 265KF,Intel,Core Ultra 7,型號(情報),[情報] 美亞Intel 265KF再降價+120F流出？,https://www.ptt.cc/bbs/PC_Shopping/M.1750478355.A.49E.html,推,板子+U 6990不能再高了反正是免洗架構,06/22/2025,7959,True,負評
CPU,Intel Core Ultra 7 265KF,Intel,Core Ultra 7,型號(情報),[情報] 美亞Intel 265KF再降價+120F流出？,https://www.ptt.cc/bbs/PC_Shopping/M.1750478355.A.49E.html,→,免洗 只存在一個世代的腳位用料好的板,06/22/2025,7960,True,中立
CPU,Intel Core Ultra 7 265KF,Intel,Core Ultra 7,型號(情報),[情報] 美亞Intel 265KF再降價+120F流出？,https://www.ptt.cc/bbs/PC_Shopping/M.1750478355.A.49E.html,→,還是免洗 這是先天Intel自殘設計代價,06/22/2025,7961,True,負評
CPU,Intel Core Ultra 7 265KF,Intel,Core Ultra 7,型號(情報),[情報] 美亞Intel 265KF再降價+120F流出？,https://www.ptt.cc/bbs/PC_Shopping/M.1750478355.A.49E.html,→,Intel CPU沒長進，只想換腳位。不如買AM,06/23/2025,7968,True,負評
CPU,Intel Core Ultra 7 265KF,Intel,Core Ultra 7,型號(情報),[情報] U7 265KF U7 265K 搭華擎特價活動,https://www.ptt.cc/bbs/PC_Shopping/M.1745992089.A.CBE.html,推,還行。在殺一點點有點可能變香,04/30/2025,7980,True,中立
CPU,Intel Core Ultra 7 265KF,Intel,Core Ultra 7,型號(情報),[情報] U7 265KF U7 265K 搭華擎特價活動,https://www.ptt.cc/bbs/PC_Shopping/M.1745992089.A.CBE.html,→,只有U降 板不降 一點用都沒有,04/30/2025,7986,True,負評
CPU,Intel Core Ultra 7 265KF,Intel,Core Ultra 7,型號(情報),[情報] U7 265KF U7 265K 搭華擎特價活動,https://www.ptt.cc/bbs/PC_Shopping/M.1745992089.A.CBE.html,→,"15~15.5K, 才值得買",04/30/2025,7988,True,正評
CPU,Intel Core Ultra 7 265KF,Intel,Core Ultra 7,型號(情報),[情報] U7 265KF U7 265K 搭華擎特價活動,https://www.ptt.cc/bbs/PC_Shopping/M.1745992089.A.CBE.html,推,別買 板廠繼續押寶ICU 活該,04/30/2025,7993,True,負評
CPU,Intel Core Ultra 7 265KF,Intel,Core Ultra 7,型號(情報),[情報] U7 265KF U7 265K 搭華擎特價活動,https://www.ptt.cc/bbs/PC_Shopping/M.1745992089.A.CBE.html,推,U貴 板貴 效能輸 又捨不得跳水 慘,04/30/2025,8002,True,負評
CPU,Intel Core Ultra 7 265KF,Intel,Core Ultra 7,型號(情報),[情報] U7 265KF U7 265K 搭華擎特價活動,https://www.ptt.cc/bbs/PC_Shopping/M.1745992089.A.CBE.html,推,CPU+板1萬的話我覺得可以考慮啦,04/30/2025,8007,True,正評
CPU,Intel Core Ultra 7 265KF,Intel,Core Ultra 7,型號(情報),[情報] U7 265KF U7 265K 搭華擎特價活動,https://www.ptt.cc/bbs/PC_Shopping/M.1745992089.A.CBE.html,推,ICU+火燒板 頂中之頂,04/30/2025,8016,True,負評
CPU,Intel Core Ultra 7 265KF,Intel,Core Ultra 7,型號(情報),[情報] U7 265KF U7 265K 搭華擎特價活動,https://www.ptt.cc/bbs/PC_Shopping/M.1745992089.A.CBE.html,→,至少要能跟147+z790打,04/30/2025,8017,True,中立
CPU,Intel Core Ultra 7 265KF,Intel,Core Ultra 7,型號(情報),[情報] U7 265KF U7 265K 搭華擎特價活動,https://www.ptt.cc/bbs/PC_Shopping/M.1745992089.A.CBE.html,推,太貴了，小數點進一位才可以考慮,04/30/2025,8020,True,負評
CPU,Intel Core Ultra 7 265KF,Intel,Core Ultra 7,型號(情報),[情報] U7 265KF U7 265K 搭華擎特價活動,https://www.ptt.cc/bbs/PC_Shopping/M.1745992089.A.CBE.html,推,接口超級多啊 雖然一般用戶也用不到,04/30/2025,8023,True,中立
CPU,Intel Core Ultra 7 265KF,Intel,Core Ultra 7,型號(情報),[情報] U7 265KF U7 265K 搭華擎特價活動,https://www.ptt.cc/bbs/PC_Shopping/M.1745992089.A.CBE.html,→,"不是超頻關係, 是B860無法調整ngu/d2d頻率",04/30/2025,8025,True,負評
CPU,Intel Core Ultra 7 265KF,Intel,Core Ultra 7,型號(情報),[情報] U7 265KF U7 265K 搭華擎特價活動,https://www.ptt.cc/bbs/PC_Shopping/M.1745992089.A.CBE.html,→,結果ICU內顯也沒特別強,05/01/2025,8041,True,中立
CPU,Intel Core Ultra 7 265KF,Intel,Core Ultra 7,型號(情報),[情報] 微星 Z890 + 265K 265KF 促銷,https://www.ptt.cc/bbs/PC_Shopping/M.1745804861.A.C13.html,→,會供電不夠直接當機嗎，感覺這次cpu不,04/28/2025,8048,True,中立
CPU,Intel Core Ultra 7 265KF,Intel,Core Ultra 7,型號(情報),[情報] 微星 Z890 + 265K 265KF 促銷,https://www.ptt.cc/bbs/PC_Shopping/M.1745804861.A.C13.html,→,265K+Z板 $16K或是 265K+B板 $14K才值得買,04/28/2025,8051,True,正評
CPU,Intel Core Ultra 7 265KF,Intel,Core Ultra 7,型號(情報),[情報] 微星 Z890 + 265K 265KF 促銷,https://www.ptt.cc/bbs/PC_Shopping/M.1745804861.A.C13.html,→,只有一代壽命還賣10K以上 買到撞到,04/28/2025,8061,True,負評
CPU,Intel Core Ultra 7 265KF,Intel,Core Ultra 7,型號(情報),[情報] Core Ultra 7 265KF 專案降售$8800,https://www.ptt.cc/bbs/PC_Shopping/M.1743553547.A.35B.html,→,的爛 大家都知道，diy還會選icu嗎？板,04/02/2025,8070,True,負評
CPU,Intel Core Ultra 7 265KF,Intel,Core Ultra 7,型號(情報),[情報] Core Ultra 7 265KF 專案降售$8800,https://www.ptt.cc/bbs/PC_Shopping/M.1743553547.A.35B.html,推,如果不需硬配Z板，這價格就還行了,04/02/2025,8072,True,中立
CPU,Intel Core Ultra 7 265KF,Intel,Core Ultra 7,型號(情報),[情報] Core Ultra 7 265KF 專案降售$8800,https://www.ptt.cc/bbs/PC_Shopping/M.1743553547.A.35B.html,推,不要，寧組x800x3d，二手槓槓還不被笑,04/02/2025,8093,True,負評
CPU,Intel Core Ultra 7 265KF,Intel,Core Ultra 7,型號(情報),[情報] Core Ultra 7 265KF 專案降售$8800,https://www.ptt.cc/bbs/PC_Shopping/M.1743553547.A.35B.html,→,沒出，比上一代還差勁。,04/02/2025,8104,True,負評
CPU,Intel Core Ultra 7 265KF,Intel,Core Ultra 7,型號(情報),[情報] Core Ultra 7 265KF 專案降售$8800,https://www.ptt.cc/bbs/PC_Shopping/M.1743553547.A.35B.html,→,"沒3D封裝技術真的爆死, 假設265K L3增加到",04/02/2025,8114,True,負評
CPU,Intel Core Ultra 7 265KF,Intel,Core Ultra 7,型號(情報),[情報] Core Ultra 7 265KF 專案降售$8800,https://www.ptt.cc/bbs/PC_Shopping/M.1743553547.A.35B.html,→,絕對不可能遊戲性能這麼慘,04/02/2025,8116,True,負評
CPU,Intel Core Ultra 7 265KF,Intel,Core Ultra 7,型號(情報),[情報] Core Ultra 7 265KF 專案降售$8800,https://www.ptt.cc/bbs/PC_Shopping/M.1743553547.A.35B.html,推,ICU跟Zen5比沒到那麼爛 可是13.14代太,04/02/2025,8126,True,中立
CPU,Intel Core Ultra 7 265KF,Intel,Core Ultra 7,型號(情報),[情報] Core Ultra 7 265KF 專案降售$8800,https://www.ptt.cc/bbs/PC_Shopping/M.1743553547.A.35B.html,推,腳位是還好 問題核心還是CPU太盤,04/02/2025,8143,True,負評
CPU,Intel Core Ultra 7 265KF,Intel,Core Ultra 7,型號(情報),[情報] Core Ultra 7 265KF 專案降售$8800,https://www.ptt.cc/bbs/PC_Shopping/M.1743553547.A.35B.html,→,卡 這二個最容易壞的 撐不了10年,04/02/2025,8149,True,負評
CPU,Intel Core Ultra 7 265KF,Intel,Core Ultra 7,型號(情報),[情報] Core Ultra 7 265KF 專案降售$8800,https://www.ptt.cc/bbs/PC_Shopping/M.1743553547.A.35B.html,→,只能搭高價主板.呵呵,04/02/2025,8163,True,負評
CPU,Intel Core Ultra 7 265KF,Intel,Core Ultra 7,型號(情報),[情報] Core Ultra 7 265KF 專案降售$8800,https://www.ptt.cc/bbs/PC_Shopping/M.1743553547.A.35B.html,推,有問題吧，記憶體控制器硬傷,04/02/2025,8166,True,負評
CPU,Intel Core Ultra 7 265KF,Intel,Core Ultra 7,型號(情報),[情報] Core Ultra 7 265KF 專案降售$8800,https://www.ptt.cc/bbs/PC_Shopping/M.1743553547.A.35B.html,推,"架構問題,無解,只能靠高頻記憶體彌補",04/02/2025,8167,True,負評
CPU,Intel Core Ultra 7 265KF,Intel,Core Ultra 7,型號(情報),[情報] Core Ultra 7 265KF 專案降售$8800,https://www.ptt.cc/bbs/PC_Shopping/M.1743553547.A.35B.html,推,可惜要搭Z板不然感覺還不錯 9600X 的價,04/02/2025,8169,True,中立
CPU,Intel Core Ultra 7 265KF,Intel,Core Ultra 7,型號(情報),[情報] Core Ultra 7 265KF 專案降售$8800,https://www.ptt.cc/bbs/PC_Shopping/M.1743553547.A.35B.html,→,格 配上 9700X 的效能外加更省電,04/02/2025,8170,True,正評
CPU,Intel Core Ultra 7 265KF,Intel,Core Ultra 7,型號(情報),[情報] Core Ultra 7 265KF 專案降售$8800,https://www.ptt.cc/bbs/PC_Shopping/M.1743553547.A.35B.html,推,ICU除了省電一無是處,04/02/2025,8177,True,負評
CPU,Intel Core Ultra 7 265KF,Intel,Core Ultra 7,型號(情報),[情報] Core Ultra 7 265KF 專案降售$8800,https://www.ptt.cc/bbs/PC_Shopping/M.1743553547.A.35B.html,→,打不過，除了不會縮缸也沒有優點了。,04/02/2025,8179,True,負評
CPU,Intel Core Ultra 7 265KF,Intel,Core Ultra 7,型號(情報),[情報] Core Ultra 7 265KF 專案降售$8800,https://www.ptt.cc/bbs/PC_Shopping/M.1743553547.A.35B.html,→,不是還有延遲效能問提需要BIOS修正?,04/04/2025,8184,True,中立
CPU,Intel Core Ultra 7 265KF,Intel,Core Ultra 7,型號(情報),[情報] Core Ultra 7 265KF 專案降售$8800,https://www.ptt.cc/bbs/PC_Shopping/M.1743553547.A.35B.html,→,這一代就是求穩，但就是過渡產品，INTE,04/07/2025,8185,True,中立
CPU,Intel Core Ultra 7 265KF,Intel,Core Ultra 7,型號(情報),[情報] 欣亞265KF+Z890+32*2+ GEN4 2T $22290,https://www.ptt.cc/bbs/PC_Shopping/M.1742800145.A.9B7.html,推,價格對了 iCU也香的起來,03/24/2025,8191,True,正評
CPU,Intel Core Ultra 7 265KF,Intel,Core Ultra 7,型號(情報),[情報] 欣亞265KF+Z890+32*2+ GEN4 2T $22290,https://www.ptt.cc/bbs/PC_Shopping/M.1742800145.A.9B7.html,→,"不香吧, 除非綁正常貨 6000 CL30 / T500或",03/24/2025,8194,True,負評
CPU,Intel Core Ultra 7 265KF,Intel,Core Ultra 7,型號(情報),[情報] 欣亞265KF+Z890+32*2+ GEN4 2T $22290,https://www.ptt.cc/bbs/PC_Shopping/M.1742800145.A.9B7.html,推,"不過以生產力為主的, 推薦, 扣除32*2 / 2T",03/24/2025,8203,True,正評
CPU,Intel Core Ultra 7 265KF,Intel,Core Ultra 7,型號(情報),[情報] 欣亞265KF+Z890+32*2+ GEN4 2T $22290,https://www.ptt.cc/bbs/PC_Shopping/M.1742800145.A.9B7.html,→,"比9900X還便宜, 主機板等於白送你",03/24/2025,8207,True,中立
CPU,Intel Core Ultra 7 265KF,Intel,Core Ultra 7,型號(情報),[情報] 欣亞265KF+Z890+32*2+ GEN4 2T $22290,https://www.ptt.cc/bbs/PC_Shopping/M.1742800145.A.9B7.html,推,但凡icu的單核效能別這麼差都沒這麼難賣,03/24/2025,8211,True,負評
CPU,Intel Core Ultra 7 265KF,Intel,Core Ultra 7,型號(情報),[情報] 欣亞265KF+Z890+32*2+ GEN4 2T $22290,https://www.ptt.cc/bbs/PC_Shopping/M.1742800145.A.9B7.html,→,對用PR的剪輯師來說 蠻划的ㄅ,03/24/2025,8215,True,正評
CPU,Intel Core Ultra 7 265KF,Intel,Core Ultra 7,型號(情報),[情報] 欣亞265KF+Z890+32*2+ GEN4 2T $22290,https://www.ptt.cc/bbs/PC_Shopping/M.1742800145.A.9B7.html,→,不錯啦，而且這代intel功耗是真的低，,03/24/2025,8220,True,正評
CPU,Intel Core Ultra 7 265KF,Intel,Core Ultra 7,型號(情報),[情報] 欣亞265KF+Z890+32*2+ GEN4 2T $22290,https://www.ptt.cc/bbs/PC_Shopping/M.1742800145.A.9B7.html,→,跑遊戲大概amd的一半而已,03/24/2025,8221,True,負評
CPU,Intel Core Ultra 7 265KF,Intel,Core Ultra 7,型號(情報),[情報] 欣亞265KF+Z890+32*2+ GEN4 2T $22290,https://www.ptt.cc/bbs/PC_Shopping/M.1742800145.A.9B7.html,推,除了臭打FPS 其他我是覺得還好,03/24/2025,8223,True,中立
CPU,Intel Core Ultra 7 265KF,Intel,Core Ultra 7,型號(情報),[情報] 欣亞265KF+Z890+32*2+ GEN4 2T $22290,https://www.ptt.cc/bbs/PC_Shopping/M.1742800145.A.9B7.html,→,生產力用應該還可以吧??,03/24/2025,8233,True,中立
CPU,Intel Core Ultra 7 265KF,Intel,Core Ultra 7,型號(情報),[情報] 欣亞265KF+Z890+32*2+ GEN4 2T $22290,https://www.ptt.cc/bbs/PC_Shopping/M.1742800145.A.9B7.html,推,這價格對有需求的人來說可以拿了,03/24/2025,8237,True,中立
CPU,Intel Core Ultra 7 265KF,Intel,Core Ultra 7,型號(情報),[情報] 欣亞265KF+Z890+32*2+ GEN4 2T $22290,https://www.ptt.cc/bbs/PC_Shopping/M.1742800145.A.9B7.html,→,修圖 剪片之類 又沒辦法上到頂 中價位算對,03/24/2025,8238,True,中立
CPU,Intel Core Ultra 7 265KF,Intel,Core Ultra 7,型號(情報),[情報] 欣亞265KF+Z890+32*2+ GEN4 2T $22290,https://www.ptt.cc/bbs/PC_Shopping/M.1742800145.A.9B7.html,→,然後這類需求要買就買K 別買沒有內顯的,03/24/2025,8241,True,中立
CPU,Intel Core Ultra 7 265KF,Intel,Core Ultra 7,型號(情報),[情報] 欣亞265KF+Z890+32*2+ GEN4 2T $22290,https://www.ptt.cc/bbs/PC_Shopping/M.1742800145.A.9B7.html,推,但純打遊戲 除了特定類型的遊戲 這組確實,03/24/2025,8243,True,中立
CPU,Intel Core Ultra 7 265KF,Intel,Core Ultra 7,型號(情報),[情報] 欣亞265KF+Z890+32*2+ GEN4 2T $22290,https://www.ptt.cc/bbs/PC_Shopping/M.1742800145.A.9B7.html,→,不香 一來是大多數遊戲的記憶體用不到64G,03/24/2025,8244,True,負評
CPU,Intel Core Ultra 7 265KF,Intel,Core Ultra 7,型號(情報),[情報] 欣亞265KF+Z890+32*2+ GEN4 2T $22290,https://www.ptt.cc/bbs/PC_Shopping/M.1742800145.A.9B7.html,推,這包對於純build code的很不錯啊,03/24/2025,8250,True,正評
CPU,Intel Core Ultra 7 265KF,Intel,Core Ultra 7,型號(情報),[情報] 欣亞265KF+Z890+32*2+ GEN4 2T $22290,https://www.ptt.cc/bbs/PC_Shopping/M.1742800145.A.9B7.html,推,CIU2既省電又有NPU，可以了啦,03/24/2025,8252,True,正評
CPU,Intel Core Ultra 7 265KF,Intel,Core Ultra 7,型號(情報),[情報] 欣亞265KF+Z890+32*2+ GEN4 2T $22290,https://www.ptt.cc/bbs/PC_Shopping/M.1742800145.A.9B7.html,推,不是tSMC生產的都是糞,03/24/2025,8254,True,負評
CPU,Intel Core Ultra 7 265KF,Intel,Core Ultra 7,型號(情報),[情報] 欣亞265KF+Z890+32*2+ GEN4 2T $22290,https://www.ptt.cc/bbs/PC_Shopping/M.1742800145.A.9B7.html,推,這價格我絕對不會買，除非對半,03/25/2025,8260,True,負評
CPU,Intel Core Ultra 7 265K,Intel,Core Ultra 7,型號,[閒聊] 265K+z890+DDR5 6000 16Gx2價格23k,https://www.ptt.cc/bbs/PC_Shopping/M.1773395923.A.C9F.html,→,270K功耗跟效能=285K,03/13/2026,8263,True,中立
CPU,Intel Core Ultra 7 265K,Intel,Core Ultra 7,型號,[閒聊] 265K+z890+DDR5 6000 16Gx2價格23k,https://www.ptt.cc/bbs/PC_Shopping/M.1773395923.A.C9F.html,推,270K好像Turbo Boost低了100mhz,03/13/2026,8266,True,中立
CPU,Intel Core Ultra 7 265K,Intel,Core Ultra 7,型號,[閒聊] 265K+z890+DDR5 6000 16Gx2價格23k,https://www.ptt.cc/bbs/PC_Shopping/M.1773395923.A.C9F.html,→,效能應該是非常接近啦,03/13/2026,8267,True,中立
CPU,Intel Core Ultra 7 265K,Intel,Core Ultra 7,型號,[閒聊] 265K+z890+DDR5 6000 16Gx2價格23k,https://www.ptt.cc/bbs/PC_Shopping/M.1773395923.A.C9F.html,→,只能說i家的U真的跌價超大的,03/13/2026,8268,True,中立
CPU,Intel Core Ultra 7 265K,Intel,Core Ultra 7,型號,[閒聊] 265K+z890+DDR5 6000 16Gx2價格23k,https://www.ptt.cc/bbs/PC_Shopping/M.1773395923.A.C9F.html,→,遊戲用的話270k plus會略贏285k，因為周邊頻,03/13/2026,8270,True,中立
CPU,Intel Core Ultra 7 265K,Intel,Core Ultra 7,型號,[閒聊] 265K+z890+DDR5 6000 16Gx2價格23k,https://www.ptt.cc/bbs/PC_Shopping/M.1773395923.A.C9F.html,→,"根據intel ppt遊戲提升15%, 理論上追平",03/13/2026,8283,True,中立
CPU,Intel Core Ultra 7 265K,Intel,Core Ultra 7,型號,[閒聊] 265K+z890+DDR5 6000 16Gx2價格23k,https://www.ptt.cc/bbs/PC_Shopping/M.1773395923.A.C9F.html,推,有提升但是平均絕對沒有15%，也絕對贏不了,03/13/2026,8287,True,負評
CPU,Intel Core Ultra 7 265K,Intel,Core Ultra 7,型號,[閒聊] 265K+z890+DDR5 6000 16Gx2價格23k,https://www.ptt.cc/bbs/PC_Shopping/M.1773395923.A.C9F.html,→,說太保守了 現在270K等於官超,03/14/2026,8290,True,中立
CPU,Intel Core Ultra 7 265K,Intel,Core Ultra 7,型號,[閒聊] 265K+z890+DDR5 6000 16Gx2價格23k,https://www.ptt.cc/bbs/PC_Shopping/M.1773395923.A.C9F.html,→,笑是效能退步的一代，總之，還是等測評出,03/14/2026,8294,True,中立
CPU,Intel Core Ultra 7 265K,Intel,Core Ultra 7,型號,[閒聊] 265K+z890+DDR5 6000 16Gx2價格23k,https://www.ptt.cc/bbs/PC_Shopping/M.1773395923.A.C9F.html,推,看4k表現怎樣 1080p大概還是x3d比較好,03/14/2026,8296,True,中立
CPU,Intel Core Ultra 7 265K,Intel,Core Ultra 7,型號,[閒聊] 265K+z890+DDR5 6000 16Gx2價格23k,https://www.ptt.cc/bbs/PC_Shopping/M.1773395923.A.C9F.html,推,對我這種只玩4K3A，平價又穩定就是首選,03/14/2026,8298,True,正評
CPU,Intel Core Ultra 7 265K,Intel,Core Ultra 7,型號,[閒聊] 265K+z890+DDR5 6000 16Gx2價格23k,https://www.ptt.cc/bbs/PC_Shopping/M.1773395923.A.C9F.html,→,感覺270K比265K性能CP值高不少耶,03/14/2026,8299,True,中立
CPU,Intel Core Ultra 7 265K,Intel,Core Ultra 7,型號,[測試] 風冷-Intel 265K挑戰AMD 9900X搭技嘉5080,https://www.ptt.cc/bbs/PC_Shopping/M.1772017890.A.4A8.html,→,桌面端的CPU能效比輸AMD X3D這幾顆，這顆,02/25/2026,8311,True,負評
CPU,Intel Core Ultra 7 265K,Intel,Core Ultra 7,型號,[測試] 風冷-Intel 265K挑戰AMD 9900X搭技嘉5080,https://www.ptt.cc/bbs/PC_Shopping/M.1772017890.A.4A8.html,→,265k其實不差，工作遊戲均衡的處理器,02/26/2026,8316,True,正評
CPU,Intel Core Ultra 7 265K,Intel,Core Ultra 7,型號,[測試] 風冷-Intel 265K挑戰AMD 9900X搭技嘉5080,https://www.ptt.cc/bbs/PC_Shopping/M.1772017890.A.4A8.html,推,265K的CP值是建立在9700X的售價吧,02/26/2026,8317,True,中立
CPU,Intel Core Ultra 7 265K,Intel,Core Ultra 7,型號,[測試] 風冷-Intel 265K挑戰AMD 9900X搭技嘉5080,https://www.ptt.cc/bbs/PC_Shopping/M.1772017890.A.4A8.html,→,e溫度好像都還比AMD高？,02/26/2026,8322,True,中立
CPU,Intel Core Ultra 7 265K,Intel,Core Ultra 7,型號,[測試] 風冷-Intel 265K挑戰AMD 9900X搭技嘉5080,https://www.ptt.cc/bbs/PC_Shopping/M.1772017890.A.4A8.html,→,INTEL這代初期效能雖輸，但賣不好很大,02/26/2026,8323,True,中立
CPU,Intel Core Ultra 7 265K,Intel,Core Ultra 7,型號,[測試] 風冷-Intel 265K挑戰AMD 9900X搭技嘉5080,https://www.ptt.cc/bbs/PC_Shopping/M.1772017890.A.4A8.html,推,265k用半年了很滿意，風冷就能輕鬆壓,02/26/2026,8328,True,正評
CPU,Intel Core Ultra 7 265K,Intel,Core Ultra 7,型號,[測試] 風冷-Intel 265K挑戰AMD 9900X搭技嘉5080,https://www.ptt.cc/bbs/PC_Shopping/M.1772017890.A.4A8.html,推,265K是真的沒這麼差 但就兩個問題 一是當,02/26/2026,8329,True,中立
CPU,Intel Core Ultra 7 265K,Intel,Core Ultra 7,型號,[測試] 風冷-Intel 265K挑戰AMD 9900X搭技嘉5080,https://www.ptt.cc/bbs/PC_Shopping/M.1772017890.A.4A8.html,→,265K本身的問題 265K至少到目前為止沒有,02/26/2026,8333,True,正評
CPU,Intel Core Ultra 7 265K,Intel,Core Ultra 7,型號,[測試] 風冷-Intel 265K挑戰AMD 9900X搭技嘉5080,https://www.ptt.cc/bbs/PC_Shopping/M.1772017890.A.4A8.html,推,265K使用3個月，目前穩定順跑,02/26/2026,8338,True,正評
CPU,Intel Core Ultra 7 265K,Intel,Core Ultra 7,型號,[測試] 風冷-Intel 265K挑戰AMD 9900X搭技嘉5080,https://www.ptt.cc/bbs/PC_Shopping/M.1772017890.A.4A8.html,→,265K好像所有型號故障率最低的，買對了!!,02/26/2026,8340,True,正評
CPU,Intel Core Ultra 7 265K,Intel,Core Ultra 7,型號,[測試] 風冷-Intel 265K挑戰AMD 9900X搭技嘉5080,https://www.ptt.cc/bbs/PC_Shopping/M.1772017890.A.4A8.html,→,可能就會是i家近年最推的U了,02/26/2026,8342,True,正評
CPU,Intel Core Ultra 7 265K,Intel,Core Ultra 7,型號,[測試] 風冷-Intel 265K挑戰AMD 9900X搭技嘉5080,https://www.ptt.cc/bbs/PC_Shopping/M.1772017890.A.4A8.html,→,265K了，用起來也不會不滿意,02/26/2026,8344,True,正評
CPU,Intel Core Ultra 7 265K,Intel,Core Ultra 7,型號,[測試] 風冷-Intel 265K挑戰AMD 9900X搭技嘉5080,https://www.ptt.cc/bbs/PC_Shopping/M.1772017890.A.4A8.html,推,有在跑python平行運算，265k真的猛,02/26/2026,8347,True,正評
CPU,Intel Core Ultra 7 265K,Intel,Core Ultra 7,型號,Re: [請益] intel u7 265K散熱器(非水冷)選購問題,https://www.ptt.cc/bbs/PC_Shopping/M.1767687508.A.2A0.html,推,只有4.7G 真的慘兮兮,01/06/2026,8352,True,負評
CPU,Intel Core Ultra 7 265K,Intel,Core Ultra 7,型號,Re: [請益] intel u7 265K散熱器(非水冷)選購問題,https://www.ptt.cc/bbs/PC_Shopping/M.1767687508.A.2A0.html,→,夏天豈不要降成4.5G了,01/06/2026,8353,True,負評
CPU,Intel Core Ultra 7 265K,Intel,Core Ultra 7,型號,[請益] intel u7 265K散熱器(非水冷)選購問題,https://www.ptt.cc/bbs/PC_Shopping/M.1766615470.A.606.html,→,這顆要是壓不下來 也是該換水冷了吧,12/25/2025,8357,True,中立
CPU,Intel Core Ultra 7 265K,Intel,Core Ultra 7,型號,[請益] intel u7 265K散熱器(非水冷)選購問題,https://www.ptt.cc/bbs/PC_Shopping/M.1766615470.A.606.html,→,我是看過這顆U用雙塔單扇滿載跑到104度....,12/25/2025,8358,True,負評
CPU,Intel Core Ultra 7 265K,Intel,Core Ultra 7,型號,[請益] intel u7 265K散熱器(非水冷)選購問題,https://www.ptt.cc/bbs/PC_Shopping/M.1766615470.A.606.html,→,"不超頻夠用, 超頻請直上360水冷",12/25/2025,8361,True,中立
CPU,Intel Core Ultra 7 265K,Intel,Core Ultra 7,型號,[請益] intel u7 265K散熱器(非水冷)選購問題,https://www.ptt.cc/bbs/PC_Shopping/M.1766615470.A.606.html,→,這顆跑300瓦會105度 250瓦還好,12/25/2025,8363,True,負評
CPU,Intel Core Ultra 7 265K,Intel,Core Ultra 7,型號,[請益] intel u7 265K散熱器(非水冷)選購問題,https://www.ptt.cc/bbs/PC_Shopping/M.1766615470.A.606.html,→,送的NX600就夠用了 要超頻要剪輯,12/25/2025,8365,True,中立
CPU,Intel Core Ultra 7 265K,Intel,Core Ultra 7,型號,[請益] intel u7 265K散熱器(非水冷)選購問題,https://www.ptt.cc/bbs/PC_Shopping/M.1766615470.A.606.html,→,正常的話 70-80度都還算壓的住,12/25/2025,8369,True,中立
CPU,Intel Core Ultra 7 265K,Intel,Core Ultra 7,型號,[請益] intel u7 265K散熱器(非水冷)選購問題,https://www.ptt.cc/bbs/PC_Shopping/M.1766615470.A.606.html,推,貓頭鷹在溫度表現上就持平而已 貓貓的特點,12/25/2025,8372,True,中立
CPU,Intel Core Ultra 7 265K,Intel,Core Ultra 7,型號,[請益] intel u7 265K散熱器(非水冷)選購問題,https://www.ptt.cc/bbs/PC_Shopping/M.1766615470.A.606.html,→,翻到LGA1700那邊實測能解到310.8W,12/25/2025,8375,True,中立
CPU,Intel Core Ultra 7 265K,Intel,Core Ultra 7,型號,[請益] intel u7 265K散熱器(非水冷)選購問題,https://www.ptt.cc/bbs/PC_Shopping/M.1766615470.A.606.html,→,再好一些就FSP MP7 321.2W,12/25/2025,8376,True,中立
CPU,Intel Core Ultra 7 265K,Intel,Core Ultra 7,型號,[請益] intel u7 265K散熱器(非水冷)選購問題,https://www.ptt.cc/bbs/PC_Shopping/M.1766615470.A.606.html,→,被降頻，印象頻率5.06G，瓦數220，溫度,12/26/2025,8381,True,負評
CPU,Intel Core Ultra 7 265K,Intel,Core Ultra 7,型號,[請益] intel u7 265K散熱器(非水冷)選購問題,https://www.ptt.cc/bbs/PC_Shopping/M.1766615470.A.606.html,→,5.06G就是被降頻了 265K正常應該5.3,12/26/2025,8383,True,負評
CPU,Intel Core Ultra 7 265K,Intel,Core Ultra 7,型號,[請益] intel u7 265K散熱器(非水冷)選購問題,https://www.ptt.cc/bbs/PC_Shopping/M.1766615470.A.606.html,→,265請直接買水冷,01/06/2025,8386,True,正評
CPU,Intel Core Ultra 7 265K,Intel,Core Ultra 7,型號(情報),[情報] US 亞馬遜PRIME DAY 285K 265K 特價,https://www.ptt.cc/bbs/PC_Shopping/M.1759886173.A.436.html,→,就可以跑滿265KF,10/08/2025,8388,True,中立
CPU,Intel Core Ultra 7 265K,Intel,Core Ultra 7,型號(情報),[情報] US 亞馬遜PRIME DAY 285K 265K 特價,https://www.ptt.cc/bbs/PC_Shopping/M.1759886173.A.436.html,→,只要不介意ICU這擠牙膏產品。,10/08/2025,8391,True,負評
CPU,Intel Core Ultra 7 265K,Intel,Core Ultra 7,型號(情報),[情報] US 亞馬遜PRIME DAY 285K 265K 特價,https://www.ptt.cc/bbs/PC_Shopping/M.1759886173.A.436.html,→,265KF就算了吧,10/08/2025,8392,True,負評
CPU,Intel Core Ultra 7 265K,Intel,Core Ultra 7,型號(情報),[情報] US 亞馬遜PRIME DAY 285K 265K 特價,https://www.ptt.cc/bbs/PC_Shopping/M.1759886173.A.436.html,→,沒了QSV ICU就沒有優勢了,10/08/2025,8393,True,負評
CPU,Intel Core Ultra 7 265K,Intel,Core Ultra 7,型號(情報),[情報] US 亞馬遜PRIME DAY 285K 265K 特價,https://www.ptt.cc/bbs/PC_Shopping/M.1759886173.A.436.html,→,這代的亮點就是內顯，主機板的話買Z890送的,10/08/2025,8394,True,中立
CPU,Intel Core Ultra 7 265K,Intel,Core Ultra 7,型號(情報),[情報] US 亞馬遜PRIME DAY 285K 265K 特價,https://www.ptt.cc/bbs/PC_Shopping/M.1759886173.A.436.html,→,因為壓錯邊了吧 以為I生產力很強 殊不知,10/08/2025,8397,True,負評
CPU,Intel Core Ultra 7 265K,Intel,Core Ultra 7,型號(情報),[情報] 美國 Ultra 7 265K 265KF 降價送水冷,https://www.ptt.cc/bbs/PC_Shopping/M.1759803525.A.A01.html,→,印特爾說u2 cp值超高 現在降價 直接飛,10/07/2025,8409,True,正評
CPU,Intel Core Ultra 7 265K,Intel,Core Ultra 7,型號(情報),[情報] 美國 Ultra 7 265K 265KF 降價送水冷,https://www.ptt.cc/bbs/PC_Shopping/M.1759803525.A.A01.html,推,265K賣這價挺不錯了,10/07/2025,8415,True,正評
CPU,Intel Core Ultra 7 265K,Intel,Core Ultra 7,型號(情報),[情報] 美國 Ultra 7 265K 265KF 降價送水冷,https://www.ptt.cc/bbs/PC_Shopping/M.1759803525.A.A01.html,推,台幣7500很可以了 比7700強 生產遊,10/07/2025,8423,True,正評
CPU,Intel Core Ultra 7 265K,Intel,Core Ultra 7,型號(情報),[情報] 美國 Ultra 7 265K 265KF 降價送水冷,https://www.ptt.cc/bbs/PC_Shopping/M.1759803525.A.A01.html,推,價格不錯啊 買一代撐5年那種可以,10/07/2025,8425,True,中立
CPU,Intel Core Ultra 7 265K,Intel,Core Ultra 7,型號(情報),[情報] 美國 Ultra 7 265K 265KF 降價送水冷,https://www.ptt.cc/bbs/PC_Shopping/M.1759803525.A.A01.html,→,265K也沒熱到需要上水吧,10/07/2025,8426,True,中立
CPU,Intel Core Ultra 7 265K,Intel,Core Ultra 7,型號(情報),[情報] 美國 Ultra 7 265K 265KF 降價送水冷,https://www.ptt.cc/bbs/PC_Shopping/M.1759803525.A.A01.html,→,265K還是裝水冷比較好，日本某YT有用技,10/10/2025,8437,True,中立
CPU,Intel Core Ultra 7 265K,Intel,Core Ultra 7,型號(情報),[情報] 美國 Ultra 7 265K 265KF 降價送水冷,https://www.ptt.cc/bbs/PC_Shopping/M.1759803525.A.A01.html,→,"嘉的Z890開ultra turbo mode,LV3可以衝",10/10/2025,8438,True,中立
CPU,Intel Core Ultra 7 265K,Intel,Core Ultra 7,型號(情報),[情報] 美國 Ultra 7 265K 265KF 降價送水冷,https://www.ptt.cc/bbs/PC_Shopping/M.1759803525.A.A01.html,→,不過即使沒開測滿載也可以測到接近300w,10/10/2025,8439,True,中立
CPU,Intel Core Ultra 7 265K,Intel,Core Ultra 7,型號,Re: [情報] 原價屋 265K/KF 又降價了!?加225F,https://www.ptt.cc/bbs/PC_Shopping/M.1752558103.A.F67.html,→,規格比小白鵰強一大節,07/15/2025,8465,True,中立
CPU,Intel Core Ultra 7 265K,Intel,Core Ultra 7,型號,Re: [情報] 原價屋 265K/KF 又降價了!?加225F,https://www.ptt.cc/bbs/PC_Shopping/M.1752558103.A.F67.html,推,只剩信徒會買了吧,07/15/2025,8473,True,負評
CPU,Intel Core Ultra 7 265K,Intel,Core Ultra 7,型號,Re: [情報] 原價屋 265K/KF 又降價了!?加225F,https://www.ptt.cc/bbs/PC_Shopping/M.1752558103.A.F67.html,推,再降$2000以上才有吸引力，不然組7700,07/15/2025,8475,True,中立
CPU,Intel Core Ultra 7 265K,Intel,Core Ultra 7,型號,Re: [情報] 原價屋 265K/KF 又降價了!?加225F,https://www.ptt.cc/bbs/PC_Shopping/M.1752558103.A.F67.html,推,7700跟265K要選哪個？,07/15/2025,8494,True,中立
CPU,Intel Core Ultra 7 265K,Intel,Core Ultra 7,型號,Re: [情報] 原價屋 265K/KF 又降價了!?加225F,https://www.ptt.cc/bbs/PC_Shopping/M.1752558103.A.F67.html,推,看需求 7700還是比較便宜 打遊戲也夠用 CP,07/15/2025,8495,True,中立
CPU,Intel Core Ultra 7 265K,Intel,Core Ultra 7,型號,Re: [情報] 原價屋 265K/KF 又降價了!?加225F,https://www.ptt.cc/bbs/PC_Shopping/M.1752558103.A.F67.html,→,值比較高...純打遊戲的情況,07/15/2025,8498,True,正評
CPU,Intel Core Ultra 7 265K,Intel,Core Ultra 7,型號,Re: [情報] 原價屋 265K/KF 又降價了!?加225F,https://www.ptt.cc/bbs/PC_Shopping/M.1752558103.A.F67.html,推,沒價值啊，AM4還能升級16核或x3d,07/15/2025,8502,True,負評
CPU,Intel Core Ultra 7 265K,Intel,Core Ultra 7,型號,Re: [情報] 原價屋 265K/KF 又降價了!?加225F,https://www.ptt.cc/bbs/PC_Shopping/M.1752558103.A.F67.html,→,有信仰或有需求 那還是可以買,07/15/2025,8506,True,中立
CPU,Intel Core Ultra 7 265K,Intel,Core Ultra 7,型號,Re: [情報] 原價屋 265K/KF 又降價了!?加225F,https://www.ptt.cc/bbs/PC_Shopping/M.1752558103.A.F67.html,推,只談入門級效能的話265生產力是高於97的,07/15/2025,8509,True,中立
CPU,Intel Core Ultra 7 265K,Intel,Core Ultra 7,型號,Re: [情報] 原價屋 265K/KF 又降價了!?加225F,https://www.ptt.cc/bbs/PC_Shopping/M.1752558103.A.F67.html,→,說I家優勢是多核，但穩定性問題都要關小核,07/15/2025,8515,True,中立
CPU,Intel Core Ultra 7 265K,Intel,Core Ultra 7,型號,Re: [情報] 原價屋 265K/KF 又降價了!?加225F,https://www.ptt.cc/bbs/PC_Shopping/M.1752558103.A.F67.html,推,Intel這代完全沒誘因去買 腳位只能一,07/15/2025,8521,True,負評
CPU,Intel Core Ultra 7 265K,Intel,Core Ultra 7,型號,Re: [情報] 原價屋 265K/KF 又降價了!?加225F,https://www.ptt.cc/bbs/PC_Shopping/M.1752558103.A.F67.html,→,只能搭雞排板，Pass,07/15/2025,8523,True,負評
CPU,Intel Core Ultra 7 265K,Intel,Core Ultra 7,型號,Re: [情報] 原價屋 265K/KF 又降價了!?加225F,https://www.ptt.cc/bbs/PC_Shopping/M.1752558103.A.F67.html,推,板子有夠貴，cpu打5折也沒用,07/15/2025,8524,True,負評
CPU,Intel Core Ultra 7 265K,Intel,Core Ultra 7,型號,Re: [情報] 原價屋 265K/KF 又降價了!?加225F,https://www.ptt.cc/bbs/PC_Shopping/M.1752558103.A.F67.html,→,其實這價錢可以買，考慮到下一代大,07/15/2025,8535,True,中立
CPU,Intel Core Ultra 7 265K,Intel,Core Ultra 7,型號,Re: [情報] 原價屋 265K/KF 又降價了!?加225F,https://www.ptt.cc/bbs/PC_Shopping/M.1752558103.A.F67.html,推,板+u 1萬內可以考慮看看 價錢還不夠香,07/15/2025,8537,True,中立
CPU,Intel Core Ultra 7 265K,Intel,Core Ultra 7,型號,Re: [情報] 原價屋 265K/KF 又降價了!?加225F,https://www.ptt.cc/bbs/PC_Shopping/M.1752558103.A.F67.html,→,u+板 售價持平或比7700+板貴1000以內就值,07/15/2025,8539,True,正評
CPU,Intel Core Ultra 7 265K,Intel,Core Ultra 7,型號,Re: [情報] 原價屋 265K/KF 又降價了!?加225F,https://www.ptt.cc/bbs/PC_Shopping/M.1752558103.A.F67.html,→,得買，冷知識 ： 265K比7700X遊戲強一點,07/15/2025,8540,True,正評
CPU,Intel Core Ultra 7 265K,Intel,Core Ultra 7,型號,Re: [情報] 原價屋 265K/KF 又降價了!?加225F,https://www.ptt.cc/bbs/PC_Shopping/M.1752558103.A.F67.html,→,265k生產力對標9900x 遊戲對標7700x,07/15/2025,8542,True,中立
CPU,Intel Core Ultra 7 265K,Intel,Core Ultra 7,型號,Re: [情報] 原價屋 265K/KF 又降價了!?加225F,https://www.ptt.cc/bbs/PC_Shopping/M.1752558103.A.F67.html,→,265 u+板要是能10k，那確實有點香了,07/15/2025,8543,True,中立
CPU,Intel Core Ultra 7 265K,Intel,Core Ultra 7,型號,Re: [情報] 原價屋 265K/KF 又降價了!?加225F,https://www.ptt.cc/bbs/PC_Shopping/M.1752558103.A.F67.html,推,只論CPU 這價錢可以買 7700是上一代的,07/15/2025,8544,True,中立
CPU,Intel Core Ultra 7 265K,Intel,Core Ultra 7,型號,Re: [情報] 原價屋 265K/KF 又降價了!?加225F,https://www.ptt.cc/bbs/PC_Shopping/M.1752558103.A.F67.html,→,265K對標得對象是9700X 已經比較便宜了,07/15/2025,8545,True,中立
CPU,Intel Core Ultra 7 265K,Intel,Core Ultra 7,型號,Re: [情報] 原價屋 265K/KF 又降價了!?加225F,https://www.ptt.cc/bbs/PC_Shopping/M.1752558103.A.F67.html,推,265k玩3a要調D2D跟NGU 配高頻記憶體,07/15/2025,8549,True,中立
CPU,Intel Core Ultra 7 265K,Intel,Core Ultra 7,型號,Re: [情報] 原價屋 265K/KF 又降價了!?加225F,https://www.ptt.cc/bbs/PC_Shopping/M.1752558103.A.F67.html,推,I荒有勇氣點!265K搭中階B860這個價就買,07/15/2025,8558,True,正評
CPU,Intel Core Ultra 7 265K,Intel,Core Ultra 7,型號,Re: [情報] 原價屋 265K/KF 又降價了!?加225F,https://www.ptt.cc/bbs/PC_Shopping/M.1752558103.A.F67.html,→,啊Intel這代還能說嘴的 待機功耗比A,07/15/2025,8571,True,中立
CPU,Intel Core Ultra 7 265K,Intel,Core Ultra 7,型號,Re: [情報] 原價屋 265K/KF 又降價了!?加225F,https://www.ptt.cc/bbs/PC_Shopping/M.1752558103.A.F67.html,→,"等於9700X ; 265K 3A遊戲微輸9700X, 生產",07/15/2025,8573,True,中立
CPU,Intel Core Ultra 7 265K,Intel,Core Ultra 7,型號,Re: [情報] 原價屋 265K/KF 又降價了!?加225F,https://www.ptt.cc/bbs/PC_Shopping/M.1752558103.A.F67.html,→,力約等於9900X ; 285K 3A遊戲約等於9950X,07/15/2025,8574,True,中立
CPU,Intel Core Ultra 7 265K,Intel,Core Ultra 7,型號,Re: [情報] 原價屋 265K/KF 又降價了!?加225F,https://www.ptt.cc/bbs/PC_Shopping/M.1752558103.A.F67.html,→,價錢，還是選am5吧，傻了才買intel,07/15/2025,8578,True,負評
CPU,Intel Core Ultra 7 265K,Intel,Core Ultra 7,型號,Re: [情報] 原價屋 265K/KF 又降價了!?加225F,https://www.ptt.cc/bbs/PC_Shopping/M.1752558103.A.F67.html,推,爛在倉庫裡吧 現在不是沒I不行,07/15/2025,8579,True,負評
CPU,Intel Core Ultra 7 265K,Intel,Core Ultra 7,型號,Re: [情報] 原價屋 265K/KF 又降價了!?加225F,https://www.ptt.cc/bbs/PC_Shopping/M.1752558103.A.F67.html,→,這代就是正常發揮而已，前兩代超到,07/15/2025,8585,True,中立
CPU,Intel Core Ultra 7 265K,Intel,Core Ultra 7,型號,Re: [情報] 原價屋 265K/KF 又降價了!?加225F,https://www.ptt.cc/bbs/PC_Shopping/M.1752558103.A.F67.html,→,同時快取大幅度加大，LLC每核心達到2MB，,07/16/2025,8593,True,中立
CPU,Intel Core Ultra 7 265K,Intel,Core Ultra 7,型號,Re: [情報] 原價屋 265K/KF 又降價了!?加225F,https://www.ptt.cc/bbs/PC_Shopping/M.1752558103.A.F67.html,→,死貴不懂得何時該變價，中階規格又不靈活,07/16/2025,8598,True,負評
CPU,Intel Core Ultra 7 265K,Intel,Core Ultra 7,型號,Re: [情報] 原價屋 265K/KF 又降價了!?加225F,https://www.ptt.cc/bbs/PC_Shopping/M.1752558103.A.F67.html,→,8通道DDR5 5600 64GB裝下去，頻寬屌打雙通,07/16/2025,8601,True,中立
CPU,Intel Core Ultra 7 265K,Intel,Core Ultra 7,型號(情報),[情報] 美亞Intel 265KF再降價+120F流出？,https://www.ptt.cc/bbs/PC_Shopping/M.1750478355.A.49E.html,→,"265K降到7990單賣就可以了吧, 根本不用",06/21/2025,8643,True,中立
CPU,Intel Core Ultra 7 265K,Intel,Core Ultra 7,型號(情報),[情報] 美亞Intel 265KF再降價+120F流出？,https://www.ptt.cc/bbs/PC_Shopping/M.1750478355.A.49E.html,推,"265k搭配精奧z890, cp值都有了",06/21/2025,8662,True,正評
CPU,Intel Core Ultra 7 265K,Intel,Core Ultra 7,型號(情報),[情報] 美亞Intel 265KF再降價+120F流出？,https://www.ptt.cc/bbs/PC_Shopping/M.1750478355.A.49E.html,→,265K要搭z890來超 沒超很爛 但z890很貴,06/21/2025,8673,True,中立
CPU,Intel Core Ultra 7 265K,Intel,Core Ultra 7,型號(情報),[情報] 美亞Intel 265KF再降價+120F流出？,https://www.ptt.cc/bbs/PC_Shopping/M.1750478355.A.49E.html,推,腳位都要改了誰還買這個啊...就算是I 粉也,06/21/2025,8677,True,負評
CPU,Intel Core Ultra 7 265K,Intel,Core Ultra 7,型號(情報),[情報] 美亞Intel 265KF再降價+120F流出？,https://www.ptt.cc/bbs/PC_Shopping/M.1750478355.A.49E.html,→,還是免洗 這是先天Intel自殘設計代價,06/22/2025,8694,True,負評
CPU,Intel Core Ultra 7 265K,Intel,Core Ultra 7,型號(情報),[情報] 美亞Intel 265KF再降價+120F流出？,https://www.ptt.cc/bbs/PC_Shopping/M.1750478355.A.49E.html,→,Intel CPU沒長進，只想換腳位。不如買AM,06/23/2025,8701,True,負評
CPU,Intel Core Ultra 7 265K,Intel,Core Ultra 7,型號,[菜單] 75K Ultra7-265K剪片荒野PS跑圖,https://www.ptt.cc/bbs/PC_Shopping/M.1746698959.A.2EA.html,→,"原廠並沒有散熱器, 就算有壓不住",05/08/2025,8732,True,負評
CPU,Intel Core Ultra 7 265K,Intel,Core Ultra 7,型號,[菜單] 75K Ultra7-265K剪片荒野PS跑圖,https://www.ptt.cc/bbs/PC_Shopping/M.1746698959.A.2EA.html,→,較好，你買這種進風在下面的機殼cpu就要,05/08/2025,8748,True,中立
CPU,Intel Core Ultra 7 265K,Intel,Core Ultra 7,型號,[菜單] 75K Ultra7-265K剪片荒野PS跑圖,https://www.ptt.cc/bbs/PC_Shopping/M.1746698959.A.2EA.html,→,cpu便宜一千 但主板會貴兩三千,05/08/2025,8753,True,中立
CPU,Intel Core Ultra 7 265K,Intel,Core Ultra 7,型號,[菜單] 75K Ultra7-265K剪片荒野PS跑圖,https://www.ptt.cc/bbs/PC_Shopping/M.1746698959.A.2EA.html,推,intel最新的BIOS是把很多東西都鎖住不給動,05/08/2025,8763,True,中立
CPU,Intel Core Ultra 7 265K,Intel,Core Ultra 7,型號,[菜單] 75K Ultra7-265K剪片荒野PS跑圖,https://www.ptt.cc/bbs/PC_Shopping/M.1746698959.A.2EA.html,→,仰沒有那麼值 差不多價位leadex vii,05/09/2025,8776,True,中立
CPU,Intel Core Ultra 7 265K,Intel,Core Ultra 7,型號,[菜單] 75K Ultra7-265K剪片荒野PS跑圖,https://www.ptt.cc/bbs/PC_Shopping/M.1746698959.A.2EA.html,→,"剪片買intel很正常啊,qsv好用",05/09/2025,8779,True,中立
CPU,Intel Core Ultra 7 265K,Intel,Core Ultra 7,型號,[菜單] 75K Ultra7-265K剪片荒野PS跑圖,https://www.ptt.cc/bbs/PC_Shopping/M.1746698959.A.2EA.html,→,剪輯買265k沒問題，然後rog電源就是信仰,05/09/2025,8780,True,中立
CPU,Intel Core Ultra 7 265K,Intel,Core Ultra 7,型號,[菜單] 75K Ultra7-265K剪片荒野PS跑圖,https://www.ptt.cc/bbs/PC_Shopping/M.1746698959.A.2EA.html,→,稅，長城代工的東西，效能也普普,05/09/2025,8781,True,中立
CPU,Intel Core Ultra 7 265K,Intel,Core Ultra 7,型號,[菜單] 75K Ultra7-265K剪片荒野PS跑圖,https://www.ptt.cc/bbs/PC_Shopping/M.1746698959.A.2EA.html,→,貴 錢花在那顆眼睛的信仰上,05/09/2025,8786,True,中立
CPU,Intel Core Ultra 7 265K,Intel,Core Ultra 7,型號(情報),[情報] U7 265KF U7 265K 搭華擎特價活動,https://www.ptt.cc/bbs/PC_Shopping/M.1745992089.A.CBE.html,推,還行。在殺一點點有點可能變香,04/30/2025,8803,True,中立
CPU,Intel Core Ultra 7 265K,Intel,Core Ultra 7,型號(情報),[情報] U7 265KF U7 265K 搭華擎特價活動,https://www.ptt.cc/bbs/PC_Shopping/M.1745992089.A.CBE.html,→,確實 265K(有內顯) 搭板7700 才OK,04/30/2025,8807,True,中立
CPU,Intel Core Ultra 7 265K,Intel,Core Ultra 7,型號(情報),[情報] U7 265KF U7 265K 搭華擎特價活動,https://www.ptt.cc/bbs/PC_Shopping/M.1745992089.A.CBE.html,推,別買 板廠繼續押寶ICU 活該,04/30/2025,8816,True,負評
CPU,Intel Core Ultra 7 265K,Intel,Core Ultra 7,型號(情報),[情報] U7 265KF U7 265K 搭華擎特價活動,https://www.ptt.cc/bbs/PC_Shopping/M.1745992089.A.CBE.html,推,U貴 板貴 效能輸 又捨不得跳水 慘,04/30/2025,8825,True,負評
CPU,Intel Core Ultra 7 265K,Intel,Core Ultra 7,型號(情報),[情報] U7 265KF U7 265K 搭華擎特價活動,https://www.ptt.cc/bbs/PC_Shopping/M.1745992089.A.CBE.html,推,CPU+板1萬的話我覺得可以考慮啦,04/30/2025,8830,True,正評
CPU,Intel Core Ultra 7 265K,Intel,Core Ultra 7,型號(情報),[情報] U7 265KF U7 265K 搭華擎特價活動,https://www.ptt.cc/bbs/PC_Shopping/M.1745992089.A.CBE.html,→,690好歹有三代U可以換 890就一代,04/30/2025,8833,True,中立
CPU,Intel Core Ultra 7 265K,Intel,Core Ultra 7,型號(情報),[情報] U7 265KF U7 265K 搭華擎特價活動,https://www.ptt.cc/bbs/PC_Shopping/M.1745992089.A.CBE.html,推,ICU+火燒板 頂中之頂,04/30/2025,8839,True,負評
CPU,Intel Core Ultra 7 265K,Intel,Core Ultra 7,型號(情報),[情報] U7 265KF U7 265K 搭華擎特價活動,https://www.ptt.cc/bbs/PC_Shopping/M.1745992089.A.CBE.html,→,至少要能跟147+z790打,04/30/2025,8840,True,中立
CPU,Intel Core Ultra 7 265K,Intel,Core Ultra 7,型號(情報),[情報] U7 265KF U7 265K 搭華擎特價活動,https://www.ptt.cc/bbs/PC_Shopping/M.1745992089.A.CBE.html,推,太貴了，小數點進一位才可以考慮,04/30/2025,8843,True,負評
CPU,Intel Core Ultra 7 265K,Intel,Core Ultra 7,型號(情報),[情報] U7 265KF U7 265K 搭華擎特價活動,https://www.ptt.cc/bbs/PC_Shopping/M.1745992089.A.CBE.html,→,"不是超頻關係, 是B860無法調整ngu/d2d頻率",04/30/2025,8848,True,負評
CPU,Intel Core Ultra 7 265K,Intel,Core Ultra 7,型號(情報),[情報] U7 265KF U7 265K 搭華擎特價活動,https://www.ptt.cc/bbs/PC_Shopping/M.1745992089.A.CBE.html,→,結果ICU內顯也沒特別強,05/01/2025,8864,True,中立
CPU,Intel Core Ultra 7 265K,Intel,Core Ultra 7,型號(情報),[情報] 微星 Z890 + 265K 265KF 促銷,https://www.ptt.cc/bbs/PC_Shopping/M.1745804861.A.C13.html,→,會供電不夠直接當機嗎，感覺這次cpu不,04/28/2025,8871,True,中立
CPU,Intel Core Ultra 7 265K,Intel,Core Ultra 7,型號(情報),[情報] 微星 Z890 + 265K 265KF 促銷,https://www.ptt.cc/bbs/PC_Shopping/M.1745804861.A.C13.html,→,265K+Z板 $16K或是 265K+B板 $14K才值得買,04/28/2025,8874,True,正評
CPU,Intel Core Ultra 7 265K,Intel,Core Ultra 7,型號(情報),[情報] 微星 Z890 + 265K 265KF 促銷,https://www.ptt.cc/bbs/PC_Shopping/M.1745804861.A.C13.html,→,只有一代壽命還賣10K以上 買到撞到,04/28/2025,8884,True,負評
CPU,Intel Core Ultra 7 265K,Intel,Core Ultra 7,型號(情報),[情報] Core Ultra 7 265KF 專案降售$8800,https://www.ptt.cc/bbs/PC_Shopping/M.1743553547.A.35B.html,→,"沒3D封裝技術真的爆死, 假設265K L3增加到",04/02/2025,8937,True,負評
CPU,Intel Core Ultra 7 265K,Intel,Core Ultra 7,型號(情報),[情報] Core Ultra 7 265KF 專案降售$8800,https://www.ptt.cc/bbs/PC_Shopping/M.1743553547.A.35B.html,推,腳位是還好 問題核心還是CPU太盤,04/02/2025,8966,True,負評
CPU,Intel Core Ultra 7 265K,Intel,Core Ultra 7,型號(情報),[情報] Core Ultra 7 265KF 專案降售$8800,https://www.ptt.cc/bbs/PC_Shopping/M.1743553547.A.35B.html,→,卡 這二個最容易壞的 撐不了10年,04/02/2025,8972,True,負評
CPU,Intel Core Ultra 7 265K,Intel,Core Ultra 7,型號(情報),[情報] Core Ultra 7 265KF 專案降售$8800,https://www.ptt.cc/bbs/PC_Shopping/M.1743553547.A.35B.html,推,有問題吧，記憶體控制器硬傷,04/02/2025,8989,True,負評
CPU,Intel Core Ultra 7 265K,Intel,Core Ultra 7,型號(情報),[情報] Core Ultra 7 265KF 專案降售$8800,https://www.ptt.cc/bbs/PC_Shopping/M.1743553547.A.35B.html,推,"架構問題,無解,只能靠高頻記憶體彌補",04/02/2025,8990,True,負評
CPU,Intel Core Ultra 7 265K,Intel,Core Ultra 7,型號(情報),[情報] Core Ultra 7 265KF 專案降售$8800,https://www.ptt.cc/bbs/PC_Shopping/M.1743553547.A.35B.html,→,格 配上 9700X 的效能外加更省電,04/02/2025,8993,True,正評
CPU,Intel Core Ultra 7 265K,Intel,Core Ultra 7,型號(情報),[情報] Core Ultra 7 265KF 專案降售$8800,https://www.ptt.cc/bbs/PC_Shopping/M.1743553547.A.35B.html,→,打不過，除了不會縮缸也沒有優點了。,04/02/2025,9002,True,負評
CPU,Intel Core Ultra 7 265K,Intel,Core Ultra 7,型號(情報),[情報] Core Ultra 7 265KF 專案降售$8800,https://www.ptt.cc/bbs/PC_Shopping/M.1743553547.A.35B.html,→,這一代就是求穩，但就是過渡產品，INTE,04/07/2025,9008,True,中立
CPU,Intel Core Ultra 7 265K,Intel,Core Ultra 7,型號(情報),[情報] 欣亞265KF+Z890+32*2+ GEN4 2T $22290,https://www.ptt.cc/bbs/PC_Shopping/M.1742800145.A.9B7.html,→,"不香吧, 除非綁正常貨 6000 CL30 / T500或",03/24/2025,9017,True,負評
CPU,Intel Core Ultra 7 265K,Intel,Core Ultra 7,型號(情報),[情報] 欣亞265KF+Z890+32*2+ GEN4 2T $22290,https://www.ptt.cc/bbs/PC_Shopping/M.1742800145.A.9B7.html,推,"不過以生產力為主的, 推薦, 扣除32*2 / 2T",03/24/2025,9026,True,正評
CPU,Intel Core Ultra 7 265K,Intel,Core Ultra 7,型號(情報),[情報] 欣亞265KF+Z890+32*2+ GEN4 2T $22290,https://www.ptt.cc/bbs/PC_Shopping/M.1742800145.A.9B7.html,推,但凡icu的單核效能別這麼差都沒這麼難賣,03/24/2025,9034,True,負評
CPU,Intel Core Ultra 7 265K,Intel,Core Ultra 7,型號(情報),[情報] 欣亞265KF+Z890+32*2+ GEN4 2T $22290,https://www.ptt.cc/bbs/PC_Shopping/M.1742800145.A.9B7.html,→,對用PR的剪輯師來說 蠻划的ㄅ,03/24/2025,9038,True,正評
CPU,Intel Core Ultra 7 265K,Intel,Core Ultra 7,型號(情報),[情報] 欣亞265KF+Z890+32*2+ GEN4 2T $22290,https://www.ptt.cc/bbs/PC_Shopping/M.1742800145.A.9B7.html,→,不錯啦，而且這代intel功耗是真的低，,03/24/2025,9043,True,正評
CPU,Intel Core Ultra 7 265K,Intel,Core Ultra 7,型號(情報),[情報] 欣亞265KF+Z890+32*2+ GEN4 2T $22290,https://www.ptt.cc/bbs/PC_Shopping/M.1742800145.A.9B7.html,→,跑遊戲大概amd的一半而已,03/24/2025,9044,True,負評
CPU,Intel Core Ultra 7 265K,Intel,Core Ultra 7,型號(情報),[情報] 欣亞265KF+Z890+32*2+ GEN4 2T $22290,https://www.ptt.cc/bbs/PC_Shopping/M.1742800145.A.9B7.html,→,修圖 剪片之類 又沒辦法上到頂 中價位算對,03/24/2025,9061,True,中立
CPU,Intel Core Ultra 7 265K,Intel,Core Ultra 7,型號(情報),[情報] 欣亞265KF+Z890+32*2+ GEN4 2T $22290,https://www.ptt.cc/bbs/PC_Shopping/M.1742800145.A.9B7.html,→,然後這類需求要買就買K 別買沒有內顯的,03/24/2025,9064,True,中立
CPU,Intel Core Ultra 7 265K,Intel,Core Ultra 7,型號(情報),[情報] 欣亞265KF+Z890+32*2+ GEN4 2T $22290,https://www.ptt.cc/bbs/PC_Shopping/M.1742800145.A.9B7.html,推,這包對於純build code的很不錯啊,03/24/2025,9073,True,正評
CPU,Intel Core Ultra 7 265K,Intel,Core Ultra 7,型號(情報),[情報] 欣亞265KF+Z890+32*2+ GEN4 2T $22290,https://www.ptt.cc/bbs/PC_Shopping/M.1742800145.A.9B7.html,推,這價格我絕對不會買，除非對半,03/25/2025,9083,True,負評
CPU,Intel Core Ultra 7 265K,Intel,Core Ultra 7,型號(情報),[情報] Intel Core Ultra 265K 285K搭板降價,https://www.ptt.cc/bbs/PC_Shopping/M.1739627306.A.AF8.html,→,價錢是不香 但信仰可以啊  沒縮缸還行阿,02/16/2025,9109,True,中立
CPU,Intel Core Ultra 7 265K,Intel,Core Ultra 7,型號(情報),[情報] Intel Core Ultra 265K 285K搭板降價,https://www.ptt.cc/bbs/PC_Shopping/M.1739627306.A.AF8.html,推,問題就是太貴了阿 我是會買 但等到有5K以下,02/16/2025,9114,True,中立
CPU,Intel Core Ultra 7 265K,Intel,Core Ultra 7,型號(情報),[情報] Intel Core Ultra 265K 285K搭板降價,https://www.ptt.cc/bbs/PC_Shopping/M.1739627306.A.AF8.html,→,這兩顆在遊戲或者生產力上能看到98X3D的,02/16/2025,9121,True,中立
CPU,Intel Core Ultra 7 265K,Intel,Core Ultra 7,型號(情報),[情報] Intel Core Ultra 265K 285K搭板降價,https://www.ptt.cc/bbs/PC_Shopping/M.1739627306.A.AF8.html,→,生產力好像差不多就是了,02/16/2025,9122,True,中立
CPU,Intel Core Ultra 7 265K,Intel,Core Ultra 7,型號(情報),[情報] Intel Core Ultra 265K 285K搭板降價,https://www.ptt.cc/bbs/PC_Shopping/M.1739627306.A.AF8.html,→,離U7/U9很遠,02/16/2025,9124,True,負評
CPU,Intel Core Ultra 7 265K,Intel,Core Ultra 7,型號(情報),[情報] Intel Core Ultra 265K 285K搭板降價,https://www.ptt.cc/bbs/PC_Shopping/M.1739627306.A.AF8.html,→,"245K全預設遊戲大輸8~10%, 當然CP值極低",02/16/2025,9133,True,負評
CPU,Intel Core Ultra 7 265K,Intel,Core Ultra 7,型號(情報),[情報] Intel Core Ultra 265K 285K搭板降價,https://www.ptt.cc/bbs/PC_Shopping/M.1739627306.A.AF8.html,→,(生產力兩者差不多),02/16/2025,9134,True,中立
CPU,Intel Core Ultra 7 265K,Intel,Core Ultra 7,型號(情報),[情報] Intel Core Ultra 265K 285K搭板降價,https://www.ptt.cc/bbs/PC_Shopping/M.1739627306.A.AF8.html,→,"wifi=19340, 生產力差不多平手, 遊戲265K",02/16/2025,9136,True,中立
CPU,Intel Core Ultra 7 265K,Intel,Core Ultra 7,型號(情報),[情報] Intel Core Ultra 265K 285K搭板降價,https://www.ptt.cc/bbs/PC_Shopping/M.1739627306.A.AF8.html,→,"輸3~4%, 自然還是9900X CP值勝",02/16/2025,9137,True,中立
CPU,Intel Core Ultra 7 265K,Intel,Core Ultra 7,型號(情報),[情報] Intel Core Ultra 265K 285K搭板降價,https://www.ptt.cc/bbs/PC_Shopping/M.1739627306.A.AF8.html,→,"U9生產力輸4~5%, 遊戲輸4~5%, 自然還是",02/16/2025,9139,True,中立
CPU,Intel Core Ultra 7 265K,Intel,Core Ultra 7,型號(情報),[情報] Intel Core Ultra 265K 285K搭板降價,https://www.ptt.cc/bbs/PC_Shopping/M.1739627306.A.AF8.html,→,"而且純打遊戲用也不會選擇它, 要嗎選最強",02/16/2025,9142,True,負評
CPU,Intel Core Ultra 7 265K,Intel,Core Ultra 7,型號(情報),[情報] Intel Core Ultra 265K 285K搭板降價,https://www.ptt.cc/bbs/PC_Shopping/M.1739627306.A.AF8.html,→,"以CP值來看, 因為預設下遊戲都輸, U7/U9+",02/16/2025,9145,True,負評
CPU,Intel Core Ultra 7 265K,Intel,Core Ultra 7,型號(情報),[情報] Intel Core Ultra 265K 285K搭板降價,https://www.ptt.cc/bbs/PC_Shopping/M.1739627306.A.AF8.html,→,Z比9900/9950+B650便宜2000原才值得入手,02/16/2025,9146,True,中立
CPU,Intel Core Ultra 7 265K,Intel,Core Ultra 7,型號(情報),[情報] Intel Core Ultra 265K 285K搭板降價,https://www.ptt.cc/bbs/PC_Shopping/M.1739627306.A.AF8.html,→,"(非純遊戲用), 245K因為遊戲大輸, 比9700X",02/16/2025,9147,True,中立
CPU,Intel Core Ultra 7 265K,Intel,Core Ultra 7,型號(情報),[情報] Intel Core Ultra 265K 285K搭板降價,https://www.ptt.cc/bbs/PC_Shopping/M.1739627306.A.AF8.html,→,U7這價格我覺得滿甜的，U9還是臭臭的,02/16/2025,9153,True,正評
CPU,Intel Core Ultra 7 265K,Intel,Core Ultra 7,型號(情報),[情報] Intel Core Ultra 265K 285K搭板降價,https://www.ptt.cc/bbs/PC_Shopping/M.1739627306.A.AF8.html,→,賭14代不縮缸，這個ICU早就沒救了，又貴又,02/16/2025,9156,True,負評
CPU,Intel Core Ultra 9 285K,Intel,Core Ultra 9,型號(情報),[情報] 美亞黑五 i家旗艦285k 大折扣28%,https://www.ptt.cc/bbs/PC_Shopping/M.1764202453.A.8E7.html,→,台灣如果賣這價很香,11/27/2025,9163,True,正評
CPU,Intel Core Ultra 9 285K,Intel,Core Ultra 9,型號(情報),[情報] 美亞黑五 i家旗艦285k 大折扣28%,https://www.ptt.cc/bbs/PC_Shopping/M.1764202453.A.8E7.html,推,這顆有比9800X3D 強嗎?,11/27/2025,9170,True,中立
CPU,Intel Core Ultra 9 285K,Intel,Core Ultra 9,型號(情報),[情報] 美亞黑五 i家旗艦285k 大折扣28%,https://www.ptt.cc/bbs/PC_Shopping/M.1764202453.A.8E7.html,→,遊戲98x3d吊打285k / 生產力285k吊打983,11/27/2025,9172,True,負評
CPU,Intel Core Ultra 9 285K,Intel,Core Ultra 9,型號(情報),[情報] 美亞黑五 i家旗艦285k 大折扣28%,https://www.ptt.cc/bbs/PC_Shopping/M.1764202453.A.8E7.html,推,225賣2250NTD的話就買,11/27/2025,9173,True,正評
CPU,Intel Core Ultra 9 285K,Intel,Core Ultra 9,型號(情報),[情報] 美亞黑五 i家旗艦285k 大折扣28%,https://www.ptt.cc/bbs/PC_Shopping/M.1764202453.A.8E7.html,噓,intel狗都不買 縮肛產品受害者ZZ,11/27/2025,9191,True,負評
CPU,Intel Core Ultra 9 285K,Intel,Core Ultra 9,型號(情報),[情報] 美亞黑五 i家旗艦285k 大折扣28%,https://www.ptt.cc/bbs/PC_Shopping/M.1764202453.A.8E7.html,推,比265k多幾個小核而已 不如等下一代,11/27/2025,9201,True,負評
CPU,Intel Core Ultra 9 285K,Intel,Core Ultra 9,型號(情報),[情報] 對岸Ultra9 285k+z890 tomahawk特價,https://www.ptt.cc/bbs/PC_Shopping/M.1760974227.A.4FD.html,→,便宜治百病 對比隔壁的痛點可以接受,10/21/2025,9221,True,中立
CPU,Intel Core Ultra 9 285K,Intel,Core Ultra 9,型號(情報),[情報] 對岸Ultra9 285k+z890 tomahawk特價,https://www.ptt.cc/bbs/PC_Shopping/M.1760974227.A.4FD.html,推,這價格我寧願貼3K在台灣買9950x+B650,10/21/2025,9222,True,負評
CPU,Intel Core Ultra 9 285K,Intel,Core Ultra 9,型號(情報),[情報] 對岸Ultra9 285k+z890 tomahawk特價,https://www.ptt.cc/bbs/PC_Shopping/M.1760974227.A.4FD.html,推,買i得配高頻ram，買a主板能沿用效能較好,10/21/2025,9229,True,中立
CPU,Intel Core Ultra 9 285K,Intel,Core Ultra 9,型號(情報),[情報] 對岸Ultra9 285k+z890 tomahawk特價,https://www.ptt.cc/bbs/PC_Shopping/M.1760974227.A.4FD.html,推,265K就夠了 搭B860剛好是效能甜蜜點 者代,10/21/2025,9231,True,中立
CPU,Intel Core Ultra 9 285K,Intel,Core Ultra 9,型號(情報),[情報] 對岸Ultra9 285k+z890 tomahawk特價,https://www.ptt.cc/bbs/PC_Shopping/M.1760974227.A.4FD.html,→,往上拿效能相比AMD也是烙賽 追高幹嘛,10/21/2025,9232,True,負評
CPU,Intel Core Ultra 9 285K,Intel,Core Ultra 9,型號(情報),[情報] 對岸Ultra9 285k+z890 tomahawk特價,https://www.ptt.cc/bbs/PC_Shopping/M.1760974227.A.4FD.html,→,癢跳槽AM5，現在還不如拿9950X,10/21/2025,9237,True,負評
CPU,Intel Core Ultra 9 285K,Intel,Core Ultra 9,型號(情報),[情報] 對岸Ultra9 285k+z890 tomahawk特價,https://www.ptt.cc/bbs/PC_Shopping/M.1760974227.A.4FD.html,→,PU跑AI也沒有比較吃香， 算力才45 TOPS跑,10/21/2025,9240,True,中立
CPU,Intel Core Ultra 9 285K,Intel,Core Ultra 9,型號(情報),[情報] 對岸Ultra9 285k+z890 tomahawk特價,https://www.ptt.cc/bbs/PC_Shopping/M.1760974227.A.4FD.html,→,腳位沿用AM5但是功耗會讓中低階Bx50板子,10/21/2025,9246,True,中立
CPU,Intel Core Ultra 9 285K,Intel,Core Ultra 9,型號(情報),[情報] US 亞馬遜PRIME DAY 285K 265K 特價,https://www.ptt.cc/bbs/PC_Shopping/M.1759886173.A.436.html,→,就可以跑滿265KF,10/08/2025,9265,True,中立
CPU,Intel Core Ultra 9 285K,Intel,Core Ultra 9,型號(情報),[情報] US 亞馬遜PRIME DAY 285K 265K 特價,https://www.ptt.cc/bbs/PC_Shopping/M.1759886173.A.436.html,→,只要不介意ICU這擠牙膏產品。,10/08/2025,9268,True,中立
CPU,Intel Core Ultra 9 285K,Intel,Core Ultra 9,型號(情報),[情報] US 亞馬遜PRIME DAY 285K 265K 特價,https://www.ptt.cc/bbs/PC_Shopping/M.1759886173.A.436.html,→,沒了QSV ICU就沒有優勢了,10/08/2025,9270,True,負評
CPU,Intel Core Ultra 9 285K,Intel,Core Ultra 9,型號(情報),[情報] US 亞馬遜PRIME DAY 285K 265K 特價,https://www.ptt.cc/bbs/PC_Shopping/M.1759886173.A.436.html,→,這代的亮點就是內顯，主機板的話買Z890送的,10/08/2025,9271,True,中立
CPU,Intel Core Ultra 9 285K,Intel,Core Ultra 9,型號(情報),[情報] Intel Core Ultra 265K 285K搭板降價,https://www.ptt.cc/bbs/PC_Shopping/M.1739627306.A.AF8.html,→,價錢是不香 但信仰可以啊  沒縮缸還行阿,02/16/2025,9301,True,中立
CPU,Intel Core Ultra 9 285K,Intel,Core Ultra 9,型號(情報),[情報] Intel Core Ultra 265K 285K搭板降價,https://www.ptt.cc/bbs/PC_Shopping/M.1739627306.A.AF8.html,→,這兩顆在遊戲或者生產力上能看到98X3D的,02/16/2025,9313,True,中立
CPU,Intel Core Ultra 9 285K,Intel,Core Ultra 9,型號(情報),[情報] Intel Core Ultra 265K 285K搭板降價,https://www.ptt.cc/bbs/PC_Shopping/M.1739627306.A.AF8.html,→,生產力好像差不多就是了,02/16/2025,9314,True,中立
CPU,Intel Core Ultra 9 285K,Intel,Core Ultra 9,型號(情報),[情報] Intel Core Ultra 265K 285K搭板降價,https://www.ptt.cc/bbs/PC_Shopping/M.1739627306.A.AF8.html,→,"245K全預設遊戲大輸8~10%, 當然CP值極低",02/16/2025,9325,True,負評
CPU,Intel Core Ultra 9 285K,Intel,Core Ultra 9,型號(情報),[情報] Intel Core Ultra 265K 285K搭板降價,https://www.ptt.cc/bbs/PC_Shopping/M.1739627306.A.AF8.html,→,"輸3~4%, 自然還是9900X CP值勝",02/16/2025,9329,True,中立
CPU,Intel Core Ultra 9 285K,Intel,Core Ultra 9,型號(情報),[情報] Intel Core Ultra 265K 285K搭板降價,https://www.ptt.cc/bbs/PC_Shopping/M.1739627306.A.AF8.html,→,"U9生產力輸4~5%, 遊戲輸4~5%, 自然還是",02/16/2025,9331,True,中立
CPU,Intel Core Ultra 9 285K,Intel,Core Ultra 9,型號(情報),[情報] Intel Core Ultra 265K 285K搭板降價,https://www.ptt.cc/bbs/PC_Shopping/M.1739627306.A.AF8.html,→,"而且純打遊戲用也不會選擇它, 要嗎選最強",02/16/2025,9334,True,負評
CPU,Intel Core Ultra 9 285K,Intel,Core Ultra 9,型號(情報),[情報] Intel Core Ultra 265K 285K搭板降價,https://www.ptt.cc/bbs/PC_Shopping/M.1739627306.A.AF8.html,→,"以CP值來看, 因為預設下遊戲都輸, U7/U9+",02/16/2025,9337,True,負評
CPU,Intel Core Ultra 9 285K,Intel,Core Ultra 9,型號(情報),[情報] Intel Core Ultra 265K 285K搭板降價,https://www.ptt.cc/bbs/PC_Shopping/M.1739627306.A.AF8.html,→,Z比9900/9950+B650便宜2000原才值得入手,02/16/2025,9338,True,中立
CPU,Intel Core Ultra 9 285K,Intel,Core Ultra 9,型號(情報),[情報] Intel Core Ultra 265K 285K搭板降價,https://www.ptt.cc/bbs/PC_Shopping/M.1739627306.A.AF8.html,→,U7這價格我覺得滿甜的，U9還是臭臭的,02/16/2025,9345,True,負評
CPU,Intel Core Ultra 9 285K,Intel,Core Ultra 9,型號(情報),[情報] Intel Core Ultra 265K 285K搭板降價,https://www.ptt.cc/bbs/PC_Shopping/M.1739627306.A.AF8.html,→,賭14代不縮缸，這個ICU早就沒救了，又貴又,02/16/2025,9348,True,負評
CPU,Intel Core Ultra 9 285K,Intel,Core Ultra 9,型號,Re: [情報] 9950X3D遊戲贏7950X3D 8% 屌打ICU 285k,https://www.ptt.cc/bbs/PC_Shopping/M.1736226161.A.DAE.html,→,核心(或至少優化不佳),01/07/2025,9383,True,中立
CPU,Intel Core Ultra 9 285K,Intel,Core Ultra 9,型號,Re: [情報] 9950X3D遊戲贏7950X3D 8% 屌打ICU 285k,https://www.ptt.cc/bbs/PC_Shopping/M.1736226161.A.DAE.html,→,多少都有差一點 牙膏這錢也是砸了不少,01/07/2025,9399,True,中立
CPU,Intel Core Ultra 9 285K,Intel,Core Ultra 9,型號,Re: [情報] 9950X3D遊戲贏7950X3D 8% 屌打ICU 285k,https://www.ptt.cc/bbs/PC_Shopping/M.1736226161.A.DAE.html,→,事，混合渲染會吃滿CPU,01/07/2025,9425,True,中立
CPU,Intel Core Ultra 9 285K,Intel,Core Ultra 9,型號,Re: [情報] 9950X3D遊戲贏7950X3D 8% 屌打ICU 285k,https://www.ptt.cc/bbs/PC_Shopping/M.1736226161.A.DAE.html,→,優勢，多數情況下反而還會變慢，可能要用,01/08/2025,9432,True,中立
CPU,Intel Core Ultra 9 285K,Intel,Core Ultra 9,型號(情報),[情報] 9950X3D遊戲贏+795X3D 8%屌打ICU 285k 20%,https://www.ptt.cc/bbs/PC_Shopping/M.1736170385.A.3A3.html,→,intel遊戲和生產力都打不贏AMD了,01/06/2025,9448,True,負評
CPU,Intel Core Ultra 9 285K,Intel,Core Ultra 9,型號(情報),[情報] 9950X3D遊戲贏+795X3D 8%屌打ICU 285k 20%,https://www.ptt.cc/bbs/PC_Shopping/M.1736170385.A.3A3.html,推,20%是和icu比，和前代比強8%啦,01/06/2025,9452,True,中立
CPU,Intel Core Ultra 9 285K,Intel,Core Ultra 9,型號(情報),[情報] 9950X3D遊戲贏+795X3D 8%屌打ICU 285k 20%,https://www.ptt.cc/bbs/PC_Shopping/M.1736170385.A.3A3.html,→,這是icu廢到笑的關係，不是對手太強,01/06/2025,9453,True,負評
CPU,Intel Core Ultra 9 285K,Intel,Core Ultra 9,型號(情報),[情報] 9950X3D遊戲贏+795X3D 8%屌打ICU 285k 20%,https://www.ptt.cc/bbs/PC_Shopping/M.1736170385.A.3A3.html,推,我就是這個意思喔 效能直接輸別人一代,01/06/2025,9454,True,負評
CPU,Intel Core Ultra 9 285K,Intel,Core Ultra 9,型號(情報),[情報] 9950X3D遊戲贏+795X3D 8%屌打ICU 285k 20%,https://www.ptt.cc/bbs/PC_Shopping/M.1736170385.A.3A3.html,推,在價位上和285K也不是同等級的產品，,01/06/2025,9455,True,中立
CPU,Intel Core Ultra 9 285K,Intel,Core Ultra 9,型號(情報),[情報] 9950X3D遊戲贏+795X3D 8%屌打ICU 285k 20%,https://www.ptt.cc/bbs/PC_Shopping/M.1736170385.A.3A3.html,推,重點是這代沒鎖時脈 生產力也是16核CPU,01/06/2025,9457,True,中立
CPU,Intel Core Ultra 9 285K,Intel,Core Ultra 9,型號(情報),[情報] 9950X3D遊戲贏+795X3D 8%屌打ICU 285k 20%,https://www.ptt.cc/bbs/PC_Shopping/M.1736170385.A.3A3.html,→,9950X3D在生產力贏ICU約10%，那跟自家,01/06/2025,9468,True,中立
CPU,Intel Core Ultra 9 285K,Intel,Core Ultra 9,型號(情報),[情報] 9950X3D遊戲贏+795X3D 8%屌打ICU 285k 20%,https://www.ptt.cc/bbs/PC_Shopping/M.1736170385.A.3A3.html,推,雖然ICU的性能很不對，但夠便宜還是有人要,01/07/2025,9482,True,中立
CPU,Intel Core Ultra 9 285K,Intel,Core Ultra 9,型號(情報),[情報] 9950X3D遊戲贏+795X3D 8%屌打ICU 285k 20%,https://www.ptt.cc/bbs/PC_Shopping/M.1736170385.A.3A3.html,→,什麼，價格沒跳水？那還是進ICU去吧,01/07/2025,9483,True,負評
CPU,Intel Core Ultra 9 285K,Intel,Core Ultra 9,型號,[菜單] 45K intel 285k 遊戲機,https://www.ptt.cc/bbs/PC_Shopping/M.1731915415.A.6C9.html,→,雖然被9800X3D按在地上磨擦,11/18/2024,9510,True,中立
CPU,Intel Core Ultra 9 285K,Intel,Core Ultra 9,型號,[菜單] 45K intel 285k 遊戲機,https://www.ptt.cc/bbs/PC_Shopping/M.1731915415.A.6C9.html,→,雖然ICU現在也跟穩定耐用沾不上邊,11/18/2024,9512,True,負評
CPU,Intel Core Ultra 9 285K,Intel,Core Ultra 9,型號,[菜單] 45K intel 285k 遊戲機,https://www.ptt.cc/bbs/PC_Shopping/M.1731915415.A.6C9.html,→,開，AMD更省電遊戲也屌打I喔,11/18/2024,9514,True,負評
CPU,Intel Core Ultra 9 285K,Intel,Core Ultra 9,型號,[菜單] 45K intel 285k 遊戲機,https://www.ptt.cc/bbs/PC_Shopping/M.1731915415.A.6C9.html,→,倒吸牙膏還覺得單核強喔 呵呵,11/18/2024,9522,True,負評
CPU,Intel Core Ultra 9 285K,Intel,Core Ultra 9,型號,[菜單] 45K intel 285k 遊戲機,https://www.ptt.cc/bbs/PC_Shopping/M.1731915415.A.6C9.html,推,雖然intel遊戲性能被9800X3D爆打 可是,11/18/2024,9524,True,中立
CPU,Intel Core Ultra 9 285K,Intel,Core Ultra 9,型號,[菜單] 45K intel 285k 遊戲機,https://www.ptt.cc/bbs/PC_Shopping/M.1731915415.A.6C9.html,推,285K我記得單核也沒比9800X3D強多少啊?,11/18/2024,9527,True,中立
CPU,Intel Core Ultra 9 285K,Intel,Core Ultra 9,型號,[菜單] 45K intel 285k 遊戲機,https://www.ptt.cc/bbs/PC_Shopping/M.1731915415.A.6C9.html,推,不如回去組12900的i9?,11/18/2024,9529,True,中立
CPU,Intel Core Ultra 9 285K,Intel,Core Ultra 9,型號,[菜單] 45K intel 285k 遊戲機,https://www.ptt.cc/bbs/PC_Shopping/M.1731915415.A.6C9.html,→,"PS3模擬器285K好像不弱, 根據TPU測試,",11/18/2024,9534,True,中立
CPU,Intel Core Ultra 9 285K,Intel,Core Ultra 9,型號,[菜單] 45K intel 285k 遊戲機,https://www.ptt.cc/bbs/PC_Shopping/M.1731915415.A.6C9.html,推,這時候還買Intel就是被賞巴掌還說謝,11/18/2024,9541,True,負評
CPU,Intel Core Ultra 9 285K,Intel,Core Ultra 9,型號,[菜單] 45K intel 285k 遊戲機,https://www.ptt.cc/bbs/PC_Shopping/M.1731915415.A.6C9.html,推,要圓夢還不快買！,11/18/2024,9542,True,正評
CPU,Intel Core Ultra 9 285K,Intel,Core Ultra 9,型號,[菜單] 45K intel 285k 遊戲機,https://www.ptt.cc/bbs/PC_Shopping/M.1731915415.A.6C9.html,→,3的s tier，也想過4k的瓶頸在gpu,11/18/2024,9546,True,中立
CPU,Intel Core Ultra 9 285K,Intel,Core Ultra 9,型號,[菜單] 45K intel 285k 遊戲機,https://www.ptt.cc/bbs/PC_Shopping/M.1731915415.A.6C9.html,→,現在問題就是CP值偏低,11/18/2024,9549,True,負評
CPU,Intel Core Ultra 9 285K,Intel,Core Ultra 9,型號,[菜單] 45K intel 285k 遊戲機,https://www.ptt.cc/bbs/PC_Shopping/M.1731915415.A.6C9.html,噓,誠心建議不要浪費錢…粉絲就當沒說過,11/18/2024,9565,True,負評
CPU,Intel Core Ultra 9 285K,Intel,Core Ultra 9,型號,[菜單] 45K intel 285k 遊戲機,https://www.ptt.cc/bbs/PC_Shopping/M.1731915415.A.6C9.html,→,還不如拿錢去換顯卡（茶,11/18/2024,9570,True,負評
CPU,Intel Core Ultra 9 285K,Intel,Core Ultra 9,型號,[菜單] 45K intel 285k 遊戲機,https://www.ptt.cc/bbs/PC_Shopping/M.1731915415.A.6C9.html,→,ICU也沒比X3D強多少 也沒比X3D省電,11/18/2024,9571,True,中立
CPU,Intel Core Ultra 9 285K,Intel,Core Ultra 9,型號,[菜單] 45K intel 285k 遊戲機,https://www.ptt.cc/bbs/PC_Shopping/M.1731915415.A.6C9.html,→,衝用不到的CPU，直接送進ICU去 沒救,11/18/2024,9574,True,負評
CPU,Intel Core Ultra 9 285K,Intel,Core Ultra 9,型號,[菜單] 45K intel 285k 遊戲機,https://www.ptt.cc/bbs/PC_Shopping/M.1731915415.A.6C9.html,→,intel這代不強 我的話會觀望下一代,11/18/2024,9608,True,負評
CPU,Intel Core Ultra 9 285K,Intel,Core Ultra 9,型號,[菜單] 45K intel 285k 遊戲機,https://www.ptt.cc/bbs/PC_Shopping/M.1731915415.A.6C9.html,→,"這表我有看過, 0.2fps很掙扎，我不是沒想",11/18/2024,9612,True,中立
CPU,Intel Core Ultra 9 285K,Intel,Core Ultra 9,型號,[菜單] 45K intel 285k 遊戲機,https://www.ptt.cc/bbs/PC_Shopping/M.1731915415.A.6C9.html,→,要I就下一代再看看 總之ICU2這坨吃不了,11/18/2024,9620,True,負評
CPU,Intel Core Ultra 9 285K,Intel,Core Ultra 9,型號,[菜單] 45K intel 285k 遊戲機,https://www.ptt.cc/bbs/PC_Shopping/M.1731915415.A.6C9.html,→,用4090去測的 你4070差距只會更小,11/18/2024,9622,True,中立
CPU,Intel Core Ultra 9 285K,Intel,Core Ultra 9,型號,[菜單] 45K intel 285k 遊戲機,https://www.ptt.cc/bbs/PC_Shopping/M.1731915415.A.6C9.html,→,285K比好了 價差8250 可以電死多少顆,11/18/2024,9627,True,中立
CPU,Intel Core Ultra 9 285K,Intel,Core Ultra 9,型號,[菜單] 45K intel 285k 遊戲機,https://www.ptt.cc/bbs/PC_Shopping/M.1731915415.A.6C9.html,→,價格效能省電戰未來沒有一項贏AMD的,11/18/2024,9630,True,中立
CPU,Intel Core Ultra 9 285K,Intel,Core Ultra 9,型號,[菜單] 45K intel 285k 遊戲機,https://www.ptt.cc/bbs/PC_Shopping/M.1731915415.A.6C9.html,推,買吧，也是值得紀念的一代cpu,11/18/2024,9632,True,正評
CPU,Intel Core Ultra 9 285K,Intel,Core Ultra 9,型號,[菜單] 45K intel 285k 遊戲機,https://www.ptt.cc/bbs/PC_Shopping/M.1731915415.A.6C9.html,→,少發熱怎麼會拿1050W的金牌,11/18/2024,9652,True,中立
CPU,Intel Core Ultra 9 285K,Intel,Core Ultra 9,型號,[菜單] 45K intel 285k 遊戲機,https://www.ptt.cc/bbs/PC_Shopping/M.1731915415.A.6C9.html,→,prime也不是攻頂 vrm效率跟散熱片都有差,11/18/2024,9655,True,中立
CPU,Intel Core Ultra 9 285K,Intel,Core Ultra 9,型號,[菜單] 45K intel 285k 遊戲機,https://www.ptt.cc/bbs/PC_Shopping/M.1731915415.A.6C9.html,→,功耗低，但遊戲效能是285的1.5倍,11/18/2024,9660,True,正評
CPU,Intel Core Ultra 9 285K,Intel,Core Ultra 9,型號,[菜單] 45K intel 285k 遊戲機,https://www.ptt.cc/bbs/PC_Shopping/M.1731915415.A.6C9.html,→,不耗電、耐用、低溫，這怎麼看都是98x3d,11/18/2024,9662,True,正評
CPU,Intel Core Ultra 9 285K,Intel,Core Ultra 9,型號,[菜單] 45K intel 285k 遊戲機,https://www.ptt.cc/bbs/PC_Shopping/M.1731915415.A.6C9.html,→,笑死人還單核強省電的 你是來反串的吧,11/18/2024,9668,True,負評
CPU,Intel Core Ultra 9 285K,Intel,Core Ultra 9,型號,[菜單] 45K intel 285k 遊戲機,https://www.ptt.cc/bbs/PC_Shopping/M.1731915415.A.6C9.html,→,換牌子嗎  欲圓夢選285K就對了,11/18/2024,9691,True,正評
CPU,Intel Core Ultra 9 285K,Intel,Core Ultra 9,型號,[菜單] 45K intel 285k 遊戲機,https://www.ptt.cc/bbs/PC_Shopping/M.1731915415.A.6C9.html,推,最後圓夢的機會 超值,11/18/2024,9692,True,正評
CPU,Intel Core Ultra 9 285K,Intel,Core Ultra 9,型號,[菜單] 45K intel 285k 遊戲機,https://www.ptt.cc/bbs/PC_Shopping/M.1731915415.A.6C9.html,→,玩遊戲傻了才組I家 效能低又吃別人多電,11/18/2024,9699,True,負評
CPU,Intel Core Ultra 9 285K,Intel,Core Ultra 9,型號,[菜單] 45K intel 285k 遊戲機,https://www.ptt.cc/bbs/PC_Shopping/M.1731915415.A.6C9.html,→,0.2 FPS很掙扎 很難相信不是反串,11/18/2024,9700,True,負評
CPU,Intel Core Ultra 9 285K,Intel,Core Ultra 9,型號,[菜單] 45K intel 285k 遊戲機,https://www.ptt.cc/bbs/PC_Shopping/M.1731915415.A.6C9.html,推,intel這代有吃比較多電？,11/19/2024,9704,True,中立
CPU,Intel Core Ultra 9 285K,Intel,Core Ultra 9,型號,[菜單] 45K intel 285k 遊戲機,https://www.ptt.cc/bbs/PC_Shopping/M.1731915415.A.6C9.html,推,"你285k鎖功耗,跟98x3d差就不只是0.2幀了",11/19/2024,9710,True,中立
CPU,Intel Core Ultra 9 285K,Intel,Core Ultra 9,型號,[菜單] 45K intel 285k 遊戲機,https://www.ptt.cc/bbs/PC_Shopping/M.1731915415.A.6C9.html,→,都上285K了供電至少給12/16以上吧,11/19/2024,9714,True,中立
CPU,Intel Core Ultra 9 285K,Intel,Core Ultra 9,型號,[菜單] 45K intel 285k 遊戲機,https://www.ptt.cc/bbs/PC_Shopping/M.1731915415.A.6C9.html,→,目前測試網站至少是上7200甚至8200,11/19/2024,9716,True,中立
CPU,Intel Core Ultra 9 285K,Intel,Core Ultra 9,型號,[菜單] 45K intel 285k 遊戲機,https://www.ptt.cc/bbs/PC_Shopping/M.1731915415.A.6C9.html,→,285K搭配ddr-7200也都跑不贏9600K,11/19/2024,9719,True,負評
CPU,Intel Core Ultra 9 285K,Intel,Core Ultra 9,型號,[菜單] 45K intel 285k 遊戲機,https://www.ptt.cc/bbs/PC_Shopping/M.1731915415.A.6C9.html,→,你配各DDR-6400效能只會更低,11/19/2024,9720,True,負評
CPU,Intel Core Ultra 9 285K,Intel,Core Ultra 9,型號,[菜單] 45K intel 285k 遊戲機,https://www.ptt.cc/bbs/PC_Shopping/M.1731915415.A.6C9.html,→,除卻主板擴充性，不然想不到現在買,11/19/2024,9727,True,中立
CPU,Intel Core Ultra 9 285K,Intel,Core Ultra 9,型號,[菜單] 45K intel 285k 遊戲機,https://www.ptt.cc/bbs/PC_Shopping/M.1731915415.A.6C9.html,→,排3D都不行了比買勞還硬,11/19/2024,9733,True,負評
CPU,Intel Core Ultra 9 285K,Intel,Core Ultra 9,型號,[菜單] 45K intel 285k 遊戲機,https://www.ptt.cc/bbs/PC_Shopping/M.1731915415.A.6C9.html,推,ICU真的買到撞到 還沒有升級空間,11/19/2024,9741,True,負評
CPU,Intel Core Ultra 9 285K,Intel,Core Ultra 9,型號,[菜單] 45K intel 285k 遊戲機,https://www.ptt.cc/bbs/PC_Shopping/M.1731915415.A.6C9.html,→,你要用10年，你得確定這代Intel沒問題,11/19/2024,9745,True,中立
CPU,Intel Core Ultra 9 285K,Intel,Core Ultra 9,型號,[菜單] 45K intel 285k 遊戲機,https://www.ptt.cc/bbs/PC_Shopping/M.1731915415.A.6C9.html,推,實測弱、只有一代 這怎麼撐10年,11/19/2024,9747,True,負評
CPU,Intel Core Ultra 9 285K,Intel,Core Ultra 9,型號,[菜單] 45K intel 285k 遊戲機,https://www.ptt.cc/bbs/PC_Shopping/M.1731915415.A.6C9.html,推,不過說真的，ICU至少比14900好，倒,11/19/2024,9750,True,中立
CPU,Intel Core Ultra 9 285K,Intel,Core Ultra 9,型號,[菜單] 45K intel 285k 遊戲機,https://www.ptt.cc/bbs/PC_Shopping/M.1731915415.A.6C9.html,推,經歷了intel 13、14代，還能說耐用穩定…,11/19/2024,9765,True,正評
CPU,Intel Core Ultra 9 285K,Intel,Core Ultra 9,型號,[菜單] 45K intel 285k 遊戲機,https://www.ptt.cc/bbs/PC_Shopping/M.1731915415.A.6C9.html,→,倒覺得Core Ultra這選擇沒有那麼不堪,11/19/2024,9768,True,中立
CPU,Intel Core Ultra 9 285K,Intel,Core Ultra 9,型號,[菜單] 45K intel 285k 遊戲機,https://www.ptt.cc/bbs/PC_Shopping/M.1731915415.A.6C9.html,→,題，然後遊戲性能大約夾在13/12th之間,11/19/2024,9770,True,中立
CPU,Intel Core Ultra 9 285K,Intel,Core Ultra 9,型號,[菜單] 45K intel 285k 遊戲機,https://www.ptt.cc/bbs/PC_Shopping/M.1731915415.A.6C9.html,推,我是129k換285k，真的不用考慮12th,11/19/2024,9774,True,中立
CPU,Intel Core Ultra 9 285K,Intel,Core Ultra 9,型號,[菜單] 45K intel 285k 遊戲機,https://www.ptt.cc/bbs/PC_Shopping/M.1731915415.A.6C9.html,推,285K要買也得比98X3D便宜才行,11/19/2024,9777,True,中立
CPU,Intel Core Ultra 9 285K,Intel,Core Ultra 9,型號,[菜單] 45K intel 285k 遊戲機,https://www.ptt.cc/bbs/PC_Shopping/M.1731915415.A.6C9.html,→,搭現在貴炸的Z890板完全不值,11/19/2024,9778,True,負評
CPU,Intel Core Ultra 9 285K,Intel,Core Ultra 9,型號,[菜單] 45K intel 285k 遊戲機,https://www.ptt.cc/bbs/PC_Shopping/M.1731915415.A.6C9.html,→,285K的內顯也要給他機會好好發揮,11/19/2024,9792,True,中立
CPU,Intel Core Ultra 9 285K,Intel,Core Ultra 9,型號,[菜單] 45K intel 285k 遊戲機,https://www.ptt.cc/bbs/PC_Shopping/M.1731915415.A.6C9.html,推,之前攻頂intel的 已經整天在藍屏了,11/20/2024,9796,True,負評
CPU,Intel Core Ultra 9 285K,Intel,Core Ultra 9,型號,[測試] 風冷Intel U9 285K搭載Z890 AORUS MASTER,https://www.ptt.cc/bbs/PC_Shopping/M.1731143888.A.E09.html,→,風冷能壓旗艦已經好幾年沒見了，這,11/09/2024,9806,True,中立
CPU,Intel Core Ultra 9 285K,Intel,Core Ultra 9,型號,[測試] 風冷Intel U9 285K搭載Z890 AORUS MASTER,https://www.ptt.cc/bbs/PC_Shopping/M.1731143888.A.E09.html,→,點上英特爾算是成功換骨，但效能就,11/09/2024,9807,True,中立
CPU,Intel Core Ultra 9 285K,Intel,Core Ultra 9,型號,[測試] 風冷Intel U9 285K搭載Z890 AORUS MASTER,https://www.ptt.cc/bbs/PC_Shopping/M.1731143888.A.E09.html,推,但功耗是因為台積製程在強,11/09/2024,9808,True,中立
CPU,Intel Core Ultra 9 285K,Intel,Core Ultra 9,型號,[測試] 風冷Intel U9 285K搭載Z890 AORUS MASTER,https://www.ptt.cc/bbs/PC_Shopping/M.1731143888.A.E09.html,→,至少打平RPL..,11/09/2024,9813,True,中立
CPU,Intel Core Ultra 9 285K,Intel,Core Ultra 9,型號,[測試] 風冷Intel U9 285K搭載Z890 AORUS MASTER,https://www.ptt.cc/bbs/PC_Shopping/M.1731143888.A.E09.html,→,功耗大降效能接近我覺得已經算不錯的開局了,11/09/2024,9814,True,正評
CPU,Intel Core Ultra 9 285K,Intel,Core Ultra 9,型號,[測試] 風冷Intel U9 285K搭載Z890 AORUS MASTER,https://www.ptt.cc/bbs/PC_Shopping/M.1731143888.A.E09.html,→,就像ZEN1 有進步 但還有努力的空間,11/09/2024,9819,True,中立
CPU,Intel Core Ultra 9 285K,Intel,Core Ultra 9,型號,[測試] 風冷Intel U9 285K搭載Z890 AORUS MASTER,https://www.ptt.cc/bbs/PC_Shopping/M.1731143888.A.E09.html,→,"修正後如果追平Zen 5 / 14代, 還算可以,",11/09/2024,9823,True,中立
CPU,Intel Core Ultra 9 285K,Intel,Core Ultra 9,型號,[測試] 風冷Intel U9 285K搭載Z890 AORUS MASTER,https://www.ptt.cc/bbs/PC_Shopping/M.1731143888.A.E09.html,推,推測試  但不推INTEL,11/09/2024,9839,True,負評
CPU,Intel Core Ultra 9 285K,Intel,Core Ultra 9,型號,[測試] 風冷Intel U9 285K搭載Z890 AORUS MASTER,https://www.ptt.cc/bbs/PC_Shopping/M.1731143888.A.E09.html,推,看來這次技嘉MASTER用料算是不錯 散熱,11/20/2024,9852,True,中立
CPU,Intel Core Ultra 9 285K,Intel,Core Ultra 9,型號,[測試] 風冷Intel U9 285K搭載Z890 AORUS MASTER,https://www.ptt.cc/bbs/PC_Shopping/M.1731143888.A.E09.html,→,設計感覺對供電模組散熱效果會好點,11/20/2024,9856,True,中立
CPU,Intel Core Ultra 9 285K,Intel,Core Ultra 9,型號(情報),[情報] Gamers Nexus U9-285k測試,https://www.ptt.cc/bbs/PC_Shopping/M.1729788227.A.F26.html,推,笑死 真的廢到笑,10/25/2024,9860,True,負評
CPU,Intel Core Ultra 9 285K,Intel,Core Ultra 9,型號(情報),[情報] Gamers Nexus U9-285k測試,https://www.ptt.cc/bbs/PC_Shopping/M.1729788227.A.F26.html,→,000系普通版就穩穩壓住285K了,10/25/2024,9864,True,正評
CPU,Intel Core Ultra 9 285K,Intel,Core Ultra 9,型號(情報),[情報] Gamers Nexus U9-285k測試,https://www.ptt.cc/bbs/PC_Shopping/M.1729788227.A.F26.html,推,笑死 LinusTechTips也上了 285K遊戲廢到,10/25/2024,9870,True,負評
CPU,Intel Core Ultra 9 285K,Intel,Core Ultra 9,型號(情報),[情報] Gamers Nexus U9-285k測試,https://www.ptt.cc/bbs/PC_Shopping/M.1729788227.A.F26.html,→,"用新BIOS開105W就會""正常""不少",10/25/2024,9884,True,中立
CPU,Intel Core Ultra 9 285K,Intel,Core Ultra 9,型號(情報),[情報] Gamers Nexus U9-285k測試,https://www.ptt.cc/bbs/PC_Shopping/M.1729788227.A.F26.html,→,遊戲性能 連X3D都不用就能把U200踩在地,10/25/2024,9887,True,正評
CPU,Intel Core Ultra 9 285K,Intel,Core Ultra 9,型號(情報),[情報] Gamers Nexus U9-285k測試,https://www.ptt.cc/bbs/PC_Shopping/M.1729788227.A.F26.html,推,14代的成績是縮缸前的吧現在加一堆限制,10/25/2024,9891,True,負評
CPU,Intel Core Ultra 9 285K,Intel,Core Ultra 9,型號(情報),[情報] Gamers Nexus U9-285k測試,https://www.ptt.cc/bbs/PC_Shopping/M.1729788227.A.F26.html,→,連功耗都輸9000系輸得一匹,10/25/2024,9897,True,負評
CPU,Intel Core Ultra 9 285K,Intel,Core Ultra 9,型號(情報),[情報] Gamers Nexus U9-285k測試,https://www.ptt.cc/bbs/PC_Shopping/M.1729788227.A.F26.html,→,跑Cinebench 頂多只比147K 149K好一些,10/25/2024,9898,True,中立
CPU,Intel Core Ultra 9 285K,Intel,Core Ultra 9,型號(情報),[情報] Gamers Nexus U9-285k測試,https://www.ptt.cc/bbs/PC_Shopping/M.1729788227.A.F26.html,→,遊戲就算了 生產力也輸 到底怎麼有臉拿,10/25/2024,9903,True,負評
CPU,Intel Core Ultra 9 285K,Intel,Core Ultra 9,型號(情報),[情報] Gamers Nexus U9-285k測試,https://www.ptt.cc/bbs/PC_Shopping/M.1729788227.A.F26.html,→,不用X3D 9000系普通版就穩壓一匹了,10/25/2024,9905,True,正評
CPU,Intel Core Ultra 9 285K,Intel,Core Ultra 9,型號(情報),[情報] Gamers Nexus U9-285k測試,https://www.ptt.cc/bbs/PC_Shopping/M.1729788227.A.F26.html,推,看起來跟上一代比主要是能效比進步,10/25/2024,9910,True,中立
CPU,Intel Core Ultra 9 285K,Intel,Core Ultra 9,型號(情報),[情報] Gamers Nexus U9-285k測試,https://www.ptt.cc/bbs/PC_Shopping/M.1729788227.A.F26.html,→,能效進步大概也只贏過本來的14代,10/25/2024,9912,True,中立
CPU,Intel Core Ultra 9 285K,Intel,Core Ultra 9,型號(情報),[情報] Gamers Nexus U9-285k測試,https://www.ptt.cc/bbs/PC_Shopping/M.1729788227.A.F26.html,→,說是能效 實際上還是能笑,10/25/2024,9913,True,負評
CPU,Intel Core Ultra 9 285K,Intel,Core Ultra 9,型號(情報),[情報] Gamers Nexus U9-285k測試,https://www.ptt.cc/bbs/PC_Shopping/M.1729788227.A.F26.html,→,降壓完效能應該差不多吧,10/25/2024,9915,True,中立
CPU,Intel Core Ultra 9 285K,Intel,Core Ultra 9,型號(情報),[情報] Gamers Nexus U9-285k測試,https://www.ptt.cc/bbs/PC_Shopping/M.1729788227.A.F26.html,→,辦法到一樣高頻率 架構設計到得砍HT  所,10/25/2024,9917,True,中立
CPU,Intel Core Ultra 9 285K,Intel,Core Ultra 9,型號(情報),[情報] Gamers Nexus U9-285k測試,https://www.ptt.cc/bbs/PC_Shopping/M.1729788227.A.F26.html,→,P核已經超巨啊 巨到沒辦法HT,10/25/2024,9923,True,中立
CPU,Intel Core Ultra 9 285K,Intel,Core Ultra 9,型號(情報),[情報] Gamers Nexus U9-285k測試,https://www.ptt.cc/bbs/PC_Shopping/M.1729788227.A.F26.html,推,P核這麼巨，也沒比zen 5強，真慘，我看要大,10/25/2024,9927,True,負評
CPU,Intel Core Ultra 9 285K,Intel,Core Ultra 9,型號(情報),[情報] Gamers Nexus U9-285k測試,https://www.ptt.cc/bbs/PC_Shopping/M.1729788227.A.F26.html,→,是有機率總效能會差,10/25/2024,9932,True,負評
CPU,Intel Core Ultra 9 285K,Intel,Core Ultra 9,型號(情報),[情報] Gamers Nexus U9-285k測試,https://www.ptt.cc/bbs/PC_Shopping/M.1729788227.A.F26.html,推,HT是會拖慢單核心性能的ㄟ,10/25/2024,9936,True,中立
CPU,Intel Core Ultra 9 285K,Intel,Core Ultra 9,型號(情報),[情報] Gamers Nexus U9-285k測試,https://www.ptt.cc/bbs/PC_Shopping/M.1729788227.A.F26.html,→,上代用電換效能已經太走火入魔了 還是慢,10/25/2024,9937,True,負評
CPU,Intel Core Ultra 9 285K,Intel,Core Ultra 9,型號(情報),[情報] Gamers Nexus U9-285k測試,https://www.ptt.cc/bbs/PC_Shopping/M.1729788227.A.F26.html,→,慢回歸注意能效比比較合理,10/25/2024,9938,True,中立
CPU,Intel Core Ultra 9 285K,Intel,Core Ultra 9,型號(情報),[情報] Gamers Nexus U9-285k測試,https://www.ptt.cc/bbs/PC_Shopping/M.1729788227.A.F26.html,→,這代這效能就根本不該換角位....,10/25/2024,9939,True,中立
CPU,Intel Core Ultra 9 285K,Intel,Core Ultra 9,型號(情報),[情報] Gamers Nexus U9-285k測試,https://www.ptt.cc/bbs/PC_Shopping/M.1729788227.A.F26.html,→,什麼供電不夠用阿 腳位pin數不足阿 要換,10/25/2024,9949,True,負評
CPU,Intel Core Ultra 9 285K,Intel,Core Ultra 9,型號(情報),[情報] Gamers Nexus U9-285k測試,https://www.ptt.cc/bbs/PC_Shopping/M.1729788227.A.F26.html,→,很猛 剩下的比較像白老鼠,10/25/2024,9961,True,正評
CPU,Intel Core Ultra 9 285K,Intel,Core Ultra 9,型號(情報),[情報] Gamers Nexus U9-285k測試,https://www.ptt.cc/bbs/PC_Shopping/M.1729788227.A.F26.html,推,有點慘，跑分很強，但似乎大多數狀況,10/25/2024,9963,True,中立
CPU,Intel Core Ultra 9 285K,Intel,Core Ultra 9,型號(情報),[情報] Gamers Nexus U9-285k測試,https://www.ptt.cc/bbs/PC_Shopping/M.1729788227.A.F26.html,→,用到Intel內顯加速，是靠內顯贏的,10/25/2024,9970,True,中立
CPU,Intel Core Ultra 9 285K,Intel,Core Ultra 9,型號(情報),[情報] Gamers Nexus U9-285k測試,https://www.ptt.cc/bbs/PC_Shopping/M.1729788227.A.F26.html,→,而且跑分也很強，到底為啥實際應用能跟跑,10/25/2024,9976,True,正評
CPU,Intel Core Ultra 9 285K,Intel,Core Ultra 9,型號(情報),[情報] Gamers Nexus U9-285k測試,https://www.ptt.cc/bbs/PC_Shopping/M.1729788227.A.F26.html,→,是得等優化 不過能優化多少還真不好說,10/25/2024,9979,True,中立
CPU,Intel Core Ultra 9 285K,Intel,Core Ultra 9,型號(情報),[情報] Gamers Nexus U9-285k測試,https://www.ptt.cc/bbs/PC_Shopping/M.1729788227.A.F26.html,→,塞小核去讓跑分好看，實際應用就變一坨,10/25/2024,9982,True,負評
CPU,Intel Core Ultra 9 285K,Intel,Core Ultra 9,型號(情報),[情報] Gamers Nexus U9-285k測試,https://www.ptt.cc/bbs/PC_Shopping/M.1729788227.A.F26.html,推,連台積製程都救不了，這真的慘。然後這,10/25/2024,9983,True,負評
CPU,Intel Core Ultra 9 285K,Intel,Core Ultra 9,型號(情報),[情報] Gamers Nexus U9-285k測試,https://www.ptt.cc/bbs/PC_Shopping/M.1729788227.A.F26.html,→,一下就回來10%性能,10/25/2024,9989,True,中立
CPU,Intel Core Ultra 9 285K,Intel,Core Ultra 9,型號(情報),[情報] Gamers Nexus U9-285k測試,https://www.ptt.cc/bbs/PC_Shopping/M.1729788227.A.F26.html,推,其實如果首發價格能降各三成就還算香吧,10/25/2024,9992,True,中立
CPU,Intel Core Ultra 9 285K,Intel,Core Ultra 9,型號(情報),[情報] Gamers Nexus U9-285k測試,https://www.ptt.cc/bbs/PC_Shopping/M.1729788227.A.F26.html,→,畢竟最強PC遊戲機就是一定得上它Y,10/25/2024,10004,True,正評
CPU,Intel Core Ultra 9 285K,Intel,Core Ultra 9,型號(情報),[情報] Gamers Nexus U9-285k測試,https://www.ptt.cc/bbs/PC_Shopping/M.1729788227.A.F26.html,→,沒有，這代還拔掉大核超執行緒全力靠小,10/25/2024,10026,True,中立
CPU,Intel Core Ultra 9 285K,Intel,Core Ultra 9,型號(情報),[情報] Gamers Nexus U9-285k測試,https://www.ptt.cc/bbs/PC_Shopping/M.1729788227.A.F26.html,推,設計廢到笑，給你好製程也沒用,10/25/2024,10027,True,負評
CPU,Intel Core Ultra 9 285K,Intel,Core Ultra 9,型號(情報),[情報] Gamers Nexus U9-285k測試,https://www.ptt.cc/bbs/PC_Shopping/M.1729788227.A.F26.html,→,P CORE反而設計倒退嚕,10/25/2024,10029,True,負評
CPU,Intel Core Ultra 9 285K,Intel,Core Ultra 9,型號(情報),[情報] Gamers Nexus U9-285k測試,https://www.ptt.cc/bbs/PC_Shopping/M.1729788227.A.F26.html,→,P CORE之所以會這樣就因為要壓功耗,10/25/2024,10030,True,中立
CPU,Intel Core Ultra 9 285K,Intel,Core Ultra 9,型號(情報),[情報] Gamers Nexus U9-285k測試,https://www.ptt.cc/bbs/PC_Shopping/M.1729788227.A.F26.html,→,改用GG製程確實功耗也有下壓阿,10/25/2024,10032,True,中立
CPU,Intel Core Ultra 9 285K,Intel,Core Ultra 9,型號(情報),[情報] Gamers Nexus U9-285k測試,https://www.ptt.cc/bbs/PC_Shopping/M.1729788227.A.F26.html,→,這次就是能效比和製程都比14代強很多,10/25/2024,10033,True,正評
CPU,Intel Core Ultra 9 285K,Intel,Core Ultra 9,型號(情報),[情報] Gamers Nexus U9-285k測試,https://www.ptt.cc/bbs/PC_Shopping/M.1729788227.A.F26.html,推,目前看起來功耗只是贏14代，但還是輸,10/25/2024,10035,True,負評
CPU,Intel Core Ultra 9 285K,Intel,Core Ultra 9,型號(情報),[情報] Gamers Nexus U9-285k測試,https://www.ptt.cc/bbs/PC_Shopping/M.1729788227.A.F26.html,→,確實是顯著提升了,10/25/2024,10040,True,中立
CPU,Intel Core Ultra 9 285K,Intel,Core Ultra 9,型號(情報),[情報] Gamers Nexus U9-285k測試,https://www.ptt.cc/bbs/PC_Shopping/M.1729788227.A.F26.html,推,看起來台積製程有用，明顯比14代好，,10/26/2024,10041,True,中立
CPU,AMD R5 3400G,AMD,Ryzen 5,型號(情報),[情報] autobuy 特價R5-3400G組合5488,https://www.ptt.cc/bbs/PC_Shopping/M.1718467578.A.883.html,推,這顆很強阿，雖不如5600G但也是曾經的最,06/16/2024,10045,True,正評
CPU,AMD R5 3400G,AMD,Ryzen 5,型號(情報),[情報] autobuy 特價R5-3400G組合5488,https://www.ptt.cc/bbs/PC_Shopping/M.1718467578.A.883.html,推,12NM 不太香,06/16/2024,10046,True,負評
CPU,AMD R5 3400G,AMD,Ryzen 5,型號(情報),[情報] autobuy 特價R5-3400G組合5488,https://www.ptt.cc/bbs/PC_Shopping/M.1718467578.A.883.html,推,3400G 比 3200G 香,06/16/2024,10047,True,正評
CPU,AMD R5 3400G,AMD,Ryzen 5,型號(情報),[情報] autobuy 特價R5-3400G組合5488,https://www.ptt.cc/bbs/PC_Shopping/M.1718467578.A.883.html,→,概9千出頭 覺得還不錯,06/16/2024,10049,True,正評
CPU,AMD R5 3400G,AMD,Ryzen 5,型號(情報),[情報] autobuy 特價R5-3400G組合5488,https://www.ptt.cc/bbs/PC_Shopping/M.1718467578.A.883.html,推,我覺得都是文書機等級 升級這個沒意義,06/16/2024,10053,True,負評
CPU,AMD R5 3400G,AMD,Ryzen 5,型號(情報),[情報] autobuy 特價R5-3400G組合5488,https://www.ptt.cc/bbs/PC_Shopping/M.1718467578.A.883.html,→,我是覺得沒很划算啦，現在這時代燒錄機,06/16/2024,10056,True,負評
CPU,AMD R5 3400G,AMD,Ryzen 5,型號(情報),[情報] autobuy 特價R5-3400G組合5488,https://www.ptt.cc/bbs/PC_Shopping/M.1718467578.A.883.html,→,是真庫存貨，沒多少人還要用它。,06/16/2024,10057,True,中立
CPU,AMD R5 3400G,AMD,Ryzen 5,型號(情報),[情報] autobuy 特價R5-3400G組合5488,https://www.ptt.cc/bbs/PC_Shopping/M.1718467578.A.883.html,推,i7 4770跟R5 3400g效能沒差多少,06/17/2024,10063,True,中立
CPU,AMD R5 3400G,AMD,Ryzen 5,型號(情報),[情報] autobuy 特價R5-3400G組合5488,https://www.ptt.cc/bbs/PC_Shopping/M.1718467578.A.883.html,推,3400G效能約7代i7或8代i5，強4代i7三代,12/27/2024,10065,True,中立
CPU,AMD R5 3400G,AMD,Ryzen 5,型號,[菜單] 15K內文書機 3400G,https://www.ptt.cc/bbs/PC_Shopping/M.1630744957.A.C12.html,→,3400G架構舊了 而且現在也漲價,09/04/2021,10074,True,負評
CPU,AMD R5 3400G,AMD,Ryzen 5,型號,[請益] 關於A300+3400g的問題,https://www.ptt.cc/bbs/PC_Shopping/M.1599573327.A.2D5.html,→,3400 lol效能全開也沒問題吧...,09/08/2020,10097,True,正評
CPU,AMD R5 3400G,AMD,Ryzen 5,型號,[請益] 關於A300+3400g的問題,https://www.ptt.cc/bbs/PC_Shopping/M.1599573327.A.2D5.html,→,80度離熱當還很遠吧，就算破95也是先降頻,09/08/2020,10099,True,中立
CPU,AMD R5 3400G,AMD,Ryzen 5,型號,[請益] 關於A300+3400g的問題,https://www.ptt.cc/bbs/PC_Shopping/M.1599573327.A.2D5.html,→,的 lag的時候會突然飆一陣高溫然後又穩定,09/09/2020,10111,True,中立
CPU,AMD R5 3400G,AMD,Ryzen 5,型號,[請益] 關於A300+3400g的問題,https://www.ptt.cc/bbs/PC_Shopping/M.1599573327.A.2D5.html,→,也有瞬間抽高溫的問題，然後發現溫度瞬間抽高的同時,09/09/2020,10114,True,負評
CPU,AMD R5 3400G,AMD,Ryzen 5,型號,[請益] 關於A300+3400g的問題,https://www.ptt.cc/bbs/PC_Shopping/M.1599573327.A.2D5.html,→,電壓會跟著抽高，把PBO關了或-offset就沒問題了,09/09/2020,10115,True,中立
CPU,AMD R5 3400G,AMD,Ryzen 5,型號,[請益] 關於A300+3400g的問題,https://www.ptt.cc/bbs/PC_Shopping/M.1599573327.A.2D5.html,推,AMD CPU 預設電壓太高，自己去調一下比較好。,09/09/2020,10117,True,中立
CPU,AMD R5 3400G,AMD,Ryzen 5,型號,[請益] 關於A300+3400g的問題,https://www.ptt.cc/bbs/PC_Shopping/M.1599573327.A.2D5.html,→,CPU體質真的是運氣R,09/09/2020,10118,True,中立
CPU,AMD R5 3400G,AMD,Ryzen 5,型號,[請益] 關於A300+3400g的問題,https://www.ptt.cc/bbs/PC_Shopping/M.1599573327.A.2D5.html,推,大概1.28~1.35這區間，用PBO有最高單核時脈，定頻,09/09/2020,10119,True,中立
CPU,AMD R5 3400G,AMD,Ryzen 5,型號,[請益] 關於A300+3400g的問題,https://www.ptt.cc/bbs/PC_Shopping/M.1599573327.A.2D5.html,推,3400G跑D3跟lol應該沒什麼問題才對阿,09/09/2020,10121,True,中立
CPU,AMD R5 3400G,AMD,Ryzen 5,型號,[請益] 4650g和3400g性價比選擇,https://www.ptt.cc/bbs/PC_Shopping/M.1597590010.A.7C4.html,推,3400G是跟4350G比，4650G核心就贏了,08/16/2020,10126,True,中立
CPU,AMD R5 3400G,AMD,Ryzen 5,型號,[請益] 4650g和3400g性價比選擇,https://www.ptt.cc/bbs/PC_Shopping/M.1597590010.A.7C4.html,推,去年差不多這時候就買3400G+A300爽一年路過,08/16/2020,10133,True,正評
CPU,AMD R5 3400G,AMD,Ryzen 5,型號,[請益] 4650g和3400g性價比選擇,https://www.ptt.cc/bbs/PC_Shopping/M.1597590010.A.7C4.html,→,以後加顯卡就好~3400G的CPU性能沒4650G用的久,08/17/2020,10144,True,負評
CPU,AMD R5 3400G,AMD,Ryzen 5,型號,[請益] 4650g和3400g性價比選擇,https://www.ptt.cc/bbs/PC_Shopping/M.1597590010.A.7C4.html,→,cpu的核心跟製程就贏了，其實答案很明顯了。,08/17/2020,10149,True,正評
CPU,AMD R5 3400G,AMD,Ryzen 5,型號,[請益] 4650g和3400g性價比選擇,https://www.ptt.cc/bbs/PC_Shopping/M.1597590010.A.7C4.html,→,4350跟3400比咧?看一些評測內顯還是3400強點,08/17/2020,10156,True,中立
CPU,AMD R5 3400G,AMD,Ryzen 5,型號,[請益] 4650g和3400g性價比選擇,https://www.ptt.cc/bbs/PC_Shopping/M.1597590010.A.7C4.html,→,上就都是vega內顯的強度範圍，再強再弱還不就那樣,08/17/2020,10158,True,中立
CPU,AMD R5 3400G,AMD,Ryzen 5,型號,[請益] 4650g和3400g性價比選擇,https://www.ptt.cc/bbs/PC_Shopping/M.1597590010.A.7C4.html,→,買CPU，但想到自己主要文書需求而已，才考慮3400,08/17/2020,10159,True,中立
CPU,AMD R5 3400G,AMD,Ryzen 5,型號,[請益] 3400G跟3500X選擇,https://www.ptt.cc/bbs/PC_Shopping/M.1594991622.A.99E.html,→,有顯卡就不要拿apu,07/17/2020,10169,True,負評
CPU,AMD R5 3400G,AMD,Ryzen 5,型號,[請益] 3400G跟3500X選擇,https://www.ptt.cc/bbs/PC_Shopping/M.1594991622.A.99E.html,→,上3500x吧 3400g就硬解有優勢而已 主板拿tuf b450 p,07/18/2020,10196,True,負評
CPU,AMD R5 3400G,AMD,Ryzen 5,型號(情報),[情報] Intel Gen12 Xe DG1 效能曝光與3400G內顯,https://www.ptt.cc/bbs/PC_Shopping/M.1589904284.A.D7E.html,推,亮機卡去買二手nv就好了買這張回來可能還要debug..,05/20/2020,10224,True,負評
CPU,AMD R5 3400G,AMD,Ryzen 5,型號(情報),[情報] Intel Gen12 Xe DG1 效能曝光與3400G內顯,https://www.ptt.cc/bbs/PC_Shopping/M.1589904284.A.D7E.html,→,"原文是寫 有些結果與3400G相近, 並不是 全都接近",05/20/2020,10233,True,中立
CPU,AMD R5 3400G,AMD,Ryzen 5,型號(情報),[情報] Intel Gen12 Xe DG1 效能曝光與3400G內顯,https://www.ptt.cc/bbs/PC_Shopping/M.1589904284.A.D7E.html,→,跟3400g對比真的好慘,05/20/2020,10235,True,負評
CPU,AMD R5 3400G,AMD,Ryzen 5,型號(情報),[情報] Intel Gen12 Xe DG1 效能曝光與3400G內顯,https://www.ptt.cc/bbs/PC_Shopping/M.1589904284.A.D7E.html,推,連APU都打不贏拿出來賣真的把大家當盤子,05/20/2020,10236,True,負評
CPU,AMD R5 3400G,AMD,Ryzen 5,型號,[請益] AMD R5 3400G跑的順flash遊戲嗎?,https://www.ptt.cc/bbs/PC_Shopping/M.1585374880.A.52D.html,→,3400G就算是內顯也遠強於540M,03/28/2020,10238,True,正評
CPU,AMD R5 3400G,AMD,Ryzen 5,型號,[請益] AMD R5 3400G跑的順flash遊戲嗎?,https://www.ptt.cc/bbs/PC_Shopping/M.1585374880.A.52D.html,推,可以 如果買的到的話可以改拿2400G就好,03/28/2020,10239,True,中立
CPU,AMD R5 3400G,AMD,Ryzen 5,型號,[請益] AMD R5 3400G跑的順flash遊戲嗎?,https://www.ptt.cc/bbs/PC_Shopping/M.1585374880.A.52D.html,→,整體性能肯定是完封你的舊機,03/28/2020,10240,True,正評
CPU,AMD R5 3400G,AMD,Ryzen 5,型號,[請益] AMD R5 3400G跑的順flash遊戲嗎?,https://www.ptt.cc/bbs/PC_Shopping/M.1585374880.A.52D.html,→,並不會比540M弱,03/28/2020,10242,True,中立
CPU,AMD R5 3400G,AMD,Ryzen 5,型號,[請益] AMD R5 3400G跑的順flash遊戲嗎?,https://www.ptt.cc/bbs/PC_Shopping/M.1585374880.A.52D.html,推,vega11 差不多1030等級,03/28/2020,10243,True,中立
CPU,AMD R5 3400G,AMD,Ryzen 5,型號,[請益] AMD R5 3400G跑的順flash遊戲嗎?,https://www.ptt.cc/bbs/PC_Shopping/M.1585374880.A.52D.html,→,"3400G 效能接近7代core, Vega 11效能約是540M的3～",03/28/2020,10247,True,中立
CPU,AMD R5 3400G,AMD,Ryzen 5,型號,[請益] AMD R5 3400G跑的順flash遊戲嗎?,https://www.ptt.cc/bbs/PC_Shopping/M.1585374880.A.52D.html,→,但好像效果沒想像的大（沒仔細測過）,03/28/2020,10250,True,中立
CPU,AMD R5 3400G,AMD,Ryzen 5,型號,[請益] AMD R5 3400G跑的順flash遊戲嗎?,https://www.ptt.cc/bbs/PC_Shopping/M.1585374880.A.52D.html,推,flash 只吃cpu；gpu 可以無視,03/28/2020,10251,True,中立
CPU,AMD R5 3400G,AMD,Ryzen 5,型號,[請益] AMD R5 3400G跑的順flash遊戲嗎?,https://www.ptt.cc/bbs/PC_Shopping/M.1585374880.A.52D.html,→,2400g和3400g都是vega11時脈差一點 玩起來應該沒差,03/28/2020,10252,True,中立
CPU,AMD R5 3400G,AMD,Ryzen 5,型號,[請益] AMD R5 3400G跑的順flash遊戲嗎?,https://www.ptt.cc/bbs/PC_Shopping/M.1585374880.A.52D.html,推,3400g能跑毀滅戰士永恆,03/28/2020,10254,True,正評
CPU,AMD R5 3400G,AMD,Ryzen 5,型號,[請益] AMD R5 3400G跑的順flash遊戲嗎?,https://www.ptt.cc/bbs/PC_Shopping/M.1585374880.A.52D.html,→,2400效能跟3400差不多 差一千元 LOL效能中上綽綽有,03/28/2020,10264,True,中立
CPU,AMD R5 3400G,AMD,Ryzen 5,型號,[請益] AMD R5 3400G跑的順flash遊戲嗎?,https://www.ptt.cc/bbs/PC_Shopping/M.1585374880.A.52D.html,推,540M=GT430 不要有太高期待...,03/29/2020,10266,True,負評
CPU,AMD R5 3400G,AMD,Ryzen 5,型號,[請益] AMD R5 3400G跑的順flash遊戲嗎?,https://www.ptt.cc/bbs/PC_Shopping/M.1585374880.A.52D.html,推,3400G連COD4 2007年的大作都跑得動，flash有這麼吃,03/29/2020,10267,True,正評
CPU,AMD R5 3400G,AMD,Ryzen 5,型號,[請益] AMD R5 3400G跑的順flash遊戲嗎?,https://www.ptt.cc/bbs/PC_Shopping/M.1585374880.A.52D.html,→,C2D時代的遊戲需求 現在一定夠啊,03/29/2020,10268,True,中立
CPU,AMD R5 3400G,AMD,Ryzen 5,型號,[請益] AMD R5 3400G跑的順flash遊戲嗎?,https://www.ptt.cc/bbs/PC_Shopping/M.1585374880.A.52D.html,→,3400g 通殺所有flash遊戲吧..,03/29/2020,10270,True,正評
CPU,AMD R5 3400G,AMD,Ryzen 5,型號,[請益] AMD R5 3400G跑的順flash遊戲嗎?,https://www.ptt.cc/bbs/PC_Shopping/M.1585374880.A.52D.html,→,3400g目前是比1030再強一點 取決於用什麼記憶體,03/29/2020,10271,True,中立
CPU,AMD R5 3400G,AMD,Ryzen 5,型號,[請益] AMD R5 3400G跑的順flash遊戲嗎?,https://www.ptt.cc/bbs/PC_Shopping/M.1585374880.A.52D.html,推,3400g配個雙通 跑吃雞都沒啥問題吧(中畫質),04/01/2020,10272,True,正評
CPU,AMD R5 3400G,AMD,Ryzen 5,型號,[請益] i3-8100換AMD 3400G有感嗎？,https://www.ptt.cc/bbs/PC_Shopping/M.1581855200.A.8B3.html,推,要打遊戲加顯卡比較實在 這兩顆沒CPU效能什麼差,02/16/2020,10275,True,中立
CPU,AMD R5 3400G,AMD,Ryzen 5,型號,[請益] i3-8100換AMD 3400G有感嗎？,https://www.ptt.cc/bbs/PC_Shopping/M.1581855200.A.8B3.html,→,這樣換浪費錢，好歹也換3600,02/16/2020,10290,True,負評
CPU,AMD R5 3400G,AMD,Ryzen 5,型號,[請益] i3-8100換AMD 3400G有感嗎？,https://www.ptt.cc/bbs/PC_Shopping/M.1581855200.A.8B3.html,→,你要GTA5乖乖上顯卡 而不是換3400g,02/17/2020,10297,True,負評
CPU,AMD R5 3400G,AMD,Ryzen 5,型號,[菜單] R5 3400G組裝請益,https://www.ptt.cc/bbs/PC_Shopping/M.1579378465.A.F94.html,→,總覺得3400G這種4C8T的cpu不上不下 怪尷尬,01/19/2020,10302,True,中立
CPU,AMD R5 3400G,AMD,Ryzen 5,型號,[菜單] R5 3400G組裝請益,https://www.ptt.cc/bbs/PC_Shopping/M.1579378465.A.F94.html,推,換3500X+獨立顯卡 或是不加顯卡 這顆內顯就很強了,01/19/2020,10304,True,正評
CPU,AMD R5 3400G,AMD,Ryzen 5,型號,[菜單] R5 3400G組裝請益,https://www.ptt.cc/bbs/PC_Shopping/M.1579378465.A.F94.html,→,嗯...已買，選這顆是是看整體效能不錯，又有內顯堪,01/19/2020,10306,True,中立
CPU,AMD R5 3400G,AMD,Ryzen 5,型號,[菜單] R5 3400G組裝請益,https://www.ptt.cc/bbs/PC_Shopping/M.1579378465.A.F94.html,→,還行啦 也沒什麼地雷東西,01/19/2020,10311,True,中立
CPU,AMD R5 3400G,AMD,Ryzen 5,型號,[菜單] R5 3400G組裝請益,https://www.ptt.cc/bbs/PC_Shopping/M.1579378465.A.F94.html,→,除非釋出後的優化太渣,01/19/2020,10315,True,中立
CPU,AMD R5 3400G,AMD,Ryzen 5,型號,[菜單] R5 3400G組裝請益,https://www.ptt.cc/bbs/PC_Shopping/M.1579378465.A.F94.html,→,能上3500x搭570當然最好 遊戲體驗跟3400g靠內顯不是,01/20/2020,10321,True,中立
CPU,AMD R5 3400G,AMD,Ryzen 5,型號,[菜單] R5 3400G組裝請益,https://www.ptt.cc/bbs/PC_Shopping/M.1579378465.A.F94.html,→,同一個等級的 別把apu想的太美好了,01/20/2020,10322,True,中立
CPU,AMD R5 3400G,AMD,Ryzen 5,型號,[請益] 3400G打遊戲夠嗎?,https://www.ptt.cc/bbs/PC_Shopping/M.1578883446.A.463.html,推,你要用內顯打PUBG...還是算了吧 除非是PUBG LITE,01/13/2020,10328,True,負評
CPU,AMD R5 3400G,AMD,Ryzen 5,型號,[請益] 3400G打遊戲夠嗎?,https://www.ptt.cc/bbs/PC_Shopping/M.1578883446.A.463.html,推,看你對跑得動的定義拉，30fps也是跑得動,01/13/2020,10331,True,中立
CPU,AMD R5 3400G,AMD,Ryzen 5,型號,[請益] 3400G打遊戲夠嗎?,https://www.ptt.cc/bbs/PC_Shopping/M.1578883446.A.463.html,→,PUBG除非特效全關啦 打LOL可以,01/13/2020,10336,True,中立
CPU,AMD R5 3400G,AMD,Ryzen 5,型號,[請益] 3400G打遊戲夠嗎?,https://www.ptt.cc/bbs/PC_Shopping/M.1578883446.A.463.html,→,畫面下大概30~60FPS,01/13/2020,10340,True,中立
CPU,AMD R5 3400G,AMD,Ryzen 5,型號,[請益] 3400G打遊戲夠嗎?,https://www.ptt.cc/bbs/PC_Shopping/M.1578883446.A.463.html,→,用內顯我就不會要求一定要開全螢幕，開個小畫面玩,01/13/2020,10341,True,中立
CPU,AMD R5 3400G,AMD,Ryzen 5,型號,[請益] 3400G打遊戲夠嗎?,https://www.ptt.cc/bbs/PC_Shopping/M.1578883446.A.463.html,推,買沒內顯的U + 570都比較好,01/13/2020,10349,True,負評
CPU,AMD R5 3400G,AMD,Ryzen 5,型號,[請益] 3400G打遊戲夠嗎?,https://www.ptt.cc/bbs/PC_Shopping/M.1578883446.A.463.html,噓,Intel 9代內顯跑得動這些是什麼錯覺,01/13/2020,10350,True,負評
CPU,AMD R5 3400G,AMD,Ryzen 5,型號,[請益] 3400G打遊戲夠嗎?,https://www.ptt.cc/bbs/PC_Shopping/M.1578883446.A.463.html,→,獨顯一定屌打內顯，但不是每個人都想買獨顯XD,01/13/2020,10351,True,中立
CPU,AMD R5 3400G,AMD,Ryzen 5,型號,[請益] 3400G打遊戲夠嗎?,https://www.ptt.cc/bbs/PC_Shopping/M.1578883446.A.463.html,推,內顯能力有限，要玩遊戲就不用省了,01/13/2020,10353,True,負評
CPU,AMD R5 3400G,AMD,Ryzen 5,型號,[請益] 3400G打遊戲夠嗎?,https://www.ptt.cc/bbs/PC_Shopping/M.1578883446.A.463.html,→,特效不要全開應該都沒問題,01/13/2020,10354,True,中立
CPU,AMD R5 3400G,AMD,Ryzen 5,型號,[請益] 3400G打遊戲夠嗎?,https://www.ptt.cc/bbs/PC_Shopping/M.1578883446.A.463.html,推,特效不全開是一定可以的 沒這麼不堪,01/13/2020,10355,True,中立
CPU,AMD R5 3400G,AMD,Ryzen 5,型號,[請益] 3400G打遊戲夠嗎?,https://www.ptt.cc/bbs/PC_Shopping/M.1578883446.A.463.html,→,我3400G+原生3200 跑原版麥塊被i5 4670S+1030 D5屌,01/13/2020,10356,True,中立
CPU,AMD R5 3400G,AMD,Ryzen 5,型號,[請益] 3400G打遊戲夠嗎?,https://www.ptt.cc/bbs/PC_Shopping/M.1578883446.A.463.html,推,你要玩的這些遊戲，還是乖乖的弄張顯卡吧,01/13/2020,10360,True,負評
CPU,AMD R5 3400G,AMD,Ryzen 5,型號,[請益] 3400G打遊戲夠嗎?,https://www.ptt.cc/bbs/PC_Shopping/M.1578883446.A.463.html,→,內顯本來就是用來給輕遊戲的。你都要跑3A大作還想能,01/13/2020,10363,True,中立
CPU,AMD R5 3400G,AMD,Ryzen 5,型號,[請益] 3400G打遊戲夠嗎?,https://www.ptt.cc/bbs/PC_Shopping/M.1578883446.A.463.html,→,特效不開應該也可以吧 看朋友打lol挺正常的,01/14/2020,10364,True,中立
CPU,AMD R5 3400G,AMD,Ryzen 5,型號,[請益] 3400G打遊戲夠嗎?,https://www.ptt.cc/bbs/PC_Shopping/M.1578883446.A.463.html,推,特效不全開就跑得動,01/14/2020,10365,True,中立
CPU,AMD R5 3400G,AMD,Ryzen 5,型號,[請益] 3400G打遊戲夠嗎?,https://www.ptt.cc/bbs/PC_Shopping/M.1578883446.A.463.html,→,跑1080p 低特效ok 其他就不要多想,01/14/2020,10366,True,中立
CPU,AMD R5 3400G,AMD,Ryzen 5,型號,[閒聊] 入手3400G不值得嗎?,https://www.ptt.cc/bbs/PC_Shopping/M.1575117916.A.7BF.html,→,目前差1500元 真的沒有吸引力 等明年7nm Apu,11/30/2019,10372,True,負評
CPU,AMD R5 3400G,AMD,Ryzen 5,型號,[閒聊] 入手3400G不值得嗎?,https://www.ptt.cc/bbs/PC_Shopping/M.1575117916.A.7BF.html,推,差40%，效能差有沒有10%,11/30/2019,10374,True,負評
CPU,AMD R5 3400G,AMD,Ryzen 5,型號,[閒聊] 入手3400G不值得嗎?,https://www.ptt.cc/bbs/PC_Shopping/M.1575117916.A.7BF.html,推,不下不下，追求那一點效能不如就用獨立顯卡方案,11/30/2019,10375,True,負評
CPU,AMD R5 3400G,AMD,Ryzen 5,型號,[閒聊] 入手3400G不值得嗎?,https://www.ptt.cc/bbs/PC_Shopping/M.1575117916.A.7BF.html,推,幾乎沒差 選便宜就好,11/30/2019,10378,True,中立
CPU,AMD R5 3400G,AMD,Ryzen 5,型號,[閒聊] 入手3400G不值得嗎?,https://www.ptt.cc/bbs/PC_Shopping/M.1575117916.A.7BF.html,推,除非你要裝A300之類，不然寧可3500X+RX570,11/30/2019,10379,True,負評
CPU,AMD R5 3400G,AMD,Ryzen 5,型號,[閒聊] 入手3400G不值得嗎?,https://www.ptt.cc/bbs/PC_Shopping/M.1575117916.A.7BF.html,→,如果買2400G還要自己開蓋換液金把散熱強化不如花錢,11/30/2019,10381,True,中立
CPU,AMD R5 3400G,AMD,Ryzen 5,型號,[閒聊] 入手3400G不值得嗎?,https://www.ptt.cc/bbs/PC_Shopping/M.1575117916.A.7BF.html,→,3400G只算是2400G優化版 效能差太少 價格差太多,11/30/2019,10384,True,負評
CPU,AMD R5 3400G,AMD,Ryzen 5,型號,[閒聊] 入手3400G不值得嗎?,https://www.ptt.cc/bbs/PC_Shopping/M.1575117916.A.7BF.html,→,3400G就很盤，內顯沒升級，CPU也進步10%不到,11/30/2019,10385,True,負評
CPU,AMD R5 3400G,AMD,Ryzen 5,型號,[閒聊] 入手3400G不值得嗎?,https://www.ptt.cc/bbs/PC_Shopping/M.1575117916.A.7BF.html,→,要內顯選2400G有CP值，要性能上便宜顯卡都好太多,11/30/2019,10386,True,負評
CPU,AMD R5 3400G,AMD,Ryzen 5,型號,[閒聊] 入手3400G不值得嗎?,https://www.ptt.cc/bbs/PC_Shopping/M.1575117916.A.7BF.html,推,它特價3999的時候值得啊，現在恢復這個價就不值,11/30/2019,10389,True,中立
CPU,AMD R5 3400G,AMD,Ryzen 5,型號,[閒聊] 入手3400G不值得嗎?,https://www.ptt.cc/bbs/PC_Shopping/M.1575117916.A.7BF.html,→,"DDR4 3200頻寬的極限就1030的效能,是要甚麼1050",11/30/2019,10391,True,負評
CPU,AMD R5 3400G,AMD,Ryzen 5,型號,[閒聊] 入手3400G不值得嗎?,https://www.ptt.cc/bbs/PC_Shopping/M.1575117916.A.7BF.html,→,可以啦 34是焊錫 24是膠水,11/30/2019,10392,True,中立
CPU,AMD R5 3400G,AMD,Ryzen 5,型號,[閒聊] 入手3400G不值得嗎?,https://www.ptt.cc/bbs/PC_Shopping/M.1575117916.A.7BF.html,推,a300不能超頻 組3400G配高頻ram基本上拉滿降電壓很,11/30/2019,10393,True,中立
CPU,AMD R5 3400G,AMD,Ryzen 5,型號,[閒聊] 入手3400G不值得嗎?,https://www.ptt.cc/bbs/PC_Shopping/M.1575117916.A.7BF.html,推,3400G太貴了，2400G散片便宜,11/30/2019,10394,True,負評
CPU,AMD R5 3400G,AMD,Ryzen 5,型號,[閒聊] 入手3400G不值得嗎?,https://www.ptt.cc/bbs/PC_Shopping/M.1575117916.A.7BF.html,推,不是ZEN2又賣的貴，找不太到理由買,11/30/2019,10395,True,負評
CPU,AMD R5 3400G,AMD,Ryzen 5,型號,[閒聊] 入手3400G不值得嗎?,https://www.ptt.cc/bbs/PC_Shopping/M.1575117916.A.7BF.html,推,價錢高很多，效能高一些，溫度低一些,11/30/2019,10396,True,中立
CPU,AMD R5 3400G,AMD,Ryzen 5,型號,[閒聊] 入手3400G不值得嗎?,https://www.ptt.cc/bbs/PC_Shopping/M.1575117916.A.7BF.html,推,3400G的整體效能都有提升也還不錯啦,11/30/2019,10398,True,中立
CPU,AMD R5 3400G,AMD,Ryzen 5,型號,[閒聊] 入手3400G不值得嗎?,https://www.ptt.cc/bbs/PC_Shopping/M.1575117916.A.7BF.html,→,3400g主要是改焊錫 小機殼or超頻玩家獲益良多 但如,12/01/2019,10399,True,中立
CPU,AMD R5 3400G,AMD,Ryzen 5,型號,[閒聊] 入手3400G不值得嗎?,https://www.ptt.cc/bbs/PC_Shopping/M.1575117916.A.7BF.html,→,果不是小機殼或超頻 其實2400g是更超值的選擇,12/01/2019,10400,True,中立
CPU,AMD R5 3400G,AMD,Ryzen 5,型號,[閒聊] 入手3400G不值得嗎?,https://www.ptt.cc/bbs/PC_Shopping/M.1575117916.A.7BF.html,→,3400效能還不錯吧 但差1500我應該會選 2400,12/01/2019,10401,True,中立
CPU,AMD R5 3400G,AMD,Ryzen 5,型號,[閒聊] 入手3400G不值得嗎?,https://www.ptt.cc/bbs/PC_Shopping/M.1575117916.A.7BF.html,→,不如直接買3400G就好...,12/01/2019,10404,True,正評
CPU,AMD R5 3400G,AMD,Ryzen 5,型號,[閒聊] 入手3400G不值得嗎?,https://www.ptt.cc/bbs/PC_Shopping/M.1575117916.A.7BF.html,→,開蓋麻煩又破保 是不建議這樣,12/01/2019,10406,True,負評
CPU,AMD R5 3400G,AMD,Ryzen 5,型號,[閒聊] 入手3400G不值得嗎?,https://www.ptt.cc/bbs/PC_Shopping/M.1575117916.A.7BF.html,推,"因為要組a300,雙11京東買949草紙，cp值蠻高，但沒幾",12/01/2019,10408,True,中立
CPU,AMD R5 3400G,AMD,Ryzen 5,型號,[閒聊] 入手3400G不值得嗎?,https://www.ptt.cc/bbs/PC_Shopping/M.1575117916.A.7BF.html,推,3990買才值得 不然很盤,12/01/2019,10410,True,負評
CPU,AMD R5 3400G,AMD,Ryzen 5,型號,[閒聊] 入手3400G不值得嗎?,https://www.ptt.cc/bbs/PC_Shopping/M.1575117916.A.7BF.html,推,3400g效能也還不錯啊,12/02/2019,10411,True,正評
CPU,AMD R5 3400G,AMD,Ryzen 5,型號,Re: [情報] $3999 AMD Ryzen5 3400G 真香,https://www.ptt.cc/bbs/PC_Shopping/M.1574049812.A.CD7.html,推,只要插的進去就沒有問題,11/18/2019,10418,True,中立
CPU,AMD R5 3400G,AMD,Ryzen 5,型號,Re: [情報] $3999 AMD Ryzen5 3400G 真香,https://www.ptt.cc/bbs/PC_Shopping/M.1574049812.A.CD7.html,推,3400g 的散熱器不是扣式的,11/18/2019,10434,True,中立
CPU,AMD R5 3400G,AMD,Ryzen 5,型號,Re: [情報] $3999 AMD Ryzen5 3400G 真香,https://www.ptt.cc/bbs/PC_Shopping/M.1574049812.A.CD7.html,推,覺得真的難的只有前板IO接主機板 其它不要嘗試大力,11/18/2019,10439,True,中立
CPU,AMD R5 3400G,AMD,Ryzen 5,型號(情報),[情報] $3999 AMD Ryzen5 3400G 真香,https://www.ptt.cc/bbs/PC_Shopping/M.1573727149.A.CCA.html,推,香到爆.........所以原本定價就很尷尬了,11/14/2019,10479,True,正評
CPU,AMD R5 3400G,AMD,Ryzen 5,型號(情報),[情報] $3999 AMD Ryzen5 3400G 真香,https://www.ptt.cc/bbs/PC_Shopping/M.1573727149.A.CCA.html,推,問題是，3400g的imc ram有變得好超嗎,11/14/2019,10481,True,中立
CPU,AMD R5 3400G,AMD,Ryzen 5,型號(情報),[情報] $3999 AMD Ryzen5 3400G 真香,https://www.ptt.cc/bbs/PC_Shopping/M.1573727149.A.CCA.html,→,沒有那還是二手2400g撿一撿就好,11/14/2019,10483,True,中立
CPU,AMD R5 3400G,AMD,Ryzen 5,型號(情報),[情報] $3999 AMD Ryzen5 3400G 真香,https://www.ptt.cc/bbs/PC_Shopping/M.1573727149.A.CCA.html,推,跟2400G比唯一差別在於風扇改成Spire(無LED),11/14/2019,10485,True,中立
CPU,AMD R5 3400G,AMD,Ryzen 5,型號(情報),[情報] $3999 AMD Ryzen5 3400G 真香,https://www.ptt.cc/bbs/PC_Shopping/M.1573727149.A.CCA.html,推,只比2400g 強一瞇瞇..挺爛的..等7nm apu吧,11/14/2019,10487,True,負評
CPU,AMD R5 3400G,AMD,Ryzen 5,型號(情報),[情報] $3999 AMD Ryzen5 3400G 真香,https://www.ptt.cc/bbs/PC_Shopping/M.1573727149.A.CCA.html,推,香爆，買一顆換掉HTPC,11/14/2019,10489,True,正評
CPU,AMD R5 3400G,AMD,Ryzen 5,型號(情報),[情報] $3999 AMD Ryzen5 3400G 真香,https://www.ptt.cc/bbs/PC_Shopping/M.1573727149.A.CCA.html,→,3400G的內顯,11/14/2019,10493,True,中立
CPU,AMD R5 3400G,AMD,Ryzen 5,型號(情報),[情報] $3999 AMD Ryzen5 3400G 真香,https://www.ptt.cc/bbs/PC_Shopping/M.1573727149.A.CCA.html,推,4c換4c無感 要這樣換還不如買二手的1600或1700,11/14/2019,10495,True,中立
CPU,AMD R5 3400G,AMD,Ryzen 5,型號(情報),[情報] $3999 AMD Ryzen5 3400G 真香,https://www.ptt.cc/bbs/PC_Shopping/M.1573727149.A.CCA.html,推,真香，但是不想買，等2700x跌,11/14/2019,10496,True,中立
CPU,AMD R5 3400G,AMD,Ryzen 5,型號(情報),[情報] $3999 AMD Ryzen5 3400G 真香,https://www.ptt.cc/bbs/PC_Shopping/M.1573727149.A.CCA.html,→,如果有顯卡的話 升3500X好很多,11/14/2019,10500,True,負評
CPU,AMD R5 3400G,AMD,Ryzen 5,型號(情報),[情報] $3999 AMD Ryzen5 3400G 真香,https://www.ptt.cc/bbs/PC_Shopping/M.1573727149.A.CCA.html,→,要低價選2400G內顯一樣，要CPU效能選3500X,11/14/2019,10503,True,中立
CPU,AMD R5 3400G,AMD,Ryzen 5,型號(情報),[情報] $3999 AMD Ryzen5 3400G 真香,https://www.ptt.cc/bbs/PC_Shopping/M.1573727149.A.CCA.html,→,有特價才會考慮3400G些微的CPU效能和散熱器差距,11/14/2019,10504,True,中立
CPU,AMD R5 3400G,AMD,Ryzen 5,型號(情報),[情報] $3999 AMD Ryzen5 3400G 真香,https://www.ptt.cc/bbs/PC_Shopping/M.1573727149.A.CCA.html,噓,不如買3500X,11/14/2019,10511,True,負評
CPU,AMD R5 3400G,AMD,Ryzen 5,型號(情報),[情報] $3999 AMD Ryzen5 3400G 真香,https://www.ptt.cc/bbs/PC_Shopping/M.1573727149.A.CCA.html,→,看起來3400g要降價的時候到了...,11/14/2019,10512,True,中立
CPU,AMD R5 3400G,AMD,Ryzen 5,型號(情報),[情報] $3999 AMD Ryzen5 3400G 真香,https://www.ptt.cc/bbs/PC_Shopping/M.1573727149.A.CCA.html,→,如果有獨顯的話 真的不如直接買3500X...,11/14/2019,10513,True,負評
CPU,AMD R5 3400G,AMD,Ryzen 5,型號(情報),[情報] $3999 AMD Ryzen5 3400G 真香,https://www.ptt.cc/bbs/PC_Shopping/M.1573727149.A.CCA.html,→,要便宜買2400G就好 差異根本無感,11/14/2019,10514,True,中立
CPU,AMD R5 3400G,AMD,Ryzen 5,型號(情報),[情報] $3999 AMD Ryzen5 3400G 真香,https://www.ptt.cc/bbs/PC_Shopping/M.1573727149.A.CCA.html,推,有香，可是感覺還是Zen2比較優。,11/15/2019,10519,True,中立
CPU,AMD R5 3400G,AMD,Ryzen 5,型號,Re: [心得] Deskmini A300 3400G,https://www.ptt.cc/bbs/PC_Shopping/M.1573224740.A.61D.html,→,"小電腦裝不下最新製程的cpu,不建議買",11/08/2019,10528,True,負評
CPU,AMD R5 3400G,AMD,Ryzen 5,型號,Re: [心得] Deskmini A300 3400G,https://www.ptt.cc/bbs/PC_Shopping/M.1573224740.A.61D.html,→,運算不夠還有 2600,11/09/2019,10540,True,負評
CPU,AMD R5 3400G,AMD,Ryzen 5,型號,Re: [心得] Deskmini A300 3400G,https://www.ptt.cc/bbs/PC_Shopping/M.1573224740.A.61D.html,→,你要注意3400g受限於供電和a300晶片組 不能開pbo,11/09/2019,10541,True,中立
CPU,AMD R5 3400G,AMD,Ryzen 5,型號,Re: [心得] Deskmini A300 3400G,https://www.ptt.cc/bbs/PC_Shopping/M.1573224740.A.61D.html,→,這樣效能差多少應該知道了吧,11/09/2019,10542,True,中立
CPU,AMD R5 3400G,AMD,Ryzen 5,型號,Re: [心得] Deskmini A300 3400G,https://www.ptt.cc/bbs/PC_Shopping/M.1573224740.A.61D.html,推,"deskmini三種晶片組我都有賣, 16hr不關機一整年OK",11/09/2019,10543,True,正評
CPU,AMD R5 3400G,AMD,Ryzen 5,型號,[請益] 3400G電源選擇?,https://www.ptt.cc/bbs/PC_Shopping/M.1569598492.A.990.html,→,只有內顯的話拿聖武士350w就很夠了,09/28/2019,10550,True,中立
CPU,AMD R5 3400G,AMD,Ryzen 5,型號,[請益] 3400G電源選擇?,https://www.ptt.cc/bbs/PC_Shopping/M.1569598492.A.990.html,推,沒用外接顯卡 聖武士350w就夠力了,09/28/2019,10554,True,中立
CPU,AMD R5 3400G,AMD,Ryzen 5,型號,[請益] 3400G電源選擇?,https://www.ptt.cc/bbs/PC_Shopping/M.1569598492.A.990.html,推,便宜取向3400G用FSP聖武士450W就可 售後跟品質,09/28/2019,10580,True,中立
CPU,AMD R5 3400G,AMD,Ryzen 5,型號,[菜單] 3400G文書機請益,https://www.ptt.cc/bbs/PC_Shopping/M.1564752925.A.806.html,→,power可以不用拿這麼大 一般使用其實可以選2400G就,08/02/2019,10602,True,中立
CPU,AMD R5 3400G,AMD,Ryzen 5,型號,[菜單] 3400G文書機請益,https://www.ptt.cc/bbs/PC_Shopping/M.1564752925.A.806.html,→,要省的話可以考慮拿2400g差別不大 配tuf b450m pro,08/05/2019,10613,True,中立
CPU,AMD R5 3400G,AMD,Ryzen 5,型號,[心得] Deskmini A300 3400G,https://www.ptt.cc/bbs/PC_Shopping/M.1563694496.A.B99.html,→,看來3400g改焊錫之後 溫度好看不少,07/21/2019,10617,True,正評
CPU,AMD R5 3400G,AMD,Ryzen 5,型號,[心得] Deskmini A300 3400G,https://www.ptt.cc/bbs/PC_Shopping/M.1563694496.A.B99.html,→,但要用Linux 當初應該買2400g就好 至少驅動完善,07/21/2019,10619,True,中立
CPU,AMD R5 3400G,AMD,Ryzen 5,型號,[心得] Deskmini A300 3400G,https://www.ptt.cc/bbs/PC_Shopping/M.1563694496.A.B99.html,推,2400G和3400G除了時脈和焊錫之外根本一樣的東西,07/21/2019,10622,True,中立
CPU,AMD R5 3400G,AMD,Ryzen 5,型號,[心得] Deskmini A300 3400G,https://www.ptt.cc/bbs/PC_Shopping/M.1563694496.A.B99.html,推,先推個測試  不過在APU新版驅動(還是新版blue sky F,07/21/2019,10632,True,中立
CPU,AMD R5 3400G,AMD,Ryzen 5,型號,[心得] Deskmini A300 3400G,https://www.ptt.cc/bbs/PC_Shopping/M.1563694496.A.B99.html,推,14nm 12nm 差沒有10% 比較類似rename,07/21/2019,10634,True,中立
CPU,AMD R5 3400G,AMD,Ryzen 5,型號,[心得] Deskmini A300 3400G,https://www.ptt.cc/bbs/PC_Shopping/M.1563694496.A.B99.html,→,我2400G工程版美光LT穩3200 CL16 (舊版BIOS可以360,07/21/2019,10638,True,中立
CPU,AMD R5 3400G,AMD,Ryzen 5,型號,[心得] Deskmini A300 3400G,https://www.ptt.cc/bbs/PC_Shopping/M.1563694496.A.B99.html,推,3400G 是 Zen+架構，記憶體超頻能力等同 Ryzen 2000,07/21/2019,10641,True,中立
CPU,AMD R5 3400G,AMD,Ryzen 5,型號,[心得] Deskmini A300 3400G,https://www.ptt.cc/bbs/PC_Shopping/M.1563694496.A.B99.html,推,效能差12-14%左右 貴2000,07/21/2019,10644,True,負評
CPU,AMD R5 3400G,AMD,Ryzen 5,型號,[心得] Deskmini A300 3400G,https://www.ptt.cc/bbs/PC_Shopping/M.1563694496.A.B99.html,推,感覺效能應該就是那樣了XD  超個頻應該可以穩60,07/21/2019,10645,True,中立
CPU,AMD R5 3400G,AMD,Ryzen 5,型號,[心得] Deskmini A300 3400G,https://www.ptt.cc/bbs/PC_Shopping/M.1563694496.A.B99.html,推,一樣配置 我拉到DDR4 2933 時序16-17-17-36,07/22/2019,10647,True,中立
CPU,AMD R5 3400G,AMD,Ryzen 5,型號,[心得] Deskmini A300 3400G,https://www.ptt.cc/bbs/PC_Shopping/M.1563694496.A.B99.html,→,免加電壓 meetest 120% 穩穩的 值得一超,07/22/2019,10648,True,正評
CPU,AMD R5 3400G,AMD,Ryzen 5,型號,[心得] Deskmini A300 3400G,https://www.ptt.cc/bbs/PC_Shopping/M.1563694496.A.B99.html,推,我時序沒放寬上3200就死掉了XD 記憶體好一點不難,07/22/2019,10650,True,中立
CPU,AMD R5 3400G,AMD,Ryzen 5,型號,[心得] Deskmini A300 3400G,https://www.ptt.cc/bbs/PC_Shopping/M.1563694496.A.B99.html,→,不過要特地選超頻記憶體 就沒有性價比啦~,07/22/2019,10651,True,中立
CPU,AMD R5 3400G,AMD,Ryzen 5,型號,[心得] Deskmini A300 3400G,https://www.ptt.cc/bbs/PC_Shopping/M.1563694496.A.B99.html,→,挑原生3200應該是OK的,07/22/2019,10652,True,中立
CPU,AMD R5 3400G,AMD,Ryzen 5,型號,[心得] Deskmini A300 3400G,https://www.ptt.cc/bbs/PC_Shopping/M.1563694496.A.B99.html,→,不過燒機過程中發現一件有趣的事 3400G在A300上 CP,07/22/2019,10653,True,中立
CPU,AMD R5 3400G,AMD,Ryzen 5,型號,[心得] Deskmini A300 3400G,https://www.ptt.cc/bbs/PC_Shopping/M.1563694496.A.B99.html,→,U時脈常常就穩到3.5GHz上不去了,07/22/2019,10654,True,中立
CPU,AMD R5 3400G,AMD,Ryzen 5,型號,[心得] Deskmini A300 3400G,https://www.ptt.cc/bbs/PC_Shopping/M.1563694496.A.B99.html,→,3400G自動超應該可以到4.2 不曉得是撞到溫度還功耗,07/22/2019,10656,True,中立
CPU,AMD R5 3400G,AMD,Ryzen 5,型號,[心得] Deskmini A300 3400G,https://www.ptt.cc/bbs/PC_Shopping/M.1563694496.A.B99.html,→,3400g是支援pbo沒錯 但一來 那是要搭配400系列以後,07/22/2019,10657,True,中立
CPU,AMD R5 3400G,AMD,Ryzen 5,型號,[心得] Deskmini A300 3400G,https://www.ptt.cc/bbs/PC_Shopping/M.1563694496.A.B99.html,→,的板才能開pbo 二來 deskmini主板小放不下好供電,07/22/2019,10658,True,中立
CPU,AMD R5 3400G,AMD,Ryzen 5,型號,[心得] Deskmini A300 3400G,https://www.ptt.cc/bbs/PC_Shopping/M.1563694496.A.B99.html,→,空間小也不夠散熱,07/22/2019,10659,True,負評
CPU,AMD R5 3400G,AMD,Ryzen 5,型號,[心得] Deskmini A300 3400G,https://www.ptt.cc/bbs/PC_Shopping/M.1563694496.A.B99.html,→,你要自動超這麼高 供電撐得住? 熱散得掉喔?,07/22/2019,10660,True,中立
CPU,AMD R5 3400G,AMD,Ryzen 5,型號,[心得] Deskmini A300 3400G,https://www.ptt.cc/bbs/PC_Shopping/M.1563694496.A.B99.html,→,而且自動超4.2是單核 不是all core 分清楚好嗎,07/22/2019,10661,True,中立
CPU,AMD R5 3400G,AMD,Ryzen 5,型號,[心得] Deskmini A300 3400G,https://www.ptt.cc/bbs/PC_Shopping/M.1563694496.A.B99.html,推,但在A300的BIOS中還是有PBO的選項,07/22/2019,10662,True,中立
CPU,AMD R5 3400G,AMD,Ryzen 5,型號,[心得] Deskmini A300 3400G,https://www.ptt.cc/bbs/PC_Shopping/M.1563694496.A.B99.html,推,單核在跑CPU-Z分數的時候 好像有到4.0過,07/22/2019,10665,True,中立
CPU,AMD R5 3400G,AMD,Ryzen 5,型號,[心得] Deskmini A300 3400G,https://www.ptt.cc/bbs/PC_Shopping/M.1563694496.A.B99.html,推,附帶一提 CPU GPU 同時滿載的時候 VEGA 11會從 140,07/22/2019,10667,True,中立
CPU,AMD R5 3400G,AMD,Ryzen 5,型號,[心得] Deskmini A300 3400G,https://www.ptt.cc/bbs/PC_Shopping/M.1563694496.A.B99.html,→,0MHz 降頻到 1250MHz,07/22/2019,10668,True,中立
CPU,AMD R5 3400G,AMD,Ryzen 5,型號,[心得] Deskmini A300 3400G,https://www.ptt.cc/bbs/PC_Shopping/M.1563694496.A.B99.html,推,用hwinfo看VRM的溫度100+度,07/22/2019,10669,True,負評
CPU,AMD R5 3400G,AMD,Ryzen 5,型號,[心得] Deskmini A300 3400G,https://www.ptt.cc/bbs/PC_Shopping/M.1563694496.A.B99.html,推,樓上 APU的VRAM頻率就是內存頻率..,07/22/2019,10671,True,中立
CPU,AMD R5 3400G,AMD,Ryzen 5,型號,[心得] Deskmini A300 3400G,https://www.ptt.cc/bbs/PC_Shopping/M.1563694496.A.B99.html,推,我覺得不建議，10%多花那錢不如繼續撐，最明顯差別,07/22/2019,10674,True,負評
CPU,AMD R5 3400G,AMD,Ryzen 5,型號,[心得] Deskmini A300 3400G,https://www.ptt.cc/bbs/PC_Shopping/M.1563694496.A.B99.html,推,2400g跟3400g還是有差 效能差12-14%,07/27/2019,10677,True,中立
CPU,AMD R5 3400G,AMD,Ryzen 5,型號,[菜單] 17K 3400G內顯 adobe+繪聲繪影香香機,https://www.ptt.cc/bbs/PC_Shopping/M.1563214580.A.F9B.html,推,3400G和2400G似乎差沒多少,07/16/2019,10681,True,中立
CPU,AMD R5 3400G,AMD,Ryzen 5,型號,[菜單] 17K 3400G內顯 adobe+繪聲繪影香香機,https://www.ptt.cc/bbs/PC_Shopping/M.1563214580.A.F9B.html,→,效能差 價格也沒便宜多少,07/16/2019,10691,True,負評
CPU,AMD R5 3400G,AMD,Ryzen 5,型號,[菜單] 17K 3400G內顯 adobe+繪聲繪影香香機,https://www.ptt.cc/bbs/PC_Shopping/M.1563214580.A.F9B.html,→,這代apu提昇不大可以考慮拿2400g就好 配主板有主機,07/18/2019,10695,True,中立
CPU,AMD R5 3400G,AMD,Ryzen 5,型號,[菜單] 14k 3400G 文書影音,https://www.ptt.cc/bbs/PC_Shopping/M.1562562023.A.4D0.html,推,沒必要拿3400G吧 Zen+架構 內顯也沒多塞核心,07/08/2019,10699,True,負評
CPU,AMD R5 3400G,AMD,Ryzen 5,型號,[菜單] 15K R5-3400G文書機 機殼請益,https://www.ptt.cc/bbs/PC_Shopping/M.1562432935.A.78C.html,推,3400G雖然有些微提升時脈，但是還是顆65W的CPU,07/07/2019,10723,True,中立
CPU,AMD R5 3400G,AMD,Ryzen 5,型號,[菜單] 15K R5-3400G文書機 機殼請益,https://www.ptt.cc/bbs/PC_Shopping/M.1562432935.A.78C.html,→,只是改送的散熱器可以到95W 我覺得是不用擔心壓不住,07/07/2019,10724,True,正評
CPU,AMD R5 3400G,AMD,Ryzen 5,型號,[菜單] 15K R5-3400G文書機 機殼請益,https://www.ptt.cc/bbs/PC_Shopping/M.1562432935.A.78C.html,→,實也大概15000 CP值差不多啦 不過擴充性就差了，散,07/07/2019,10728,True,中立
CPU,AMD R5 3400G,AMD,Ryzen 5,型號,[菜單] 15K R5-3400G文書機 機殼請益,https://www.ptt.cc/bbs/PC_Shopping/M.1562432935.A.78C.html,→,熱也是要另外買原廠裝不進去,07/07/2019,10729,True,負評
CPU,AMD R5 3400G,AMD,Ryzen 5,型號,[菜單] 15K R5-3400G文書機 機殼請益,https://www.ptt.cc/bbs/PC_Shopping/M.1562432935.A.78C.html,→,X 來用，2400G工程版室溫27度單燒FPU 78度沒降頻,07/07/2019,10731,True,正評
CPU,AMD R5 3400G,AMD,Ryzen 5,型號(情報),[情報] 3400G geekbench跑分,https://www.ptt.cc/bbs/PC_Shopping/M.1561552363.A.D74.html,推,打LoL應該很夠,06/26/2019,10740,True,中立
CPU,AMD R5 3400G,AMD,Ryzen 5,型號(情報),[情報] 3400G geekbench跑分,https://www.ptt.cc/bbs/PC_Shopping/M.1561552363.A.D74.html,推,製程穩定的12nm應該好不少,06/26/2019,10748,True,中立
CPU,AMD R5 3400G,AMD,Ryzen 5,型號(情報),[情報] 3400G geekbench跑分,https://www.ptt.cc/bbs/PC_Shopping/M.1561552363.A.D74.html,→,還可以不買卡直接FM 這才是影音首選,06/26/2019,10752,True,正評
CPU,AMD R5 3400G,AMD,Ryzen 5,型號(情報),[情報] 3400G geekbench跑分,https://www.ptt.cc/bbs/PC_Shopping/M.1561552363.A.D74.html,→,下面沒一個能打的 還不漲嗎,06/26/2019,10754,True,負評
CPU,AMD R5 3400G,AMD,Ryzen 5,型號(情報),[情報] 3400G geekbench跑分,https://www.ptt.cc/bbs/PC_Shopping/M.1561552363.A.D74.html,→,新架構就老虎湖  已經比想像中的快出來了  但要有能,06/26/2019,10767,True,中立
CPU,AMD R5 3400G,AMD,Ryzen 5,型號(情報),[情報] 3400G geekbench跑分,https://www.ptt.cc/bbs/PC_Shopping/M.1561552363.A.D74.html,→,dr5，雙通道ddr4頻寬連1050的一半都不到。,06/27/2019,10774,True,負評
CPU,AMD R5 3400G,AMD,Ryzen 5,型號(情報),[情報] 3400G geekbench跑分,https://www.ptt.cc/bbs/PC_Shopping/M.1561552363.A.D74.html,→,現在 效能還不是被apu踩在腳下?,06/27/2019,10778,True,中立
CPU,AMD R5 3400G,AMD,Ryzen 5,型號(情報),[情報] 3400G geekbench跑分,https://www.ptt.cc/bbs/PC_Shopping/M.1561552363.A.D74.html,推,4266剛好？gddr5等效8000mhz ，內顯本身頻率又跑不,06/27/2019,10781,True,中立
CPU,AMD R5 3400G,AMD,Ryzen 5,型號(情報),[情報] 3400G geekbench跑分,https://www.ptt.cc/bbs/PC_Shopping/M.1561552363.A.D74.html,→,高，這是要哪來黑科技超越1050？,06/27/2019,10782,True,中立
CPU,AMD R5 3400G,AMD,Ryzen 5,型號(情報),"[情報] 別忘 APU！AMD Ryzen 5 3400G 時脈提升, 換散熱器, 改 Metal",https://www.ptt.cc/bbs/PC_Shopping/M.1560267046.A.711.html,推,3200+雙通道，應該就打死不少中低階顯卡了,06/11/2019,10788,True,中立
CPU,AMD R5 3400G,AMD,Ryzen 5,型號(情報),"[情報] 別忘 APU！AMD Ryzen 5 3400G 時脈提升, 換散熱器, 改 Metal",https://www.ptt.cc/bbs/PC_Shopping/M.1560267046.A.711.html,→,可以開機阿 灌區動下去就死了,06/11/2019,10793,True,負評
CPU,AMD R5 3400G,AMD,Ryzen 5,型號(情報),"[情報] 別忘 APU！AMD Ryzen 5 3400G 時脈提升, 換散熱器, 改 Metal",https://www.ptt.cc/bbs/PC_Shopping/M.1560267046.A.711.html,→,+12鎂，至少能4.5G一定全面贏94,06/11/2019,10797,True,正評
CPU,AMD R5 3400G,AMD,Ryzen 5,型號(情報),"[情報] 別忘 APU！AMD Ryzen 5 3400G 時脈提升, 換散熱器, 改 Metal",https://www.ptt.cc/bbs/PC_Shopping/M.1560267046.A.711.html,推,這顆內顯大概等同哪張顯卡,06/12/2019,10808,True,中立
CPU,AMD R5 3400G,AMD,Ryzen 5,型號(情報),"[情報] 別忘 APU！AMD Ryzen 5 3400G 時脈提升, 換散熱器, 改 Metal",https://www.ptt.cc/bbs/PC_Shopping/M.1560267046.A.711.html,→,同樣是Vega11應該不會強太多吧,06/12/2019,10814,True,中立
CPU,AMD R5 3400G,AMD,Ryzen 5,型號(情報),"[情報] 別忘 APU！AMD Ryzen 5 3400G 時脈提升, 換散熱器, 改 Metal",https://www.ptt.cc/bbs/PC_Shopping/M.1560267046.A.711.html,→,耗電問題啊 桌機版電量給nb用會吃不消,06/12/2019,10817,True,負評
CPU,AMD R5 3400G,AMD,Ryzen 5,型號(情報),"[情報] 別忘 APU！AMD Ryzen 5 3400G 時脈提升, 換散熱器, 改 Metal",https://www.ptt.cc/bbs/PC_Shopping/M.1560267046.A.711.html,推,這顆沒gg味，不香,06/12/2019,10825,True,負評
CPU,AMD R5 3400G,AMD,Ryzen 5,型號(情報),[情報] AMD Ryzen5 3400G APU公開現身：還是12nm,https://www.ptt.cc/bbs/PC_Shopping/M.1559579000.A.3C2.html,推,那個是原廠扇嗎 過熱了才這個分數吧 不然連3dmark都,06/04/2019,10826,True,負評
CPU,AMD R5 3400G,AMD,Ryzen 5,型號(情報),[情報] AMD Ryzen5 3400G APU公開現身：還是12nm,https://www.ptt.cc/bbs/PC_Shopping/M.1559579000.A.3C2.html,推,好啦 價格讓兩倍10K內icelake那一顆內顯比2400G強？,06/04/2019,10835,True,中立
CPU,AMD R5 3400G,AMD,Ryzen 5,型號(情報),[情報] AMD Ryzen5 3400G APU公開現身：還是12nm,https://www.ptt.cc/bbs/PC_Shopping/M.1559579000.A.3C2.html,推,應該是目前7nm很貴 還要內顯還要控制 良率會很慘,06/04/2019,10842,True,中立
CPU,AMD R5 3400G,AMD,Ryzen 5,型號(情報),[情報] AMD Ryzen5 3400G APU公開現身：還是12nm,https://www.ptt.cc/bbs/PC_Shopping/M.1559579000.A.3C2.html,→,APU市場定位幾乎內顯是當贈品送的，無法加價,06/04/2019,10847,True,中立
CPU,AMD R5 3400G,AMD,Ryzen 5,型號(情報),[情報] AMD Ryzen5 3400G APU公開現身：還是12nm,https://www.ptt.cc/bbs/PC_Shopping/M.1559579000.A.3C2.html,→,但3400G和3200G可能會比較省電和穩定,06/04/2019,10853,True,中立
CPU,AMD R5 3400G,AMD,Ryzen 5,型號(情報),[情報] AMD Ryzen5 3400G APU公開現身：還是12nm,https://www.ptt.cc/bbs/PC_Shopping/M.1559579000.A.3C2.html,→,3400G，等於大BUG修正版了,06/04/2019,10856,True,中立
CPU,AMD R5 3400G,AMD,Ryzen 5,型號(情報),[情報] AMD Ryzen5 3400G APU公開現身：還是12nm,https://www.ptt.cc/bbs/PC_Shopping/M.1559579000.A.3C2.html,→,DT比較沒省電需求 實際出貨其實可以拉高頻換效能,06/04/2019,10857,True,中立
CPU,AMD R5 3400G,AMD,Ryzen 5,型號(情報),[情報] AMD Ryzen5 3400G APU公開現身：還是12nm,https://www.ptt.cc/bbs/PC_Shopping/M.1559579000.A.3C2.html,→,而且這代換焊錫了 對散熱差的小機殼 受益良多,06/04/2019,10873,True,正評
CPU,AMD R5 3400G,AMD,Ryzen 5,型號(情報),[情報] AMD Ryzen5 3400G APU公開現身：還是12nm,https://www.ptt.cc/bbs/PC_Shopping/M.1559579000.A.3C2.html,→,4C的APU一般影音輕遊戲多開都沒問題，52真52,06/04/2019,10876,True,中立
CPU,AMD R5 3400G,AMD,Ryzen 5,型號(情報),[情報] AMD Ryzen5 3400G APU公開現身：還是12nm,https://www.ptt.cc/bbs/PC_Shopping/M.1559579000.A.3C2.html,→,i皇的4C內顯拿來多開+影音看看～頗呵～,06/04/2019,10877,True,中立
CPU,AMD R5 3400G,AMD,Ryzen 5,型號(情報),[情報] AMD Ryzen5 3400G和3個3200G APU時脈曝光,https://www.ptt.cc/bbs/PC_Shopping/M.1558283432.A.B33.html,→,但看起來只有拉時脈而已 GG,05/20/2019,10895,True,中立
CPU,AMD R5 3400G,AMD,Ryzen 5,型號(情報),[情報] AMD Ryzen5 3400G和3個3200G APU時脈曝光,https://www.ptt.cc/bbs/PC_Shopping/M.1558283432.A.B33.html,→,而且cpu和gpu會搶電 別說六核了,05/20/2019,10898,True,中立
CPU,AMD R5 3400G,AMD,Ryzen 5,型號(情報),[情報] AMD Ryzen5 3400G和3個3200G APU時脈曝光,https://www.ptt.cc/bbs/PC_Shopping/M.1558283432.A.B33.html,→,APU的圖形效能配上DDR4那種頻寬本來就沒啥搞頭,05/20/2019,10906,True,中立
CPU,AMD R5 3400G,AMD,Ryzen 5,型號(情報),[情報] AMD Ryzen5 3400G和3個3200G APU時脈曝光,https://www.ptt.cc/bbs/PC_Shopping/M.1558283432.A.B33.html,→,7nm APU大概還是4c，因為4c+gpu隨便就打到功耗牆了,05/20/2019,10908,True,中立
CPU,AMD R5 3400G,AMD,Ryzen 5,型號(情報),[情報] AMD Ryzen5 3400G和3個3200G APU時脈曝光,https://www.ptt.cc/bbs/PC_Shopping/M.1558283432.A.B33.html,→,有點懷疑，7nm 8C+GPU，在 15W或 7W的限制下,05/20/2019,10910,True,中立
CPU,AMD R5 3400G,AMD,Ryzen 5,型號(情報),[情報] AMD Ryzen5 3400G和Ryzen3 3200G詳細曝光,https://www.ptt.cc/bbs/PC_Shopping/M.1556123352.A.EA2.html,→,真要比 GN有集評測說 intel內顯 遊戲只夠跑480p,04/25/2019,10921,True,負評
CPU,AMD R5 3400G,AMD,Ryzen 5,型號,[請益] R5 3400G+ msi B450M 時常當機,https://www.ptt.cc/bbs/hardware/M.1657042034.A.9C9.html,→,3.如果認為是熱當，可以用裸測，散熱膏別上，壓散熱器,07/06/2022,10932,True,中立
CPU,AMD R5 3400G,AMD,Ryzen 5,型號,[請益] R5 3400G+ msi B450M 時常當機,https://www.ptt.cc/bbs/hardware/M.1657042034.A.9C9.html,→,沒特別的狀況還是當機就直接送修CPU,07/06/2022,10935,True,負評
CPU,AMD R5 3400G,AMD,Ryzen 5,型號,[請益] R5 3400G+ msi B450M 時常當機,https://www.ptt.cc/bbs/hardware/M.1657042034.A.9C9.html,→,就聽到的案例來看，CPU概率高出不少XDDD,07/06/2022,10938,True,負評
CPU,AMD R5 3400G,AMD,Ryzen 5,型號,[請益] R5 3400G+ msi B450M 時常當機,https://www.ptt.cc/bbs/hardware/M.1657042034.A.9C9.html,推,把cpu降頻試試看，我降到3.9或4之後就比較不會當機了,07/31/2022,10941,True,中立
CPU,AMD R5 5500GT,AMD,Ryzen 5,型號,"[請益] 輕遊戲機8600G,5500gt怎麼選?",https://www.ptt.cc/bbs/PC_Shopping/M.1758001882.A.E4D.html,推,有顯卡就別買apu了吧,09/16/2025,10942,True,負評
CPU,AMD R5 5500GT,AMD,Ryzen 5,型號,"[請益] 輕遊戲機8600G,5500gt怎麼選?",https://www.ptt.cc/bbs/PC_Shopping/M.1758001882.A.E4D.html,→,PCIe通道數被閹割過你跑下去一定輸同,09/16/2025,10946,True,中立
CPU,AMD R5 5500GT,AMD,Ryzen 5,型號,"[請益] 輕遊戲機8600G,5500gt怎麼選?",https://www.ptt.cc/bbs/PC_Shopping/M.1758001882.A.E4D.html,推,你要確認喔，apu通道較少，我隨便找個,09/16/2025,10948,True,中立
CPU,AMD R5 5500GT,AMD,Ryzen 5,型號,"[請益] 輕遊戲機8600G,5500gt怎麼選?",https://www.ptt.cc/bbs/PC_Shopping/M.1758001882.A.E4D.html,→,CPU 是單獨比內顯一定會輸APU,09/16/2025,10951,True,中立
CPU,AMD R5 5500GT,AMD,Ryzen 5,型號,"[請益] 輕遊戲機8600G,5500gt怎麼選?",https://www.ptt.cc/bbs/PC_Shopping/M.1758001882.A.E4D.html,→,大不了就是別開PBO罷了 auto還是能用,09/16/2025,10959,True,中立
CPU,AMD R5 5500GT,AMD,Ryzen 5,型號,"[請益] 輕遊戲機8600G,5500gt怎麼選?",https://www.ptt.cc/bbs/PC_Shopping/M.1758001882.A.E4D.html,→,Zen3的L3砍一半比正常的5600X還弱。,09/16/2025,10964,True,中立
CPU,AMD R5 5500GT,AMD,Ryzen 5,型號,"[請益] 輕遊戲機8600G,5500gt怎麼選?",https://www.ptt.cc/bbs/PC_Shopping/M.1758001882.A.E4D.html,→,會有跑不動的問題 只是X3D能跑300禎,09/16/2025,10966,True,負評
CPU,AMD R5 5500GT,AMD,Ryzen 5,型號,"[請益] 輕遊戲機8600G,5500gt怎麼選?",https://www.ptt.cc/bbs/PC_Shopping/M.1758001882.A.E4D.html,→,APU可能只能跑100,09/16/2025,10967,True,中立
CPU,AMD R5 5500GT,AMD,Ryzen 5,型號,"[請益] 輕遊戲機8600G,5500gt怎麼選?",https://www.ptt.cc/bbs/PC_Shopping/M.1758001882.A.E4D.html,→,為PCIE 通道數閹割，買得起5090的不是,09/16/2025,10969,True,負評
CPU,AMD R5 5500GT,AMD,Ryzen 5,型號,"[請益] 輕遊戲機8600G,5500gt怎麼選?",https://www.ptt.cc/bbs/PC_Shopping/M.1758001882.A.E4D.html,→,有顯卡不要買apu,09/16/2025,10971,True,負評
CPU,AMD R5 5500GT,AMD,Ryzen 5,型號,"[請益] 輕遊戲機8600G,5500gt怎麼選?",https://www.ptt.cc/bbs/PC_Shopping/M.1758001882.A.E4D.html,→,整的CCD讓他上不上下不下的。,09/16/2025,10973,True,中立
CPU,AMD R5 5500GT,AMD,Ryzen 5,型號,"[請益] 輕遊戲機8600G,5500gt怎麼選?",https://www.ptt.cc/bbs/PC_Shopping/M.1758001882.A.E4D.html,→,沒有，如果願意買丐板的話那5500GT連主,09/16/2025,10979,True,中立
CPU,AMD R5 5500GT,AMD,Ryzen 5,型號,"[請益] 輕遊戲機8600G,5500gt怎麼選?",https://www.ptt.cc/bbs/PC_Shopping/M.1758001882.A.E4D.html,→,內顯效能也有差距，5500GT差不多GTX750,09/16/2025,10981,True,中立
CPU,AMD R5 5500GT,AMD,Ryzen 5,型號,"[請益] 輕遊戲機8600G,5500gt怎麼選?",https://www.ptt.cc/bbs/PC_Shopping/M.1758001882.A.E4D.html,→,不起來，一個是全最低起碼開得起來。,09/16/2025,10982,True,負評
CPU,AMD R5 5500GT,AMD,Ryzen 5,型號,"[請益] 輕遊戲機8600G,5500gt怎麼選?",https://www.ptt.cc/bbs/PC_Shopping/M.1758001882.A.E4D.html,→,省錢不然就別考慮AM4了。,09/16/2025,10984,True,負評
CPU,AMD R5 5500GT,AMD,Ryzen 5,型號,"[請益] 輕遊戲機8600G,5500gt怎麼選?",https://www.ptt.cc/bbs/PC_Shopping/M.1758001882.A.E4D.html,→,在Zen3裡面它本身就是墊底的東西了，你,09/16/2025,10988,True,負評
CPU,AMD R5 5500GT,AMD,Ryzen 5,型號,"[請益] 輕遊戲機8600G,5500gt怎麼選?",https://www.ptt.cc/bbs/PC_Shopping/M.1758001882.A.E4D.html,→,5500GT應該是不會有人真的指望這東西玩,09/16/2025,11007,True,負評
CPU,AMD R5 5500GT,AMD,Ryzen 5,型號,"[請益] 輕遊戲機8600G,5500gt怎麼選?",https://www.ptt.cc/bbs/PC_Shopping/M.1758001882.A.E4D.html,→,3A吧，L3只有一半的烙賽東西。,09/16/2025,11008,True,中立
CPU,AMD R5 5500GT,AMD,Ryzen 5,型號,"[請益] 輕遊戲機8600G,5500gt怎麼選?",https://www.ptt.cc/bbs/PC_Shopping/M.1758001882.A.E4D.html,→,真要用內顯就8600G了。,09/16/2025,11009,True,中立
CPU,AMD R5 5500GT,AMD,Ryzen 5,型號,"[請益] 輕遊戲機8600G,5500gt怎麼選?",https://www.ptt.cc/bbs/PC_Shopping/M.1758001882.A.E4D.html,→,它唯一的價值只剩最便宜買得到AV1編解,09/16/2025,11011,True,負評
CPU,AMD R5 5500GT,AMD,Ryzen 5,型號,"[請益] 輕遊戲機8600G,5500gt怎麼選?",https://www.ptt.cc/bbs/PC_Shopping/M.1758001882.A.E4D.html,→,只有4.0X4，內顯效能大概跟1050差不多,09/16/2025,11014,True,中立
CPU,AMD R5 5500GT,AMD,Ryzen 5,型號,"[請益] 輕遊戲機8600G,5500gt怎麼選?",https://www.ptt.cc/bbs/PC_Shopping/M.1758001882.A.E4D.html,→,7500F R23多核13809基本也比12400F高。,09/16/2025,11016,True,中立
CPU,AMD R5 5600XT,AMD,Ryzen 5,型號(情報),[情報] B2步進5950XT和5600XT將在COMPUTEX間發表,https://www.ptt.cc/bbs/PC_Shopping/M.1621383800.A.00B.html,推,這個打adl不太行吧,05/19/2021,11028,True,負評
CPU,AMD R5 5600XT,AMD,Ryzen 5,型號,[請益] 升級2060 5600xt,https://www.ptt.cc/bbs/PC_Shopping/M.1607766468.A.33C.html,→,AMD 5000系列顯卡全部放生吧，各種小毛病...,12/12/2020,11044,True,負評
CPU,AMD R5 5600XT,AMD,Ryzen 5,型號,[請益] 升級2060 5600xt,https://www.ptt.cc/bbs/PC_Shopping/M.1607766468.A.33C.html,推,2060不用想 amd目前沒光追就是廢,12/12/2020,11046,True,負評
CPU,AMD R5 5600XT,AMD,Ryzen 5,型號,[請益] 升級2060 5600xt,https://www.ptt.cc/bbs/PC_Shopping/M.1607766468.A.33C.html,→,直接多20-30fps以上,12/12/2020,11052,True,正評
CPU,AMD R5 5600XT,AMD,Ryzen 5,型號(情報),[情報] ROG STRIX-5600XT下殺送POWER-490便宜賣,https://www.ptt.cc/bbs/PC_Shopping/M.1596470451.A.667.html,推,便宜推，買到賺到 科科,08/04/2020,11060,True,正評
CPU,AMD R5 5600XT,AMD,Ryzen 5,型號(情報),[情報] ROG STRIX-5600XT下殺送POWER-490便宜賣,https://www.ptt.cc/bbs/PC_Shopping/M.1596470451.A.667.html,推,現在沒$8000的索泰2060，不排斥A卡的話滿不錯的,08/04/2020,11073,True,正評
CPU,AMD R5 5600XT,AMD,Ryzen 5,型號(情報),[情報] ROG STRIX-5600XT下殺送POWER-490便宜賣,https://www.ptt.cc/bbs/PC_Shopping/M.1596470451.A.667.html,推,5600XT 只值5000,08/04/2020,11074,True,負評
CPU,AMD R5 5600XT,AMD,Ryzen 5,型號(情報),[情報] ROG STRIX-5600XT下殺送POWER-490便宜賣,https://www.ptt.cc/bbs/PC_Shopping/M.1596470451.A.667.html,→,除非這款又能3990+兩款遊戲才有人要買吧,08/04/2020,11082,True,負評
CPU,AMD R5 5600XT,AMD,Ryzen 5,型號(情報),[情報] PowerColo 發布5600XT ITX小卡售價299鎂,https://www.ptt.cc/bbs/PC_Shopping/M.1589299259.A.2E1.html,→,"可惜A卡熱到爆炸,不適合ITX",05/13/2020,11085,True,負評
CPU,AMD R5 5600XT,AMD,Ryzen 5,型號(情報),[情報] PowerColo 發布5600XT ITX小卡售價299鎂,https://www.ptt.cc/bbs/PC_Shopping/M.1589299259.A.2E1.html,→,然後溫度還蠻好看的 畢竟頻率也不高,05/13/2020,11095,True,正評
CPU,AMD R5 5600XT,AMD,Ryzen 5,型號(情報),[情報] PowerColo 發布5600XT ITX小卡售價299鎂,https://www.ptt.cc/bbs/PC_Shopping/M.1589299259.A.2E1.html,→,要調風扇曲線，5600都這樣不敢想像5700會多燒,05/15/2020,11098,True,負評
CPU,AMD R5 5600XT,AMD,Ryzen 5,型號(情報),[情報] 原價屋5600XT大戰藝人店5700,https://www.ptt.cc/bbs/PC_Shopping/M.1586530363.A.8A8.html,推,5700小贏5600xt，ram也多2G,04/11/2020,11114,True,中立
CPU,AMD R5 5600XT,AMD,Ryzen 5,型號(情報),[情報] 原價屋5600XT大戰藝人店5700,https://www.ptt.cc/bbs/PC_Shopping/M.1586530363.A.8A8.html,推,驅動還行啦，只是偶爾睡眠模式睡死,04/11/2020,11118,True,負評
CPU,AMD R5 5600XT,AMD,Ryzen 5,型號(情報),[情報] 原價屋5600XT大戰藝人店5700,https://www.ptt.cc/bbs/PC_Shopping/M.1586530363.A.8A8.html,推,一樣價格57怎樣都贏56... 是真的蠻香的。5700前陣子,04/11/2020,11120,True,正評
CPU,AMD R5 5600XT,AMD,Ryzen 5,型號(情報),[情報] 原價屋5600XT大戰藝人店5700,https://www.ptt.cc/bbs/PC_Shopping/M.1586530363.A.8A8.html,推,56現在貴貴屋那個價錢可以了，不用7K,04/11/2020,11122,True,正評
CPU,AMD R5 5600XT,AMD,Ryzen 5,型號(情報),[情報] 原價屋5600XT大戰藝人店5700,https://www.ptt.cc/bbs/PC_Shopping/M.1586530363.A.8A8.html,推,可是這塊56沒有更新bios,04/11/2020,11123,True,中立
CPU,AMD R5 5600XT,AMD,Ryzen 5,型號(情報),[情報] 原價屋5600XT大戰藝人店5700,https://www.ptt.cc/bbs/PC_Shopping/M.1586530363.A.8A8.html,推,沒FM，終身pass,04/11/2020,11137,True,負評
CPU,AMD R5 5600XT,AMD,Ryzen 5,型號(情報),[情報] 原價屋5600XT大戰藝人店5700,https://www.ptt.cc/bbs/PC_Shopping/M.1586530363.A.8A8.html,推,沒時間除錯還是別買,04/11/2020,11140,True,負評
CPU,AMD R5 5600XT,AMD,Ryzen 5,型號(情報),[情報] 原價屋5600XT大戰藝人店5700,https://www.ptt.cc/bbs/PC_Shopping/M.1586530363.A.8A8.html,→,驅動問題 你送原廠送一百遍也不會好,04/11/2020,11148,True,負評
CPU,AMD R5 5600XT,AMD,Ryzen 5,型號(情報),[情報] 原價屋5600XT大戰藝人店5700,https://www.ptt.cc/bbs/PC_Shopping/M.1586530363.A.8A8.html,→,賣7500我就願意賭了 大不了修到退款,04/11/2020,11157,True,中立
CPU,AMD R5 5600XT,AMD,Ryzen 5,型號(情報),[情報] 原價屋5600XT大戰藝人店5700,https://www.ptt.cc/bbs/PC_Shopping/M.1586530363.A.8A8.html,→,跑分是很爽啦，跟團當機就不爽了,04/12/2020,11159,True,中立
CPU,AMD R5 5600XT,AMD,Ryzen 5,型號(情報),[情報] 撼訊 RX 5700XT 5600XT 5500XT 系列降價,https://www.ptt.cc/bbs/PC_Shopping/M.1584894110.A.EBA.html,推,55XT這價錢可以了，56XT再低一點,03/23/2020,11199,True,中立
CPU,AMD R5 5600XT,AMD,Ryzen 5,型號,[請益] AMD的5600xt,https://www.ptt.cc/bbs/PC_Shopping/M.1583124556.A.368.html,推,5700xt的不穩定5600xt也有吧,03/02/2020,11214,True,中立
CPU,AMD R5 5600XT,AMD,Ryzen 5,型號,[請益] AMD的5600xt,https://www.ptt.cc/bbs/PC_Shopping/M.1583124556.A.368.html,→,5000系列 穩定性是一樣的 更新20.2.2後 不差了,03/02/2020,11215,True,中立
CPU,AMD R5 5600XT,AMD,Ryzen 5,型號,[請益] AMD的5600xt,https://www.ptt.cc/bbs/PC_Shopping/M.1583124556.A.368.html,→,5600xt誰買誰盤,03/02/2020,11217,True,負評
CPU,AMD R5 5600XT,AMD,Ryzen 5,型號,[請益] AMD的5600xt,https://www.ptt.cc/bbs/PC_Shopping/M.1583124556.A.368.html,→,這價格不如去買技嘉5700XT Gaming 這張哪裡丐？,03/02/2020,11221,True,負評
CPU,AMD R5 5600XT,AMD,Ryzen 5,型號,[請益] AMD的5600xt,https://www.ptt.cc/bbs/PC_Shopping/M.1583124556.A.368.html,推,AMD的驅動問題 你不怕就買吧,03/02/2020,11223,True,負評
CPU,AMD R5 5600XT,AMD,Ryzen 5,型號,[請益] AMD的5600xt,https://www.ptt.cc/bbs/PC_Shopping/M.1583124556.A.368.html,→,撇除驅動問題，5600超到脫肛還是被5700吊起來打,03/02/2020,11224,True,負評
CPU,AMD R5 5600XT,AMD,Ryzen 5,型號,[請益] AMD的5600xt,https://www.ptt.cc/bbs/PC_Shopping/M.1583124556.A.368.html,→,目前的都沒斷線   沒啥問題,03/02/2020,11234,True,正評
CPU,AMD R5 5600XT,AMD,Ryzen 5,型號,[請益] AMD的5600xt,https://www.ptt.cc/bbs/PC_Shopping/M.1583124556.A.368.html,→,路上明明血淚一堆結果還是有人死命要買,03/02/2020,11237,True,負評
CPU,AMD R5 5600XT,AMD,Ryzen 5,型號,[請益] AMD的5600xt,https://www.ptt.cc/bbs/PC_Shopping/M.1583124556.A.368.html,→,賭到沒問題的是你好運，沒賭到的也是你自己要debug,03/02/2020,11238,True,負評
CPU,AMD R5 5600XT,AMD,Ryzen 5,型號,[請益] AMD的5600xt,https://www.ptt.cc/bbs/PC_Shopping/M.1583124556.A.368.html,推,人生三大錯覺之一：A社顯卡CP值超高,03/02/2020,11244,True,正評
CPU,AMD R5 5600XT,AMD,Ryzen 5,型號,[請益] AMD的5600xt,https://www.ptt.cc/bbs/PC_Shopping/M.1583124556.A.368.html,推,顯卡還是推n卡，a卡的作用只是用來讓n卡降價而已,03/02/2020,11248,True,負評
CPU,AMD R5 5600XT,AMD,Ryzen 5,型號,[請益] AMD的5600xt,https://www.ptt.cc/bbs/PC_Shopping/M.1583124556.A.368.html,推,真的不要為了省錢買AMD==,03/02/2020,11252,True,負評
CPU,AMD R5 5600XT,AMD,Ryzen 5,型號,[請益] AMD的5600xt,https://www.ptt.cc/bbs/PC_Shopping/M.1583124556.A.368.html,推,我公版57XT魔物特效全開加上高清包順順跑兩個禮拜,03/02/2020,11261,True,正評
CPU,AMD R5 5600XT,AMD,Ryzen 5,型號,[請益] AMD的5600xt,https://www.ptt.cc/bbs/PC_Shopping/M.1583124556.A.368.html,推,我57XT 玩冰原沒問題了啊,03/03/2020,11263,True,正評
CPU,AMD R5 5600XT,AMD,Ryzen 5,型號,[請益] AMD的5600xt,https://www.ptt.cc/bbs/PC_Shopping/M.1583124556.A.368.html,推,只有剛更新冰原的時候老卡說高清包和DX12有問題的,03/03/2020,11264,True,中立
CPU,AMD R5 5600XT,AMD,Ryzen 5,型號,[請益] AMD的5600xt,https://www.ptt.cc/bbs/PC_Shopping/M.1583124556.A.368.html,→,"時候真的有問題,關掉就正常了,玩到現在都MR300了~",03/03/2020,11265,True,負評
CPU,AMD R5 5600XT,AMD,Ryzen 5,型號,[請益] AMD的5600xt,https://www.ptt.cc/bbs/PC_Shopping/M.1583124556.A.368.html,→,雖然是很支持A卡 但是A卡驅動問題現階段很母湯,03/03/2020,11266,True,負評
CPU,AMD R5 5600XT,AMD,Ryzen 5,型號,[請益] AMD的5600xt,https://www.ptt.cc/bbs/PC_Shopping/M.1583124556.A.368.html,→,建議還是買N卡較實在.....,03/03/2020,11267,True,負評
CPU,AMD R5 5600XT,AMD,Ryzen 5,型號,[請益] AMD的5600xt,https://www.ptt.cc/bbs/PC_Shopping/M.1583124556.A.368.html,推,晶片是一樣 但就整卡來看供電、記憶體配置是不一樣,03/03/2020,11269,True,中立
CPU,AMD R5 5600XT,AMD,Ryzen 5,型號,[閒聊] 嗯..買到膜還在的MSI RX5600XT,https://www.ptt.cc/bbs/PC_Shopping/M.1582284423.A.D0A.html,→,我看整批可能都有這樣的問題 顧客買完請自己拆開檢,02/21/2020,11274,True,負評
CPU,AMD R5 5600XT,AMD,Ryzen 5,型號,[閒聊] 嗯..買到膜還在的MSI RX5600XT,https://www.ptt.cc/bbs/PC_Shopping/M.1582284423.A.D0A.html,推,退貨了啦，這批大概都像這張一樣蠢,02/21/2020,11290,True,負評
CPU,AMD R5 5600XT,AMD,Ryzen 5,型號,[閒聊] 嗯..買到膜還在的MSI RX5600XT,https://www.ptt.cc/bbs/PC_Shopping/M.1582284423.A.D0A.html,推,這新買算是瑕疵品qq,02/21/2020,11293,True,負評
CPU,AMD R5 5600XT,AMD,Ryzen 5,型號,[閒聊] 嗯..買到膜還在的MSI RX5600XT,https://www.ptt.cc/bbs/PC_Shopping/M.1582284423.A.D0A.html,推,5600XT的效能其實還不錯 但主要在於目前市價偏高,02/21/2020,11308,True,中立
CPU,AMD R5 5600XT,AMD,Ryzen 5,型號,[閒聊] 嗯..買到膜還在的MSI RX5600XT,https://www.ptt.cc/bbs/PC_Shopping/M.1582284423.A.D0A.html,推,這大概整批的製程出包,02/21/2020,11313,True,負評
CPU,AMD R5 5600XT,AMD,Ryzen 5,型號,[閒聊] 嗯..買到膜還在的MSI RX5600XT,https://www.ptt.cc/bbs/PC_Shopping/M.1582284423.A.D0A.html,推,快笑死了 這品管0分,02/25/2020,11353,True,負評
CPU,AMD R5 5600XT,AMD,Ryzen 5,型號(情報),[情報] AMD遊戲同捆可能放生5600XT卻送3款5500XT,https://www.ptt.cc/bbs/PC_Shopping/M.1580746320.A.0FA.html,推,5600xt的價格就已經不優了還不送遊戲,02/04/2020,11380,True,負評
CPU,AMD R5 5600XT,AMD,Ryzen 5,型號(情報),[情報] AMD遊戲同捆可能放生5600XT卻送3款5500XT,https://www.ptt.cc/bbs/PC_Shopping/M.1580746320.A.0FA.html,推,賣不好的卡 送賣不好的遊戲,02/04/2020,11393,True,負評
CPU,AMD R5 5600XT,AMD,Ryzen 5,型號(情報),[情報] AMD遊戲同捆可能放生5600XT卻送3款5500XT,https://www.ptt.cc/bbs/PC_Shopping/M.1580746320.A.0FA.html,→,千萬別選 淬x重生... ，0.5分的糞作,02/04/2020,11396,True,負評
CPU,AMD R5 5600XT,AMD,Ryzen 5,型號(情報),[情報] 微星：不是所有5600XT記憶體都能跑 14GHz,https://www.ptt.cc/bbs/PC_Shopping/M.1580005513.A.59E.html,→,但看gpuz都只有7000MHz,01/26/2020,11402,True,中立
CPU,AMD R5 5600XT,AMD,Ryzen 5,型號(情報),[情報] AMD以279美元正式推出Radeon RX 5600XT,https://www.ptt.cc/bbs/PC_Shopping/M.1579624458.A.C8C.html,推,看測試溫度和耗電較少於5700，大部分效能也只略輸,01/22/2020,11465,True,中立
CPU,AMD R5 5600XT,AMD,Ryzen 5,型號(情報),[情報] NV將2060下調至299鎂回應5600XT並出KO版,https://www.ptt.cc/bbs/PC_Shopping/M.1578499403.A.DCB.html,→,A卡唯一能說嘴的補幀又自廢武功,01/09/2020,11501,True,中立
CPU,AMD R5 5600XT,AMD,Ryzen 5,型號(情報),[情報] NV將2060下調至299鎂回應5600XT並出KO版,https://www.ptt.cc/bbs/PC_Shopping/M.1578499403.A.DCB.html,→,靠挖礦撐，礦災後崩盤，5000這代驅動問題一堆真D慘,01/09/2020,11525,True,負評
CPU,AMD R5 5600XT,AMD,Ryzen 5,型號(情報),[情報] AMD Navi12核心現身確認5600XT2304個單元,https://www.ptt.cc/bbs/PC_Shopping/M.1577981240.A.EBD.html,→,5600XT等於降版的5700 當然輕鬆洗1660ti的臉,01/03/2020,11563,True,正評
CPU,AMD R5 5600XT,AMD,Ryzen 5,型號(情報),[情報] AMD Navi12核心現身確認5600XT2304個單元,https://www.ptt.cc/bbs/PC_Shopping/M.1577981240.A.EBD.html,→,這spec比5500xt好上很多阿，只砍記憶體,01/03/2020,11581,True,正評
CPU,AMD R5 5600XT,AMD,Ryzen 5,型號(情報),[情報] AMD Navi12核心現身確認5600XT2304個單元,https://www.ptt.cc/bbs/PC_Shopping/M.1577981240.A.EBD.html,→,5600XT 大概就是8~9K這裡吧，5500XT都賣到7～8K之間,01/03/2020,11589,True,中立
CPU,AMD R5 5600XT,AMD,Ryzen 5,型號(情報),[情報] AMD Navi12核心現身確認5600XT2304個單元,https://www.ptt.cc/bbs/PC_Shopping/M.1577981240.A.EBD.html,推,是直逼2060吧 打手又在自爽,01/03/2020,11590,True,中立
CPU,AMD R5 5600XT,AMD,Ryzen 5,型號,[閒聊] 疑似5600XT TIME SPY跑分曝光,https://www.ptt.cc/bbs/PC_Shopping/M.1577034878.A.901.html,推,只打r6 要穩跑144的話可能要好一點,12/23/2019,11606,True,中立
CPU,AMD R5 5600XT,AMD,Ryzen 5,型號(情報),[情報] 據報導AMD RadeonRX 5600XT 將於下月發布,https://www.ptt.cc/bbs/PC_Shopping/M.1575389019.A.162.html,推,用7nm做這種垃圾等級的東西,12/04/2019,11629,True,負評
CPU,AMD R5 5600XT,AMD,Ryzen 5,型號(情報),[情報] 據報導AMD RadeonRX 5600XT 將於下月發布,https://www.ptt.cc/bbs/PC_Shopping/M.1575389019.A.162.html,推,中低階卡驅動弄不好功耗又比不過N卡 不如拼高階卡,12/04/2019,11639,True,負評
CPU,AMD R5 5600GT,AMD,Ryzen 5,型號(情報),[情報] autobuy 5600GT大禮包10290,https://www.ptt.cc/bbs/PC_Shopping/M.1745230242.A.E17.html,→,低階不划算，沒看AM5那個R3只有OEM沒有,04/21/2025,11648,True,負評
CPU,AMD R5 5600GT,AMD,Ryzen 5,型號(情報),[情報] autobuy 5600GT大禮包10290,https://www.ptt.cc/bbs/PC_Shopping/M.1745230242.A.E17.html,→,5600GT價差沒那麼大，還不至於要去京東,04/21/2025,11650,True,中立
CPU,AMD R5 5600GT,AMD,Ryzen 5,型號(情報),[情報] autobuy 5600GT大禮包10290,https://www.ptt.cc/bbs/PC_Shopping/M.1745230242.A.E17.html,推,坦白說可以，1080P開中低，PC Game Pass裡,04/21/2025,11654,True,中立
CPU,AMD R5 5600GT,AMD,Ryzen 5,型號(情報),[情報] autobuy 5600GT大禮包10290,https://www.ptt.cc/bbs/PC_Shopping/M.1745230242.A.E17.html,推,看起來只有影片、小遊戲需求的來用還可,04/21/2025,11658,True,中立
CPU,AMD R5 5600GT,AMD,Ryzen 5,型號(情報),[情報] autobuy 5600GT大禮包10290,https://www.ptt.cc/bbs/PC_Shopping/M.1745230242.A.E17.html,推,我只能說能玩 能開到多少個不敢保證,04/21/2025,11664,True,中立
CPU,AMD R5 5600GT,AMD,Ryzen 5,型號(情報),[情報] autobuy 5600GT大禮包10290,https://www.ptt.cc/bbs/PC_Shopping/M.1745230242.A.E17.html,→,純看效能 雙開一定沒問題 再上去不敢保證,04/21/2025,11665,True,中立
CPU,AMD R5 5600GT,AMD,Ryzen 5,型號(情報),[情報] autobuy 5600GT大禮包10290,https://www.ptt.cc/bbs/PC_Shopping/M.1745230242.A.E17.html,→,5500便宜是便宜，但是它L3只有一半。,04/21/2025,11668,True,中立
CPU,AMD R5 5600GT,AMD,Ryzen 5,型號,[請益] 4350G 換 5600GT,https://www.ptt.cc/bbs/PC_Shopping/M.1709701400.A.18B.html,→,200 4C8T變6C12T還行,03/06/2024,11679,True,中立
CPU,AMD R5 5600GT,AMD,Ryzen 5,型號,[請益] 4350G 換 5600GT,https://www.ptt.cc/bbs/PC_Shopping/M.1709701400.A.18B.html,→,單論CPU性能 還能接受,03/06/2024,11681,True,中立
CPU,AMD R5 5600GT,AMD,Ryzen 5,型號,[請益] 4350G 換 5600GT,https://www.ptt.cc/bbs/PC_Shopping/M.1709701400.A.18B.html,推,加1200而已，換！,03/06/2024,11682,True,正評
CPU,AMD R5 5600GT,AMD,Ryzen 5,型號,[請益] 4350G 換 5600GT,https://www.ptt.cc/bbs/PC_Shopping/M.1709701400.A.18B.html,推,不錯耶，不過請記得更新Bios,03/06/2024,11687,True,正評
CPU,AMD R5 5600GT,AMD,Ryzen 5,型號,[請益] 4350G 換 5600GT,https://www.ptt.cc/bbs/PC_Shopping/M.1709701400.A.18B.html,推,效能差一半 1200很值了,03/06/2024,11688,True,負評
CPU,AMD R5 5600GT,AMD,Ryzen 5,型號,[請益] 4350G 換 5600GT,https://www.ptt.cc/bbs/PC_Shopping/M.1709701400.A.18B.html,推,這很划算吧 記得更新bios,03/06/2024,11692,True,正評
CPU,AMD R5 5600GT,AMD,Ryzen 5,型號,[請益] 4350G 換 5600GT,https://www.ptt.cc/bbs/PC_Shopping/M.1709701400.A.18B.html,→,其實補1200上5600GT是可以啦，CPU 強不,03/07/2024,11697,True,正評
CPU,AMD R5 5600GT,AMD,Ryzen 5,型號,[請益] 4350G 換 5600GT,https://www.ptt.cc/bbs/PC_Shopping/M.1709701400.A.18B.html,→,少內顯也有強一點。,03/07/2024,11698,True,中立
CPU,AMD R5 5600GT,AMD,Ryzen 5,型號,[請益] 4350G 換 5600GT,https://www.ptt.cc/bbs/PC_Shopping/M.1709701400.A.18B.html,→,5600GT新品4900，補1200不算很過分的差,03/07/2024,11699,True,中立
CPU,AMD R5 5600GT,AMD,Ryzen 5,型號(情報),[情報] AM4最後一舞 不只5700X3D 連5600GT都來,https://www.ptt.cc/bbs/PC_Shopping/M.1701091547.A.300.html,推,可以出個5600配上內顯780M再戰3年,11/27/2023,11712,True,正評
CPU,AMD R5 5600GT,AMD,Ryzen 5,型號(情報),[情報] AM4最後一舞 不只5700X3D 連5600GT都來,https://www.ptt.cc/bbs/PC_Shopping/M.1701091547.A.300.html,推,cpu時脈少了0.5ghz 效能應該差很大吧,11/27/2023,11723,True,負評
CPU,AMD R5 5600GT,AMD,Ryzen 5,型號(情報),[情報] AM4最後一舞 不只5700X3D 連5600GT都來,https://www.ptt.cc/bbs/PC_Shopping/M.1701091547.A.300.html,推,5600再戰N年,11/28/2023,11789,True,中立
CPU,AMD R5 5500X3D,AMD,Ryzen 5,型號,Re: [情報] 5500X3D 全新上架,https://www.ptt.cc/bbs/PC_Shopping/M.1773052194.A.4F3.html,→,"這兩個價格相近,如果平常用途就打遊戲",03/09/2026,11805,True,中立
CPU,AMD R5 5500X3D,AMD,Ryzen 5,型號,Re: [情報] 5500X3D 全新上架,https://www.ptt.cc/bbs/PC_Shopping/M.1773052194.A.4F3.html,→,都最後一次升級怎不體驗下X3D,03/09/2026,11806,True,正評
CPU,AMD R5 5500X3D,AMD,Ryzen 5,型號,Re: [情報] 5500X3D 全新上架,https://www.ptt.cc/bbs/PC_Shopping/M.1773052194.A.4F3.html,推,55x3d那個瘸腿的頻率可能要想想 除非主,03/09/2026,11807,True,負評
CPU,AMD R5 5500X3D,AMD,Ryzen 5,型號,Re: [情報] 5500X3D 全新上架,https://www.ptt.cc/bbs/PC_Shopping/M.1773052194.A.4F3.html,→,評測槍game還是5500X3D贏，還是看你,03/09/2026,11809,True,中立
CPU,AMD R5 5500X3D,AMD,Ryzen 5,型號,Re: [情報] 5500X3D 全新上架,https://www.ptt.cc/bbs/PC_Shopping/M.1773052194.A.4F3.html,推,就是貴那個DDR5啊，不然這兩顆比750,03/09/2026,11813,True,中立
CPU,AMD R5 5500X3D,AMD,Ryzen 5,型號,Re: [情報] 5500X3D 全新上架,https://www.ptt.cc/bbs/PC_Shopping/M.1773052194.A.4F3.html,→,0F貴1000，還被屌打,03/09/2026,11814,True,負評
CPU,AMD R5 5500X3D,AMD,Ryzen 5,型號,Re: [情報] 5500X3D 全新上架,https://www.ptt.cc/bbs/PC_Shopping/M.1773052194.A.4F3.html,→,GTA6 選5500X3D比較好，因為這種屬於線,03/09/2026,11815,True,中立
CPU,AMD R5 5500X3D,AMD,Ryzen 5,型號,Re: [情報] 5500X3D 全新上架,https://www.ptt.cc/bbs/PC_Shopping/M.1773052194.A.4F3.html,→,上遊戲它就是吃L3比較大的紅利。,03/09/2026,11816,True,中立
CPU,AMD R5 5500X3D,AMD,Ryzen 5,型號,Re: [情報] 5500X3D 全新上架,https://www.ptt.cc/bbs/PC_Shopping/M.1773052194.A.4F3.html,→,有感提昇？2080顯卡+2k 主玩3a,03/09/2026,11821,True,中立
CPU,AMD R5 5500X3D,AMD,Ryzen 5,型號,Re: [情報] 5500X3D 全新上架,https://www.ptt.cc/bbs/PC_Shopping/M.1773052194.A.4F3.html,推,換都有感 尤其是玩網遊 LOL這種= =,03/09/2026,11824,True,正評
CPU,AMD R5 5500X3D,AMD,Ryzen 5,型號,Re: [情報] 5500X3D 全新上架,https://www.ptt.cc/bbs/PC_Shopping/M.1773052194.A.4F3.html,推,8核比較有用 除非你只玩cs這類的,03/09/2026,11826,True,中立
CPU,AMD R5 5500X3D,AMD,Ryzen 5,型號,Re: [情報] 5500X3D 全新上架,https://www.ptt.cc/bbs/PC_Shopping/M.1773052194.A.4F3.html,推,玩遊戲X3D，全面性5600XT也夠了,03/09/2026,11829,True,中立
CPU,AMD R5 5500X3D,AMD,Ryzen 5,型號,Re: [情報] 5500X3D 全新上架,https://www.ptt.cc/bbs/PC_Shopping/M.1773052194.A.4F3.html,推,有打遊戲就是X3D,03/09/2026,11831,True,中立
CPU,AMD R5 5500X3D,AMD,Ryzen 5,型號,Re: [情報] 5500X3D 全新上架,https://www.ptt.cc/bbs/PC_Shopping/M.1773052194.A.4F3.html,推,我是升級5500X3D 玩的都是射擊類 很滿意,03/09/2026,11833,True,正評
CPU,AMD R5 5500X3D,AMD,Ryzen 5,型號,Re: [情報] 5500X3D 全新上架,https://www.ptt.cc/bbs/PC_Shopping/M.1773052194.A.4F3.html,→,基本上畫質不要開最高，可以穩 120FPS,03/10/2026,11836,True,正評
CPU,AMD R5 5500X3D,AMD,Ryzen 5,型號,Re: [情報] 5500X3D 全新上架,https://www.ptt.cc/bbs/PC_Shopping/M.1773052194.A.4F3.html,→,4K無感，除非你玩dota 2,03/10/2026,11839,True,中立
CPU,AMD R5 5500X3D,AMD,Ryzen 5,型號,Re: [情報] 5500X3D 全新上架,https://www.ptt.cc/bbs/PC_Shopping/M.1771059974.A.5D5.html,→,好快 熱騰騰的cpu,02/14/2026,11861,True,正評
CPU,AMD R5 5500X3D,AMD,Ryzen 5,型號,Re: [情報] 5500X3D 全新上架,https://www.ptt.cc/bbs/PC_Shopping/M.1771059974.A.5D5.html,→,出個5奈米的am4 X3D更好,02/14/2026,11868,True,正評
CPU,AMD R5 5500X3D,AMD,Ryzen 5,型號,Re: [情報] 5500X3D 全新上架,https://www.ptt.cc/bbs/PC_Shopping/M.1771059974.A.5D5.html,推,這個根本把5600按在地上打,02/14/2026,11870,True,正評
CPU,AMD R5 5500X3D,AMD,Ryzen 5,型號,Re: [情報] 5500X3D 全新上架,https://www.ptt.cc/bbs/PC_Shopping/M.1771059974.A.5D5.html,推,看來在沒有57x3d下，是AM4下遊戲的最佳,02/14/2026,11874,True,正評
CPU,AMD R5 5500X3D,AMD,Ryzen 5,型號,Re: [情報] 5500X3D 全新上架,https://www.ptt.cc/bbs/PC_Shopping/M.1771059974.A.5D5.html,→,玩遊戲應該很有感 單核強很多,02/14/2026,11877,True,正評
CPU,AMD R5 5500X3D,AMD,Ryzen 5,型號,Re: [情報] 5500X3D 全新上架,https://www.ptt.cc/bbs/PC_Shopping/M.1771059974.A.5D5.html,→,有也是破萬 貴爆 = =,02/14/2026,11879,True,負評
CPU,AMD R5 5500X3D,AMD,Ryzen 5,型號,Re: [情報] 5500X3D 全新上架,https://www.ptt.cc/bbs/PC_Shopping/M.1771059974.A.5D5.html,→,553就湊合的用 大概比573差10%,02/14/2026,11880,True,中立
CPU,AMD R5 5500X3D,AMD,Ryzen 5,型號,Re: [情報] 5500X3D 全新上架,https://www.ptt.cc/bbs/PC_Shopping/M.1771059974.A.5D5.html,推,x3d果然還是遊戲專武,02/14/2026,11885,True,中立
CPU,AMD R5 5500X3D,AMD,Ryzen 5,型號,Re: [情報] 5500X3D 全新上架,https://www.ptt.cc/bbs/PC_Shopping/M.1771059974.A.5D5.html,推,頂多多30w除非很緊繃不然穩啦,02/14/2026,11890,True,正評
CPU,AMD R5 5500X3D,AMD,Ryzen 5,型號,Re: [情報] 5500X3D 全新上架,https://www.ptt.cc/bbs/PC_Shopping/M.1771059974.A.5D5.html,推,問就是遊戲神U X3D,02/14/2026,11891,True,正評
CPU,AMD R5 5500X3D,AMD,Ryzen 5,型號,Re: [情報] 5500X3D 全新上架,https://www.ptt.cc/bbs/PC_Shopping/M.1771059974.A.5D5.html,推,有玩遊戲比5600都強 3600換當然值,02/14/2026,11896,True,正評
CPU,AMD R5 5500X3D,AMD,Ryzen 5,型號,Re: [情報] 5500X3D 全新上架,https://www.ptt.cc/bbs/PC_Shopping/M.1771059974.A.5D5.html,推,5500元，覺的不行；但時勢就是D5靠北貴,02/14/2026,11900,True,負評
CPU,AMD R5 5500X3D,AMD,Ryzen 5,型號,Re: [情報] 5500X3D 全新上架,https://www.ptt.cc/bbs/PC_Shopping/M.1771059974.A.5D5.html,→,本來就是4K瓶頸會是顯卡，不會是CPU。,02/14/2026,11908,True,中立
CPU,AMD R5 5500X3D,AMD,Ryzen 5,型號,Re: [情報] 5500X3D 全新上架,https://www.ptt.cc/bbs/PC_Shopping/M.1771059974.A.5D5.html,→,這顆也能的話很香,02/14/2026,11913,True,正評
CPU,AMD R5 5500X3D,AMD,Ryzen 5,型號,Re: [情報] 5500X3D 全新上架,https://www.ptt.cc/bbs/PC_Shopping/M.1771059974.A.5D5.html,→,"看YT評測,553很多遊戲甚至比5700X還強",02/14/2026,11921,True,正評
CPU,AMD R5 5500X3D,AMD,Ryzen 5,型號,Re: [情報] 5500X3D 全新上架,https://www.ptt.cc/bbs/PC_Shopping/M.1771059974.A.5D5.html,推,X3D玩網遊是真的強,02/15/2026,11934,True,正評
CPU,AMD R5 5500X3D,AMD,Ryzen 5,型號,Re: [情報] 5500X3D 全新上架,https://www.ptt.cc/bbs/PC_Shopping/M.1771059974.A.5D5.html,推,看一看5600X應該不太需要換這顆,02/15/2026,11935,True,中立
CPU,AMD R5 5500X3D,AMD,Ryzen 5,型號,Re: [情報] 5500X3D 全新上架,https://www.ptt.cc/bbs/PC_Shopping/M.1771059974.A.5D5.html,推,看GN測試 1080P下直逼5700X3D,02/15/2026,11936,True,中立
CPU,AMD R5 5500X3D,AMD,Ryzen 5,型號,Re: [情報] 5500X3D 全新上架,https://www.ptt.cc/bbs/PC_Shopping/M.1771059974.A.5D5.html,推,看來組來打game挺不錯的,02/15/2026,11942,True,中立
CPU,AMD R5 5500X3D,AMD,Ryzen 5,型號,Re: [情報] 5500X3D 全新上架,https://www.ptt.cc/bbs/PC_Shopping/M.1771059974.A.5D5.html,→,一路用到現在了還算滿意XD,02/15/2026,11945,True,正評
CPU,AMD R5 5500X3D,AMD,Ryzen 5,型號,Re: [情報] 5500X3D 全新上架,https://www.ptt.cc/bbs/PC_Shopping/M.1771059974.A.5D5.html,推,X3D CPU差距 等於顯卡升一級,02/15/2026,11947,True,中立
CPU,AMD R5 5500X3D,AMD,Ryzen 5,型號,Re: [情報] 5500X3D 全新上架,https://www.ptt.cc/bbs/PC_Shopping/M.1771059974.A.5D5.html,→,目前X3D 應該是在2K以下遊戲 增益最大,02/15/2026,11949,True,中立
CPU,AMD R5 5500X3D,AMD,Ryzen 5,型號,Re: [情報] 5500X3D 全新上架,https://www.ptt.cc/bbs/PC_Shopping/M.1771059974.A.5D5.html,→,最終fps落在100上下,02/15/2026,11957,True,中立
CPU,AMD R5 5500X3D,AMD,Ryzen 5,型號,Re: [情報] 5500X3D 全新上架,https://www.ptt.cc/bbs/PC_Shopping/M.1771059974.A.5D5.html,→,不吃x3d的遊戲，這顆比5600是倒縮,02/15/2026,11963,True,負評
CPU,AMD R5 5500X3D,AMD,Ryzen 5,型號,Re: [情報] 5500X3D 全新上架,https://www.ptt.cc/bbs/PC_Shopping/M.1771059974.A.5D5.html,→,起跳，單核cpu性能也比2700x好,02/16/2026,11975,True,中立
CPU,AMD R5 5500X3D,AMD,Ryzen 5,型號,Re: [情報] 5500X3D 全新上架,https://www.ptt.cc/bbs/PC_Shopping/M.1771059974.A.5D5.html,推,除非換換病發不然不用換,02/16/2026,11978,True,中立
CPU,AMD R5 5500X3D,AMD,Ryzen 5,型號,Re: [情報] 5500X3D 全新上架,https://www.ptt.cc/bbs/PC_Shopping/M.1771059974.A.5D5.html,推,從2200G直接升級，應該可以很有感,02/18/2026,11980,True,正評
CPU,AMD R5 5500X3D,AMD,Ryzen 5,型號(情報),[情報] 5500X3D 全新上架,https://www.ptt.cc/bbs/PC_Shopping/M.1770799360.A.EDF.html,→,邊角料都很強 對手就很尷尬了,02/11/2026,11986,True,正評
CPU,AMD R5 5500X3D,AMD,Ryzen 5,型號(情報),[情報] 5500X3D 全新上架,https://www.ptt.cc/bbs/PC_Shopping/M.1770799360.A.EDF.html,→,這顆比較接近5600的架構，降頻+v-cache,02/11/2026,11987,True,中立
CPU,AMD R5 5500X3D,AMD,Ryzen 5,型號(情報),[情報] 5500X3D 全新上架,https://www.ptt.cc/bbs/PC_Shopping/M.1770799360.A.EDF.html,→,低於7500F換有感 / 或是只玩 dota 2 等專,02/11/2026,12003,True,中立
CPU,AMD R5 5500X3D,AMD,Ryzen 5,型號(情報),[情報] 5500X3D 全新上架,https://www.ptt.cc/bbs/PC_Shopping/M.1770799360.A.EDF.html,推,這種X3D U最大的好處 就是抓去搭丐板,02/11/2026,12012,True,中立
CPU,AMD R5 5500X3D,AMD,Ryzen 5,型號(情報),[情報] 5500X3D 全新上架,https://www.ptt.cc/bbs/PC_Shopping/M.1770799360.A.EDF.html,→,5500X3D要再戰十年了,02/11/2026,12017,True,正評
CPU,AMD R5 5500X3D,AMD,Ryzen 5,型號(情報),[情報] 5500X3D 全新上架,https://www.ptt.cc/bbs/PC_Shopping/M.1770799360.A.EDF.html,→,遊戲用途這顆可以買吧，相比Zen 2的還,02/11/2026,12018,True,正評
CPU,AMD R5 5500X3D,AMD,Ryzen 5,型號(情報),[情報] 5500X3D 全新上架,https://www.ptt.cc/bbs/PC_Shopping/M.1770799360.A.EDF.html,→,買買5500X3D,02/11/2026,12022,True,正評
CPU,AMD R5 5500X3D,AMD,Ryzen 5,型號(情報),[情報] 5500X3D 全新上架,https://www.ptt.cc/bbs/PC_Shopping/M.1770799360.A.EDF.html,→,超猛AM4 10年,02/11/2026,12038,True,正評
CPU,AMD R5 5500X3D,AMD,Ryzen 5,型號(情報),[情報] 5500X3D 全新上架,https://www.ptt.cc/bbs/PC_Shopping/M.1770799360.A.EDF.html,→,"稍贏5600x實際可能無感, 57X3D是贏在8c16T",02/11/2026,12043,True,中立
CPU,AMD R5 5500X3D,AMD,Ryzen 5,型號(情報),[情報] 5500X3D 全新上架,https://www.ptt.cc/bbs/PC_Shopping/M.1770799360.A.EDF.html,推,解決了5500 5700快取太小的痛點,02/11/2026,12045,True,中立
CPU,AMD R5 5500X3D,AMD,Ryzen 5,型號(情報),[情報] 5500X3D 全新上架,https://www.ptt.cc/bbs/PC_Shopping/M.1770799360.A.EDF.html,推,這顆玩遊戲跟5600x比哪可能無感 是看x3d,02/11/2026,12047,True,正評
CPU,AMD R5 5500X3D,AMD,Ryzen 5,型號(情報),[情報] 5500X3D 全新上架,https://www.ptt.cc/bbs/PC_Shopping/M.1770799360.A.EDF.html,→,這下可以搭配DDR4便宜多了，這U推507,02/11/2026,12050,True,中立
CPU,AMD R5 5500X3D,AMD,Ryzen 5,型號(情報),[情報] 5500X3D 全新上架,https://www.ptt.cc/bbs/PC_Shopping/M.1770799360.A.EDF.html,推,5500X3D  更新BIOS B350供電就能跑了,02/11/2026,12062,True,中立
CPU,AMD R5 5500X3D,AMD,Ryzen 5,型號(情報),[情報] 5500X3D 全新上架,https://www.ptt.cc/bbs/PC_Shopping/M.1770799360.A.EDF.html,→,國外價錢甜的話 超有競爭力 AM4再戰十年,02/11/2026,12063,True,正評
CPU,AMD R5 5500X3D,AMD,Ryzen 5,型號(情報),[情報] 5500X3D 全新上架,https://www.ptt.cc/bbs/PC_Shopping/M.1770799360.A.EDF.html,→,YT上實測FPS大概低5700X3D 5-10%,02/11/2026,12067,True,中立
CPU,AMD R5 5500X3D,AMD,Ryzen 5,型號(情報),[情報] 5500X3D 全新上架,https://www.ptt.cc/bbs/PC_Shopping/M.1770799360.A.EDF.html,推,太猛了，ddr4不能亡 戰到2030,02/11/2026,12068,True,正評
CPU,AMD R5 5500X3D,AMD,Ryzen 5,型號(情報),[情報] 5500X3D 全新上架,https://www.ptt.cc/bbs/PC_Shopping/M.1770799360.A.EDF.html,推,這賣5000我竟然覺得超值，現在2026年,02/11/2026,12070,True,正評
CPU,AMD R5 5500X3D,AMD,Ryzen 5,型號(情報),[情報] 5500X3D 全新上架,https://www.ptt.cc/bbs/PC_Shopping/M.1770799360.A.EDF.html,推,牛逼 AM4復興,02/12/2026,12079,True,正評
CPU,AMD R5 5500X3D,AMD,Ryzen 5,型號(情報),[情報] 5500X3D 全新上架,https://www.ptt.cc/bbs/PC_Shopping/M.1770799360.A.EDF.html,推,55X3D在這幾個月是升級最佳首選,02/12/2026,12082,True,正評
CPU,AMD R5 5500X3D,AMD,Ryzen 5,型號(情報),[情報] 5500X3D 全新上架,https://www.ptt.cc/bbs/PC_Shopping/M.1770799360.A.EDF.html,推,CPU本來就是體質差在分級的 完美的掛R9,02/12/2026,12091,True,中立
CPU,AMD R5 5500X3D,AMD,Ryzen 5,型號(情報),[情報] 5500X3D 全新上架,https://www.ptt.cc/bbs/PC_Shopping/M.1770799360.A.EDF.html,→,體質差的良率差變R7 -> 更爛的R5,02/12/2026,12092,True,負評
CPU,AMD R5 5500X3D,AMD,Ryzen 5,型號(情報),[情報] 5500X3D 全新上架,https://www.ptt.cc/bbs/PC_Shopping/M.1770799360.A.EDF.html,→,什麼都差核心又爛的邊角料 變R3,02/12/2026,12093,True,負評
CPU,AMD R5 5500X3D,AMD,Ryzen 5,型號(情報),[情報] 5500X3D 全新上架,https://www.ptt.cc/bbs/PC_Shopping/M.1770799360.A.EDF.html,→,賣這價格好像也稱不上很划算,02/13/2026,12105,True,中立
CPU,AMD R5 5500X3D,AMD,Ryzen 5,型號(情報),[情報] AMD 5700X3D停產Ryzen5 5500X3D效能曝光,https://www.ptt.cc/bbs/PC_Shopping/M.1755229196.A.7FD.html,推,6c/12t純玩網遊夠了,08/15/2025,12114,True,中立
CPU,AMD R5 5500X3D,AMD,Ryzen 5,型號(情報),[情報] AMD 5700X3D停產Ryzen5 5500X3D效能曝光,https://www.ptt.cc/bbs/PC_Shopping/M.1755229196.A.7FD.html,→,而且怎麼感覺比5600還爛？,08/15/2025,12116,True,負評
CPU,AMD R5 5500X3D,AMD,Ryzen 5,型號(情報),[情報] AMD 5700X3D停產Ryzen5 5500X3D效能曝光,https://www.ptt.cc/bbs/PC_Shopping/M.1755229196.A.7FD.html,推,單核效能還下降  買這幹嘛的,08/15/2025,12120,True,負評
CPU,AMD R5 5500X3D,AMD,Ryzen 5,型號(情報),[情報] AMD 5700X3D停產Ryzen5 5500X3D效能曝光,https://www.ptt.cc/bbs/PC_Shopping/M.1755229196.A.7FD.html,→,原因1，邊角料當然好的先黏X3D,08/15/2025,12130,True,中立
CPU,AMD R5 5500X3D,AMD,Ryzen 5,型號(情報),[情報] AMD 5700X3D停產Ryzen5 5500X3D效能曝光,https://www.ptt.cc/bbs/PC_Shopping/M.1755229196.A.7FD.html,→,戶目前cp最高的首選,08/15/2025,12140,True,正評
CPU,AMD R5 5500X3D,AMD,Ryzen 5,型號(情報),[情報] AMD 5700X3D停產Ryzen5 5500X3D效能曝光,https://www.ptt.cc/bbs/PC_Shopping/M.1755229196.A.7FD.html,→,就不要買x3D的吧,08/15/2025,12141,True,負評
CPU,AMD R5 5500X3D,AMD,Ryzen 5,型號(情報),[情報] AMD 5700X3D停產Ryzen5 5500X3D效能曝光,https://www.ptt.cc/bbs/PC_Shopping/M.1755229196.A.7FD.html,→,台海兩岸沒定價空間，超台幣 3800就不值,08/15/2025,12142,True,負評
CPU,AMD R5 5500X3D,AMD,Ryzen 5,型號(情報),[情報] AMD 5700X3D停產Ryzen5 5500X3D效能曝光,https://www.ptt.cc/bbs/PC_Shopping/M.1755229196.A.7FD.html,→,56X3D而是55X3D  想在R5用X3D的可以考慮,08/15/2025,12144,True,正評
CPU,AMD R5 5500X3D,AMD,Ryzen 5,型號(情報),[情報] AMD 5700X3D停產Ryzen5 5500X3D效能曝光,https://www.ptt.cc/bbs/PC_Shopping/M.1755229196.A.7FD.html,推,真的是邊角料6C也拿來黏,08/16/2025,12153,True,負評
CPU,AMD R5 5500X3D,AMD,Ryzen 5,型號(情報),[情報] AMD 5700X3D停產Ryzen5 5500X3D效能曝光,https://www.ptt.cc/bbs/PC_Shopping/M.1755229196.A.7FD.html,推,怕撐不住可以用Eco Mode,08/16/2025,12155,True,中立
CPU,AMD R5 5500X3D,AMD,Ryzen 5,型號(情報),[情報] AMD 5700X3D停產Ryzen5 5500X3D效能曝光,https://www.ptt.cc/bbs/PC_Shopping/M.1755229196.A.7FD.html,推,跟5500數據差一點點 那是不是沒贏5600X= =,08/16/2025,12158,True,中立
CPU,AMD R5 5500X3D,AMD,Ryzen 5,型號(情報),[情報] AMD 5700X3D停產Ryzen5 5500X3D效能曝光,https://www.ptt.cc/bbs/PC_Shopping/M.1755229196.A.7FD.html,推,不知道評測怎麼測這顆55x3d 但這顆u就遊戲,08/16/2025,12159,True,中立
CPU,AMD R5 5500X3D,AMD,Ryzen 5,型號(情報),[情報] AMD 5700X3D停產Ryzen5 5500X3D效能曝光,https://www.ptt.cc/bbs/PC_Shopping/M.1755229196.A.7FD.html,推,5500本來輸最多的就三緩啊 X3D補上,08/16/2025,12160,True,中立
CPU,AMD R5 5500X3D,AMD,Ryzen 5,型號(情報),[情報] AMD 5700X3D停產Ryzen5 5500X3D效能曝光,https://www.ptt.cc/bbs/PC_Shopping/M.1755229196.A.7FD.html,推,5500算apu核心吧 用起來蠻省電,08/16/2025,12161,True,中立
CPU,AMD R5 5500X3D,AMD,Ryzen 5,型號(情報),[情報] AMD 5700X3D停產Ryzen5 5500X3D效能曝光,https://www.ptt.cc/bbs/PC_Shopping/M.1755229196.A.7FD.html,推,如果遊戲效能可以贏5600的話還是有買的價,08/18/2025,12164,True,中立
CPU,AMD R5 5500X3D,AMD,Ryzen 5,型號(情報),[情報] AMD 5700X3D停產Ryzen5 5500X3D效能曝光,https://www.ptt.cc/bbs/PC_Shopping/M.1755229196.A.7FD.html,→,用下來一個多月非常滿意，也沒什麼,08/31/2025,12168,True,正評
CPU,AMD R5 5500X3D,AMD,Ryzen 5,型號(情報),[情報] AMD Ryzen™ 5 5500X3D 官網上線,https://www.ptt.cc/bbs/PC_Shopping/M.1749779802.A.654.html,→,沒有爛產品只有爛價格，便宜還是有市場,06/13/2025,12179,True,中立
CPU,AMD R5 5500X3D,AMD,Ryzen 5,型號(情報),[情報] AMD Ryzen™ 5 5500X3D 官網上線,https://www.ptt.cc/bbs/PC_Shopping/M.1749779802.A.654.html,→,"單核最高4Ghz , 預設時脈3Ghz, 可能只有",06/13/2025,12183,True,中立
CPU,AMD R5 5500X3D,AMD,Ryzen 5,型號(情報),[情報] AMD Ryzen™ 5 5500X3D 官網上線,https://www.ptt.cc/bbs/PC_Shopping/M.1749779802.A.654.html,→,險勝5700X ? (時脈砍太多),06/13/2025,12184,True,中立
CPU,AMD R5 5500X3D,AMD,Ryzen 5,型號(情報),[情報] AMD Ryzen™ 5 5500X3D 官網上線,https://www.ptt.cc/bbs/PC_Shopping/M.1749779802.A.654.html,→,"7390, CP值就跟7700 MPK一樣了",06/13/2025,12190,True,中立
CPU,AMD R5 5500X3D,AMD,Ryzen 5,型號(情報),[情報] AMD Ryzen™ 5 5500X3D 官網上線,https://www.ptt.cc/bbs/PC_Shopping/M.1749779802.A.654.html,推,代表GG價格實在不便宜 邊角料用好用滿,06/13/2025,12193,True,中立
CPU,AMD R5 5500X3D,AMD,Ryzen 5,型號(情報),[情報] AMD Ryzen™ 5 5500X3D 官網上線,https://www.ptt.cc/bbs/PC_Shopping/M.1749779802.A.654.html,→,"5500X3D可以追平7600(X),",06/13/2025,12196,True,中立
CPU,AMD R5 5500X3D,AMD,Ryzen 5,型號(情報),[情報] AMD Ryzen™ 5 5500X3D 官網上線,https://www.ptt.cc/bbs/PC_Shopping/M.1749779802.A.654.html,推,真的可以戰到11800X3D，不要不信,06/13/2025,12200,True,正評
CPU,AMD R5 5500X3D,AMD,Ryzen 5,型號(情報),[情報] AMD Ryzen™ 5 5500X3D 官網上線,https://www.ptt.cc/bbs/PC_Shopping/M.1749779802.A.654.html,推,這個也能X3D太神了,06/13/2025,12204,True,正評
CPU,AMD R5 5500X3D,AMD,Ryzen 5,型號(情報),[情報] AMD Ryzen™ 5 5500X3D 官網上線,https://www.ptt.cc/bbs/PC_Shopping/M.1749779802.A.654.html,推,考慮將我的r5 1600換成這顆 am4 再戰十,06/13/2025,12208,True,中立
CPU,AMD R5 5500X3D,AMD,Ryzen 5,型號(情報),[情報] AMD Ryzen™ 5 5500X3D 官網上線,https://www.ptt.cc/bbs/PC_Shopping/M.1749779802.A.654.html,推,酥麻這是廢物再利用的意思嗎？時脈最高4,06/13/2025,12213,True,負評
CPU,AMD R5 5500X3D,AMD,Ryzen 5,型號(情報),[情報] AMD Ryzen™ 5 5500X3D 官網上線,https://www.ptt.cc/bbs/PC_Shopping/M.1749779802.A.654.html,→,就參數不達標的X3D廢料再利用啊,06/13/2025,12215,True,負評
CPU,AMD R5 5500X3D,AMD,Ryzen 5,型號(情報),[情報] AMD Ryzen™ 5 5500X3D 官網上線,https://www.ptt.cc/bbs/PC_Shopping/M.1749779802.A.654.html,推,只要價格到位，邊角料還是香的~,06/13/2025,12217,True,正評
CPU,AMD R5 5500X3D,AMD,Ryzen 5,型號(情報),[情報] AMD Ryzen™ 5 5500X3D 官網上線,https://www.ptt.cc/bbs/PC_Shopping/M.1749779802.A.654.html,→,戲還輸5600X3D,06/13/2025,12221,True,中立
CPU,AMD R5 5500X3D,AMD,Ryzen 5,型號(情報),[情報] AMD Ryzen™ 5 5500X3D 官網上線,https://www.ptt.cc/bbs/PC_Shopping/M.1749779802.A.654.html,推,這種在玩遊戲對low 1%還是有幫助吧,06/13/2025,12224,True,中立
CPU,AMD R5 5500X3D,AMD,Ryzen 5,型號(情報),[情報] AMD Ryzen™ 5 5500X3D 官網上線,https://www.ptt.cc/bbs/PC_Shopping/M.1749779802.A.654.html,→,這時脈 遊戲有辦法贏5600xt嗎？,06/13/2025,12225,True,中立
CPU,AMD R5 5500X3D,AMD,Ryzen 5,型號(情報),[情報] AMD Ryzen™ 5 5500X3D 官網上線,https://www.ptt.cc/bbs/PC_Shopping/M.1749779802.A.654.html,→,這顆時脈太低 大概率給R5 3000系列升級,06/13/2025,12229,True,負評
CPU,AMD R5 5500X3D,AMD,Ryzen 5,型號(情報),[情報] AMD Ryzen™ 5 5500X3D 官網上線,https://www.ptt.cc/bbs/PC_Shopping/M.1749779802.A.654.html,→,對cs跟瓦的玩家來說很實用,06/13/2025,12233,True,中立
CPU,AMD R5 5500X3D,AMD,Ryzen 5,型號(情報),[情報] AMD Ryzen™ 5 5500X3D 官網上線,https://www.ptt.cc/bbs/PC_Shopping/M.1749779802.A.654.html,→,不及格的core遮住或降個時脈,06/13/2025,12235,True,負評
CPU,AMD R5 5500X3D,AMD,Ryzen 5,型號(情報),[情報] AMD Ryzen™ 5 5500X3D 官網上線,https://www.ptt.cc/bbs/PC_Shopping/M.1749779802.A.654.html,推,5500核心數時脈效能都不夠用吧,06/13/2025,12239,True,負評
CPU,AMD R5 5500X3D,AMD,Ryzen 5,型號(情報),[情報] AMD Ryzen™ 5 5500X3D 官網上線,https://www.ptt.cc/bbs/PC_Shopping/M.1749779802.A.654.html,噓,出這種電子垃圾 還不然出5900xtg有內顯,06/13/2025,12243,True,負評
CPU,AMD R5 5500X3D,AMD,Ryzen 5,型號(情報),[情報] AMD Ryzen™ 5 5500X3D 官網上線,https://www.ptt.cc/bbs/PC_Shopping/M.1749779802.A.654.html,→,"會, 最低應該也是比5600X強, 最高上看",06/13/2025,12249,True,中立
CPU,AMD R5 5500X3D,AMD,Ryzen 5,型號(情報),[情報] AMD Ryzen™ 5 5500X3D 官網上線,https://www.ptt.cc/bbs/PC_Shopping/M.1749779802.A.654.html,→,略遜57X3D，會停產不明擺著效能太高打到7系,06/13/2025,12253,True,中立
CPU,AMD R5 5500X3D,AMD,Ryzen 5,型號(情報),[情報] AMD Ryzen™ 5 5500X3D 官網上線,https://www.ptt.cc/bbs/PC_Shopping/M.1749779802.A.654.html,→,變成能降頻出次級品的晶片啊,06/14/2025,12256,True,負評
CPU,AMD R5 5500X3D,AMD,Ryzen 5,型號(情報),[情報] AMD Ryzen™ 5 5500X3D 官網上線,https://www.ptt.cc/bbs/PC_Shopping/M.1749779802.A.654.html,推,再差也比5600G強,06/14/2025,12257,True,正評
CPU,AMD R5 5500X3D,AMD,Ryzen 5,型號(情報),[情報] AMD Ryzen™ 5 5500X3D 官網上線,https://www.ptt.cc/bbs/PC_Shopping/M.1749779802.A.654.html,推,這顆本質就5600X3D的降頻版,06/15/2025,12259,True,中立
CPU,AMD R5 5500X3D,AMD,Ryzen 5,型號(情報),[情報] AMD Ryzen™ 5 5500X3D 官網上線,https://www.ptt.cc/bbs/PC_Shopping/M.1749779802.A.654.html,→,型號雖然是5500，但核心和5500無關,06/15/2025,12260,True,中立
CPU,AMD R5 5500X3D,AMD,Ryzen 5,型號(情報),[情報] AM4還沒死==?5700X3D/5500X3D曝光,https://www.ptt.cc/bbs/PC_Shopping/M.1699976692.A.56A.html,→,偏貴  反正這基本上是給釘子戶升級的,11/15/2023,12273,True,中立
CPU,AMD R5 5500X3D,AMD,Ryzen 5,型號(情報),[情報] AM4還沒死==?5700X3D/5500X3D曝光,https://www.ptt.cc/bbs/PC_Shopping/M.1699976692.A.56A.html,→,"都沒那麼高,只看跑分應該會很難看",11/15/2023,12285,True,負評
CPU,AMD R5 5500X3D,AMD,Ryzen 5,型號(情報),[情報] AM4還沒死==?5700X3D/5500X3D曝光,https://www.ptt.cc/bbs/PC_Shopping/M.1699976692.A.56A.html,→,誰買啊 要挑也是挑便宜的5800XD了,11/15/2023,12292,True,負評
CPU,AMD R5 5500X3D,AMD,Ryzen 5,型號(情報),[情報] AM4還沒死==?5700X3D/5500X3D曝光,https://www.ptt.cc/bbs/PC_Shopping/M.1699976692.A.56A.html,推,頻率也給太低，不曉得會不會跟5700X,11/15/2023,12298,True,中立
CPU,AMD R5 5500X3D,AMD,Ryzen 5,型號(情報),[情報] AM4還沒死==?5700X3D/5500X3D曝光,https://www.ptt.cc/bbs/PC_Shopping/M.1699976692.A.56A.html,推,57/55X3D應該算是58/56X3D的降頻次品,11/15/2023,12301,True,中立
CPU,AMD R5 7500F,AMD,Ryzen 5,型號,[請益] 7500f的選擇?,https://www.ptt.cc/bbs/PC_Shopping/M.1772946769.A.B64.html,推,新版照開，-20V 沒跑過出錯 功耗挺滿意,03/08/2026,12316,True,正評
CPU,AMD R5 7500F,AMD,Ryzen 5,型號,[請益] 7500f的選擇?,https://www.ptt.cc/bbs/PC_Shopping/M.1772946769.A.B64.html,推,你要打啥遊戲，這顆就是過渡的cpu呀，現,03/08/2026,12321,True,中立
CPU,AMD R5 7500F,AMD,Ryzen 5,型號,[請益] 7500f的選擇?,https://www.ptt.cc/bbs/PC_Shopping/M.1772946769.A.B64.html,→,在環境ddr5太貴他就沒cp值,03/08/2026,12322,True,負評
CPU,AMD R5 7500F,AMD,Ryzen 5,型號,[請益] 7500f的選擇?,https://www.ptt.cc/bbs/PC_Shopping/M.1772946769.A.B64.html,推,超頻根本沒差 不用瞎折騰了,03/08/2026,12323,True,中立
CPU,AMD R5 7500F,AMD,Ryzen 5,型號,[請益] 7500f的選擇?,https://www.ptt.cc/bbs/PC_Shopping/M.1772946769.A.B64.html,推,7500目前完全沒CP值啊,03/08/2026,12333,True,負評
CPU,AMD R5 7500F,AMD,Ryzen 5,型號,[請益] 7500f的選擇?,https://www.ptt.cc/bbs/PC_Shopping/M.1772946769.A.B64.html,→,打遊戲動不動閃退之後我現在反而求穩,03/08/2026,12338,True,負評
CPU,AMD R5 7500F,AMD,Ryzen 5,型號,[請益] 7500f的選擇?,https://www.ptt.cc/bbs/PC_Shopping/M.1772946769.A.B64.html,→,再上去效能沒差多少，溫度倒是很有差,03/08/2026,12340,True,中立
CPU,AMD R5 7500F,AMD,Ryzen 5,型號,[請益] 7500f的選擇?,https://www.ptt.cc/bbs/PC_Shopping/M.1772946769.A.B64.html,→,體質不如舊版又不是不能超,03/08/2026,12347,True,中立
CPU,AMD R5 7500F,AMD,Ryzen 5,型號,[請益] 7500f的選擇?,https://www.ptt.cc/bbs/PC_Shopping/M.1772946769.A.B64.html,推,現在要買就7700吧,03/08/2026,12349,True,負評
CPU,AMD R5 7500F,AMD,Ryzen 5,型號,[請益] 7500f的選擇?,https://www.ptt.cc/bbs/PC_Shopping/M.1772946769.A.B64.html,→,75F就壓低價格堪用這樣,03/08/2026,12350,True,中立
CPU,AMD R5 7500F,AMD,Ryzen 5,型號,[請益] 7500f的選擇?,https://www.ptt.cc/bbs/PC_Shopping/M.1772946769.A.B64.html,→,真的需要那份效能就往上捏,03/08/2026,12352,True,中立
CPU,AMD R5 7500F,AMD,Ryzen 5,型號,[請益] 7500f的選擇?,https://www.ptt.cc/bbs/PC_Shopping/M.1772946769.A.B64.html,→,超上去的效能沒多少 吃電又會一個不小心把,03/08/2026,12353,True,負評
CPU,AMD R5 7500F,AMD,Ryzen 5,型號,[請益] 7500f的選擇?,https://www.ptt.cc/bbs/PC_Shopping/M.1772946769.A.B64.html,→,7700CP值比7500好,03/08/2026,12355,True,中立
CPU,AMD R5 7500F,AMD,Ryzen 5,型號,[請益] 7500f的選擇?,https://www.ptt.cc/bbs/PC_Shopping/M.1772946769.A.B64.html,→,2000多兩個大核+多內顯 cp值不錯啊,03/08/2026,12357,True,正評
CPU,AMD R5 7500F,AMD,Ryzen 5,型號,[請益] 7500f的選擇?,https://www.ptt.cc/bbs/PC_Shopping/M.1772946769.A.B64.html,→,而且7000系當初就是又熱又爛才會出非x,03/08/2026,12362,True,負評
CPU,AMD R5 7500F,AMD,Ryzen 5,型號,[請益] 7500f的選擇?,https://www.ptt.cc/bbs/PC_Shopping/M.1772946769.A.B64.html,→,你都要淘了，還買7500F也沒意義，要淘,03/08/2026,12364,True,負評
CPU,AMD R5 7500F,AMD,Ryzen 5,型號,[請益] 7500f的選擇?,https://www.ptt.cc/bbs/PC_Shopping/M.1772946769.A.B64.html,→,打遊戲完全用得到不會浪費,03/08/2026,12367,True,正評
CPU,AMD R5 7500F,AMD,Ryzen 5,型號,[請益] 7500f的選擇?,https://www.ptt.cc/bbs/PC_Shopping/M.1772946769.A.B64.html,→,8大核你甚至可以把超線程關了變8C8T,03/08/2026,12368,True,中立
CPU,AMD R5 7500F,AMD,Ryzen 5,型號,[請益] 7500f的選擇?,https://www.ptt.cc/bbs/PC_Shopping/M.1772946769.A.B64.html,→,兩顆CP差不多 8核=6核 1.33倍,03/08/2026,12371,True,中立
CPU,AMD R5 7500F,AMD,Ryzen 5,型號,[請益] 7500f的選擇?,https://www.ptt.cc/bbs/PC_Shopping/M.1772946769.A.B64.html,→,售價 貴38%但是多了內顯,03/08/2026,12373,True,中立
CPU,AMD R5 7500F,AMD,Ryzen 5,型號,[請益] 7500f的選擇?,https://www.ptt.cc/bbs/PC_Shopping/M.1772946769.A.B64.html,推,邏輯是這樣 這幾年新出的遊戲 75F是能過大,03/08/2026,12380,True,中立
CPU,AMD R5 7500F,AMD,Ryzen 5,型號,[請益] 7500f的選擇?,https://www.ptt.cc/bbs/PC_Shopping/M.1772946769.A.B64.html,→,多數遊戲的門檻 可以順暢的玩 少部分優化特,03/08/2026,12381,True,中立
CPU,AMD R5 7500F,AMD,Ryzen 5,型號,[請益] 7500f的選擇?,https://www.ptt.cc/bbs/PC_Shopping/M.1772946769.A.B64.html,→,別破的遊戲會撞到瓶頸 但調低設定也不至於,03/08/2026,12382,True,中立
CPU,AMD R5 7500F,AMD,Ryzen 5,型號,[請益] 7500f的選擇?,https://www.ptt.cc/bbs/PC_Shopping/M.1772946769.A.B64.html,→,但你都想要為了超上去的那一點效能去超他,03/08/2026,12383,True,中立
CPU,AMD R5 7500F,AMD,Ryzen 5,型號,[請益] 7500f的選擇?,https://www.ptt.cc/bbs/PC_Shopping/M.1772946769.A.B64.html,→,更不容易撞到瓶頸 而且多的核也能讓你同時,03/08/2026,12385,True,中立
CPU,AMD R5 7500F,AMD,Ryzen 5,型號,[請益] 7500f的選擇?,https://www.ptt.cc/bbs/PC_Shopping/M.1772946769.A.B64.html,→,"還太貴就763,體驗好很多",03/08/2026,12401,True,中立
CPU,AMD R5 7500F,AMD,Ryzen 5,型號,[請益] 7500f的選擇?,https://www.ptt.cc/bbs/PC_Shopping/M.1772946769.A.B64.html,→,會在意就不要買這顆,03/08/2026,12402,True,負評
CPU,AMD R5 7500F,AMD,Ryzen 5,型號,[請益] 7500f的選擇?,https://www.ptt.cc/bbs/PC_Shopping/M.1772946769.A.B64.html,→,4K反而瓶頸在顯卡不在CPU，反而是1080P,03/08/2026,12410,True,中立
CPU,AMD R5 7500F,AMD,Ryzen 5,型號,[請益] 7500f的選擇?,https://www.ptt.cc/bbs/PC_Shopping/M.1772946769.A.B64.html,→,9500F跟7500F差距不大，而且頂蓋還是那,03/08/2026,12415,True,中立
CPU,AMD R5 7500F,AMD,Ryzen 5,型號,[請益] 7500f的選擇?,https://www.ptt.cc/bbs/PC_Shopping/M.1772946769.A.B64.html,→,個阻熱膏，其實不如9600X，差沒多少錢,03/08/2026,12416,True,中立
CPU,AMD R5 7500F,AMD,Ryzen 5,型號,[請益] 7500f的選擇?,https://www.ptt.cc/bbs/PC_Shopping/M.1772946769.A.B64.html,→,多那個內顯，二手脫手價會好不少.,03/08/2026,12417,True,中立
CPU,AMD R5 7500F,AMD,Ryzen 5,型號,[請益] 7500f的選擇?,https://www.ptt.cc/bbs/PC_Shopping/M.1772946769.A.B64.html,→,X，9500F因為沒比7500F好多少卻貴不少,03/08/2026,12421,True,中立
CPU,AMD R5 7500F,AMD,Ryzen 5,型號,[請益] 7500f的選擇?,https://www.ptt.cc/bbs/PC_Shopping/M.1772946769.A.B64.html,推,pbo設定好，散熱器弄個利民四管就好了啦,03/08/2026,12422,True,中立
CPU,AMD R5 7500F,AMD,Ryzen 5,型號,[請益] 7500f的選擇?,https://www.ptt.cc/bbs/PC_Shopping/M.1772946769.A.B64.html,推,2025年產的超頻體質和7400F差不多,03/08/2026,12423,True,中立
CPU,AMD R5 7500F,AMD,Ryzen 5,型號,[請益] 7500f的選擇?,https://www.ptt.cc/bbs/PC_Shopping/M.1772946769.A.B64.html,→,7500F算是去年初有CP值的CPU在當年那個環,03/09/2026,12434,True,正評
CPU,AMD R5 7500F,AMD,Ryzen 5,型號,[請益] 7500f的選擇?,https://www.ptt.cc/bbs/PC_Shopping/M.1772946769.A.B64.html,→,7500F就是妥協，不要想太多，現在,03/09/2026,12437,True,負評
CPU,AMD R5 7500F,AMD,Ryzen 5,型號,[請益] 7500f的選擇?,https://www.ptt.cc/bbs/PC_Shopping/M.1772946769.A.B64.html,→,就穩穩的用5G很夠,03/11/2026,12441,True,正評
CPU,AMD R5 7500F,AMD,Ryzen 5,型號,[請益] 7500f換換病發想升級7800x3d,https://www.ptt.cc/bbs/PC_Shopping/M.1770268035.A.E6A.html,→,不夠力，升級CPU爽爽先吧,02/05/2026,12447,True,負評
CPU,AMD R5 7500F,AMD,Ryzen 5,型號,[請益] 7500f換換病發想升級7800x3d,https://www.ptt.cc/bbs/PC_Shopping/M.1770268035.A.E6A.html,→,上oled 開HDR會很有感，CPU 不會卡就不用,02/05/2026,12451,True,中立
CPU,AMD R5 7500F,AMD,Ryzen 5,型號,[請益] 7500f換換病發想升級7800x3d,https://www.ptt.cc/bbs/PC_Shopping/M.1770268035.A.E6A.html,→,你cpu有換跟沒換用起來都一樣,02/05/2026,12471,True,中立
CPU,AMD R5 7500F,AMD,Ryzen 5,型號,[請益] 7500f換換病發想升級7800x3d,https://www.ptt.cc/bbs/PC_Shopping/M.1770268035.A.E6A.html,→,別換了 現在動手只要燒了 就是噴1萬,02/05/2026,12474,True,負評
CPU,AMD R5 7500F,AMD,Ryzen 5,型號,[請益] 7500f換換病發想升級7800x3d,https://www.ptt.cc/bbs/PC_Shopping/M.1770268035.A.E6A.html,推,是我就不換，等年底ZEN6,02/05/2026,12476,True,負評
CPU,AMD R5 7500F,AMD,Ryzen 5,型號,[請益] 7500f換換病發想升級7800x3d,https://www.ptt.cc/bbs/PC_Shopping/M.1770268035.A.E6A.html,→,不過3A大作的幀數會有感下降，自己要,02/05/2026,12479,True,中立
CPU,AMD R5 7500F,AMD,Ryzen 5,型號,[請益] 7500f換換病發想升級7800x3d,https://www.ptt.cc/bbs/PC_Shopping/M.1770268035.A.E6A.html,→,r9 290x打掉重練成7500f搭4070tis 體感,02/05/2026,12482,True,中立
CPU,AMD R5 7500F,AMD,Ryzen 5,型號,[請益] 7500f換換病發想升級7800x3d,https://www.ptt.cc/bbs/PC_Shopping/M.1770268035.A.E6A.html,→,過20萬人口還是卡ppt 玩ff14感覺不出升,02/05/2026,12485,True,中立
CPU,AMD R5 7500F,AMD,Ryzen 5,型號,[請益] 7500f換換病發想升級7800x3d,https://www.ptt.cc/bbs/PC_Shopping/M.1770268035.A.E6A.html,→,級感 而且升級後高負載要降頻到5500 限,02/05/2026,12486,True,負評
CPU,AMD R5 7500F,AMD,Ryzen 5,型號,[請益] 7500f換換病發想升級7800x3d,https://www.ptt.cc/bbs/PC_Shopping/M.1770268035.A.E6A.html,→,我75f上98x3d 有感,02/05/2026,12494,True,中立
CPU,AMD R5 7500F,AMD,Ryzen 5,型號,[請益] 7500f換換病發想升級7800x3d,https://www.ptt.cc/bbs/PC_Shopping/M.1770268035.A.E6A.html,→,不是完全沒提升 但花錢算CP值來說不會是首,02/05/2026,12497,True,中立
CPU,AMD R5 7500F,AMD,Ryzen 5,型號,[請益] 7500f換換病發想升級7800x3d,https://www.ptt.cc/bbs/PC_Shopping/M.1770268035.A.E6A.html,推,換了體感差不多，別換吧,02/05/2026,12504,True,負評
CPU,AMD R5 7500F,AMD,Ryzen 5,型號,[請益] 7500f換換病發想升級7800x3d,https://www.ptt.cc/bbs/PC_Shopping/M.1770268035.A.E6A.html,推,FF14 超過60fps 不會搖，幀數不用開,02/05/2026,12515,True,中立
CPU,AMD R5 7500F,AMD,Ryzen 5,型號,[請益] 7500f換換病發想升級7800x3d,https://www.ptt.cc/bbs/PC_Shopping/M.1770268035.A.E6A.html,推,如果需求還沒頂到75F的瓶頸 那換78x3D,02/05/2026,12517,True,中立
CPU,AMD R5 7500F,AMD,Ryzen 5,型號,[請益] 7500f換換病發想升級7800x3d,https://www.ptt.cc/bbs/PC_Shopping/M.1770268035.A.E6A.html,推,換4KOLED最有感 只有後悔太晚換,02/05/2026,12523,True,正評
CPU,AMD R5 7500F,AMD,Ryzen 5,型號,[請益] 7500f換換病發想升級7800x3d,https://www.ptt.cc/bbs/PC_Shopping/M.1770268035.A.E6A.html,推,改玩4k畫質。張數就不會卡在cpu了,02/05/2026,12530,True,中立
CPU,AMD R5 7500F,AMD,Ryzen 5,型號,[請益] 7500f換換病發想升級7800x3d,https://www.ptt.cc/bbs/PC_Shopping/M.1770268035.A.E6A.html,推,換cpu c/p值最低 我5090配7700,02/05/2026,12533,True,中立
CPU,AMD R5 7500F,AMD,Ryzen 5,型號,[請益] 7500f換換病發想升級7800x3d,https://www.ptt.cc/bbs/PC_Shopping/M.1770268035.A.E6A.html,→,"卡,沒什麼太大效能升級吧",02/05/2026,12541,True,中立
CPU,AMD R5 7500F,AMD,Ryzen 5,型號,[請益] 7500f換換病發想升級7800x3d,https://www.ptt.cc/bbs/PC_Shopping/M.1770268035.A.E6A.html,→,50M ICE供電還不錯 能繼續撐,02/06/2026,12577,True,中立
CPU,AMD R5 7500F,AMD,Ryzen 5,型號(情報),[情報] 9500F遊戲性能平均比7500F提升7～24%,https://www.ptt.cc/bbs/PC_Shopping/M.1757191662.A.917.html,推,蠻猛的欸...僅隔一代PUBG跟DOTA就有15%的,09/07/2025,12607,True,中立
CPU,AMD R5 7500F,AMD,Ryzen 5,型號(情報),[情報] 9500F遊戲性能平均比7500F提升7～24%,https://www.ptt.cc/bbs/PC_Shopping/M.1757191662.A.917.html,→,單核贏7700、多核輸，純遊戲用途的話比,09/07/2025,12616,True,中立
CPU,AMD R5 7500F,AMD,Ryzen 5,型號(情報),[情報] 9500F遊戲性能平均比7500F提升7～24%,https://www.ptt.cc/bbs/PC_Shopping/M.1757191662.A.917.html,→,代理商就是要讓你去買更爛的7500F清庫,09/07/2025,12620,True,負評
CPU,AMD R5 7500F,AMD,Ryzen 5,型號(情報),[情報] 9500F遊戲性能平均比7500F提升7～24%,https://www.ptt.cc/bbs/PC_Shopping/M.1757191662.A.917.html,→,7500F上市價是AM5少數有cp值的,09/07/2025,12627,True,正評
CPU,AMD R5 7500F,AMD,Ryzen 5,型號(情報),[情報] 9500F遊戲性能平均比7500F提升7～24%,https://www.ptt.cc/bbs/PC_Shopping/M.1757191662.A.917.html,→,不過新出的7500f也越來越爛了,09/07/2025,12633,True,負評
CPU,AMD R5 7500F,AMD,Ryzen 5,型號(情報),[情報] 9500F遊戲性能平均比7500F提升7～24%,https://www.ptt.cc/bbs/PC_Shopping/M.1757191662.A.917.html,→,價格還多內顯跟超頻,09/07/2025,12635,True,中立
CPU,AMD R5 7500F,AMD,Ryzen 5,型號(情報),[情報] 9500F遊戲性能平均比7500F提升7～24%,https://www.ptt.cc/bbs/PC_Shopping/M.1757191662.A.917.html,推,cpu買個四千左右就差不多 超過不如投資,09/07/2025,12636,True,中立
CPU,AMD R5 7500F,AMD,Ryzen 5,型號(情報),[情報] 9500F遊戲性能平均比7500F提升7～24%,https://www.ptt.cc/bbs/PC_Shopping/M.1757191662.A.917.html,推,效能差不多，舊的比較便宜新的比較涼,09/07/2025,12641,True,中立
CPU,AMD R5 7500F,AMD,Ryzen 5,型號(情報),[情報] 9500F遊戲性能平均比7500F提升7～24%,https://www.ptt.cc/bbs/PC_Shopping/M.1757191662.A.917.html,→,相對來說 沒內顯還沒特別便宜 那就沒有買的,09/07/2025,12643,True,負評
CPU,AMD R5 7500F,AMD,Ryzen 5,型號(情報),[情報] 9500F遊戲性能平均比7500F提升7～24%,https://www.ptt.cc/bbs/PC_Shopping/M.1757191662.A.917.html,→,價值 要便宜還是去拿75F,09/07/2025,12644,True,中立
CPU,AMD R5 7500F,AMD,Ryzen 5,型號(情報),[情報] 9500F遊戲性能平均比7500F提升7～24%,https://www.ptt.cc/bbs/PC_Shopping/M.1757191662.A.917.html,→,邊角料無法超頻 剛發售的可以超 如果是,09/07/2025,12646,True,中立
CPU,AMD R5 7500F,AMD,Ryzen 5,型號(情報),[情報] 9500F遊戲性能平均比7500F提升7～24%,https://www.ptt.cc/bbs/PC_Shopping/M.1757191662.A.917.html,→,"賣個4990差不多,順便取代7500F(也撐夠久了)",09/07/2025,12650,True,中立
CPU,AMD R5 7500F,AMD,Ryzen 5,型號(情報),[情報] 9500F遊戲性能平均比7500F提升7～24%,https://www.ptt.cc/bbs/PC_Shopping/M.1757191662.A.917.html,→,看價錢，賣得比7500F貴一樣沒用,09/08/2025,12657,True,負評
CPU,AMD R5 7500F,AMD,Ryzen 5,型號,[菜單] 升級 12600k vs 7500F,https://www.ptt.cc/bbs/PC_Shopping/M.1742224506.A.838.html,推,CPU 拿7700，這顆8核低功耗效能又強,03/17/2025,12658,True,正評
CPU,AMD R5 7500F,AMD,Ryzen 5,型號,[菜單] 升級 12600k vs 7500F,https://www.ptt.cc/bbs/PC_Shopping/M.1742224506.A.838.html,→,多個2K，多2核4緒還有多個內顯，很值得!,03/17/2025,12659,True,正評
CPU,AMD R5 7500F,AMD,Ryzen 5,型號,[菜單] 升級 12600k vs 7500F,https://www.ptt.cc/bbs/PC_Shopping/M.1742224506.A.838.html,→,遊戲7500F略強,03/17/2025,12660,True,正評
CPU,AMD R5 7500F,AMD,Ryzen 5,型號,[菜單] 升級 12600k vs 7500F,https://www.ptt.cc/bbs/PC_Shopping/M.1742224506.A.838.html,推,秒選A，印特爾這幾年的老貨了,03/17/2025,12662,True,正評
CPU,AMD R5 7500F,AMD,Ryzen 5,型號,[菜單] 升級 12600k vs 7500F,https://www.ptt.cc/bbs/PC_Shopping/M.1742224506.A.838.html,推,能上77就上77 75沒內顯麻煩,03/17/2025,12670,True,中立
CPU,AMD R5 7500F,AMD,Ryzen 5,型號,[菜單] 升級 12600k vs 7500F,https://www.ptt.cc/bbs/PC_Shopping/M.1742224506.A.838.html,推,126拿z版大概跟7500f差不多 多核顯跟小核,03/17/2025,12675,True,中立
CPU,AMD R5 7500F,AMD,Ryzen 5,型號,[菜單] 升級 12600k vs 7500F,https://www.ptt.cc/bbs/PC_Shopping/M.1742224506.A.838.html,推,1不差但我會選2 性能更好有升級空間,03/17/2025,12677,True,中立
CPU,AMD R5 7500F,AMD,Ryzen 5,型號,[菜單] 升級 12600k vs 7500F,https://www.ptt.cc/bbs/PC_Shopping/M.1742224506.A.838.html,→,多捏一點效能差很多,03/17/2025,12679,True,中立
CPU,AMD R5 7500F,AMD,Ryzen 5,型號,[菜單] 升級 12600k vs 7500F,https://www.ptt.cc/bbs/PC_Shopping/M.1742224506.A.838.html,→,LGA1700就多核贏而已，但是單核被7500F,03/18/2025,12684,True,中立
CPU,AMD R5 7500F,AMD,Ryzen 5,型號,[菜單] 升級 12600k vs 7500F,https://www.ptt.cc/bbs/PC_Shopping/M.1742224506.A.838.html,→,覺得差不多，只是75F你之後可以升9系,03/18/2025,12697,True,中立
CPU,AMD R5 7500F,AMD,Ryzen 5,型號,[菜單] 升級 12600k vs 7500F,https://www.ptt.cc/bbs/PC_Shopping/M.1742224506.A.838.html,推,7500F是7700缺貨又急用的人在買的,03/18/2025,12699,True,負評
CPU,AMD R5 7500F,AMD,Ryzen 5,型號,[菜單] 升級 12600k vs 7500F,https://www.ptt.cc/bbs/PC_Shopping/M.1742224506.A.838.html,→,跑獵人測試分數比D4高，既然CPU沒壞就換MB,03/18/2025,12701,True,中立
CPU,AMD R5 7500F,AMD,Ryzen 5,型號,[菜單] 升級 12600k vs 7500F,https://www.ptt.cc/bbs/PC_Shopping/M.1742224506.A.838.html,→,打遊戲又重視未來的升級 那一定是AMD YES!,03/18/2025,12705,True,正評
CPU,AMD R5 7500F,AMD,Ryzen 5,型號,[菜單] 升級 12600k vs 7500F,https://www.ptt.cc/bbs/PC_Shopping/M.1742224506.A.838.html,推,一分錢一分貨 7500f足以 7700堪用983才,03/18/2025,12714,True,中立
CPU,AMD R5 7500F,AMD,Ryzen 5,型號,[菜單] 升級 12600k vs 7500F,https://www.ptt.cc/bbs/PC_Shopping/M.1742224506.A.838.html,→,否則AM5絕對首選 別執著DDR4了,03/18/2025,12722,True,正評
CPU,AMD R5 7500F,AMD,Ryzen 5,型號,[菜單] 升級 12600k vs 7500F,https://www.ptt.cc/bbs/PC_Shopping/M.1742224506.A.838.html,→,沒必要跟風AM5，畢竟之後AM6或ICU是否會,03/18/2025,12729,True,負評
CPU,AMD R5 7500F,AMD,Ryzen 5,型號,[菜單] 升級 12600k vs 7500F,https://www.ptt.cc/bbs/PC_Shopping/M.1742224506.A.838.html,→,這樣比起我買7700+AM5主機板 便宜一半以上,03/18/2025,12735,True,中立
CPU,AMD R5 7500F,AMD,Ryzen 5,型號,[菜單] 升級 12600k vs 7500F,https://www.ptt.cc/bbs/PC_Shopping/M.1742224506.A.838.html,→,還是那句話，看你想玩的遊戲及AM5溢價太多,03/18/2025,12736,True,中立
CPU,AMD R5 7500F,AMD,Ryzen 5,型號,[菜單] 升級 12600k vs 7500F,https://www.ptt.cc/bbs/PC_Shopping/M.1742224506.A.838.html,→,錢還夠的話確實是換am5比較好,03/18/2025,12740,True,正評
CPU,AMD R5 7500F,AMD,Ryzen 5,型號,[菜單] 升級 12600k vs 7500F,https://www.ptt.cc/bbs/PC_Shopping/M.1742224506.A.838.html,推,7500F 主板加D5可以用比較久,03/18/2025,12741,True,中立
CPU,AMD R5 7500F,AMD,Ryzen 5,型號,[菜單] 升級 12600k vs 7500F,https://www.ptt.cc/bbs/PC_Shopping/M.1742224506.A.838.html,→,7500F吧，未來還有升級空間,03/18/2025,12743,True,正評
CPU,AMD R5 7500F,AMD,Ryzen 5,型號,[菜單] 升級 12600k vs 7500F,https://www.ptt.cc/bbs/PC_Shopping/M.1742224506.A.838.html,→,16G*2夠用的話拿7500f或是換7700也大,03/18/2025,12744,True,正評
CPU,AMD R5 7500F,AMD,Ryzen 5,型號,[請益] 癢到受不了 7500f想換 該選7700還9700X?,https://www.ptt.cc/bbs/PC_Shopping/M.1736405888.A.4DA.html,→,溫度到達上限嗡嗡叫 不換散熱換CPU?,01/09/2025,12766,True,負評
CPU,AMD R5 7500F,AMD,Ryzen 5,型號,[請益] 癢到受不了 7500f想換 該選7700還9700X?,https://www.ptt.cc/bbs/PC_Shopping/M.1736405888.A.4DA.html,→,聽你的敘述7500F根本綽綽有餘,01/09/2025,12767,True,正評
CPU,AMD R5 7500F,AMD,Ryzen 5,型號,[請益] 癢到受不了 7500f想換 該選7700還9700X?,https://www.ptt.cc/bbs/PC_Shopping/M.1736405888.A.4DA.html,→,同樣開expo 待機功耗低10w,01/09/2025,12778,True,中立
CPU,AMD R5 7500F,AMD,Ryzen 5,型號,[請益] 癢到受不了 7500f想換 該選7700還9700X?,https://www.ptt.cc/bbs/PC_Shopping/M.1736405888.A.4DA.html,→,如果你溫度高 平常別開pbo就行 那顆本來,01/09/2025,12783,True,中立
CPU,AMD R5 7500F,AMD,Ryzen 5,型號,[請益] 癢到受不了 7500f想換 該選7700還9700X?,https://www.ptt.cc/bbs/PC_Shopping/M.1736405888.A.4DA.html,推,7500f跑個5.1g大概都不會超過80度,01/09/2025,12789,True,中立
CPU,AMD R5 7500F,AMD,Ryzen 5,型號,[請益] 癢到受不了 7500f想換 該選7700還9700X?,https://www.ptt.cc/bbs/PC_Shopping/M.1736405888.A.4DA.html,推,不會卡 資料沒吃這麼多 75f 6c換77 8c,01/09/2025,12800,True,中立
CPU,AMD R5 7500F,AMD,Ryzen 5,型號,[請益] 癢到受不了 7500f想換 該選7700還9700X?,https://www.ptt.cc/bbs/PC_Shopping/M.1736405888.A.4DA.html,→,7500F換7700真的無感，浪費錢，圈圈多而已,01/09/2025,12808,True,負評
CPU,AMD R5 7500F,AMD,Ryzen 5,型號,[請益] 癢到受不了 7500f想換 該選7700還9700X?,https://www.ptt.cc/bbs/PC_Shopping/M.1736405888.A.4DA.html,→,效能就是PBO2 降溫就是定頻定壓,01/09/2025,12812,True,中立
CPU,AMD R5 7500F,AMD,Ryzen 5,型號,[請益] 癢到受不了 7500f想換 該選7700還9700X?,https://www.ptt.cc/bbs/PC_Shopping/M.1736405888.A.4DA.html,→,7700不然就9700，別選一樣六核的9600,01/09/2025,12814,True,中立
CPU,AMD R5 7500F,AMD,Ryzen 5,型號,[請益] 癢到受不了 7500f想換 該選7700還9700X?,https://www.ptt.cc/bbs/PC_Shopping/M.1736405888.A.4DA.html,推,遊戲+虛擬機6C絕對不夠,01/09/2025,12816,True,負評
CPU,AMD R5 7500F,AMD,Ryzen 5,型號,[請益] 癢到受不了 7500f想換 該選7700還9700X?,https://www.ptt.cc/bbs/PC_Shopping/M.1736405888.A.4DA.html,推,很早就說75F只有6核多工肯定不行了,01/09/2025,12818,True,負評
CPU,AMD R5 7500F,AMD,Ryzen 5,型號,[請益] 癢到受不了 7500f想換 該選7700還9700X?,https://www.ptt.cc/bbs/PC_Shopping/M.1736405888.A.4DA.html,推,你需要的是改善散熱，直接換其他cpu,01/09/2025,12822,True,中立
CPU,AMD R5 7500F,AMD,Ryzen 5,型號,[請益] 癢到受不了 7500f想換 該選7700還9700X?,https://www.ptt.cc/bbs/PC_Shopping/M.1736405888.A.4DA.html,推,不要平換 7500F換7700都同一代的東西根本沒,01/09/2025,12832,True,中立
CPU,AMD R5 7500F,AMD,Ryzen 5,型號,[請益] 癢到受不了 7500f想換 該選7700還9700X?,https://www.ptt.cc/bbs/PC_Shopping/M.1736405888.A.4DA.html,→,但POE2過圖每顆U都會100%,01/09/2025,12853,True,中立
CPU,AMD R5 7500F,AMD,Ryzen 5,型號,[請益] 癢到受不了 7500f想換 該選7700還9700X?,https://www.ptt.cc/bbs/PC_Shopping/M.1736405888.A.4DA.html,→,我看不出7500f哪裡不行…,01/09/2025,12867,True,中立
CPU,AMD R5 7500F,AMD,Ryzen 5,型號,[請益] 魔獸 現在適合7500f換7800x3d嗎,https://www.ptt.cc/bbs/PC_Shopping/M.1730694003.A.AC2.html,→,除非你是打ff14我才覺得有差,11/04/2024,12886,True,中立
CPU,AMD R5 7500F,AMD,Ryzen 5,型號,[請益] 魔獸 現在適合7500f換7800x3d嗎,https://www.ptt.cc/bbs/PC_Shopping/M.1730694003.A.AC2.html,→,主要團本和大秘開嗜血，2k會掉幀有點,11/04/2024,12891,True,中立
CPU,AMD R5 7500F,AMD,Ryzen 5,型號,[請益] 魔獸 現在適合7500f換7800x3d嗎,https://www.ptt.cc/bbs/PC_Shopping/M.1730694003.A.AC2.html,→,7500F跟7800X3D差了50%,11/04/2024,12903,True,中立
CPU,AMD R5 7500F,AMD,Ryzen 5,型號,[請益] 魔獸 現在適合7500f換7800x3d嗎,https://www.ptt.cc/bbs/PC_Shopping/M.1730694003.A.AC2.html,→,遊戲啊，但打團嗜血那種情境就不普,11/04/2024,12930,True,中立
CPU,AMD R5 7500F,AMD,Ryzen 5,型號,[請益] 魔獸 現在適合7500f換7800x3d嗎,https://www.ptt.cc/bbs/PC_Shopping/M.1730694003.A.AC2.html,→,開下去差距大概不到10%,11/04/2024,12933,True,中立
CPU,AMD R5 7500F,AMD,Ryzen 5,型號,[請益] 魔獸 現在適合7500f換7800x3d嗎,https://www.ptt.cc/bbs/PC_Shopping/M.1730694003.A.AC2.html,→,一點點就會卡成狗，但是看國外伺服,11/04/2024,12938,True,負評
CPU,AMD R5 7500F,AMD,Ryzen 5,型號,[請益] 魔獸 現在適合7500f換7800x3d嗎,https://www.ptt.cc/bbs/PC_Shopping/M.1730694003.A.AC2.html,推,魔獸X3D當然很強 只能我覺得7500夠用,11/04/2024,12963,True,中立
CPU,AMD R5 7500F,AMD,Ryzen 5,型號,[請益] 魔獸 現在適合7500f換7800x3d嗎,https://www.ptt.cc/bbs/PC_Shopping/M.1730694003.A.AC2.html,→,高FPS跟1%Low不然7500F也不差了,11/04/2024,12970,True,中立
CPU,AMD R5 7500F,AMD,Ryzen 5,型號,[請益] 60K內7800X3D或7500F搭顯卡,https://www.ptt.cc/bbs/PC_Shopping/M.1724398167.A.2A9.html,→,戲效能不如預期，它這塊顆舊CPU反而,08/23/2024,12978,True,負評
CPU,AMD R5 7500F,AMD,Ryzen 5,型號,[請益] 60K內7800X3D或7500F搭顯卡,https://www.ptt.cc/bbs/PC_Shopping/M.1724398167.A.2A9.html,→,s，有大大下面推文不然可以7500f省錢讓顯,08/23/2024,12992,True,正評
CPU,AMD R5 7500F,AMD,Ryzen 5,型號,[請益] 60K內7800X3D或7500F搭顯卡,https://www.ptt.cc/bbs/PC_Shopping/M.1724398167.A.2A9.html,推,直上X3D ，你不會後悔的,08/23/2024,12999,True,正評
CPU,AMD R5 7500F,AMD,Ryzen 5,型號,[菜單]7500F日常使用機,https://www.ptt.cc/bbs/PC_Shopping/M.1716199648.A.A98.html,→,用料也很好但少一年保固,05/20/2024,13013,True,中立
CPU,AMD R5 7500F,AMD,Ryzen 5,型號,[請益] I5 14500 DDR4 VS 7500F DDR5,https://www.ptt.cc/bbs/PC_Shopping/M.1711286757.A.78C.html,→,用途是打遊戲的話 根本不用看145 花比較,03/24/2024,13029,True,中立
CPU,AMD R5 7500F,AMD,Ryzen 5,型號,[請益] I5 14500 DDR4 VS 7500F DDR5,https://www.ptt.cc/bbs/PC_Shopping/M.1711286757.A.78C.html,→,7500F功耗低就算了，14500功耗可不低拿,03/24/2024,13034,True,中立
CPU,AMD R5 7500F,AMD,Ryzen 5,型號,[請益] I5 14500 DDR4 VS 7500F DDR5,https://www.ptt.cc/bbs/PC_Shopping/M.1711286757.A.78C.html,→,這麼丐也沒辦法用8核的那些U超頻，拿這,03/24/2024,13039,True,中立
CPU,AMD R5 7500F,AMD,Ryzen 5,型號,[請益] I5 14500 DDR4 VS 7500F DDR5,https://www.ptt.cc/bbs/PC_Shopping/M.1711286757.A.78C.html,推,沒有要超頻那7500F就夠了 隨便一個塔扇都,03/24/2024,13044,True,正評
CPU,AMD R5 7500F,AMD,Ryzen 5,型號,[請益] I5 14500 DDR4 VS 7500F DDR5,https://www.ptt.cc/bbs/PC_Shopping/M.1711286757.A.78C.html,→,能壓 RAM選6000 CL30的,03/24/2024,13045,True,中立
CPU,AMD R5 7500F,AMD,Ryzen 5,型號,[請益] I5 14500 DDR4 VS 7500F DDR5,https://www.ptt.cc/bbs/PC_Shopping/M.1711286757.A.78C.html,→,看什麼遊戲，7500F不可能全贏，但是大部,03/24/2024,13053,True,中立
CPU,AMD R5 7500F,AMD,Ryzen 5,型號,[請益] I5 14500 DDR4 VS 7500F DDR5,https://www.ptt.cc/bbs/PC_Shopping/M.1711286757.A.78C.html,→,打遊戲選I就是挑D4 那10%差距實際上無感,03/25/2024,13058,True,中立
CPU,AMD R5 7500F,AMD,Ryzen 5,型號,[請益] I5 14500 DDR4 VS 7500F DDR5,https://www.ptt.cc/bbs/PC_Shopping/M.1711286757.A.78C.html,→,然後即使多10%，CP輸太多,03/25/2024,13061,True,負評
CPU,AMD R5 7500F,AMD,Ryzen 5,型號,[請益] I5 14500 DDR4 VS 7500F DDR5,https://www.ptt.cc/bbs/PC_Shopping/M.1711286757.A.78C.html,→,小贏的，還比較便宜,03/26/2024,13067,True,正評
CPU,AMD R5 7500F,AMD,Ryzen 5,型號,[請益] I5 14500 DDR4 VS 7500F DDR5,https://www.ptt.cc/bbs/PC_Shopping/M.1711286757.A.78C.html,→,"我選7500F+D5,未來可以用好幾年",03/26/2024,13069,True,正評
CPU,AMD R5 7500F,AMD,Ryzen 5,型號,[菜單] 18K 程式影音機(7500F/5600X),https://www.ptt.cc/bbs/PC_Shopping/M.1708414842.A.0A5.html,推,除非你記憶體32不夠 不然7500f,02/20/2024,13072,True,中立
CPU,AMD R5 7500F,AMD,Ryzen 5,型號,[菜單] 18K 程式影音機(7500F/5600X),https://www.ptt.cc/bbs/PC_Shopping/M.1708414842.A.0A5.html,推,買新不買舊。7500F,02/20/2024,13073,True,正評
CPU,AMD R5 7500F,AMD,Ryzen 5,型號,[菜單] 18K 程式影音機(7500F/5600X),https://www.ptt.cc/bbs/PC_Shopping/M.1708414842.A.0A5.html,→,當然75F啊 56X都已經好幾年了,02/20/2024,13077,True,中立
CPU,AMD R5 7500F,AMD,Ryzen 5,型號,[菜單] 18K 程式影音機(7500F/5600X),https://www.ptt.cc/bbs/PC_Shopping/M.1708414842.A.0A5.html,→,吃CPU就75F,02/20/2024,13081,True,中立
CPU,AMD R5 7500F,AMD,Ryzen 5,型號,[菜單] 18K 程式影音機(7500F/5600X),https://www.ptt.cc/bbs/PC_Shopping/M.1708414842.A.0A5.html,→,7500F，5600X是給預算太低又要拿顯卡的,02/21/2024,13087,True,中立
CPU,AMD R5 7500F,AMD,Ryzen 5,型號,Re: [閒聊] 7500F已補貨上架,https://www.ptt.cc/bbs/PC_Shopping/M.1707238380.A.BD4.html,→,組AM5的最佳性價比U而已,02/07/2024,13092,True,正評
CPU,AMD R5 7500F,AMD,Ryzen 5,型號,Re: [閒聊] 7500F已補貨上架,https://www.ptt.cc/bbs/PC_Shopping/M.1707238380.A.BD4.html,→,換這個要花一萬吧 提升效益太少,02/07/2024,13093,True,負評
CPU,AMD R5 7500F,AMD,Ryzen 5,型號,Re: [閒聊] 7500F已補貨上架,https://www.ptt.cc/bbs/PC_Shopping/M.1707238380.A.BD4.html,→,主板+cpu+記憶體 一萬三跑不掉吧 甚至把,02/07/2024,13101,True,中立
CPU,AMD R5 7500F,AMD,Ryzen 5,型號,[閒聊] 7500F已補貨上架,https://www.ptt.cc/bbs/PC_Shopping/M.1707224456.A.3C4.html,→,折價卷可以用只是上限普普就是只適合買個,02/07/2024,13142,True,中立
CPU,AMD R5 7500F,AMD,Ryzen 5,型號,[請益] 請問7500F搭哪張丐版CP最高? 瞬間沒貨 QQ,https://www.ptt.cc/bbs/PC_Shopping/M.1705565931.A.56D.html,→,7500F卡好賣,01/18/2024,13186,True,中立
CPU,AMD R5 7500F,AMD,Ryzen 5,型號,[請益] 請問7500F搭哪張丐版CP最高? 瞬間沒貨 QQ,https://www.ptt.cc/bbs/PC_Shopping/M.1705565931.A.56D.html,→,7500f真的香，amd有史以來最香的邊角料,01/18/2024,13205,True,正評
CPU,AMD R5 7500F,AMD,Ryzen 5,型號,[請益] 請問7500F搭哪張丐版CP最高? 瞬間沒貨 QQ,https://www.ptt.cc/bbs/PC_Shopping/M.1705565931.A.56D.html,→,非x3d的全被打趴到沒cp值了,01/18/2024,13206,True,中立
CPU,AMD R5 7500F,AMD,Ryzen 5,型號,[請益] 請問7500F搭哪張丐版CP最高? 瞬間沒貨 QQ,https://www.ptt.cc/bbs/PC_Shopping/M.1705565931.A.56D.html,→,斤計較cp值，那我還是建議上7600，降成1,01/18/2024,13211,True,中立
CPU,AMD R5 7500F,AMD,Ryzen 5,型號,[請益] 請問7500F搭哪張丐版CP最高? 瞬間沒貨 QQ,https://www.ptt.cc/bbs/PC_Shopping/M.1705565931.A.56D.html,→,2400 cp值也沒好到哪,01/18/2024,13212,True,負評
CPU,AMD R5 7500F,AMD,Ryzen 5,型號,[請益] 請問7500F搭哪張丐版CP最高? 瞬間沒貨 QQ,https://www.ptt.cc/bbs/PC_Shopping/M.1705565931.A.56D.html,推,"買頻率5600,不如買原生的了",01/18/2024,13221,True,中立
CPU,AMD R5 7500F,AMD,Ryzen 5,型號,[請益] 請問7500F搭哪張丐版CP最高? 瞬間沒貨 QQ,https://www.ptt.cc/bbs/PC_Shopping/M.1705565931.A.56D.html,推,因為7500F跟7600基本上就差個內顯的東西,01/18/2024,13242,True,中立
CPU,AMD R5 7500F,AMD,Ryzen 5,型號,[請益] 請問7500F搭哪張丐版CP最高? 瞬間沒貨 QQ,https://www.ptt.cc/bbs/PC_Shopping/M.1705565931.A.56D.html,→,但是7500F的價差實在是太香了 少了個內顯,01/18/2024,13244,True,中立
CPU,AMD R5 7500F,AMD,Ryzen 5,型號,[請益] 請問7500F搭哪張丐版CP最高? 瞬間沒貨 QQ,https://www.ptt.cc/bbs/PC_Shopping/M.1705565931.A.56D.html,→,CP值還是屌打所有人,01/18/2024,13245,True,正評
CPU,AMD R5 7500F,AMD,Ryzen 5,型號,[請益] 請問7500F搭哪張丐版CP最高? 瞬間沒貨 QQ,https://www.ptt.cc/bbs/PC_Shopping/M.1705565931.A.56D.html,→,因為7500F是7600的邊角料,01/18/2024,13246,True,中立
CPU,AMD R5 7500F,AMD,Ryzen 5,型號,[請益] 請問7500F搭哪張丐版CP最高? 瞬間沒貨 QQ,https://www.ptt.cc/bbs/PC_Shopping/M.1705565931.A.56D.html,推,因為那個內顯不值得花2600多塊去買,01/18/2024,13256,True,負評
CPU,AMD R5 7500F,AMD,Ryzen 5,型號,[請益] 請問7500F搭哪張丐版CP最高? 瞬間沒貨 QQ,https://www.ptt.cc/bbs/PC_Shopping/M.1705565931.A.56D.html,推,還好我第一波就買7500F了 超爽,01/19/2024,13267,True,正評
CPU,AMD R5 7500F,AMD,Ryzen 5,型號,[請益] 請問7500F搭哪張丐版CP最高? 瞬間沒貨 QQ,https://www.ptt.cc/bbs/PC_Shopping/M.1705565931.A.56D.html,→,格跟效能來看7600只有被7500F壓在地上,01/19/2024,13271,True,中立
CPU,AMD R5 7500F,AMD,Ryzen 5,型號,[請益] 請問7500F搭哪張丐版CP最高? 瞬間沒貨 QQ,https://www.ptt.cc/bbs/PC_Shopping/M.1705565931.A.56D.html,推,整個7000系非x3d的都被7500f壓在地上打吧,01/19/2024,13275,True,正評
CPU,AMD R5 7500F,AMD,Ryzen 5,型號,[請益] 請問7500F搭哪張丐版CP最高? 瞬間沒貨 QQ,https://www.ptt.cc/bbs/PC_Shopping/M.1705565931.A.56D.html,→,後來非x出來之後表現好一點但勉強可買,01/19/2024,13278,True,中立
CPU,AMD R5 7500F,AMD,Ryzen 5,型號,[請益] 請問7500F搭哪張丐版CP最高? 瞬間沒貨 QQ,https://www.ptt.cc/bbs/PC_Shopping/M.1705565931.A.56D.html,→,7500f出來之後也變臭不可聞了,01/19/2024,13279,True,負評
CPU,AMD R5 7500F,AMD,Ryzen 5,型號,[請益] 搭配 7500F 無 WIFI 版推薦 (已有外接卡),https://www.ptt.cc/bbs/PC_Shopping/M.1702582706.A.312.html,→,會擋住散熱啦，沒重載用usb就夠了,12/15/2023,13296,True,中立
CPU,AMD R5 7500F,AMD,Ryzen 5,型號(情報),[情報] AMD 7500F MPK緊急空運抵達，原價屋全台,https://www.ptt.cc/bbs/PC_Shopping/M.1700654164.A.BD8.html,→,平常買是香的，但在雙11數千元回饋下就,11/22/2023,13323,True,中立
CPU,AMD R5 7500F,AMD,Ryzen 5,型號(情報),[情報] AMD 7500F MPK緊急空運抵達，原價屋全台,https://www.ptt.cc/bbs/PC_Shopping/M.1700654164.A.BD8.html,→,還不算折價券和導購，cpu幾乎白送還有找,11/22/2023,13327,True,正評
CPU,AMD R5 7500F,AMD,Ryzen 5,型號(情報),[情報] AMD 7500F MPK緊急空運抵達，原價屋全台,https://www.ptt.cc/bbs/PC_Shopping/M.1700654164.A.BD8.html,→,花錢單買75F的cp確實高，但效能差距也沒,11/22/2023,13330,True,中立
CPU,AMD R5 7500F,AMD,Ryzen 5,型號(情報),[情報] AMD 7500F MPK緊急空運抵達，原價屋全台,https://www.ptt.cc/bbs/PC_Shopping/M.1700654164.A.BD8.html,→,就架構OK，製程落後....吧?!,11/22/2023,13334,True,中立
CPU,AMD R5 7500F,AMD,Ryzen 5,型號(情報),[情報] AMD 7500F MPK緊急空運抵達，原價屋全台,https://www.ptt.cc/bbs/PC_Shopping/M.1700654164.A.BD8.html,推,平價神U 真的香,11/22/2023,13338,True,正評
CPU,AMD R5 7500F,AMD,Ryzen 5,型號(情報),[情報] AMD 7500F MPK緊急空運抵達，原價屋全台,https://www.ptt.cc/bbs/PC_Shopping/M.1700654164.A.BD8.html,推,這顆真的傳奇很少東西能在台灣比淘寶便宜一點,11/23/2023,13341,True,中立
CPU,AMD R5 7500F,AMD,Ryzen 5,型號(情報),[情報] AMD 7500F MPK緊急空運抵達，原價屋全台,https://www.ptt.cc/bbs/PC_Shopping/M.1700654164.A.BD8.html,→,小核 小核極客灣也測過了能耗比很猛,11/24/2023,13345,True,正評
CPU,AMD R5 7500F,AMD,Ryzen 5,型號,[請益] 現在CP值高的7500F/7600+主機板組合,https://www.ptt.cc/bbs/PC_Shopping/M.1697128679.A.B8E.html,→,較好一點，雖然沒有WiFi 就是.,10/13/2023,13348,True,中立
CPU,AMD R5 7500F,AMD,Ryzen 5,型號,[請益] 現在CP值高的7500F/7600+主機板組合,https://www.ptt.cc/bbs/PC_Shopping/M.1697128679.A.B8E.html,推,7500F這一階的應該不會熱到哪去 只是我自己,10/13/2023,13357,True,中立
CPU,AMD R5 7500F,AMD,Ryzen 5,型號,[請益] 現在CP值高的7500F/7600+主機板組合,https://www.ptt.cc/bbs/PC_Shopping/M.1697128679.A.B8E.html,→,的問題。單純兩廠TDP65W標心酸的，高負載,10/13/2023,13365,True,中立
CPU,AMD R5 7500F,AMD,Ryzen 5,型號,[請益] 現在CP值高的7500F/7600+主機板組合,https://www.ptt.cc/bbs/PC_Shopping/M.1697128679.A.B8E.html,→,跑都近百瓦，原廠散還在65wTDP。蘇媽好一,10/13/2023,13366,True,中立
CPU,AMD R5 7500F,AMD,Ryzen 5,型號,[請益] 現在CP值高的7500F/7600+主機板組合,https://www.ptt.cc/bbs/PC_Shopping/M.1697128679.A.B8E.html,→,跟價格根本不能比= =,10/13/2023,13377,True,中立
CPU,AMD R5 7500F,AMD,Ryzen 5,型號,[請益] 現在CP值高的7500F/7600+主機板組合,https://www.ptt.cc/bbs/PC_Shopping/M.1697128679.A.B8E.html,→,不錯 價錢又合理 還猶豫啥= =,10/13/2023,13394,True,正評
CPU,AMD R5 7500F,AMD,Ryzen 5,型號,[請益] 現在CP值高的7500F/7600+主機板組合,https://www.ptt.cc/bbs/PC_Shopping/M.1697128679.A.B8E.html,→,晶片，我覺得還不如有e-key 自己另外買,10/13/2023,13437,True,中立
CPU,AMD R5 7500F,AMD,Ryzen 5,型號,[請益] 現在CP值高的7500F/7600+主機板組合,https://www.ptt.cc/bbs/PC_Shopping/M.1697128679.A.B8E.html,→,核顯/單M.2/2dimm/300w 對基礎應用夠香了,10/13/2023,13450,True,中立
CPU,AMD R5 7500F,AMD,Ryzen 5,型號,[請益] 現在CP值高的7500F/7600+主機板組合,https://www.ptt.cc/bbs/PC_Shopping/M.1697128679.A.B8E.html,→,一點沒事那派，看到90度會頭痛的別用,10/13/2023,13456,True,負評
CPU,AMD R5 7500F,AMD,Ryzen 5,型號,[請益] 現在CP值高的7500F/7600+主機板組合,https://www.ptt.cc/bbs/PC_Shopping/M.1697128679.A.B8E.html,→,原廠扇，乖乖買塔散,10/13/2023,13457,True,中立
CPU,AMD R5 7500F,AMD,Ryzen 5,型號,[請益] 現在CP值高的7500F/7600+主機板組合,https://www.ptt.cc/bbs/PC_Shopping/M.1697128679.A.B8E.html,→,出廠預設若不調整 它就往5.1GHz跑慢飆高溫,10/13/2023,13459,True,負評
CPU,AMD R5 7500F,AMD,Ryzen 5,型號,[請益] 現在CP值高的7500F/7600+主機板組合,https://www.ptt.cc/bbs/PC_Shopping/M.1697128679.A.B8E.html,→,最近價格有降我覺得蠻划算的,10/13/2023,13461,True,正評
CPU,AMD R5 7500F,AMD,Ryzen 5,型號,[請益] 現在CP值高的7500F/7600+主機板組合,https://www.ptt.cc/bbs/PC_Shopping/M.1697128679.A.B8E.html,推,目前4k上下就德源 4k tuf B660 wifi 值得,10/13/2023,13468,True,中立
CPU,AMD R5 7500F,AMD,Ryzen 5,型號,[請益] 現在CP值高的7500F/7600+主機板組合,https://www.ptt.cc/bbs/PC_Shopping/M.1697128679.A.B8E.html,→,戲剛開風扇還沒全速時會破95度，但也,10/13/2023,13477,True,中立
CPU,AMD R5 7500F,AMD,Ryzen 5,型號,[請益] 現在CP值高的7500F/7600+主機板組合,https://www.ptt.cc/bbs/PC_Shopping/M.1697128679.A.B8E.html,→,就30秒的事，之後大概就是85度遊走,10/13/2023,13478,True,中立
CPU,AMD R5 7500F,AMD,Ryzen 5,型號,[請益] 現在CP值高的7500F/7600+主機板組合,https://www.ptt.cc/bbs/PC_Shopping/M.1697128679.A.B8E.html,推,"應該說你pbo開預設,溫度上限就固定在",10/13/2023,13479,True,中立
CPU,AMD R5 7500F,AMD,Ryzen 5,型號,[請益] 現在CP值高的7500F/7600+主機板組合,https://www.ptt.cc/bbs/PC_Shopping/M.1697128679.A.B8E.html,→,"那了,原廠散解熱能力沒這麼強所以他",10/13/2023,13480,True,中立
CPU,AMD R5 7500F,AMD,Ryzen 5,型號,[請益] 現在CP值高的7500F/7600+主機板組合,https://www.ptt.cc/bbs/PC_Shopping/M.1697128679.A.B8E.html,→,但amd還有積熱問題，買好的散熱也是浪費,10/13/2023,13492,True,負評
CPU,AMD R5 7500F,AMD,Ryzen 5,型號,[請益] 現在CP值高的7500F/7600+主機板組合,https://www.ptt.cc/bbs/PC_Shopping/M.1697128679.A.B8E.html,→,剛剛好夠用就行了，60~70度不要再更高,10/13/2023,13493,True,中立
CPU,AMD R5 7500F,AMD,Ryzen 5,型號,[請益] 現在CP值高的7500F/7600+主機板組合,https://www.ptt.cc/bbs/PC_Shopping/M.1697128679.A.B8E.html,→,那張wifi晶片不太行 一般使用還好,10/13/2023,13495,True,中立
CPU,AMD R5 7500F,AMD,Ryzen 5,型號,[請益] 現在CP值高的7500F/7600+主機板組合,https://www.ptt.cc/bbs/PC_Shopping/M.1697128679.A.B8E.html,→,供電不太適合79以上 但你拿的售價便宜,10/13/2023,13496,True,中立
CPU,AMD R5 7500F,AMD,Ryzen 5,型號,[請益] 現在CP值高的7500F/7600+主機板組合,https://www.ptt.cc/bbs/PC_Shopping/M.1697128679.A.B8E.html,→,這價格沒什麼好嫌的了合理價,10/13/2023,13497,True,中立
CPU,AMD R5 7500F,AMD,Ryzen 5,型號,[請益] 現在CP值高的7500F/7600+主機板組合,https://www.ptt.cc/bbs/PC_Shopping/M.1697128679.A.B8E.html,→,特別像是gaming X 、UD這一個等級的。,10/13/2023,13500,True,中立
CPU,AMD R5 7500F,AMD,Ryzen 5,型號,[請益] 現在CP值高的7500F/7600+主機板組合,https://www.ptt.cc/bbs/PC_Shopping/M.1697128679.A.B8E.html,→,看規格跟售價都不是首選,10/13/2023,13506,True,負評
CPU,AMD R5 7500F,AMD,Ryzen 5,型號,Re: [請益] 7500f套組是賣完了嗎,https://www.ptt.cc/bbs/PC_Shopping/M.1697091707.A.59C.html,推,7500F沒內顯我不是很喜歡 可是現在買7600,10/12/2023,13547,True,中立
CPU,AMD R5 7500F,AMD,Ryzen 5,型號,Re: [請益] 7500f套組是賣完了嗎,https://www.ptt.cc/bbs/PC_Shopping/M.1697091707.A.59C.html,推,那個內顯也不值2千多塊，amd是瘋了才敢賣,10/12/2023,13557,True,負評
CPU,AMD R5 7500F,AMD,Ryzen 5,型號,Re: [請益] 7500f套組是賣完了嗎,https://www.ptt.cc/bbs/PC_Shopping/M.1697091707.A.59C.html,→,這麼便宜吧，反正a的u就是最末段的下腳料,10/12/2023,13558,True,中立
CPU,AMD R5 7500F,AMD,Ryzen 5,型號,Re: [請益] 7500f套組是賣完了嗎,https://www.ptt.cc/bbs/PC_Shopping/M.1697091707.A.59C.html,推,不如組13600K+D4板子,10/12/2023,13577,True,負評
CPU,AMD R5 7500F,AMD,Ryzen 5,型號,Re: [請益] 7500f套組是賣完了嗎,https://www.ptt.cc/bbs/PC_Shopping/M.1697091707.A.59C.html,推,別買套組就好了啊 隔壁買7500F + b,10/13/2023,13582,True,中立
CPU,AMD R5 7500F,AMD,Ryzen 5,型號,[心得] 7500F+6650XT A+A初體驗,https://www.ptt.cc/bbs/PC_Shopping/M.1697044702.A.5E5.html,推,看起來我的7500F待機50～60，玩遊戲都衝,10/12/2023,13591,True,中立
CPU,AMD R5 7500F,AMD,Ryzen 5,型號,[心得] 7500F+6650XT A+A初體驗,https://www.ptt.cc/bbs/PC_Shopping/M.1697044702.A.5E5.html,→,7500F衝到溫度牆? 散熱模有撕嗎?,10/12/2023,13600,True,中立
CPU,AMD R5 7500F,AMD,Ryzen 5,型號,[心得] 7500F+6650XT A+A初體驗,https://www.ptt.cc/bbs/PC_Shopping/M.1697044702.A.5E5.html,→,看影片全螢幕和恢復原大小都會凍結,10/12/2023,13601,True,負評
CPU,AMD R5 7500F,AMD,Ryzen 5,型號,[心得] 7500F+6650XT A+A初體驗,https://www.ptt.cc/bbs/PC_Shopping/M.1697044702.A.5E5.html,→,7500F會撞溫度牆應該是用下吹式風,10/12/2023,13608,True,負評
CPU,AMD R5 7500F,AMD,Ryzen 5,型號,[心得] 7500F+6650XT A+A初體驗,https://www.ptt.cc/bbs/PC_Shopping/M.1697044702.A.5E5.html,→,只設功耗牆的話有點浪費BIOS功能了,10/12/2023,13615,True,中立
CPU,AMD R5 7500F,AMD,Ryzen 5,型號,[心得] 7500F+6650XT A+A初體驗,https://www.ptt.cc/bbs/PC_Shopping/M.1697044702.A.5E5.html,→,SoC降到1.2V左右 功耗跟記憶體超頻應該無異,10/12/2023,13616,True,中立
CPU,AMD R5 7500F,AMD,Ryzen 5,型號(情報),[情報] Hardware unboxed 7500F review,https://www.ptt.cc/bbs/PC_Shopping/M.1692890642.A.734.html,→,比較有性價比，等ddr5降多一點才會考慮,08/25/2023,13664,True,中立
CPU,AMD R5 7500F,AMD,Ryzen 5,型號(情報),[情報] Hardware unboxed 7500F review,https://www.ptt.cc/bbs/PC_Shopping/M.1692890642.A.734.html,推,我算沿用的預算啦，組新機的話應該可以考,08/25/2023,13666,True,中立
CPU,AMD R5 7500F,AMD,Ryzen 5,型號,[請益] 7500f跟7800x3d的取捨...,https://www.ptt.cc/bbs/PC_Shopping/M.1692709975.A.5CE.html,→,7500F比5600X強20% 以價差來看前者CP超高,08/22/2023,13677,True,正評
CPU,AMD R5 7500F,AMD,Ryzen 5,型號,[請益] 7500f跟7800x3d的取捨...,https://www.ptt.cc/bbs/PC_Shopping/M.1692709975.A.5CE.html,→,0f+主板組合能用折價卷 之前7500f+B650 m,08/22/2023,13682,True,中立
CPU,AMD R5 7500F,AMD,Ryzen 5,型號,[請益] 7500f跟7800x3d的取捨...,https://www.ptt.cc/bbs/PC_Shopping/M.1692709975.A.5CE.html,→,主要感覺7500f跟5700x應該差不多，所以如,08/22/2023,13691,True,中立
CPU,AMD R5 7500F,AMD,Ryzen 5,型號,[請益] 7500f跟7800x3d的取捨...,https://www.ptt.cc/bbs/PC_Shopping/M.1692709975.A.5CE.html,推,先買7500F就好 明年的Zen5會有很大提昇,08/22/2023,13706,True,正評
CPU,AMD R5 7500F,AMD,Ryzen 5,型號(情報),[情報] AMD Ryzen 5 7500F 台灣上市,https://www.ptt.cc/bbs/PC_Shopping/M.1692280026.A.5EF.html,推,這顆跟7600效能差多少？,08/17/2023,13709,True,中立
CPU,AMD R5 7500F,AMD,Ryzen 5,型號(情報),[情報] AMD Ryzen 5 7500F 台灣上市,https://www.ptt.cc/bbs/PC_Shopping/M.1692280026.A.5EF.html,推,就是沒內顯的7600，非常可以~,08/17/2023,13713,True,正評
CPU,AMD R5 7500F,AMD,Ryzen 5,型號(情報),[情報] AMD Ryzen 5 7500F 台灣上市,https://www.ptt.cc/bbs/PC_Shopping/M.1692280026.A.5EF.html,推,"核心規格基本跟7600沒差,差在時脈低",08/17/2023,13714,True,中立
CPU,AMD R5 7500F,AMD,Ryzen 5,型號(情報),[情報] AMD Ryzen 5 7500F 台灣上市,https://www.ptt.cc/bbs/PC_Shopping/M.1692280026.A.5EF.html,推,這顆溫度比7600X不知如何? 討厭搞散熱,08/17/2023,13717,True,中立
CPU,AMD R5 7500F,AMD,Ryzen 5,型號(情報),[情報] AMD Ryzen 5 7500F 台灣上市,https://www.ptt.cc/bbs/PC_Shopping/M.1692280026.A.5EF.html,推,覺的OK啊，主板貴沒辦法的事,08/17/2023,13718,True,中立
CPU,AMD R5 7500F,AMD,Ryzen 5,型號(情報),[情報] AMD Ryzen 5 7500F 台灣上市,https://www.ptt.cc/bbs/PC_Shopping/M.1692280026.A.5EF.html,→,4990這個價錢很漂亮了，雖然沒內顯。,08/17/2023,13719,True,中立
CPU,AMD R5 7500F,AMD,Ryzen 5,型號(情報),[情報] AMD Ryzen 5 7500F 台灣上市,https://www.ptt.cc/bbs/PC_Shopping/M.1692280026.A.5EF.html,推,沒內顯沒差...AM4一堆U沒內顯也是照用,08/17/2023,13721,True,中立
CPU,AMD R5 7500F,AMD,Ryzen 5,型號(情報),[情報] AMD Ryzen 5 7500F 台灣上市,https://www.ptt.cc/bbs/PC_Shopping/M.1692280026.A.5EF.html,推,7500F 贏5600X 多少?,08/17/2023,13722,True,中立
CPU,AMD R5 7500F,AMD,Ryzen 5,型號(情報),[情報] AMD Ryzen 5 7500F 台灣上市,https://www.ptt.cc/bbs/PC_Shopping/M.1692280026.A.5EF.html,推,7500F這顆讓7600X基本上沒意義了 7600的意,08/17/2023,13723,True,正評
CPU,AMD R5 7500F,AMD,Ryzen 5,型號(情報),[情報] AMD Ryzen 5 7500F 台灣上市,https://www.ptt.cc/bbs/PC_Shopping/M.1692280026.A.5EF.html,→,義也只剩那2CU的內顯而已,08/17/2023,13724,True,中立
CPU,AMD R5 7500F,AMD,Ryzen 5,型號(情報),[情報] AMD Ryzen 5 7500F 台灣上市,https://www.ptt.cc/bbs/PC_Shopping/M.1692280026.A.5EF.html,→,雖然一般但看Hardware測vrm溫度 連更高階,08/17/2023,13727,True,中立
CPU,AMD R5 7500F,AMD,Ryzen 5,型號(情報),[情報] AMD Ryzen 5 7500F 台灣上市,https://www.ptt.cc/bbs/PC_Shopping/M.1692280026.A.5EF.html,推,看yt評測7500F 遊戲最多贏5600X 20%而已,08/17/2023,13729,True,正評
CPU,AMD R5 7500F,AMD,Ryzen 5,型號(情報),[情報] AMD Ryzen 5 7500F 台灣上市,https://www.ptt.cc/bbs/PC_Shopping/M.1692280026.A.5EF.html,推,價格對了、啥就都對了 XD,08/17/2023,13731,True,中立
CPU,AMD R5 7500F,AMD,Ryzen 5,型號(情報),[情報] AMD Ryzen 5 7500F 台灣上市,https://www.ptt.cc/bbs/PC_Shopping/M.1692280026.A.5EF.html,推,7000不用搞散熱啊 只要不去看溫度就,08/17/2023,13732,True,中立
CPU,AMD R5 7500F,AMD,Ryzen 5,型號(情報),[情報] AMD Ryzen 5 7500F 台灣上市,https://www.ptt.cc/bbs/PC_Shopping/M.1692280026.A.5EF.html,→,多20%很猛吧XD,08/17/2023,13734,True,中立
CPU,AMD R5 7500F,AMD,Ryzen 5,型號(情報),[情報] AMD Ryzen 5 7500F 台灣上市,https://www.ptt.cc/bbs/PC_Shopping/M.1692280026.A.5EF.html,→,般來說就算fps 3a遊戲 r5的性能就很夠用,08/17/2023,13737,True,正評
CPU,AMD R5 7500F,AMD,Ryzen 5,型號(情報),[情報] AMD Ryzen 5 7500F 台灣上市,https://www.ptt.cc/bbs/PC_Shopping/M.1692280026.A.5EF.html,推,7500F價格很殺，intel自己作死不出13代6,08/18/2023,13745,True,正評
CPU,AMD R5 7500F,AMD,Ryzen 5,型號(情報),[情報] AMD Ryzen 5 7500F 台灣上市,https://www.ptt.cc/bbs/PC_Shopping/M.1692280026.A.5EF.html,→,"核心5ghz平價處理器, 7500f相當於不超頻",08/18/2023,13746,True,中立
CPU,AMD R5 7500F,AMD,Ryzen 5,型號(情報),[情報] AMD Ryzen 5 7500F 台灣上市,https://www.ptt.cc/bbs/PC_Shopping/M.1692280026.A.5EF.html,推,性能弱5-10%，沒內顯沒送星空，價格便宜20%,08/19/2023,13751,True,中立
CPU,AMD R5 7500F,AMD,Ryzen 5,型號(情報),[情報] AMD Ryzen 5 7500F 台灣上市,https://www.ptt.cc/bbs/PC_Shopping/M.1692280026.A.5EF.html,推,5800X3D已滅亡 7500F大法好,09/03/2023,13752,True,正評
CPU,AMD R5 7500F,AMD,Ryzen 5,型號(情報),[情報] AMD R5 7500F 大陸首發上市約台幣5000元,https://www.ptt.cc/bbs/PC_Shopping/M.1690301102.A.2CE.html,→,大小核電子垃圾無誤,07/26/2023,13771,True,負評
CPU,AMD R5 7500F,AMD,Ryzen 5,型號(情報),[情報] AMD Ryzen 5 7500F 京東首發價出爐,https://www.ptt.cc/bbs/PC_Shopping/M.1690128296.A.A30.html,推,這顆看測試跟7600根本差不多 就差沒內顯,07/24/2023,13792,True,中立
CPU,AMD R5 7500F,AMD,Ryzen 5,型號(情報),[情報] AMD Ryzen 5 7500F 京東首發價出爐,https://www.ptt.cc/bbs/PC_Shopping/M.1690128296.A.A30.html,→,沒內顯版本 真香,07/24/2023,13794,True,中立
CPU,AMD R5 7500F,AMD,Ryzen 5,型號(情報),[情報] AMD Ryzen 5 7500F 京東首發價出爐,https://www.ptt.cc/bbs/PC_Shopping/M.1690128296.A.A30.html,推,真5990那直接選7600就好價差沒多少,07/24/2023,13799,True,中立
CPU,AMD R5 7500F,AMD,Ryzen 5,型號(情報),[情報] AMD Ryzen 5 7500F 京東首發價出爐,https://www.ptt.cc/bbs/PC_Shopping/M.1690128296.A.A30.html,推,爛爛的內顯以備不時之須,07/24/2023,13803,True,負評
CPU,AMD R5 7500F,AMD,Ryzen 5,型號(情報),[情報] 7500F 179鎂全球上 遊戲追13600K CP超高,https://www.ptt.cc/bbs/PC_Shopping/M.1690100184.A.F91.html,→,沒有內顯 哪來CP值?,07/23/2023,13806,True,中立
CPU,AMD R5 7500F,AMD,Ryzen 5,型號(情報),[情報] 7500F 179鎂全球上 遊戲追13600K CP超高,https://www.ptt.cc/bbs/PC_Shopping/M.1690100184.A.F91.html,推,少50鎂其實有點香,07/23/2023,13812,True,正評
CPU,AMD R5 7500F,AMD,Ryzen 5,型號(情報),[情報] 7500F 179鎂全球上 遊戲追13600K CP超高,https://www.ptt.cc/bbs/PC_Shopping/M.1690100184.A.F91.html,推,可是瑞凡，AMD的待機功耗多人家1倍,07/23/2023,13814,True,中立
CPU,AMD R5 7500F,AMD,Ryzen 5,型號(情報),[情報] 7500F 179鎂全球上 遊戲追13600K CP超高,https://www.ptt.cc/bbs/PC_Shopping/M.1690100184.A.F91.html,→,7500F的平均遊戲效能還是輸13500啊,07/23/2023,13816,True,中立
CPU,AMD R5 7500F,AMD,Ryzen 5,型號(情報),[情報] 7500F 179鎂全球上 遊戲追13600K CP超高,https://www.ptt.cc/bbs/PC_Shopping/M.1690100184.A.F91.html,→,7500F平均遊戲效能確實是贏13500,07/23/2023,13819,True,正評
CPU,AMD R5 7500F,AMD,Ryzen 5,型號(情報),[情報] 7500F 179鎂全球上 遊戲追13600K CP超高,https://www.ptt.cc/bbs/PC_Shopping/M.1690100184.A.F91.html,推,板子跟D5價格壓下來 整個就香了 蘇媽的C,07/23/2023,13821,True,正評
CPU,AMD R5 7500F,AMD,Ryzen 5,型號(情報),[情報] 7500F 179鎂全球上 遊戲追13600K CP超高,https://www.ptt.cc/bbs/PC_Shopping/M.1690100184.A.F91.html,→,PU本來就不錯 只是首發價實在太臭,07/23/2023,13822,True,中立
CPU,AMD R5 7500F,AMD,Ryzen 5,型號(情報),[情報] 7500F 179鎂全球上 遊戲追13600K CP超高,https://www.ptt.cc/bbs/PC_Shopping/M.1690100184.A.F91.html,→,積熱問題，溫度可能無解了,07/23/2023,13824,True,負評
CPU,AMD R5 7500F,AMD,Ryzen 5,型號(情報),[情報] 7500F 179鎂全球上 遊戲追13600K CP超高,https://www.ptt.cc/bbs/PC_Shopping/M.1690100184.A.F91.html,推,AMD預設電壓偏高，要手動降壓降溫...,07/23/2023,13831,True,中立
CPU,AMD R5 7500F,AMD,Ryzen 5,型號(情報),[情報] 7500F 179鎂全球上 遊戲追13600K CP超高,https://www.ptt.cc/bbs/PC_Shopping/M.1690100184.A.F91.html,→,沒那麼發熱的部分分攤熱，所以溫度能比,07/23/2023,13833,True,中立
CPU,AMD R5 7500F,AMD,Ryzen 5,型號(情報),[情報] 7500F 179鎂全球上 遊戲追13600K CP超高,https://www.ptt.cc/bbs/PC_Shopping/M.1690100184.A.F91.html,→,入門遊戲機還行吧 這顆用丐的A620應該也,07/23/2023,13851,True,中立
CPU,AMD R5 7500F,AMD,Ryzen 5,型號(情報),[情報] 7500F 179鎂全球上 遊戲追13600K CP超高,https://www.ptt.cc/bbs/PC_Shopping/M.1690100184.A.F91.html,→,能用 搭配6600 A750 應付1080P我覺得就挺,07/23/2023,13852,True,中立
CPU,AMD R5 7500F,AMD,Ryzen 5,型號(情報),[情報] 7500F 179鎂全球上 遊戲追13600K CP超高,https://www.ptt.cc/bbs/PC_Shopping/M.1690100184.A.F91.html,→,不錯的 低預算多一個選擇,07/23/2023,13853,True,正評
CPU,AMD R5 7500F,AMD,Ryzen 5,型號(情報),[情報] 7500F 179鎂全球上 遊戲追13600K CP超高,https://www.ptt.cc/bbs/PC_Shopping/M.1690100184.A.F91.html,→,差距30%再考慮，繼續爽用am4,07/23/2023,13854,True,中立
CPU,AMD R5 7500F,AMD,Ryzen 5,型號(情報),[情報] 7500F 179鎂全球上 遊戲追13600K CP超高,https://www.ptt.cc/bbs/PC_Shopping/M.1690100184.A.F91.html,推,來台灣價錢都沒競爭力,07/24/2023,13856,True,負評
CPU,AMD R5 7500F,AMD,Ryzen 5,型號(情報),[情報] 7500F 179鎂全球上 遊戲追13600K CP超高,https://www.ptt.cc/bbs/PC_Shopping/M.1690100184.A.F91.html,→,還真的五千有找   香到流湯,08/19/2023,13860,True,正評
CPU,AMD R5 7500F,AMD,Ryzen 5,型號(情報),[情報] AMD Ryzen 5 7500F 媲美7600X但是更便宜,https://www.ptt.cc/bbs/PC_Shopping/M.1689073759.A.B9F.html,噓,geekbench本來就浮動大 沒r23的跑分穩定,07/11/2023,13861,True,中立
CPU,AMD R5 7500F,AMD,Ryzen 5,型號(情報),[情報] AMD Ryzen 5 7500F 媲美7600X但是更便宜,https://www.ptt.cc/bbs/PC_Shopping/M.1689073759.A.B9F.html,推,這是IOD的不良品 不是CCD 便宜的話還行,07/11/2023,13864,True,負評
CPU,AMD R5 7500F,AMD,Ryzen 5,型號(情報),[情報] AMD Ryzen 5 7500F 媲美7600X但是更便宜,https://www.ptt.cc/bbs/PC_Shopping/M.1689073759.A.B9F.html,推,回god大7000系除了後綴f全都帶內顯喔,07/13/2023,13866,True,中立
CPU,AMD R5 7500F,AMD,Ryzen 5,型號(情報),[情報] Ryzen 5 7500F曝光 比7600低0.1G 沒內顯,https://www.ptt.cc/bbs/PC_Shopping/M.1688449637.A.13F.html,→,也有F版 蠻好笑的 再便宜1K比較好,07/04/2023,13882,True,中立
CPU,AMD R5 7500F,AMD,Ryzen 5,型號(情報),[情報] Ryzen 5 7500F曝光 比7600低0.1G 沒內顯,https://www.ptt.cc/bbs/PC_Shopping/M.1688449637.A.13F.html,→,點?zen4可以買了啦，U跟DDR5都比剛出便宜,07/04/2023,13892,True,正評
CPU,AMD R5 7500F,AMD,Ryzen 5,型號(情報),[情報] Ryzen 5 7500F曝光 比7600低0.1G 沒內顯,https://www.ptt.cc/bbs/PC_Shopping/M.1688449637.A.13F.html,推,不就內顯做壞掉的,07/04/2023,13896,True,中立
CPU,AMD R5 7500F,AMD,Ryzen 5,型號(情報),[情報] Ryzen 5 7500F曝光 比7600低0.1G 沒內顯,https://www.ptt.cc/bbs/PC_Shopping/M.1688449637.A.13F.html,推,少內顯至少要少1K吧,07/04/2023,13905,True,中立
CPU,AMD R5 7500F,AMD,Ryzen 5,型號(情報),[情報] Ryzen 5 7500F曝光 比7600低0.1G 沒內顯,https://www.ptt.cc/bbs/PC_Shopping/M.1688449637.A.13F.html,→,這個價差跟沒有一樣，盤子才買沒內顯的,07/04/2023,13909,True,負評
CPU,AMD R5 7500F,AMD,Ryzen 5,型號(情報),[情報] Ryzen 5 7500F曝光 比7600低0.1G 沒內顯,https://www.ptt.cc/bbs/PC_Shopping/M.1688449637.A.13F.html,→,這顆如果能到4k左右應該不錯香啦,07/04/2023,13915,True,中立
CPU,AMD R5 7500F,AMD,Ryzen 5,型號(情報),[情報] Ryzen 5 7500F曝光 比7600低0.1G 沒內顯,https://www.ptt.cc/bbs/PC_Shopping/M.1688449637.A.13F.html,→,I家帶F後綴的起碼時脈會高一點,07/04/2023,13921,True,中立
CPU,AMD R5 7500F,AMD,Ryzen 5,型號(情報),[情報] Ryzen 5 7500F曝光 比7600低0.1G 沒內顯,https://www.ptt.cc/bbs/PC_Shopping/M.1688449637.A.13F.html,→,較方便 但這價差根本沒買的價值,07/04/2023,13924,True,負評
CPU,AMD R5 7500F,AMD,Ryzen 5,型號(情報),[情報] Ryzen 5 7500F曝光 比7600低0.1G 沒內顯,https://www.ptt.cc/bbs/PC_Shopping/M.1688449637.A.13F.html,→,我就不懂便宜這一點 然後要扛沒內顯的不方,07/04/2023,13925,True,負評
CPU,AMD R5 8400F,AMD,Ryzen 5,型號(情報),[情報] 原價屋AMD Ryzen 8400F與8700F MPK特價,https://www.ptt.cc/bbs/PC_Shopping/M.1742643154.A.6F8.html,→,打遊戲7500f還是比8700f強千萬不要被,03/22/2025,13989,True,正評
CPU,AMD R5 8400F,AMD,Ryzen 5,型號(情報),[情報] 原價屋AMD Ryzen 8400F與8700F MPK特價,https://www.ptt.cc/bbs/PC_Shopping/M.1742643154.A.6F8.html,→,所以8700F/8400F>7700F/7500F,03/22/2025,13991,True,中立
CPU,AMD R5 8400F,AMD,Ryzen 5,型號(情報),[情報] 原價屋AMD Ryzen 8400F與8700F MPK特價,https://www.ptt.cc/bbs/PC_Shopping/M.1742643154.A.6F8.html,→,沒有內顯的APU,03/22/2025,13992,True,中立
CPU,AMD R5 8400F,AMD,Ryzen 5,型號(情報),[情報] 原價屋AMD Ryzen 8400F與8700F MPK特價,https://www.ptt.cc/bbs/PC_Shopping/M.1742643154.A.6F8.html,推,這顆我想大概只有白菜價會有人想買,03/22/2025,13994,True,負評
CPU,AMD R5 8400F,AMD,Ryzen 5,型號(情報),[情報] 原價屋AMD Ryzen 8400F與8700F MPK特價,https://www.ptt.cc/bbs/PC_Shopping/M.1742643154.A.6F8.html,推,這種就L3砍一半那種吧,03/22/2025,13996,True,中立
CPU,AMD R5 8400F,AMD,Ryzen 5,型號(情報),[情報] 原價屋AMD Ryzen 8400F與8700F MPK特價,https://www.ptt.cc/bbs/PC_Shopping/M.1742643154.A.6F8.html,→,8400F還是有吸引力的，遊戲輸7500F約10%,03/22/2025,13997,True,中立
CPU,AMD R5 8400F,AMD,Ryzen 5,型號(情報),[情報] 原價屋AMD Ryzen 8400F與8700F MPK特價,https://www.ptt.cc/bbs/PC_Shopping/M.1742643154.A.6F8.html,→,但才3990，搭B650M-P$2990，CP值其實還OK,03/22/2025,13998,True,正評
CPU,AMD R5 8400F,AMD,Ryzen 5,型號(情報),[情報] 原價屋AMD Ryzen 8400F與8700F MPK特價,https://www.ptt.cc/bbs/PC_Shopping/M.1742643154.A.6F8.html,→,L3被砍太多 不建議買,03/22/2025,13999,True,負評
CPU,AMD R5 8400F,AMD,Ryzen 5,型號(情報),[情報] 原價屋AMD Ryzen 8400F與8700F MPK特價,https://www.ptt.cc/bbs/PC_Shopping/M.1742643154.A.6F8.html,→,價格 效能都比124F平台還差,03/22/2025,14001,True,負評
CPU,AMD R5 8400F,AMD,Ryzen 5,型號(情報),[情報] 原價屋AMD Ryzen 8400F與8700F MPK特價,https://www.ptt.cc/bbs/PC_Shopping/M.1742643154.A.6F8.html,推,對比12400F，8400F大概要3500以下,03/22/2025,14002,True,中立
CPU,AMD R5 8400F,AMD,Ryzen 5,型號(情報),[情報] 原價屋AMD Ryzen 8400F與8700F MPK特價,https://www.ptt.cc/bbs/PC_Shopping/M.1742643154.A.6F8.html,→,且溫度跟功耗更低，原廠扇就可壓，省塔散錢,03/22/2025,14004,True,正評
CPU,AMD R5 8400F,AMD,Ryzen 5,型號(情報),[情報] 原價屋AMD Ryzen 8400F與8700F MPK特價,https://www.ptt.cc/bbs/PC_Shopping/M.1742643154.A.6F8.html,推,8400F還可 8700F垃圾,03/22/2025,14005,True,正評
CPU,AMD R5 8400F,AMD,Ryzen 5,型號(情報),[情報] 原價屋AMD Ryzen 8400F與8700F MPK特價,https://www.ptt.cc/bbs/PC_Shopping/M.1742643154.A.6F8.html,推,84F四千有找感覺還行,03/22/2025,14012,True,中立
CPU,AMD R5 8400F,AMD,Ryzen 5,型號(情報),[情報] 原價屋AMD Ryzen 8400F與8700F MPK特價,https://www.ptt.cc/bbs/PC_Shopping/M.1742643154.A.6F8.html,推,主打內顯的cpu沒有內顯,03/22/2025,14013,True,負評
CPU,AMD R5 8400F,AMD,Ryzen 5,型號(情報),[情報] 原價屋AMD Ryzen 8400F與8700F MPK特價,https://www.ptt.cc/bbs/PC_Shopping/M.1742643154.A.6F8.html,推,8400F跟124比也沒優勢啊,03/22/2025,14014,True,中立
CPU,AMD R5 8400F,AMD,Ryzen 5,型號(情報),[情報] 原價屋AMD Ryzen 8400F與8700F MPK特價,https://www.ptt.cc/bbs/PC_Shopping/M.1742643154.A.6F8.html,→,少內顯 效能輸 價差也被DDR5吃掉,03/22/2025,14015,True,負評
CPU,AMD R5 8400F,AMD,Ryzen 5,型號(情報),[情報] 原價屋AMD Ryzen 8400F與8700F MPK特價,https://www.ptt.cc/bbs/PC_Shopping/M.1742643154.A.6F8.html,→,8400F好像可以呀,03/22/2025,14016,True,中立
CPU,AMD R5 8400F,AMD,Ryzen 5,型號(情報),[情報] 原價屋AMD Ryzen 8400F與8700F MPK特價,https://www.ptt.cc/bbs/PC_Shopping/M.1742643154.A.6F8.html,推,7700，9700不買買這玩意，有事,03/22/2025,14017,True,中立
CPU,AMD R5 8400F,AMD,Ryzen 5,型號(情報),[情報] 原價屋AMD Ryzen 8400F與8700F MPK特價,https://www.ptt.cc/bbs/PC_Shopping/M.1742643154.A.6F8.html,→,8400F應該價格甜一點就有優勢了,03/22/2025,14020,True,中立
CPU,AMD R5 8400F,AMD,Ryzen 5,型號(情報),[情報] 原價屋AMD Ryzen 8400F與8700F MPK特價,https://www.ptt.cc/bbs/PC_Shopping/M.1742643154.A.6F8.html,推,8400F 3200以下再來考慮 不然那價差,03/22/2025,14021,True,中立
CPU,AMD R5 8400F,AMD,Ryzen 5,型號(情報),[情報] 原價屋AMD Ryzen 8400F與8700F MPK特價,https://www.ptt.cc/bbs/PC_Shopping/M.1742643154.A.6F8.html,推,L3砍半，玩遊戲有更好選擇。主打超強,03/22/2025,14022,True,中立
CPU,AMD R5 8400F,AMD,Ryzen 5,型號(情報),[情報] 原價屋AMD Ryzen 8400F與8700F MPK特價,https://www.ptt.cc/bbs/PC_Shopping/M.1742643154.A.6F8.html,→,很尷尬。砍內顯顯卡又只給x8,03/22/2025,14024,True,負評
CPU,AMD R5 8400F,AMD,Ryzen 5,型號(情報),[情報] 原價屋AMD Ryzen 8400F與8700F MPK特價,https://www.ptt.cc/bbs/PC_Shopping/M.1742643154.A.6F8.html,→,意義的吧 沒內顯 打不贏12代 又要用比較貴的,03/22/2025,14031,True,中立
CPU,AMD R5 8400F,AMD,Ryzen 5,型號(情報),[情報] 原價屋AMD Ryzen 8400F與8700F MPK特價,https://www.ptt.cc/bbs/PC_Shopping/M.1742643154.A.6F8.html,→,ddr5 有錢的人不會買這種低效能的東西 沒錢,03/22/2025,14032,True,負評
CPU,AMD R5 8400F,AMD,Ryzen 5,型號(情報),[情報] 原價屋AMD Ryzen 8400F與8700F MPK特價,https://www.ptt.cc/bbs/PC_Shopping/M.1742643154.A.6F8.html,推,沒內顯不要亂買碰到問題會很麻煩,03/22/2025,14039,True,負評
CPU,AMD R5 8400F,AMD,Ryzen 5,型號(情報),[情報] 原價屋AMD Ryzen 8400F與8700F MPK特價,https://www.ptt.cc/bbs/PC_Shopping/M.1742643154.A.6F8.html,推,倒吸牙膏代表作，去年一堆人都傻傻入坑了,03/22/2025,14041,True,負評
CPU,AMD R5 8400F,AMD,Ryzen 5,型號(情報),[情報] 原價屋AMD Ryzen 8400F與8700F MPK特價,https://www.ptt.cc/bbs/PC_Shopping/M.1742643154.A.6F8.html,推,唯一優點就am5 可以戰未來,03/22/2025,14042,True,中立
CPU,AMD R5 8400F,AMD,Ryzen 5,型號(情報),[情報] 原價屋AMD Ryzen 8400F與8700F MPK特價,https://www.ptt.cc/bbs/PC_Shopping/M.1742643154.A.6F8.html,→,內顯的apu=電子垃圾,03/22/2025,14053,True,負評
CPU,AMD R5 8400F,AMD,Ryzen 5,型號(情報),[情報] 原價屋AMD Ryzen 8400F與8700F MPK特價,https://www.ptt.cc/bbs/PC_Shopping/M.1742643154.A.6F8.html,→,影音輕遊戲機還行,03/22/2025,14057,True,中立
CPU,AMD R5 8400F,AMD,Ryzen 5,型號(情報),[情報] 原價屋AMD Ryzen 8400F與8700F MPK特價,https://www.ptt.cc/bbs/PC_Shopping/M.1742643154.A.6F8.html,推,效能知道答案了 那CP值哪個高?,03/22/2025,14071,True,中立
CPU,AMD R5 8400F,AMD,Ryzen 5,型號(情報),[情報] 原價屋AMD Ryzen 8400F與8700F MPK特價,https://www.ptt.cc/bbs/PC_Shopping/M.1742643154.A.6F8.html,→,你不打重口味遊戲就拿這個啊，這個遊戲差,03/22/2025,14072,True,中立
CPU,AMD R5 8400F,AMD,Ryzen 5,型號(情報),[情報] 原價屋AMD Ryzen 8400F與8700F MPK特價,https://www.ptt.cc/bbs/PC_Shopping/M.1742643154.A.6F8.html,→,"玩網遊勿買, L3影響很大, 3A遊戲還可以",03/23/2025,14076,True,負評
CPU,AMD R5 8400F,AMD,Ryzen 5,型號(情報),[情報] 原價屋AMD Ryzen 8400F與8700F MPK特價,https://www.ptt.cc/bbs/PC_Shopping/M.1742643154.A.6F8.html,→,"補充 : 網遊8400F被7500F吊打, 3A略輸10~",03/23/2025,14078,True,中立
CPU,AMD R5 8400F,AMD,Ryzen 5,型號(情報),[情報] 原價屋AMD Ryzen 8400F與8700F MPK特價,https://www.ptt.cc/bbs/PC_Shopping/M.1742643154.A.6F8.html,推,84F連124F都不一定打得贏,03/23/2025,14080,True,負評
CPU,AMD R5 8400F,AMD,Ryzen 5,型號(情報),[情報] 原價屋AMD Ryzen 8400F與8700F MPK特價,https://www.ptt.cc/bbs/PC_Shopping/M.1742643154.A.6F8.html,→,低預算買124 絕對不要碰84F,03/23/2025,14082,True,負評
CPU,AMD R5 8400F,AMD,Ryzen 5,型號(情報),[情報] 原價屋AMD Ryzen 8400F與8700F MPK特價,https://www.ptt.cc/bbs/PC_Shopping/M.1742643154.A.6F8.html,→,多內顯 又有板子跟D4價格優勢,03/23/2025,14083,True,中立
CPU,AMD R5 8400F,AMD,Ryzen 5,型號(情報),[情報] 原價屋AMD Ryzen 8400F與8700F MPK特價,https://www.ptt.cc/bbs/PC_Shopping/M.1742643154.A.6F8.html,→,84F/87F唯一的賣點 AM5可以換U續命,03/23/2025,14084,True,中立
CPU,AMD R5 8400F,AMD,Ryzen 5,型號(情報),[情報] 原價屋AMD Ryzen 8400F與8700F MPK特價,https://www.ptt.cc/bbs/PC_Shopping/M.1742643154.A.6F8.html,→,只能插獨顯 還只有x8的通道,03/23/2025,14086,True,中立
CPU,AMD R5 8400F,AMD,Ryzen 5,型號(情報),[情報] 原價屋AMD Ryzen 8400F與8700F MPK特價,https://www.ptt.cc/bbs/PC_Shopping/M.1742643154.A.6F8.html,推,緩存砍半對於卡CPU瓶頸遊戲影響很嚴重,03/23/2025,14087,True,中立
CPU,AMD R5 8400F,AMD,Ryzen 5,型號(情報),[情報] 原價屋AMD Ryzen 8400F與8700F MPK特價,https://www.ptt.cc/bbs/PC_Shopping/M.1742643154.A.6F8.html,→,簡單來說這兩顆都是垃圾...,03/23/2025,14090,True,負評
CPU,AMD R5 8400F,AMD,Ryzen 5,型號(情報),[情報] 原價屋AMD Ryzen 8400F與8700F MPK特價,https://www.ptt.cc/bbs/PC_Shopping/M.1742643154.A.6F8.html,噓,AMD 8000系列全部都是阻熱膏，買到撞,03/23/2025,14092,True,負評
CPU,AMD R5 8400F,AMD,Ryzen 5,型號(情報),[情報] 原價屋AMD Ryzen 8400F與8700F MPK特價,https://www.ptt.cc/bbs/PC_Shopping/M.1742643154.A.6F8.html,→,還可以用便宜的DDR4,03/23/2025,14094,True,中立
CPU,AMD R5 8400F,AMD,Ryzen 5,型號(情報),[情報] 原價屋AMD Ryzen 8400F與8700F MPK特價,https://www.ptt.cc/bbs/PC_Shopping/M.1742643154.A.6F8.html,→,87F價格至少再便宜1000才有買的價值,03/23/2025,14095,True,中立
CPU,AMD R5 8400F,AMD,Ryzen 5,型號(情報),[情報] 原價屋AMD Ryzen 8400F與8700F MPK特價,https://www.ptt.cc/bbs/PC_Shopping/M.1742643154.A.6F8.html,推,8400f 遊戲會輸5600x嗎?,03/23/2025,14099,True,中立
CPU,AMD R5 8400F,AMD,Ryzen 5,型號(情報),[情報] 原價屋AMD Ryzen 8400F與8700F MPK特價,https://www.ptt.cc/bbs/PC_Shopping/M.1742643154.A.6F8.html,推,5700X小勝8400F,03/23/2025,14103,True,中立
CPU,AMD R5 8400F,AMD,Ryzen 5,型號(情報),[情報] 原價屋AMD Ryzen 8400F與8700F MPK特價,https://www.ptt.cc/bbs/PC_Shopping/M.1742643154.A.6F8.html,推,84F連124F都贏不了了,03/23/2025,14104,True,負評
CPU,AMD R5 8400F,AMD,Ryzen 5,型號(情報),[情報] 原價屋AMD Ryzen 8400F與8700F MPK特價,https://www.ptt.cc/bbs/PC_Shopping/M.1742643154.A.6F8.html,推,不懂為什麼要出沒內顯的……不用apu就,03/24/2025,14106,True,中立
CPU,AMD R5 8400F,AMD,Ryzen 5,型號(情報),[情報] 原價屋AMD Ryzen 8400F與8700F MPK特價,https://www.ptt.cc/bbs/PC_Shopping/M.1742643154.A.6F8.html,→,又不是特別製造一個產品，沒內顯的CPU是廢,03/24/2025,14109,True,負評
CPU,AMD R5 8400F,AMD,Ryzen 5,型號(情報),[情報] 原價屋AMD Ryzen 8400F與8700F MPK特價,https://www.ptt.cc/bbs/PC_Shopping/M.1742643154.A.6F8.html,→,料，晶圓製造出來之後品質測試內顯沒過關的,03/24/2025,14110,True,負評
CPU,AMD R5 8400F,AMD,Ryzen 5,型號(情報),[情報] AMD 8400F / 8700F 價格&上市,https://www.ptt.cc/bbs/PC_Shopping/M.1715730972.A.F2A.html,推,4.0 x8跑4090也沒問題啦,05/15/2024,14113,True,中立
CPU,AMD R5 8400F,AMD,Ryzen 5,型號(情報),[情報] AMD 8400F / 8700F 價格&上市,https://www.ptt.cc/bbs/PC_Shopping/M.1715730972.A.F2A.html,推,騙肥羊用的吧...跟5700一樣,05/15/2024,14115,True,負評
CPU,AMD R5 8400F,AMD,Ryzen 5,型號(情報),[情報] AMD 8400F / 8700F 價格&上市,https://www.ptt.cc/bbs/PC_Shopping/M.1715730972.A.F2A.html,→,"懶叫比雞腿,8400f比7500f還爛",05/15/2024,14116,True,負評
CPU,AMD R5 8400F,AMD,Ryzen 5,型號(情報),[情報] AMD 8400F / 8700F 價格&上市,https://www.ptt.cc/bbs/PC_Shopping/M.1715730972.A.F2A.html,→,84F買到撞到 店員宰羊用的,05/15/2024,14117,True,負評
CPU,AMD R5 8400F,AMD,Ryzen 5,型號(情報),[情報] AMD 8400F / 8700F 價格&上市,https://www.ptt.cc/bbs/PC_Shopping/M.1715730972.A.F2A.html,推,純看數字 8400>7500,05/15/2024,14129,True,中立
CPU,AMD R5 8400F,AMD,Ryzen 5,型號(情報),[情報] AMD 8400F / 8700F 價格&上市,https://www.ptt.cc/bbs/PC_Shopping/M.1715730972.A.F2A.html,推,內顯值3000，拿掉內顯時只值1000多,05/15/2024,14130,True,負評
CPU,AMD R5 8400F,AMD,Ryzen 5,型號(情報),[情報] AMD 8400F / 8700F 價格&上市,https://www.ptt.cc/bbs/PC_Shopping/M.1715730972.A.F2A.html,噓,8400F 比7500F弱 價格卻比7500F貴,05/15/2024,14131,True,負評
CPU,AMD R5 8400F,AMD,Ryzen 5,型號(情報),[情報] AMD 8400F / 8700F 價格&上市,https://www.ptt.cc/bbs/PC_Shopping/M.1715730972.A.F2A.html,推,主要是沒內顯了PCIE還是醃割狀態，那真,05/15/2024,14135,True,中立
CPU,AMD R5 8400F,AMD,Ryzen 5,型號(情報),[情報] AMD 8400F / 8700F 價格&上市,https://www.ptt.cc/bbs/PC_Shopping/M.1715730972.A.F2A.html,推,f=failure apu的邊角料,05/15/2024,14137,True,負評
CPU,AMD R5 8400F,AMD,Ryzen 5,型號(情報),[情報] AMD 8400F / 8700F 價格&上市,https://www.ptt.cc/bbs/PC_Shopping/M.1715730972.A.F2A.html,推,比7500F貴的8400F=電子垃圾,05/15/2024,14139,True,負評
CPU,AMD R5 8400F,AMD,Ryzen 5,型號(情報),[情報] AMD 8400F / 8700F 價格&上市,https://www.ptt.cc/bbs/PC_Shopping/M.1715730972.A.F2A.html,→,數字騙傻子的 比7500f還廢,05/15/2024,14146,True,負評
CPU,AMD R5 8400F,AMD,Ryzen 5,型號(情報),[情報] AMD 8400F / 8700F 價格&上市,https://www.ptt.cc/bbs/PC_Shopping/M.1715730972.A.F2A.html,推,直接買8500G就好了，多300多了內顯可用,05/15/2024,14148,True,負評
CPU,AMD R5 8400F,AMD,Ryzen 5,型號(情報),[情報] AMD 8400F / 8700F 價格&上市,https://www.ptt.cc/bbs/PC_Shopping/M.1715730972.A.F2A.html,→,智商稅3950元,05/15/2024,14150,True,負評
CPU,AMD R5 8400F,AMD,Ryzen 5,型號(情報),[情報] AMD 8400F / 8700F 價格&上市,https://www.ptt.cc/bbs/PC_Shopping/M.1715730972.A.F2A.html,→,(當然14400/F還是榮登CP最低冠軍)...,05/15/2024,14152,True,中立
CPU,AMD R5 8400F,AMD,Ryzen 5,型號(情報),[情報] AMD 8400F / 8700F 價格&上市,https://www.ptt.cc/bbs/PC_Shopping/M.1715730972.A.F2A.html,→,該只有險勝14400F 4%,05/15/2024,14156,True,中立
CPU,AMD R5 8400F,AMD,Ryzen 5,型號(情報),[情報] AMD 8400F / 8700F 價格&上市,https://www.ptt.cc/bbs/PC_Shopping/M.1715730972.A.F2A.html,→,PCI E 4.0X8跑4090都夠了，效能降幅除,05/15/2024,14158,True,中立
CPU,AMD R5 8400F,AMD,Ryzen 5,型號(情報),[情報] AMD 8400F / 8700F 價格&上市,https://www.ptt.cc/bbs/PC_Shopping/M.1715730972.A.F2A.html,→,只是這個價錢沒有意義，比7500F貴何不,05/15/2024,14160,True,負評
CPU,AMD R5 8400F,AMD,Ryzen 5,型號(情報),[情報] AMD 8400F / 8700F 價格&上市,https://www.ptt.cc/bbs/PC_Shopping/M.1715730972.A.F2A.html,→,小核多工還能贏，但是單核效能輸，純打,05/15/2024,14162,True,中立
CPU,AMD R5 8400F,AMD,Ryzen 5,型號(情報),[情報] 8700F/8400F出現在AMD官網 全球供貨,https://www.ptt.cc/bbs/PC_Shopping/M.1713361565.A.685.html,推,1.8400F 比7500F還爛 不過比較便宜,04/17/2024,14188,True,負評
CPU,AMD R5 8400F,AMD,Ryzen 5,型號(情報),[情報] 8700F/8400F出現在AMD官網 全球供貨,https://www.ptt.cc/bbs/PC_Shopping/M.1713361565.A.685.html,→,臭打遊戲的話 6核心32MB$跟8核心16MB$,04/17/2024,14190,True,中立
CPU,AMD R5 8400F,AMD,Ryzen 5,型號(情報),[情報] 8700F/8400F出現在AMD官網 全球供貨,https://www.ptt.cc/bbs/PC_Shopping/M.1713361565.A.685.html,→,84F這麼爛是想賣多少 3990？,04/17/2024,14192,True,負評
CPU,AMD R5 8400F,AMD,Ryzen 5,型號(情報),[情報] 8700F/8400F出現在AMD官網 全球供貨,https://www.ptt.cc/bbs/PC_Shopping/M.1713361565.A.685.html,推,比普通版弱一點，也就是相當於12600K預設,04/17/2024,14200,True,中立
CPU,AMD R5 8400F,AMD,Ryzen 5,型號(情報),[情報] 8700F/8400F出現在AMD官網 全球供貨,https://www.ptt.cc/bbs/PC_Shopping/M.1713361565.A.685.html,推,動了  懂的買低階獨顯的可以買F   不懂的,04/18/2024,14208,True,中立
CPU,AMD R5 8400F,AMD,Ryzen 5,型號(情報),[情報] 8700F/8400F出現在AMD官網 全球供貨,https://www.ptt.cc/bbs/PC_Shopping/M.1713361565.A.685.html,→,答案很明顯了 L3砍半對遊戲真的很有感,04/18/2024,14219,True,中立
CPU,AMD R5 8400F,AMD,Ryzen 5,型號(情報),[情報] 蘇媽將推8700F/8400F 但可能中國限定？,https://www.ptt.cc/bbs/PC_Shopping/M.1711114050.A.17A.html,推,垃圾？看價錢吧，夠便宜一樣神U,03/22/2024,14232,True,中立
CPU,AMD R5 8400F,AMD,Ryzen 5,型號(情報),[情報] 蘇媽將推8700F/8400F 但可能中國限定？,https://www.ptt.cc/bbs/PC_Shopping/M.1711114050.A.17A.html,→,APU 砍掉內顯的，性能都很烙賽。,03/22/2024,14234,True,負評
CPU,AMD R5 8400F,AMD,Ryzen 5,型號(情報),[情報] 蘇媽將推8700F/8400F 但可能中國限定？,https://www.ptt.cc/bbs/PC_Shopping/M.1711114050.A.17A.html,→,知道是個爛料就別碰吧,03/22/2024,14243,True,負評
CPU,AMD R5 8400F,AMD,Ryzen 5,型號(情報),[情報] 蘇媽將推8700F/8400F 但可能中國限定？,https://www.ptt.cc/bbs/PC_Shopping/M.1711114050.A.17A.html,→,"不行的狀態 （性價比也被7500F海放）, 純",03/22/2024,14248,True,負評
CPU,AMD R5 8400F,AMD,Ryzen 5,型號(情報),[情報] 蘇媽將推8700F/8400F 但可能中國限定？,https://www.ptt.cc/bbs/PC_Shopping/M.1711114050.A.17A.html,→,能源效率高、沒有積熱問題，還是有些優點,03/23/2024,14251,True,正評
CPU,AMD R5 8400F,AMD,Ryzen 5,型號(情報),[情報] 蘇媽將推8700F/8400F 但可能中國限定？,https://www.ptt.cc/bbs/PC_Shopping/M.1711114050.A.17A.html,→,只是cp值應該不會好看,03/23/2024,14252,True,負評
CPU,AMD R5 8400F,AMD,Ryzen 5,型號(情報),[情報] 蘇媽將推8700F/8400F 但可能中國限定？,https://www.ptt.cc/bbs/PC_Shopping/M.1711114050.A.17A.html,推,比7500f還便宜的話就值得買,03/23/2024,14253,True,中立
CPU,AMD R5 8400F,AMD,Ryzen 5,型號(情報),[情報] 蘇媽將推8700F/8400F 但可能中國限定？,https://www.ptt.cc/bbs/PC_Shopping/M.1711114050.A.17A.html,推,便宜個10~20%，就挺值得買,03/23/2024,14254,True,正評
CPU,AMD R5 8400F,AMD,Ryzen 5,型號(情報),[情報] 蘇媽將推8700F/8400F 但可能中國限定？,https://www.ptt.cc/bbs/PC_Shopping/M.1711114050.A.17A.html,→,這兩顆雖然也是電子垃圾，但起碼看得出原,03/23/2024,14276,True,負評
CPU,AMD R5 8400F,AMD,Ryzen 5,型號(情報),[情報] 蘇媽將推8700F/8400F 但可能中國限定？,https://www.ptt.cc/bbs/PC_Shopping/M.1711114050.A.17A.html,→,8000系列醃顯示標F我是覺得沒問題,03/25/2024,14281,True,中立
CPU,AMD R5 8500G,AMD,Ryzen 5,型號,[請益] 8500G文書使用需要裝塔散嗎,https://www.ptt.cc/bbs/PC_Shopping/M.1739539924.A.261.html,推,你先裝原廠扇，覺得不爽再去換,02/14/2025,14284,True,中立
CPU,AMD R5 8500G,AMD,Ryzen 5,型號,[請益] 8500G文書使用需要裝塔散嗎,https://www.ptt.cc/bbs/PC_Shopping/M.1739539924.A.261.html,推,TDP 35w 內建就可以了,02/14/2025,14285,True,中立
CPU,AMD R5 8500G,AMD,Ryzen 5,型號,[請益] 8500G文書使用需要裝塔散嗎,https://www.ptt.cc/bbs/PC_Shopping/M.1739539924.A.261.html,→,tdp是65w才對吧 可以隨便用一顆便宜的,02/15/2025,14286,True,中立
CPU,AMD R5 8500G,AMD,Ryzen 5,型號,[請益] 8500G文書使用需要裝塔散嗎,https://www.ptt.cc/bbs/PC_Shopping/M.1739539924.A.261.html,→,超頻3那種就很涼了AM5 也不用怕水泥,02/15/2025,14287,True,中立
CPU,AMD R5 8500G,AMD,Ryzen 5,型號,[請益] 8500G文書使用需要裝塔散嗎,https://www.ptt.cc/bbs/PC_Shopping/M.1739539924.A.261.html,→,安靜的文書房需要 不介意就沒差 頂多,02/15/2025,14288,True,中立
CPU,AMD R5 8500G,AMD,Ryzen 5,型號,[請益] 請問文書機是組AMD 8500G嗎？,https://www.ptt.cc/bbs/PC_Shopping/M.1731803428.A.580.html,→,就可以應付你說的需求了。,11/17/2024,14302,True,中立
CPU,AMD R5 8500G,AMD,Ryzen 5,型號,[請益] 請問文書機是組AMD 8500G嗎？,https://www.ptt.cc/bbs/PC_Shopping/M.1731803428.A.580.html,→,用afmf，svp我有買覺得很難用不如a無腦,11/17/2024,14307,True,中立
CPU,AMD R5 8500G,AMD,Ryzen 5,型號,[請益] 請問文書機是組AMD 8500G嗎？,https://www.ptt.cc/bbs/PC_Shopping/M.1731803428.A.580.html,→,你這樣組，不如去西台灣買AMD 8840H或是7,11/17/2024,14317,True,負評
CPU,AMD R5 8500G,AMD,Ryzen 5,型號,[請益] 請問文書機是組AMD 8500G嗎？,https://www.ptt.cc/bbs/PC_Shopping/M.1731803428.A.580.html,→,文書用途的話，其實內顯強弱處理器強弱,11/17/2024,14332,True,中立
CPU,AMD R5 8500G,AMD,Ryzen 5,型號,[請益] 請問文書機是組AMD 8500G嗎？,https://www.ptt.cc/bbs/PC_Shopping/M.1731803428.A.580.html,→,記憶體太少的話，多開幾個Office就卡了,11/17/2024,14334,True,中立
CPU,AMD R5 8500G,AMD,Ryzen 5,型號,[請益] 請問文書機是組AMD 8500G嗎？,https://www.ptt.cc/bbs/PC_Shopping/M.1731803428.A.580.html,→,是顆2C4T，但是你這個用途應該也是夠用,11/17/2024,14339,True,中立
CPU,AMD R5 8500G,AMD,Ryzen 5,型號,[請益] 請問文書機是組AMD 8500G嗎？,https://www.ptt.cc/bbs/PC_Shopping/M.1731803428.A.580.html,→,而且你也只是1080P不是要4K，這個也夠,11/17/2024,14342,True,中立
CPU,AMD R5 8500G,AMD,Ryzen 5,型號,[請益] 請問文書機是組AMD 8500G嗎？,https://www.ptt.cc/bbs/PC_Shopping/M.1731803428.A.580.html,→,而且還是am5，一整個浪費錢,11/17/2024,14353,True,負評
CPU,AMD R5 8500G,AMD,Ryzen 5,型號,[請益] 請問文書機是組AMD 8500G嗎？,https://www.ptt.cc/bbs/PC_Shopping/M.1731803428.A.580.html,→,8000系的apu只有8700g值得拿,11/17/2024,14354,True,負評
CPU,AMD R5 8500G,AMD,Ryzen 5,型號,[請益] 請問文書機是組AMD 8500G嗎？,https://www.ptt.cc/bbs/PC_Shopping/M.1731803428.A.580.html,→,4，別用apu了,11/17/2024,14362,True,負評
CPU,AMD R5 8500G,AMD,Ryzen 5,型號,[請益] 請問文書機是組AMD 8500G嗎？,https://www.ptt.cc/bbs/PC_Shopping/M.1731803428.A.580.html,推,"8500G我列的會在15537,但效能更優一些",11/17/2024,14373,True,正評
CPU,AMD R5 8500G,AMD,Ryzen 5,型號,[請益] 請問文書機是組AMD 8500G嗎？,https://www.ptt.cc/bbs/PC_Shopping/M.1731803428.A.580.html,推,8500g可以啊.沒不行.,11/17/2024,14378,True,中立
CPU,AMD R5 8500G,AMD,Ryzen 5,型號,[請益] 請問文書機是組AMD 8500G嗎？,https://www.ptt.cc/bbs/PC_Shopping/M.1731803428.A.580.html,→,這台跑原神/鳴潮1080p都行了 cpu對標,11/17/2024,14381,True,中立
CPU,AMD R5 8500G,AMD,Ryzen 5,型號,[請益] 請問文書機是組AMD 8500G嗎？,https://www.ptt.cc/bbs/PC_Shopping/M.1731803428.A.580.html,→,兩者效能基本沒體感差距,11/17/2024,14384,True,中立
CPU,AMD R5 8500G,AMD,Ryzen 5,型號,[請益] 請問文書機是組AMD 8500G嗎？,https://www.ptt.cc/bbs/PC_Shopping/M.1731803428.A.580.html,→,除非打算日後升級顯卡 不然沒必要組,11/17/2024,14385,True,中立
CPU,AMD R5 8500G,AMD,Ryzen 5,型號,[請益] 請問文書機是組AMD 8500G嗎？,https://www.ptt.cc/bbs/PC_Shopping/M.1731803428.A.580.html,推,對岸公版BIOS寫的很爛 TDP也放不開,11/17/2024,14390,True,負評
CPU,AMD R5 8500G,AMD,Ryzen 5,型號,[請益] 請問文書機是組AMD 8500G嗎？,https://www.ptt.cc/bbs/PC_Shopping/M.1731803428.A.580.html,→,有加1K左右預算上D5的話可以 比5500G,11/17/2024,14395,True,中立
CPU,AMD R5 8500G,AMD,Ryzen 5,型號,[請益] 請問文書機是組AMD 8500G嗎？,https://www.ptt.cc/bbs/PC_Shopping/M.1731803428.A.580.html,→,年保 記憶體還可以用便宜D4,11/18/2024,14398,True,中立
CPU,AMD R5 8500G,AMD,Ryzen 5,型號,[請益] 請問文書機是組AMD 8500G嗎？,https://www.ptt.cc/bbs/PC_Shopping/M.1731803428.A.580.html,→,600RPM才壓得住,11/18/2024,14413,True,負評
CPU,AMD R5 8500G,AMD,Ryzen 5,型號,[請益] 請問文書機是組AMD 8500G嗎？,https://www.ptt.cc/bbs/PC_Shopping/M.1731803428.A.580.html,→,2萬的迷你電腦實力很恐怖,11/18/2024,14415,True,正評
CPU,AMD R5 8500G,AMD,Ryzen 5,型號,[請益] 請問文書機是組AMD 8500G嗎？,https://www.ptt.cc/bbs/PC_Shopping/M.1731803428.A.580.html,→,耗電又極低，不用擔心迷你電腦的散熱方,11/18/2024,14416,True,正評
CPU,AMD R5 8500G,AMD,Ryzen 5,型號,[請益] 請問文書機是組AMD 8500G嗎？,https://www.ptt.cc/bbs/PC_Shopping/M.1731803428.A.580.html,→,用內顯沒什麼不好，顯卡壽命普遍比CPU,11/19/2024,14418,True,中立
CPU,AMD R5 8500G,AMD,Ryzen 5,型號,[請益] 請問文書機是組AMD 8500G嗎？,https://www.ptt.cc/bbs/PC_Shopping/M.1731803428.A.580.html,→,短，沒風扇的顯卡過熱你不會知道，CPU,11/19/2024,14419,True,負評
CPU,AMD R5 8500G,AMD,Ryzen 5,型號,[請益] 請問文書機是組AMD 8500G嗎？,https://www.ptt.cc/bbs/PC_Shopping/M.1731803428.A.580.html,→,熱了至少風扇叫你還會記得該清灰塵。,11/19/2024,14420,True,負評
CPU,AMD R5 8500G,AMD,Ryzen 5,型號(情報),[情報] AMD Ryzen 5 8500G 上市,https://www.ptt.cc/bbs/PC_Shopping/M.1707644932.A.EDE.html,→,主要是這顆閹割太多，值得的價格又更低了,02/11/2024,14426,True,負評
CPU,AMD R5 8500G,AMD,Ryzen 5,型號(情報),[情報] AMD Ryzen 5 8500G 上市,https://www.ptt.cc/bbs/PC_Shopping/M.1707644932.A.EDE.html,→,apu拿掉ecc 沒什麼吸引力,02/11/2024,14427,True,負評
CPU,AMD R5 8500G,AMD,Ryzen 5,型號(情報),[情報] AMD Ryzen 5 8500G 上市,https://www.ptt.cc/bbs/PC_Shopping/M.1707644932.A.EDE.html,推,Deskmeet X600配8500G很ok,02/11/2024,14431,True,正評
CPU,AMD R5 8500G,AMD,Ryzen 5,型號(情報),[情報] AMD Ryzen 5 8500G 上市,https://www.ptt.cc/bbs/PC_Shopping/M.1707644932.A.EDE.html,→,8300G也是740M 要文書的話這顆比較實際,02/11/2024,14434,True,中立
CPU,AMD R5 8500G,AMD,Ryzen 5,型號(情報),[情報] AMD Ryzen 5 8500G 上市,https://www.ptt.cc/bbs/PC_Shopping/M.1707644932.A.EDE.html,→,如果是不用到圖像相關文書，APU很夠了,02/11/2024,14439,True,正評
CPU,AMD R5 8500G,AMD,Ryzen 5,型號(情報),[情報] AMD Ryzen 5 8500G 上市,https://www.ptt.cc/bbs/PC_Shopping/M.1707644932.A.EDE.html,→,你顯卡出事的時候就會感受到內顯實用,02/11/2024,14443,True,中立
CPU,AMD R5 8500G,AMD,Ryzen 5,型號(情報),[情報] AMD Ryzen 5 8500G 上市,https://www.ptt.cc/bbs/PC_Shopping/M.1707644932.A.EDE.html,推,主要還是獨顯只有X8這點比較麻煩,02/11/2024,14444,True,中立
CPU,AMD R5 8500G,AMD,Ryzen 5,型號(情報),[情報] AMD Ryzen 5 8500G 上市,https://www.ptt.cc/bbs/PC_Shopping/M.1707644932.A.EDE.html,推,買獨顯就不會選這顆了。這個大概就高級版,02/11/2024,14446,True,負評
CPU,AMD R5 8500G,AMD,Ryzen 5,型號(情報),[情報] AMD Ryzen 5 8500G 上市,https://www.ptt.cc/bbs/PC_Shopping/M.1707644932.A.EDE.html,推,很怪，這顆組的電腦完全被7840hs小主,02/12/2024,14459,True,負評
CPU,AMD R5 8500G,AMD,Ryzen 5,型號(情報),[情報] AMD Ryzen 5 8500G 上市,https://www.ptt.cc/bbs/PC_Shopping/M.1707644932.A.EDE.html,→,反正R5的APU醃到不成人形也不是第一次,02/12/2024,14461,True,負評
CPU,AMD R5 8500G,AMD,Ryzen 5,型號(情報),[情報] AMD Ryzen 5 8500G 上市,https://www.ptt.cc/bbs/PC_Shopping/M.1707644932.A.EDE.html,→,還不錯耶，算是有拉開跟5600G的距離,02/12/2024,14464,True,正評
CPU,AMD R5 8500G,AMD,Ryzen 5,型號(情報),[情報] AMD Ryzen 5 8500G 上市,https://www.ptt.cc/bbs/PC_Shopping/M.1707644932.A.EDE.html,推,如果比5700G強那也挺不錯的,02/12/2024,14468,True,中立
CPU,AMD R5 8500G,AMD,Ryzen 5,型號(情報),[情報] AMD Ryzen 5 8500G 上市,https://www.ptt.cc/bbs/PC_Shopping/M.1707644932.A.EDE.html,推,這等級的GPU真的只夠顯卡壞時應急用而已,02/12/2024,14469,True,中立
CPU,AMD R5 8500G,AMD,Ryzen 5,型號(情報),[情報] AMD Ryzen 5 8500G 上市,https://www.ptt.cc/bbs/PC_Shopping/M.1707644932.A.EDE.html,→,強，文書用途沒CP值,02/12/2024,14471,True,中立
CPU,AMD R5 8500G,AMD,Ryzen 5,型號(情報),[情報] AMD Ryzen 5 8500G 上市,https://www.ptt.cc/bbs/PC_Shopping/M.1707644932.A.EDE.html,→,差距50美元 不值得 8500G刪減得規格太多,02/13/2024,14473,True,負評
CPU,AMD R5 8500G,AMD,Ryzen 5,型號(情報),[情報] AMD Ryzen 5 8500G 上市,https://www.ptt.cc/bbs/PC_Shopping/M.1707644932.A.EDE.html,→,內顯規模剩一半 4小核只跑3.7GHz 砍掉NPU,02/13/2024,14474,True,負評
CPU,AMD R5 8500G,AMD,Ryzen 5,型號(情報),[情報] AMD Ryzen 5 8500G 上市,https://www.ptt.cc/bbs/PC_Shopping/M.1707644932.A.EDE.html,→,直上8600G較值得 在意功耗的話也能自行調降,02/13/2024,14476,True,中立
CPU,AMD R5 8500G,AMD,Ryzen 5,型號(情報),[情報] AMD Ryzen 5 8500G 上市,https://www.ptt.cc/bbs/PC_Shopping/M.1707644932.A.EDE.html,→,或者8500G必須賣更便宜一些 目前這價格太貴,02/13/2024,14477,True,負評
CPU,AMD R5 8500G,AMD,Ryzen 5,型號(情報),[情報] AMD Ryzen 5 8500G 上市,https://www.ptt.cc/bbs/PC_Shopping/M.1707644932.A.EDE.html,→,是intel那票垃圾內顯無法企及的好嗎,02/13/2024,14479,True,正評
CPU,AMD R5 8500G,AMD,Ryzen 5,型號(情報),[情報] AMD Ryzen 5 8500G 上市,https://www.ptt.cc/bbs/PC_Shopping/M.1707644932.A.EDE.html,→,只是8600G 8700G更猛 有預算就直上了啦,02/13/2024,14480,True,中立
CPU,AMD R5 8500G,AMD,Ryzen 5,型號(情報),[情報] AMD Ryzen 5 8500G 上市,https://www.ptt.cc/bbs/PC_Shopping/M.1707644932.A.EDE.html,→,跑分 或者是GTA5這些DX11遊戲的表現,02/14/2024,14484,True,中立
CPU,AMD R5 8500G,AMD,Ryzen 5,型號(情報),[情報] AMD Ryzen 5 8500G 上市,https://www.ptt.cc/bbs/PC_Shopping/M.1707644932.A.EDE.html,→,Vega7內顯 缺少硬體的mesh shaders支援,02/14/2024,14486,True,中立
CPU,AMD R5 8500G,AMD,Ryzen 5,型號(情報),[情報] AMD Ryzen 5 8500G 上市,https://www.ptt.cc/bbs/PC_Shopping/M.1707644932.A.EDE.html,→,不過我的觀點是8500G省50鎂 但規格犧牲太多,02/14/2024,14489,True,負評
CPU,AMD R5 8500G,AMD,Ryzen 5,型號(情報),[情報] AMD Ryzen 5 8500G 上市,https://www.ptt.cc/bbs/PC_Shopping/M.1707644932.A.EDE.html,→,若能再賣便宜一些 對入門市場才有吸引力,02/14/2024,14490,True,中立
CPU,AMD R5 8500G,AMD,Ryzen 5,型號(情報),[情報] Ryzen 5 8500G 只給顯卡 PCIe 4.0 x4,https://www.ptt.cc/bbs/PC_Shopping/M.1705404867.A.9B4.html,→,哇...要快8000的話就沒啥CP值了,01/16/2024,14494,True,中立
CPU,AMD R5 8500G,AMD,Ryzen 5,型號(情報),[情報] Ryzen 5 8500G 只給顯卡 PCIe 4.0 x4,https://www.ptt.cc/bbs/PC_Shopping/M.1705404867.A.9B4.html,→,就沒有要給你插顯卡用吧,01/16/2024,14496,True,中立
CPU,AMD R5 8500G,AMD,Ryzen 5,型號(情報),[情報] Ryzen 5 8500G 只給顯卡 PCIe 4.0 x4,https://www.ptt.cc/bbs/PC_Shopping/M.1705404867.A.9B4.html,推,這樣用舊顯示卡只有PCI-E 3.0也只有,01/16/2024,14522,True,中立
CPU,AMD R5 8500G,AMD,Ryzen 5,型號(情報),[情報] Ryzen 5 8500G 只給顯卡 PCIe 4.0 x4,https://www.ptt.cc/bbs/PC_Shopping/M.1705404867.A.9B4.html,→,"3.0 x4, 很不好",01/16/2024,14523,True,負評
CPU,AMD R5 8500G,AMD,Ryzen 5,型號(情報),[情報] Ryzen 5 8500G 只給顯卡 PCIe 4.0 x4,https://www.ptt.cc/bbs/PC_Shopping/M.1705404867.A.9B4.html,推,沒差吧，顯卡用3060等級的都還用不滿,01/16/2024,14527,True,中立
CPU,AMD R5 8500G,AMD,Ryzen 5,型號(情報),[情報] Ryzen 5 8500G 只給顯卡 PCIe 4.0 x4,https://www.ptt.cc/bbs/PC_Shopping/M.1705404867.A.9B4.html,推,搭配RX 6500 XT一代神卡帶寬剛剛好,01/16/2024,14528,True,中立
CPU,AMD R5 8500G,AMD,Ryzen 5,型號(情報),[情報] Ryzen 5 8500G 只給顯卡 PCIe 4.0 x4,https://www.ptt.cc/bbs/PC_Shopping/M.1705404867.A.9B4.html,推,8500G真的不建議4CU加上用zen4c，實在砍,01/16/2024,14529,True,負評
CPU,AMD R5 8500G,AMD,Ryzen 5,型號(情報),[情報] Ryzen 5 8500G 只給顯卡 PCIe 4.0 x4,https://www.ptt.cc/bbs/PC_Shopping/M.1705404867.A.9B4.html,→,太多。建議還是8600G以上的Phoenix 1,01/16/2024,14530,True,負評
CPU,AMD R5 8500G,AMD,Ryzen 5,型號(情報),[情報] Ryzen 5 8500G 只給顯卡 PCIe 4.0 x4,https://www.ptt.cc/bbs/PC_Shopping/M.1705404867.A.9B4.html,→,只能選Intel 只要效能更好的內顯不外接就AMD,01/16/2024,14536,True,中立
CPU,AMD R5 8500G,AMD,Ryzen 5,型號(情報),[情報] Ryzen 5 8500G 只給顯卡 PCIe 4.0 x4,https://www.ptt.cc/bbs/PC_Shopping/M.1705404867.A.9B4.html,推,Ryzen 7000現在都有內顯 沒必要買apu過渡,01/16/2024,14537,True,負評
CPU,AMD R5 8500G,AMD,Ryzen 5,型號(情報),[情報] Ryzen 5 8500G 只給顯卡 PCIe 4.0 x4,https://www.ptt.cc/bbs/PC_Shopping/M.1705404867.A.9B4.html,推,APU不是過渡用，確定永遠不上獨顯才買,01/16/2024,14541,True,中立
CPU,AMD R5 8600G,AMD,Ryzen 5,型號,"[請益] 輕遊戲機8600G,5500gt怎麼選?",https://www.ptt.cc/bbs/PC_Shopping/M.1758001882.A.E4D.html,推,有顯卡就別買apu了吧,09/16/2025,14559,True,負評
CPU,AMD R5 8600G,AMD,Ryzen 5,型號,"[請益] 輕遊戲機8600G,5500gt怎麼選?",https://www.ptt.cc/bbs/PC_Shopping/M.1758001882.A.E4D.html,→,PCIe通道數被閹割過你跑下去一定輸同,09/16/2025,14563,True,中立
CPU,AMD R5 8600G,AMD,Ryzen 5,型號,"[請益] 輕遊戲機8600G,5500gt怎麼選?",https://www.ptt.cc/bbs/PC_Shopping/M.1758001882.A.E4D.html,→,CPU 是單獨比內顯一定會輸APU,09/16/2025,14568,True,中立
CPU,AMD R5 8600G,AMD,Ryzen 5,型號,"[請益] 輕遊戲機8600G,5500gt怎麼選?",https://www.ptt.cc/bbs/PC_Shopping/M.1758001882.A.E4D.html,→,大不了就是別開PBO罷了 auto還是能用,09/16/2025,14576,True,中立
CPU,AMD R5 8600G,AMD,Ryzen 5,型號,"[請益] 輕遊戲機8600G,5500gt怎麼選?",https://www.ptt.cc/bbs/PC_Shopping/M.1758001882.A.E4D.html,→,會有跑不動的問題 只是X3D能跑300禎,09/16/2025,14583,True,負評
CPU,AMD R5 8600G,AMD,Ryzen 5,型號,"[請益] 輕遊戲機8600G,5500gt怎麼選?",https://www.ptt.cc/bbs/PC_Shopping/M.1758001882.A.E4D.html,→,APU可能只能跑100,09/16/2025,14584,True,中立
CPU,AMD R5 8600G,AMD,Ryzen 5,型號,"[請益] 輕遊戲機8600G,5500gt怎麼選?",https://www.ptt.cc/bbs/PC_Shopping/M.1758001882.A.E4D.html,→,有顯卡不要買apu,09/16/2025,14588,True,負評
CPU,AMD R5 8600G,AMD,Ryzen 5,型號,"[請益] 輕遊戲機8600G,5500gt怎麼選?",https://www.ptt.cc/bbs/PC_Shopping/M.1758001882.A.E4D.html,→,整的CCD讓他上不上下不下的。,09/16/2025,14590,True,中立
CPU,AMD R5 8600G,AMD,Ryzen 5,型號,"[請益] 輕遊戲機8600G,5500gt怎麼選?",https://www.ptt.cc/bbs/PC_Shopping/M.1758001882.A.E4D.html,→,8600G最大的優勢就是它支援AV1而5500GT,09/16/2025,14595,True,中立
CPU,AMD R5 8600G,AMD,Ryzen 5,型號,"[請益] 輕遊戲機8600G,5500gt怎麼選?",https://www.ptt.cc/bbs/PC_Shopping/M.1758001882.A.E4D.html,→,內顯效能也有差距，5500GT差不多GTX750,09/16/2025,14598,True,中立
CPU,AMD R5 8600G,AMD,Ryzen 5,型號,"[請益] 輕遊戲機8600G,5500gt怎麼選?",https://www.ptt.cc/bbs/PC_Shopping/M.1758001882.A.E4D.html,→,不起來，一個是全最低起碼開得起來。,09/16/2025,14599,True,中立
CPU,AMD R5 8600G,AMD,Ryzen 5,型號,"[請益] 輕遊戲機8600G,5500gt怎麼選?",https://www.ptt.cc/bbs/PC_Shopping/M.1758001882.A.E4D.html,→,在Zen3裡面它本身就是墊底的東西了，你,09/16/2025,14605,True,負評
CPU,AMD R5 8600G,AMD,Ryzen 5,型號,"[請益] 輕遊戲機8600G,5500gt怎麼選?",https://www.ptt.cc/bbs/PC_Shopping/M.1758001882.A.E4D.html,→,Cinebench R23單核 8600G 13359、12400,09/16/2025,14623,True,中立
CPU,AMD R5 8600G,AMD,Ryzen 5,型號,"[請益] 輕遊戲機8600G,5500gt怎麼選?",https://www.ptt.cc/bbs/PC_Shopping/M.1758001882.A.E4D.html,→,真要用內顯就8600G了。,09/16/2025,14626,True,正評
CPU,AMD R5 8600G,AMD,Ryzen 5,型號,"[請益] 輕遊戲機8600G,5500gt怎麼選?",https://www.ptt.cc/bbs/PC_Shopping/M.1758001882.A.E4D.html,→,它唯一的價值只剩最便宜買得到AV1編解,09/16/2025,14628,True,中立
CPU,AMD R5 8600G,AMD,Ryzen 5,型號,"[請益] 輕遊戲機8600G,5500gt怎麼選?",https://www.ptt.cc/bbs/PC_Shopping/M.1758001882.A.E4D.html,→,只有4.0X4，內顯效能大概跟1050差不多,09/16/2025,14631,True,中立
CPU,AMD R5 8600G,AMD,Ryzen 5,型號,[菜單] deskmini_X600_8600G 小鋼炮,https://www.ptt.cc/bbs/PC_Shopping/M.1748703195.A.BAB.html,→,到位，8700G這效能真的很快,06/01/2025,14647,True,正評
CPU,AMD R5 8600G,AMD,Ryzen 5,型號,[請益] DeskminiX600+8600G需另買CPU散熱器嗎？,https://www.ptt.cc/bbs/PC_Shopping/M.1740384252.A.714.html,→,AMD原廠扇要拆點殼才塞得進去,02/24/2025,14663,True,中立
CPU,AMD R5 8600G,AMD,Ryzen 5,型號,[請益] DeskminiX600+8600G需另買CPU散熱器嗎？,https://www.ptt.cc/bbs/PC_Shopping/M.1740384252.A.714.html,→,原創扇要拆外面那圈殼 我8500g直接用附贈的,02/24/2025,14664,True,中立
CPU,AMD R5 8600G,AMD,Ryzen 5,型號,[請益] DeskminiX600+8600G需另買CPU散熱器嗎？,https://www.ptt.cc/bbs/PC_Shopping/M.1740384252.A.714.html,→,超廉價鋁擠下吹散熱器也正常用,02/24/2025,14665,True,正評
CPU,AMD R5 8600G,AMD,Ryzen 5,型號,[請益] DeskminiX600+8600G需另買CPU散熱器嗎？,https://www.ptt.cc/bbs/PC_Shopping/M.1740384252.A.714.html,推,很需要省錢的話有送原廠的 但就只是堪用的,02/24/2025,14666,True,中立
CPU,AMD R5 8600G,AMD,Ryzen 5,型號,[請益] DeskminiX600+8600G需另買CPU散熱器嗎？,https://www.ptt.cc/bbs/PC_Shopping/M.1740384252.A.714.html,推,8600g附的原廠風扇是拆了外殼也進不去 X,02/24/2025,14667,True,中立
CPU,AMD R5 8600G,AMD,Ryzen 5,型號,[請益] DeskminiX600+8600G需另買CPU散熱器嗎？,https://www.ptt.cc/bbs/PC_Shopping/M.1740384252.A.714.html,推,8600g付的風扇跟以前高度不同 你拉外殼,02/25/2025,14676,True,中立
CPU,AMD R5 8600G,AMD,Ryzen 5,型號,[心得] R5 8600G 7L主機裝機分享,https://www.ptt.cc/bbs/PC_Shopping/M.1727923803.A.3AD.html,→,主機，開65W模式，體積又更小，顯示核心7,10/03/2024,14678,True,中立
CPU,AMD R5 8600G,AMD,Ryzen 5,型號,[心得] R5 8600G 7L主機裝機分享,https://www.ptt.cc/bbs/PC_Shopping/M.1727923803.A.3AD.html,→,80m又比8600g的760m強上一截。目前等小主,10/03/2024,14679,True,中立
CPU,AMD R5 8600G,AMD,Ryzen 5,型號,[心得] R5 8600G 7L主機裝機分享,https://www.ptt.cc/bbs/PC_Shopping/M.1727923803.A.3AD.html,→,裝機 省錢省事性能還更好,10/03/2024,14685,True,正評
CPU,AMD R5 8600G,AMD,Ryzen 5,型號,[心得] R5 8600G 7L主機裝機分享,https://www.ptt.cc/bbs/PC_Shopping/M.1727923803.A.3AD.html,推,APU功耗那麼低，加不加裝機殼扇會差很,10/03/2024,14695,True,中立
CPU,AMD R5 8600G,AMD,Ryzen 5,型號,[心得] R5 8600G 7L主機裝機分享,https://www.ptt.cc/bbs/PC_Shopping/M.1727923803.A.3AD.html,推,蕭邦MAX:我超猛!一顆CPU扇HOLD全部,10/03/2024,14707,True,正評
CPU,AMD R5 8600G,AMD,Ryzen 5,型號,[心得] R5 8600G 7L主機裝機分享,https://www.ptt.cc/bbs/PC_Shopping/M.1727923803.A.3AD.html,推,追求靜音的話還是要大台，風扇轉速才低,10/03/2024,14709,True,中立
CPU,AMD R5 8600G,AMD,Ryzen 5,型號,[心得] R5 8600G 7L主機裝機分享,https://www.ptt.cc/bbs/PC_Shopping/M.1727923803.A.3AD.html,→,機大概就兩個x4，不過小主機的待機功耗,10/03/2024,14711,True,中立
CPU,AMD R5 8600G,AMD,Ryzen 5,型號,[心得] R5 8600G 7L主機裝機分享,https://www.ptt.cc/bbs/PC_Shopping/M.1727923803.A.3AD.html,→,迷你電腦86G也能輕鬆壓得住,10/03/2024,14720,True,正評
CPU,AMD R5 8600G,AMD,Ryzen 5,型號,[心得] R5 8600G 7L主機裝機分享,https://www.ptt.cc/bbs/PC_Shopping/M.1727923803.A.3AD.html,→,87G效能更高 但也更熱 散熱也更巨 需要的,10/03/2024,14730,True,中立
CPU,AMD R5 8600G,AMD,Ryzen 5,型號,[心得] R5 8600G 7L主機裝機分享,https://www.ptt.cc/bbs/PC_Shopping/M.1727923803.A.3AD.html,→,87G的價差沒啥吸引力 86G甚至85G應該就妥了,10/03/2024,14731,True,中立
CPU,AMD R5 8600G,AMD,Ryzen 5,型號,[心得] R5 8600G 7L主機裝機分享,https://www.ptt.cc/bbs/PC_Shopping/M.1727923803.A.3AD.html,→,配87G 不如7700+獨顯 當然體積就沒這簡單了,10/03/2024,14732,True,負評
CPU,AMD R5 8600G,AMD,Ryzen 5,型號,[心得] R5 8600G 7L主機裝機分享,https://www.ptt.cc/bbs/PC_Shopping/M.1727923803.A.3AD.html,→,一定會好許多，使用壽命也會相對比較長,10/03/2024,14740,True,正評
CPU,AMD R5 8600G,AMD,Ryzen 5,型號,[心得] R5 8600G 7L主機裝機分享,https://www.ptt.cc/bbs/PC_Shopping/M.1727923803.A.3AD.html,推,說小主機的，放桌上有夠吵，灰塵也吃,10/03/2024,14742,True,負評
CPU,AMD R5 8600G,AMD,Ryzen 5,型號,[心得] R5 8600G 7L主機裝機分享,https://www.ptt.cc/bbs/PC_Shopping/M.1727923803.A.3AD.html,→,一般筆電一樣，解熱能力跟文書本也差不,10/05/2024,14751,True,中立
CPU,AMD R5 8600G,AMD,Ryzen 5,型號,[請益]AMD Ryzen 7 8600G內顯疑問,https://www.ptt.cc/bbs/PC_Shopping/M.1712838720.A.75E.html,→,87G $10900超貴 75F+6650XT=$11980你該買,04/11/2024,14758,True,正評
CPU,AMD R5 8600G,AMD,Ryzen 5,型號,[請益]AMD Ryzen 7 8600G內顯疑問,https://www.ptt.cc/bbs/PC_Shopping/M.1712838720.A.75E.html,→,這2顆內顯是不一樣的...760m跟780m效,04/11/2024,14759,True,中立
CPU,AMD R5 8600G,AMD,Ryzen 5,型號,[請益]AMD Ryzen 7 8600G內顯疑問,https://www.ptt.cc/bbs/PC_Shopping/M.1712838720.A.75E.html,推,780m配上雙通記憶體可以1080p中畫,04/11/2024,14761,True,中立
CPU,AMD R5 8600G,AMD,Ryzen 5,型號,[請益]AMD Ryzen 7 8600G內顯疑問,https://www.ptt.cc/bbs/PC_Shopping/M.1712838720.A.75E.html,→,質跑60fps沒問題,04/11/2024,14762,True,正評
CPU,AMD R5 8600G,AMD,Ryzen 5,型號,[請益]AMD Ryzen 7 8600G內顯疑問,https://www.ptt.cc/bbs/PC_Shopping/M.1712838720.A.75E.html,推,你有打算加顯卡就不用考慮APU,04/11/2024,14769,True,中立
CPU,AMD R5 8600G,AMD,Ryzen 5,型號,[請益]AMD Ryzen 7 8600G內顯疑問,https://www.ptt.cc/bbs/PC_Shopping/M.1712838720.A.75E.html,→,年都要靠內顯撐 別說有多憋屈了,04/11/2024,14792,True,負評
CPU,AMD R5 8600G,AMD,Ryzen 5,型號,[請益]AMD Ryzen 7 8600G內顯疑問,https://www.ptt.cc/bbs/PC_Shopping/M.1712838720.A.75E.html,推,apu只適合沒打算加顯卡的,04/11/2024,14799,True,中立
CPU,AMD R5 8600G,AMD,Ryzen 5,型號,[請益]AMD Ryzen 7 8600G內顯疑問,https://www.ptt.cc/bbs/PC_Shopping/M.1712838720.A.75E.html,噓,紅的明顯 對岸有測過8600g插顯卡大概輸給,04/11/2024,14805,True,中立
CPU,AMD R5 8600G,AMD,Ryzen 5,型號,[請益]AMD Ryzen 7 8600G內顯疑問,https://www.ptt.cc/bbs/PC_Shopping/M.1712838720.A.75E.html,→,講究CP值就是直接買未來可以完整發揮,04/11/2024,14810,True,中立
CPU,AMD R5 8600G,AMD,Ryzen 5,型號,[請益]AMD Ryzen 7 8600G內顯疑問,https://www.ptt.cc/bbs/PC_Shopping/M.1712838720.A.75E.html,→,卡來擋性能也不會輸APU,04/11/2024,14812,True,中立
CPU,AMD R5 8600G,AMD,Ryzen 5,型號,[請益]AMD Ryzen 7 8600G內顯疑問,https://www.ptt.cc/bbs/PC_Shopping/M.1712838720.A.75E.html,推,特效關一關應該能跑 只是有的人30FPS叫,04/12/2024,14822,True,中立
CPU,AMD R5 8600G,AMD,Ryzen 5,型號,[請益]AMD Ryzen 7 8600G內顯疑問,https://www.ptt.cc/bbs/PC_Shopping/M.1712838720.A.75E.html,→,APU目前就尷尬 除非你想組小機殼,04/12/2024,14829,True,中立
CPU,AMD R5 8600G,AMD,Ryzen 5,型號,[請益]AMD Ryzen 7 8600G內顯疑問,https://www.ptt.cc/bbs/PC_Shopping/M.1712838720.A.75E.html,推,真的要買APU我覺得就別想未來夠不夠用，專,04/12/2024,14830,True,負評
CPU,AMD R5 8600G,AMD,Ryzen 5,型號,[請益]AMD Ryzen 7 8600G內顯疑問,https://www.ptt.cc/bbs/PC_Shopping/M.1712838720.A.75E.html,推,APU是一直以來都尷尬 註定不可能打得過主,04/12/2024,14836,True,中立
CPU,AMD R5 8600G,AMD,Ryzen 5,型號,[請益]AMD Ryzen 7 8600G內顯疑問,https://www.ptt.cc/bbs/PC_Shopping/M.1712838720.A.75E.html,推,"有要裝顯卡就避開APU, 買普通版本",04/12/2024,14839,True,負評
CPU,AMD R5 8600G,AMD,Ryzen 5,型號,[請益]AMD Ryzen 7 8600G內顯疑問,https://www.ptt.cc/bbs/PC_Shopping/M.1712838720.A.75E.html,推,玩3A就是別用內顯,04/12/2024,14849,True,負評
CPU,AMD R5 8600G,AMD,Ryzen 5,型號,[請益]AMD Ryzen 7 8600G內顯疑問,https://www.ptt.cc/bbs/PC_Shopping/M.1712838720.A.75E.html,→,86G降到4500以下才買的價值,04/12/2024,14851,True,正評
CPU,AMD R5 8600G,AMD,Ryzen 5,型號,[請益]AMD Ryzen 7 8600G內顯疑問,https://www.ptt.cc/bbs/PC_Shopping/M.1712838720.A.75E.html,→,都還比這個APU方案好,04/12/2024,14859,True,負評
CPU,AMD R5 8600G,AMD,Ryzen 5,型號,"[閒聊] 8600G stable diffusion (directml, ROCM)",https://www.ptt.cc/bbs/PC_Shopping/M.1709471311.A.BDF.html,→,異構運算超難寫，這NPU加進去是變快變,03/03/2024,14892,True,中立
CPU,AMD R5 8600G,AMD,Ryzen 5,型號,"[閒聊] 8600G stable diffusion (directml, ROCM)",https://www.ptt.cc/bbs/PC_Shopping/M.1709471311.A.BDF.html,推,這不錯阿 這樣搭個48G*4的消費級顯,03/03/2024,14893,True,正評
CPU,AMD R5 8600G,AMD,Ryzen 5,型號,"[閒聊] 8600G stable diffusion (directml, ROCM)",https://www.ptt.cc/bbs/PC_Shopping/M.1709471311.A.BDF.html,→,比AMD的卡快。,03/03/2024,14897,True,中立
CPU,AMD R5 8600G,AMD,Ryzen 5,型號,"[閒聊] 8600G stable diffusion (directml, ROCM)",https://www.ptt.cc/bbs/PC_Shopping/M.1709471311.A.BDF.html,推,一分鐘才出一張512x512...而且是SD 1.5,03/03/2024,14899,True,中立
CPU,AMD R5 8600G,AMD,Ryzen 5,型號,"[閒聊] 8600G stable diffusion (directml, ROCM)",https://www.ptt.cc/bbs/PC_Shopping/M.1709471311.A.BDF.html,→,一分鐘一張SD 1.5的512x512真的沒實用性,03/04/2024,14907,True,負評
CPU,AMD R5 8600G,AMD,Ryzen 5,型號,"[閒聊] 8600G stable diffusion (directml, ROCM)",https://www.ptt.cc/bbs/PC_Shopping/M.1709471311.A.BDF.html,→,花費一大番功夫幾十GB空間後用8600G開算,03/04/2024,14917,True,中立
CPU,AMD R5 8600G,AMD,Ryzen 5,型號,"[閒聊] 8600G stable diffusion (directml, ROCM)",https://www.ptt.cc/bbs/PC_Shopping/M.1709471311.A.BDF.html,推,目前npu只是功耗佳。igpu的效能還是贏。,03/04/2024,14930,True,中立
CPU,AMD R5 8600G,AMD,Ryzen 5,型號,"[閒聊] 8600G stable diffusion (directml, ROCM)",https://www.ptt.cc/bbs/PC_Shopping/M.1709471311.A.BDF.html,→,目前是不足的，等二代或三代，或AI優化到,03/04/2024,14942,True,負評
CPU,AMD R5 8600G,AMD,Ryzen 5,型號,"[閒聊] 8600G stable diffusion (directml, ROCM)",https://www.ptt.cc/bbs/PC_Shopping/M.1709471311.A.BDF.html,推,npu用在自駕比較多啊 但算力還是在中低端,03/04/2024,14950,True,中立
CPU,AMD R5 8600G,AMD,Ryzen 5,型號,[測試] 8600G與A620I Lightning WiFi 簡單測試,https://www.ptt.cc/bbs/PC_Shopping/M.1708959635.A.995.html,推,8600G 不錯,02/26/2024,14958,True,正評
CPU,AMD R5 8600G,AMD,Ryzen 5,型號,[測試] 8600G與A620I Lightning WiFi 簡單測試,https://www.ptt.cc/bbs/PC_Shopping/M.1708959635.A.995.html,推,"正式打敗1050 Ti, 等降價後應該很香",02/27/2024,14959,True,正評
CPU,AMD R5 8600G,AMD,Ryzen 5,型號,[測試] 8600G與A620I Lightning WiFi 簡單測試,https://www.ptt.cc/bbs/PC_Shopping/M.1708959635.A.995.html,推,推A板+G核，小機機的完美搭配,02/27/2024,14960,True,正評
CPU,AMD R5 8600G,AMD,Ryzen 5,型號,[測試] 8600G與A620I Lightning WiFi 簡單測試,https://www.ptt.cc/bbs/PC_Shopping/M.1708959635.A.995.html,→,遊戲效能強約10~20%，感覺CP值還不夠高,02/27/2024,14963,True,中立
CPU,AMD R5 8600G,AMD,Ryzen 5,型號,[測試] 8600G與A620I Lightning WiFi 簡單測試,https://www.ptt.cc/bbs/PC_Shopping/M.1708959635.A.995.html,→,但若A620就夠86、8700G用的話還蠻令人心動,02/27/2024,14964,True,中立
CPU,AMD R5 8600G,AMD,Ryzen 5,型號,[測試] 8600G與A620I Lightning WiFi 簡單測試,https://www.ptt.cc/bbs/PC_Shopping/M.1708959635.A.995.html,推,這張A620唯一的缺點就是沒有解PBO 只能,02/27/2024,14968,True,中立
CPU,AMD R5 8600G,AMD,Ryzen 5,型號,[測試] 8600G與A620I Lightning WiFi 簡單測試,https://www.ptt.cc/bbs/PC_Shopping/M.1708959635.A.995.html,→,真香價 輕度遊戲+影音,02/27/2024,14971,True,正評
CPU,AMD R5 8600G,AMD,Ryzen 5,型號,[測試] 8600G與A620I Lightning WiFi 簡單測試,https://www.ptt.cc/bbs/PC_Shopping/M.1708959635.A.995.html,→,不知CPU與頂蓋間散熱膏乾掉後會否影響溫度,02/27/2024,14975,True,中立
CPU,AMD R5 8600G,AMD,Ryzen 5,型號,[測試] 8600G與A620I Lightning WiFi 簡單測試,https://www.ptt.cc/bbs/PC_Shopping/M.1708959635.A.995.html,推,顯卡分數和筆電780m差不多,02/29/2024,14978,True,中立
CPU,AMD R5 8600G,AMD,Ryzen 5,型號,[測試] 8600G與A620I Lightning WiFi 簡單測試,https://www.ptt.cc/bbs/PC_Shopping/M.1708959635.A.995.html,→,螢幕接口只有一個算硬傷,02/29/2024,14979,True,負評
CPU,AMD R5 8600G,AMD,Ryzen 5,型號,Re: [閒聊] 8600G/8700G AV1解碼性能？,https://www.ptt.cc/bbs/PC_Shopping/M.1708856140.A.EFC.html,→,我用4K軟解 CPU才20%以內,02/25/2024,15004,True,中立
CPU,AMD R5 8600G,AMD,Ryzen 5,型號,Re: [閒聊] 8600G/8700G AV1解碼性能？,https://www.ptt.cc/bbs/PC_Shopping/M.1708856140.A.EFC.html,→,CPU跑不滿還會降速,02/25/2024,15005,True,負評
CPU,AMD R5 8600G,AMD,Ryzen 5,型號,Re: [閒聊] 8600G/8700G AV1解碼性能？,https://www.ptt.cc/bbs/PC_Shopping/M.1708856140.A.EFC.html,→,8K直接CPU100%吃滿不降速 還會卡禎,02/25/2024,15006,True,負評
CPU,AMD R5 8600G,AMD,Ryzen 5,型號,Re: [閒聊] 8600G/8700G AV1解碼性能？,https://www.ptt.cc/bbs/PC_Shopping/M.1708856140.A.EFC.html,→,45HX的那小2CU內顯 遇到8K60 AV1都,02/25/2024,15012,True,中立
CPU,AMD R5 8600G,AMD,Ryzen 5,型號,Re: [閒聊] 8600G/8700G AV1解碼性能？,https://www.ptt.cc/bbs/PC_Shopping/M.1708856140.A.EFC.html,→,8k 會被拒絕。AV1 8k 沒擋但是fps個位數,02/26/2024,15020,True,中立
CPU,AMD R5 8600G,AMD,Ryzen 5,型號,Re: [閒聊] 8600G/8700G AV1解碼性能？,https://www.ptt.cc/bbs/PC_Shopping/M.1708856140.A.EFC.html,推,推實測 看來rdna3離8K60 AV1完美還差一步,02/26/2024,15021,True,中立
CPU,AMD R5 8600G,AMD,Ryzen 5,型號(情報),[情報] 8600G的頂蓋和die之間不是釬焊而是散熱膏,https://www.ptt.cc/bbs/PC_Shopping/M.1707062174.A.496.html,推,單晶片比較沒有積熱問題吧,02/05/2024,15044,True,中立
CPU,AMD R5 8600G,AMD,Ryzen 5,型號(情報),[情報] 8600G的頂蓋和die之間不是釬焊而是散熱膏,https://www.ptt.cc/bbs/PC_Shopping/M.1707062174.A.496.html,推,8600g溫度也太高了吧...,02/05/2024,15045,True,負評
CPU,AMD R5 8600G,AMD,Ryzen 5,型號(情報),[情報] 8600G的頂蓋和die之間不是釬焊而是散熱膏,https://www.ptt.cc/bbs/PC_Shopping/M.1707062174.A.496.html,推,賣那麼便宜，偷料蠻正常的，而且釬焊,02/05/2024,15051,True,負評
CPU,AMD R5 8600G,AMD,Ryzen 5,型號(情報),[情報] 8600G的頂蓋和die之間不是釬焊而是散熱膏,https://www.ptt.cc/bbs/PC_Shopping/M.1707062174.A.496.html,推,AMD 小晶片  積熱那麼兇  用哪種都沒差吧？,02/05/2024,15054,True,中立
CPU,AMD R5 8600G,AMD,Ryzen 5,型號(情報),[情報] 8600G的頂蓋和die之間不是釬焊而是散熱膏,https://www.ptt.cc/bbs/PC_Shopping/M.1707062174.A.496.html,→,"笑死,難怪温度這麼高,原來",02/05/2024,15060,True,負評
CPU,AMD R5 8600G,AMD,Ryzen 5,型號(情報),[情報] 8600G的頂蓋和die之間不是釬焊而是散熱膏,https://www.ptt.cc/bbs/PC_Shopping/M.1707062174.A.496.html,→,還想說買86會比較不熱 還好還沒買,02/05/2024,15062,True,中立
CPU,AMD R5 8600G,AMD,Ryzen 5,型號(情報),[情報] 8600G的頂蓋和die之間不是釬焊而是散熱膏,https://www.ptt.cc/bbs/PC_Shopping/M.1707062174.A.496.html,→,這顆用AG400壓的住嗎,02/05/2024,15063,True,中立
CPU,AMD R5 8600G,AMD,Ryzen 5,型號(情報),[情報] 8600G的頂蓋和die之間不是釬焊而是散熱膏,https://www.ptt.cc/bbs/PC_Shopping/M.1707062174.A.496.html,推,用原廠扇都能壓到80度ㄌ,02/05/2024,15064,True,中立
CPU,AMD R5 8600G,AMD,Ryzen 5,型號(情報),[情報] AMD忘記關閉STAPM限制導致8700G/8600G效,https://www.ptt.cc/bbs/PC_Shopping/M.1706815070.A.B7A.html,推,就是忘記啊 這是功耗長時間跑後被壓下來,02/02/2024,15074,True,負評
CPU,AMD R5 8600G,AMD,Ryzen 5,型號(情報),[情報] AMD忘記關閉STAPM限制導致8700G/8600G效,https://www.ptt.cc/bbs/PC_Shopping/M.1706815070.A.B7A.html,推,沒解除還是有5800x的效能,02/02/2024,15089,True,中立
CPU,AMD R5 8600G,AMD,Ryzen 5,型號,Re: [情報] 8600G $7600 8700G $10900 送D5 6000 16,https://www.ptt.cc/bbs/PC_Shopping/M.1706624168.A.278.html,推,信仰披風料子超差的。不要期待,01/30/2024,15097,True,負評
CPU,AMD R5 8600G,AMD,Ryzen 5,型號(情報),[情報] 8600G $7600 8700G $10900 送D5 6000 16,https://www.ptt.cc/bbs/PC_Shopping/M.1706620027.A.740.html,→,不過86G/87G價格不錯,01/30/2024,15109,True,中立
CPU,AMD R5 8600G,AMD,Ryzen 5,型號(情報),[情報] 8600G $7600 8700G $10900 送D5 6000 16,https://www.ptt.cc/bbs/PC_Shopping/M.1706620027.A.740.html,推,反了吧 內顯就是吃system ram的 參數影響,01/30/2024,15114,True,中立
CPU,AMD R5 8600G,AMD,Ryzen 5,型號(情報),[情報] 8600G $7600 8700G $10900 送D5 6000 16,https://www.ptt.cc/bbs/PC_Shopping/M.1706620027.A.740.html,→,頻寬>時序(延遲),01/30/2024,15116,True,中立
CPU,AMD R5 8600G,AMD,Ryzen 5,型號(情報),[情報] 8600G $7600 8700G $10900 送D5 6000 16,https://www.ptt.cc/bbs/PC_Shopping/M.1706620027.A.740.html,→,家機的那顆SOC直接吃GDDR 延遲其實很高,01/30/2024,15117,True,中立
CPU,AMD R5 8600G,AMD,Ryzen 5,型號(情報),[情報] 8600G $7600 8700G $10900 送D5 6000 16,https://www.ptt.cc/bbs/PC_Shopping/M.1706620027.A.740.html,→,你主要是內顯CL36跟cl30沒有大差別吧,01/30/2024,15120,True,中立
CPU,AMD R5 8600G,AMD,Ryzen 5,型號(情報),[情報] 8600G $7600 8700G $10900 送D5 6000 16,https://www.ptt.cc/bbs/PC_Shopping/M.1706620027.A.740.html,推,GPU對延遲不敏感，記憶體高時脈比較有,01/30/2024,15123,True,中立
CPU,AMD R5 8600G,AMD,Ryzen 5,型號(情報),[情報] 8600G $7600 8700G $10900 送D5 6000 16,https://www.ptt.cc/bbs/PC_Shopping/M.1706620027.A.740.html,推,6c拿55GT好香 跟另外兩顆只差時脈,01/30/2024,15126,True,中立
CPU,AMD R5 8600G,AMD,Ryzen 5,型號(情報),[情報] 8600G $7600 8700G $10900 送D5 6000 16,https://www.ptt.cc/bbs/PC_Shopping/M.1706620027.A.740.html,→,2021年的BIOS就能夠點亮 但到現在才下放零售,01/31/2024,15141,True,中立
CPU,AMD R5 8600G,AMD,Ryzen 5,型號(情報),[情報] 8600G $7600 8700G $10900 送D5 6000 16,https://www.ptt.cc/bbs/PC_Shopping/M.1706620027.A.740.html,推,8000系搭活動很香但考慮到顯示卡只能走X8,01/31/2024,15146,True,中立
CPU,AMD R5 8600G,AMD,Ryzen 5,型號,[閒聊] 評測8600G輸1050ti 8%、8700G輸1650 18%,https://www.ptt.cc/bbs/PC_Shopping/M.1706539082.A.74E.html,推,內顯這麼強很猛了吧,01/29/2024,15163,True,正評
CPU,AMD R5 8600G,AMD,Ryzen 5,型號,[閒聊] 評測8600G輸1050ti 8%、8700G輸1650 18%,https://www.ptt.cc/bbs/PC_Shopping/M.1706539082.A.74E.html,推,接近1650那很猛了 裝在筆電剛剛好,01/29/2024,15174,True,正評
CPU,AMD R5 8600G,AMD,Ryzen 5,型號,[閒聊] 評測8600G輸1050ti 8%、8700G輸1650 18%,https://www.ptt.cc/bbs/PC_Shopping/M.1706539082.A.74E.html,推,買這apu 不如直接買迷你主機,01/29/2024,15177,True,負評
CPU,AMD R5 8600G,AMD,Ryzen 5,型號,[閒聊] 評測8600G輸1050ti 8%、8700G輸1650 18%,https://www.ptt.cc/bbs/PC_Shopping/M.1706539082.A.74E.html,→,不看對岸評測預估 內顯還可以再超 dram,01/29/2024,15190,True,中立
CPU,AMD R5 8600G,AMD,Ryzen 5,型號,[閒聊] 評測8600G輸1050ti 8%、8700G輸1650 18%,https://www.ptt.cc/bbs/PC_Shopping/M.1706539082.A.74E.html,→,不追新遊戲的話 這很好用阿,01/29/2024,15198,True,正評
CPU,AMD R5 8600G,AMD,Ryzen 5,型號,[閒聊] 評測8600G輸1050ti 8%、8700G輸1650 18%,https://www.ptt.cc/bbs/PC_Shopping/M.1706539082.A.74E.html,→,用這開模擬器玩老遊戲應該很爽,01/29/2024,15199,True,正評
CPU,AMD R5 8600G,AMD,Ryzen 5,型號,[閒聊] 評測8600G輸1050ti 8%、8700G輸1650 18%,https://www.ptt.cc/bbs/PC_Shopping/M.1706539082.A.74E.html,→,那這樣在1080P下多數遊戲都能順玩了,01/29/2024,15204,True,正評
CPU,AMD R5 8600G,AMD,Ryzen 5,型號,[閒聊] 評測8600G輸1050ti 8%、8700G輸1650 18%,https://www.ptt.cc/bbs/PC_Shopping/M.1706539082.A.74E.html,→,1080P中低60HZ應該夠了,01/30/2024,15206,True,中立
CPU,AMD R5 8600G,AMD,Ryzen 5,型號,[閒聊] 評測8600G輸1050ti 8%、8700G輸1650 18%,https://www.ptt.cc/bbs/PC_Shopping/M.1706539082.A.74E.html,推,這顆就一樣780M 然後功耗牆解放而已啊 效,01/30/2024,15207,True,中立
CPU,AMD R5 8600G,AMD,Ryzen 5,型號,[閒聊] 評測8600G輸1050ti 8%、8700G輸1650 18%,https://www.ptt.cc/bbs/PC_Shopping/M.1706539082.A.74E.html,→,G實際上持平或險勝1050 Ti,01/30/2024,15210,True,中立
CPU,AMD R5 8600G,AMD,Ryzen 5,型號(情報),[情報] 歐洲57X3D偷跑便宜58X3D 20歐8600G 300歐,https://www.ptt.cc/bbs/PC_Shopping/M.1704454941.A.071.html,→,真的不如買7500f,01/05/2024,15236,True,負評
CPU,AMD R5 9500F,AMD,Ryzen 5,型號(情報),[情報] AMD Ryzen 9500F 台灣上市,https://www.ptt.cc/bbs/PC_Shopping/M.1760944765.A.595.html,推,不上不下，根本來搞笑的。,10/20/2025,15281,True,中立
CPU,AMD R5 9500F,AMD,Ryzen 5,型號(情報),[情報] AMD Ryzen 9500F 台灣上市,https://www.ptt.cc/bbs/PC_Shopping/M.1760944765.A.595.html,推,這價格根本沒優勢吧 乖乖買7500F,10/20/2025,15282,True,負評
CPU,AMD R5 9500F,AMD,Ryzen 5,型號(情報),[情報] AMD Ryzen 9500F 台灣上市,https://www.ptt.cc/bbs/PC_Shopping/M.1760944765.A.595.html,→,這價格好沒誠意啊 不如買9600X,10/20/2025,15288,True,負評
CPU,AMD R5 9500F,AMD,Ryzen 5,型號(情報),[情報] AMD Ryzen 9500F 台灣上市,https://www.ptt.cc/bbs/PC_Shopping/M.1760944765.A.595.html,推,這顆應該賣5000 取代7000系列,10/20/2025,15297,True,中立
CPU,AMD R5 9500F,AMD,Ryzen 5,型號(情報),[情報] AMD Ryzen 9500F 台灣上市,https://www.ptt.cc/bbs/PC_Shopping/M.1760944765.A.595.html,噓,無法超頻 勞賽版，你先買,10/20/2025,15298,True,中立
CPU,AMD R5 9500F,AMD,Ryzen 5,型號(情報),[情報] AMD Ryzen 9500F 台灣上市,https://www.ptt.cc/bbs/PC_Shopping/M.1760944765.A.595.html,→,而且7700 mpk現在有6490的，誰會買9500,10/20/2025,15299,True,負評
CPU,AMD R5 9500F,AMD,Ryzen 5,型號(情報),[情報] AMD Ryzen 9500F 台灣上市,https://www.ptt.cc/bbs/PC_Shopping/M.1760944765.A.595.html,→,很開心，玩遊戲跟有點轉檔都夠力,10/20/2025,15302,True,正評
CPU,AMD R5 9500F,AMD,Ryzen 5,型號(情報),[情報] AMD Ryzen 9500F 台灣上市,https://www.ptt.cc/bbs/PC_Shopping/M.1760944765.A.595.html,推,9500F遊戲對比7500F是不是沒差,10/20/2025,15303,True,中立
CPU,AMD R5 9500F,AMD,Ryzen 5,型號(情報),[情報] AMD Ryzen 9500F 台灣上市,https://www.ptt.cc/bbs/PC_Shopping/M.1760944765.A.595.html,→,95對比75效能之前看大概強10% 遊戲不知,10/21/2025,15310,True,中立
CPU,AMD R5 9500F,AMD,Ryzen 5,型號(情報),[情報] AMD Ryzen 9500F 台灣上市,https://www.ptt.cc/bbs/PC_Shopping/M.1760944765.A.595.html,→,道能強多少但這售價有夠臭,10/21/2025,15311,True,負評
CPU,AMD R5 9500F,AMD,Ryzen 5,型號(情報),[情報] AMD Ryzen 9500F 台灣上市,https://www.ptt.cc/bbs/PC_Shopping/M.1760944765.A.595.html,→,9500f要再降1千塊以上才有人要,10/21/2025,15314,True,負評
CPU,AMD R5 9500F,AMD,Ryzen 5,型號(情報),[情報] AMD Ryzen 9500F 台灣上市,https://www.ptt.cc/bbs/PC_Shopping/M.1760944765.A.595.html,推,網遊比7500F強很多(超過10%)，3A強不,10/21/2025,15317,True,中立
CPU,AMD R5 9500F,AMD,Ryzen 5,型號(情報),[情報] AMD Ryzen 9500F 台灣上市,https://www.ptt.cc/bbs/PC_Shopping/M.1760944765.A.595.html,推,9500F的溫度少9600X，10度到15度,10/21/2025,15319,True,正評
CPU,AMD R5 9500F,AMD,Ryzen 5,型號(情報),[情報] Zen5 架構9500F中國獨家推出 16號發售,https://www.ptt.cc/bbs/PC_Shopping/M.1757303486.A.DFB.html,推,這種打遊戲幀數漂亮的U 網咖滿適合的吧,09/08/2025,15328,True,中立
CPU,AMD R5 9500F,AMD,Ryzen 5,型號(情報),[情報] Zen5 架構9500F中國獨家推出 16號發售,https://www.ptt.cc/bbs/PC_Shopping/M.1757303486.A.DFB.html,推,新的體質也變爛了，pbo都會不穩,09/08/2025,15330,True,負評
CPU,AMD R5 9500F,AMD,Ryzen 5,型號(情報),[情報] Zen5 架構9500F中國獨家推出 16號發售,https://www.ptt.cc/bbs/PC_Shopping/M.1757303486.A.DFB.html,推,若是無法超頻版 落賽版，別買,09/08/2025,15336,True,負評
CPU,AMD R5 9500F,AMD,Ryzen 5,型號(情報),[情報] Zen5 架構9500F中國獨家推出 16號發售,https://www.ptt.cc/bbs/PC_Shopping/M.1757303486.A.DFB.html,推,現在9600x價格不錯，9500f除非超便宜不然,09/08/2025,15337,True,中立
CPU,AMD R5 9500F,AMD,Ryzen 5,型號(情報),[情報] Zen5 架構9500F中國獨家推出 16號發售,https://www.ptt.cc/bbs/PC_Shopping/M.1757303486.A.DFB.html,→,這價位U5 225比較好吧5500而已,09/08/2025,15338,True,中立
CPU,AMD R5 9500F,AMD,Ryzen 5,型號(情報),[情報] Zen5 架構9500F中國獨家推出 16號發售,https://www.ptt.cc/bbs/PC_Shopping/M.1757303486.A.DFB.html,→,比這個價便宜才值得買,09/08/2025,15346,True,中立
CPU,AMD R5 9500F,AMD,Ryzen 5,型號(情報),[情報] Zen5 架構9500F中國獨家推出 16號發售,https://www.ptt.cc/bbs/PC_Shopping/M.1757303486.A.DFB.html,推,這顆打遊戲有比7700強嗎,09/08/2025,15347,True,中立
CPU,AMD R5 9500F,AMD,Ryzen 5,型號(情報),[情報] Zen5 架構9500F中國獨家推出 16號發售,https://www.ptt.cc/bbs/PC_Shopping/M.1757303486.A.DFB.html,→,但現在比起買這東西 不如買9600X 至少有內,09/08/2025,15349,True,負評
CPU,AMD R5 9500F,AMD,Ryzen 5,型號(情報),[情報] Zen5 架構9500F中國獨家推出 16號發售,https://www.ptt.cc/bbs/PC_Shopping/M.1757303486.A.DFB.html,→,可看成就是iod上方便debug的純2D內顯,09/09/2025,15351,True,中立
CPU,AMD R5 9500F,AMD,Ryzen 5,型號(情報),[情報] 9500F遊戲性能平均比7500F提升7～24%,https://www.ptt.cc/bbs/PC_Shopping/M.1757191662.A.917.html,推,蠻猛的欸...僅隔一代PUBG跟DOTA就有15%的,09/07/2025,15361,True,正評
CPU,AMD R5 9500F,AMD,Ryzen 5,型號(情報),[情報] 9500F遊戲性能平均比7500F提升7～24%,https://www.ptt.cc/bbs/PC_Shopping/M.1757191662.A.917.html,→,提升，以往這類多人網遊算是AMD的軟肋，看,09/07/2025,15362,True,正評
CPU,AMD R5 9500F,AMD,Ryzen 5,型號(情報),[情報] 9500F遊戲性能平均比7500F提升7～24%,https://www.ptt.cc/bbs/PC_Shopping/M.1757191662.A.917.html,→,起來價格若不錯倒挺值得期待的,09/07/2025,15363,True,正評
CPU,AMD R5 9500F,AMD,Ryzen 5,型號(情報),[情報] 9500F遊戲性能平均比7500F提升7～24%,https://www.ptt.cc/bbs/PC_Shopping/M.1757191662.A.917.html,推,只要便宜性能還行就不錯,09/07/2025,15364,True,中立
CPU,AMD R5 9500F,AMD,Ryzen 5,型號(情報),[情報] 9500F遊戲性能平均比7500F提升7～24%,https://www.ptt.cc/bbs/PC_Shopping/M.1757191662.A.917.html,→,單核贏7700、多核輸，純遊戲用途的話比,09/07/2025,15370,True,中立
CPU,AMD R5 9500F,AMD,Ryzen 5,型號(情報),[情報] 9500F遊戲性能平均比7500F提升7～24%,https://www.ptt.cc/bbs/PC_Shopping/M.1757191662.A.917.html,→,接等中國散片降價弄一顆來玩就好了,09/07/2025,15379,True,中立
CPU,AMD R5 9500F,AMD,Ryzen 5,型號(情報),[情報] 9500F遊戲性能平均比7500F提升7～24%,https://www.ptt.cc/bbs/PC_Shopping/M.1757191662.A.917.html,推,新貧民一代神U？,09/07/2025,15380,True,正評
CPU,AMD R5 9500F,AMD,Ryzen 5,型號(情報),[情報] 9500F遊戲性能平均比7500F提升7～24%,https://www.ptt.cc/bbs/PC_Shopping/M.1757191662.A.917.html,推,超過5500就不值得了吧,09/07/2025,15386,True,中立
CPU,AMD R5 9500F,AMD,Ryzen 5,型號(情報),[情報] 9500F遊戲性能平均比7500F提升7～24%,https://www.ptt.cc/bbs/PC_Shopping/M.1757191662.A.917.html,→,價格還多內顯跟超頻,09/07/2025,15389,True,中立
CPU,AMD R5 9500F,AMD,Ryzen 5,型號(情報),[情報] 9500F遊戲性能平均比7500F提升7～24%,https://www.ptt.cc/bbs/PC_Shopping/M.1757191662.A.917.html,推,cpu買個四千左右就差不多 超過不如投資,09/07/2025,15390,True,中立
CPU,AMD R5 9500F,AMD,Ryzen 5,型號(情報),[情報] 9500F遊戲性能平均比7500F提升7～24%,https://www.ptt.cc/bbs/PC_Shopping/M.1757191662.A.917.html,→,那9500f超過5千都嫌貴了,09/07/2025,15393,True,負評
CPU,AMD R5 9500F,AMD,Ryzen 5,型號(情報),[情報] 9500F遊戲性能平均比7500F提升7～24%,https://www.ptt.cc/bbs/PC_Shopping/M.1757191662.A.917.html,推,效能差不多，舊的比較便宜新的比較涼,09/07/2025,15395,True,中立
CPU,AMD R5 9500F,AMD,Ryzen 5,型號(情報),[情報] 9500F遊戲性能平均比7500F提升7～24%,https://www.ptt.cc/bbs/PC_Shopping/M.1757191662.A.917.html,→,相對來說 沒內顯還沒特別便宜 那就沒有買的,09/07/2025,15397,True,負評
CPU,AMD R5 9500F,AMD,Ryzen 5,型號(情報),[情報] 9500F遊戲性能平均比7500F提升7～24%,https://www.ptt.cc/bbs/PC_Shopping/M.1757191662.A.917.html,→,邊角料無法超頻 剛發售的可以超 如果是,09/07/2025,15400,True,中立
CPU,AMD R5 9500F,AMD,Ryzen 5,型號(情報),[情報] 9500F遊戲性能平均比7500F提升7～24%,https://www.ptt.cc/bbs/PC_Shopping/M.1757191662.A.917.html,→,9600X盒裝才6500，9500F超過五千都算貴,09/07/2025,15403,True,負評
CPU,AMD R5 9500F,AMD,Ryzen 5,型號(情報),[情報] 9500F遊戲性能平均比7500F提升7～24%,https://www.ptt.cc/bbs/PC_Shopping/M.1757191662.A.917.html,→,"賣個4990差不多,順便取代7500F(也撐夠久了)",09/07/2025,15404,True,中立
CPU,AMD R5 9500F,AMD,Ryzen 5,型號(情報),[情報] 9500F遊戲性能平均比7500F提升7～24%,https://www.ptt.cc/bbs/PC_Shopping/M.1757191662.A.917.html,推,別急著買，2025 AMD已經專搞中低階無法超,09/08/2025,15407,True,中立
CPU,AMD R5 9500F,AMD,Ryzen 5,型號(情報),[情報] 9500F遊戲性能平均比7500F提升7～24%,https://www.ptt.cc/bbs/PC_Shopping/M.1757191662.A.917.html,推,有內顯除錯確實簡單很多,09/08/2025,15409,True,中立
CPU,AMD R5 9500F,AMD,Ryzen 5,型號(情報),[情報] 9500F遊戲性能平均比7500F提升7～24%,https://www.ptt.cc/bbs/PC_Shopping/M.1757191662.A.917.html,→,看價錢，賣得比7500F貴一樣沒用,09/08/2025,15411,True,負評
CPU,AMD R5 9500F,AMD,Ryzen 5,型號(情報),[情報] AMD 9700F 9500F 零售,https://www.ptt.cc/bbs/PC_Shopping/M.1756949548.A.0F7.html,→,由不買9700X買這顆吧。,09/04/2025,15415,True,正評
CPU,AMD R5 9500F,AMD,Ryzen 5,型號(情報),[情報] AMD 9700F 9500F 零售,https://www.ptt.cc/bbs/PC_Shopping/M.1756949548.A.0F7.html,→,無法超頻版，拉肚子版就謝謝不用聯絡,09/04/2025,15420,True,負評
CPU,AMD R5 9500F,AMD,Ryzen 5,型號(情報),[情報] AMD 9700F 9500F 零售,https://www.ptt.cc/bbs/PC_Shopping/M.1756949548.A.0F7.html,推,沒差多少還是買有內顯的多個保險,09/04/2025,15430,True,中立
CPU,AMD R5 9500F,AMD,Ryzen 5,型號(情報),[情報] AMD 9700F 9500F 零售,https://www.ptt.cc/bbs/PC_Shopping/M.1756949548.A.0F7.html,→,這東西就等未來取代75F用的 等價格夠便宜,09/04/2025,15433,True,中立
CPU,AMD R5 9500F,AMD,Ryzen 5,型號(情報),[情報] AMD 9700F 9500F 零售,https://www.ptt.cc/bbs/PC_Shopping/M.1756949548.A.0F7.html,推,說真的沒內顯也就是iod那個顯卡做壞,09/04/2025,15448,True,中立
CPU,AMD R5 9500F,AMD,Ryzen 5,型號(情報),[情報] Intel推出Core i5 9500F 4.4Ghz,https://www.ptt.cc/bbs/PC_Shopping/M.1574784074.A.D0E.html,→,2600的遊戲表現不會贏9400F甚至9500F吧,11/27/2019,15453,True,中立
CPU,AMD R5 9600X,AMD,Ryzen 5,型號,[閒聊] 9600x搭配B650m ayw只要8800,https://www.ptt.cc/bbs/PC_Shopping/M.1764413131.A.D06.html,→,拿來裝機可以用就好，反正9600x也,11/29/2025,15470,True,中立
CPU,AMD R5 9600X,AMD,Ryzen 5,型號,[閒聊] 9600x搭配B650m ayw只要8800,https://www.ptt.cc/bbs/PC_Shopping/M.1764413131.A.D06.html,→,B650 AYW+9600X這個價錢還可以啦，板,11/29/2025,15484,True,中立
CPU,AMD R5 9600X,AMD,Ryzen 5,型號,[閒聊] 9600x搭配B650m ayw只要8800,https://www.ptt.cc/bbs/PC_Shopping/M.1764413131.A.D06.html,→,9600X也不需要買太高級的板子。,11/29/2025,15487,True,中立
CPU,AMD R5 9600X,AMD,Ryzen 5,型號(情報),[情報] autobuy 9600X特價組合,https://www.ptt.cc/bbs/PC_Shopping/M.1758062180.A.743.html,→,直接買96x加3990的PRO A WIFI還是較優,09/17/2025,15501,True,中立
CPU,AMD R5 9600X,AMD,Ryzen 5,型號(情報),[情報] autobuy 9600X特價組合,https://www.ptt.cc/bbs/PC_Shopping/M.1758062180.A.743.html,→,有特價但不多，這樣的吸引力不夠，8核,09/17/2025,15502,True,中立
CPU,AMD R5 9600X,AMD,Ryzen 5,型號(情報),[情報] autobuy 9600X特價組合,https://www.ptt.cc/bbs/PC_Shopping/M.1758062180.A.743.html,→,心畢竟比6核心來說效能還是好,09/17/2025,15503,True,正評
CPU,AMD R5 9600X,AMD,Ryzen 5,型號(情報),[情報] autobuy 9600X特價組合,https://www.ptt.cc/bbs/PC_Shopping/M.1758062180.A.743.html,→,9600X，2025無法超頻版，繞賽版就謝謝不,09/17/2025,15504,True,負評
CPU,AMD R5 9600X,AMD,Ryzen 5,型號(情報),[情報] autobuy 9600X特價組合,https://www.ptt.cc/bbs/PC_Shopping/M.1758062180.A.743.html,推,多核的話 9600x開pbo跟7700默認差不多,09/17/2025,15507,True,中立
CPU,AMD R5 9600X,AMD,Ryzen 5,型號(情報),[情報] autobuy 9600X特價組合,https://www.ptt.cc/bbs/PC_Shopping/M.1758062180.A.743.html,推,多兩個實體核心卡實在…,09/17/2025,15508,True,中立
CPU,AMD R5 9600X,AMD,Ryzen 5,型號(情報),[情報] autobuy 9600X特價組合,https://www.ptt.cc/bbs/PC_Shopping/M.1758062180.A.743.html,→,玩模擬器選7700，純pc game 選9600x。,09/17/2025,15509,True,中立
CPU,AMD R5 9600X,AMD,Ryzen 5,型號(情報),[情報] autobuy 9600X特價組合,https://www.ptt.cc/bbs/PC_Shopping/M.1758062180.A.743.html,→,9600x單核強不少。,09/17/2025,15510,True,中立
CPU,AMD R5 9600X,AMD,Ryzen 5,型號(情報),[情報] autobuy 9600X特價組合,https://www.ptt.cc/bbs/PC_Shopping/M.1758062180.A.743.html,→,美亞Prime 5000內入手 體質還不錯 CO-30,09/17/2025,15513,True,中立
CPU,AMD R5 9600X,AMD,Ryzen 5,型號(情報),[情報] autobuy 9600X特價組合,https://www.ptt.cc/bbs/PC_Shopping/M.1758062180.A.743.html,→,真的很差，這價位買技嘉比較安心，微星掰,09/17/2025,15516,True,負評
CPU,AMD R5 9600X,AMD,Ryzen 5,型號(情報),[情報] autobuy 9600X特價組合,https://www.ptt.cc/bbs/PC_Shopping/M.1758062180.A.743.html,→,0M MORTAR  現在還順順的,09/18/2025,15522,True,中立
CPU,AMD R5 9600X,AMD,Ryzen 5,型號,[請益]AMD 9600X 建議搭配哪個主機板性價比較高?,https://www.ptt.cc/bbs/PC_Shopping/M.1749904773.A.E47.html,→,雖然96X這階應該不至於出事 但能避免就避免,06/14/2025,15540,True,負評
CPU,AMD R5 9600X,AMD,Ryzen 5,型號,[測試] AMD 9600X對比Intel 235搭載技嘉5080解析,https://www.ptt.cc/bbs/PC_Shopping/M.1749810497.A.1E0.html,→,"245K遊戲約等於7700X, 那235確實尷尬,",06/13/2025,15559,True,中立
CPU,AMD R5 9600X,AMD,Ryzen 5,型號,[測試] AMD 9600X對比Intel 235搭載技嘉5080解析,https://www.ptt.cc/bbs/PC_Shopping/M.1749810497.A.1E0.html,→,"可能只有7600效能, 只值4490~4990 ...",06/13/2025,15560,True,負評
CPU,AMD R5 9600X,AMD,Ryzen 5,型號,[測試] AMD 9600X對比Intel 235搭載技嘉5080解析,https://www.ptt.cc/bbs/PC_Shopping/M.1749810497.A.1E0.html,→,概貴9600x 1500台幣,06/13/2025,15569,True,負評
CPU,AMD R5 9600X,AMD,Ryzen 5,型號,[測試] AMD 9600X對比Intel 235搭載技嘉5080解析,https://www.ptt.cc/bbs/PC_Shopping/M.1749810497.A.1E0.html,→,降價了還是沒有比AMD香，而且還是只能,06/13/2025,15570,True,中立
CPU,AMD R5 9600X,AMD,Ryzen 5,型號,[測試] AMD 9600X對比Intel 235搭載技嘉5080解析,https://www.ptt.cc/bbs/PC_Shopping/M.1749810497.A.1E0.html,→,老實說很適合裝在ITX,06/13/2025,15572,True,正評
CPU,AMD R5 9600X,AMD,Ryzen 5,型號,[測試] AMD 9600X對比Intel 235搭載技嘉5080解析,https://www.ptt.cc/bbs/PC_Shopping/M.1749810497.A.1E0.html,→,因為不積熱然後功耗低,06/13/2025,15573,True,正評
CPU,AMD R5 9600X,AMD,Ryzen 5,型號,[測試] AMD 9600X對比Intel 235搭載技嘉5080解析,https://www.ptt.cc/bbs/PC_Shopping/M.1749810497.A.1E0.html,→,就是損失一點效能換溫度,06/13/2025,15574,True,中立
CPU,AMD R5 9600X,AMD,Ryzen 5,型號,[測試] AMD 9600X對比Intel 235搭載技嘉5080解析,https://www.ptt.cc/bbs/PC_Shopping/M.1749810497.A.1E0.html,→,而且說真的2k和4k下其實也就差一點,06/13/2025,15575,True,中立
CPU,AMD R5 9600X,AMD,Ryzen 5,型號,[測試] AMD 9600X對比Intel 235搭載技嘉5080解析,https://www.ptt.cc/bbs/PC_Shopping/M.1749810497.A.1E0.html,→,我是覺得沒有到完全不能買,06/13/2025,15577,True,中立
CPU,AMD R5 9600X,AMD,Ryzen 5,型號,[測試] AMD 9600X對比Intel 235搭載技嘉5080解析,https://www.ptt.cc/bbs/PC_Shopping/M.1749810497.A.1E0.html,→,溫度低算一種優勢,06/13/2025,15578,True,正評
CPU,AMD R5 9600X,AMD,Ryzen 5,型號,[測試] AMD 9600X對比Intel 235搭載技嘉5080解析,https://www.ptt.cc/bbs/PC_Shopping/M.1749810497.A.1E0.html,→,CPU基本上現在都夠遊戲用，X3D才會感,06/13/2025,15579,True,中立
CPU,AMD R5 9600X,AMD,Ryzen 5,型號,[測試] AMD 9600X對比Intel 235搭載技嘉5080解析,https://www.ptt.cc/bbs/PC_Shopping/M.1749810497.A.1E0.html,→,就是那個價錢開太高,06/13/2025,15580,True,負評
CPU,AMD R5 9600X,AMD,Ryzen 5,型號,[測試] AMD 9600X對比Intel 235搭載技嘉5080解析,https://www.ptt.cc/bbs/PC_Shopping/M.1749810497.A.1E0.html,→,變成一般人不如買R5就好,06/13/2025,15581,True,中立
CPU,AMD R5 9600X,AMD,Ryzen 5,型號,[測試] AMD 9600X對比Intel 235搭載技嘉5080解析,https://www.ptt.cc/bbs/PC_Shopping/M.1749810497.A.1E0.html,→,5490 就完全合理價可買,06/13/2025,15583,True,正評
CPU,AMD R5 9600X,AMD,Ryzen 5,型號,[測試] AMD 9600X對比Intel 235搭載技嘉5080解析,https://www.ptt.cc/bbs/PC_Shopping/M.1749810497.A.1E0.html,→,價錢其實滿香的。,06/13/2025,15585,True,中立
CPU,AMD R5 9600X,AMD,Ryzen 5,型號,[測試] AMD 9600X對比Intel 235搭載技嘉5080解析,https://www.ptt.cc/bbs/PC_Shopping/M.1749810497.A.1E0.html,→,3A遊戲也不追求1%，其實也不用買X3D。,06/13/2025,15588,True,中立
CPU,AMD R5 9600X,AMD,Ryzen 5,型號,[測試] AMD 9600X對比Intel 235搭載技嘉5080解析,https://www.ptt.cc/bbs/PC_Shopping/M.1749810497.A.1E0.html,→,i7太便宜 i5以下全被打死,06/13/2025,15589,True,正評
CPU,AMD R5 9600X,AMD,Ryzen 5,型號,[測試] AMD 9600X對比Intel 235搭載技嘉5080解析,https://www.ptt.cc/bbs/PC_Shopping/M.1749810497.A.1E0.html,→,以文末實測表格9600X對比235快速總結,06/13/2025,15590,True,中立
CPU,AMD R5 9600X,AMD,Ryzen 5,型號,[測試] AMD 9600X對比Intel 235搭載技嘉5080解析,https://www.ptt.cc/bbs/PC_Shopping/M.1749810497.A.1E0.html,→,9600X單核小勝、多工完敗、遊戲微勝、,06/13/2025,15591,True,中立
CPU,AMD R5 9600X,AMD,Ryzen 5,型號,[測試] AMD 9600X對比Intel 235搭載技嘉5080解析,https://www.ptt.cc/bbs/PC_Shopping/M.1749810497.A.1E0.html,→,功耗(待機完敗/全速持平)、溫度完敗,06/13/2025,15592,True,正評
CPU,AMD R5 9600X,AMD,Ryzen 5,型號,[測試] AMD 9600X對比Intel 235搭載技嘉5080解析,https://www.ptt.cc/bbs/PC_Shopping/M.1749810497.A.1E0.html,→,"生產力只是次要功能, 定價當然以遊戲能力",06/14/2025,15595,True,中立
CPU,AMD R5 9600X,AMD,Ryzen 5,型號,[測試] AMD 9600X對比Intel 235搭載技嘉5080解析,https://www.ptt.cc/bbs/PC_Shopping/M.1749810497.A.1E0.html,→,Ryzen的待機功耗一直很高 應該因為io die吧,06/14/2025,15596,True,中立
CPU,AMD R5 9600X,AMD,Ryzen 5,型號,[測試] AMD 9600X對比Intel 235搭載技嘉5080解析,https://www.ptt.cc/bbs/PC_Shopping/M.1749810497.A.1E0.html,→,從1000到現在有降但還是比i高不少,06/14/2025,15597,True,中立
CPU,AMD R5 9600X,AMD,Ryzen 5,型號,[測試] AMD 9600X對比Intel 235搭載技嘉5080解析,https://www.ptt.cc/bbs/PC_Shopping/M.1749810497.A.1E0.html,推,我ITX 9600X用APX90-x53，燒機都會,06/14/2025,15600,True,負評
CPU,AMD R5 9600X,AMD,Ryzen 5,型號,[測試] AMD 9600X對比Intel 235搭載技嘉5080解析,https://www.ptt.cc/bbs/PC_Shopping/M.1749810497.A.1E0.html,→,撞溫度強，但遊戲的時候還好,06/14/2025,15601,True,負評
CPU,AMD R5 9600X,AMD,Ryzen 5,型號,[測試] AMD 9600X對比Intel 235搭載技嘉5080解析,https://www.ptt.cc/bbs/PC_Shopping/M.1749810497.A.1E0.html,→,最高溫也只有80幾,06/14/2025,15603,True,中立
CPU,AMD R5 9600X,AMD,Ryzen 5,型號,[測試] AMD 9600X對比Intel 235搭載技嘉5080解析,https://www.ptt.cc/bbs/PC_Shopping/M.1749810497.A.1E0.html,→,但只要壓力測試就是直上90幾,06/14/2025,15604,True,中立
CPU,AMD R5 9600X,AMD,Ryzen 5,型號,[測試] AMD 9600X對比Intel 235搭載技嘉5080解析,https://www.ptt.cc/bbs/PC_Shopping/M.1749810497.A.1E0.html,→,9600X BIOS有開105W嗎? 有會提高不少,06/14/2025,15605,True,中立
CPU,AMD R5 9600X,AMD,Ryzen 5,型號,[測試] AMD 9600X對比Intel 235搭載技嘉5080解析,https://www.ptt.cc/bbs/PC_Shopping/M.1749810497.A.1E0.html,→,文中提到9600X風冷燒機碰到溫度牆95度,06/14/2025,15606,True,負評
CPU,AMD R5 9600X,AMD,Ryzen 5,型號,[測試] AMD 9600X對比Intel 235搭載技嘉5080解析,https://www.ptt.cc/bbs/PC_Shopping/M.1749810497.A.1E0.html,→,不過燒機的話感覺純粹是因為下吹式,06/14/2025,15607,True,中立
CPU,AMD R5 9600X,AMD,Ryzen 5,型號,[測試] AMD 9600X對比Intel 235搭載技嘉5080解析,https://www.ptt.cc/bbs/PC_Shopping/M.1749810497.A.1E0.html,→,9600X裸測雙塔105W燒機會碰到溫度牆,06/14/2025,15609,True,負評
CPU,AMD R5 9600X,AMD,Ryzen 5,型號,[測試] AMD 9600X對比Intel 235搭載技嘉5080解析,https://www.ptt.cc/bbs/PC_Shopping/M.1749810497.A.1E0.html,→,沒開裸測燒機印象中也有80度起跳,06/14/2025,15610,True,負評
CPU,AMD R5 9600X,AMD,Ryzen 5,型號,Re: [請益] R7 9600X這顆CPU能應付所有3A大作嗎？,https://www.ptt.cc/bbs/PC_Shopping/M.1738352201.A.3A5.html,→,會遇到的時候跟主要的遊玩體驗影響有限,02/01/2025,15642,True,中立
CPU,AMD R5 9600X,AMD,Ryzen 5,型號,Re: [請益] R7 9600X這顆CPU能應付所有3A大作嗎？,https://www.ptt.cc/bbs/PC_Shopping/M.1738352201.A.3A5.html,→,是無感，動作遊戲我是有感但只有30FPS我,02/01/2025,15683,True,中立
CPU,AMD R5 9600X,AMD,Ryzen 5,型號,Re: [請益] R7 9600X這顆CPU能應付所有3A大作嗎？,https://www.ptt.cc/bbs/PC_Shopping/M.1738352201.A.3A5.html,→,操作超過60FPS我是看不太出來,02/01/2025,15689,True,中立
CPU,AMD R5 9600X,AMD,Ryzen 5,型號,Re: [請益] R7 9600X這顆CPU能應付所有3A大作嗎？,https://www.ptt.cc/bbs/PC_Shopping/M.1738352201.A.3A5.html,→,用手把操作超過60FPS我看的出來,02/01/2025,15690,True,中立
CPU,AMD R5 9600X,AMD,Ryzen 5,型號,Re: [請益] R7 9600X這顆CPU能應付所有3A大作嗎？,https://www.ptt.cc/bbs/PC_Shopping/M.1738352201.A.3A5.html,→,我結論有說電競例外了 電競高玩唯一X3D,02/01/2025,15693,True,中立
CPU,AMD R5 9600X,AMD,Ryzen 5,型號,Re: [請益] R7 9600X這顆CPU能應付所有3A大作嗎？,https://www.ptt.cc/bbs/PC_Shopping/M.1738352201.A.3A5.html,→,"普通玩家1% low 60, 射擊類1% low 120, 就",02/01/2025,15701,True,中立
CPU,AMD R5 9600X,AMD,Ryzen 5,型號,Re: [請益] R7 9600X這顆CPU能應付所有3A大作嗎？,https://www.ptt.cc/bbs/PC_Shopping/M.1738352201.A.3A5.html,→,"實況不算生產, 隨便一個8核U即可",02/01/2025,15725,True,中立
CPU,AMD R5 9600X,AMD,Ryzen 5,型號,Re: [請益] R7 9600X這顆CPU能應付所有3A大作嗎？,https://www.ptt.cc/bbs/PC_Shopping/M.1738352201.A.3A5.html,→,就能2K全開了？,02/01/2025,15729,True,中立
CPU,AMD R5 9600X,AMD,Ryzen 5,型號,Re: [請益] R7 9600X這顆CPU能應付所有3A大作嗎？,https://www.ptt.cc/bbs/PC_Shopping/M.1738352201.A.3A5.html,→,"2K沒壓力吧, 5070也夠",02/01/2025,15730,True,正評
CPU,AMD R5 9600X,AMD,Ryzen 5,型號,[請益] R7 9600X這顆CPU能應付所有3A大作嗎？,https://www.ptt.cc/bbs/PC_Shopping/M.1738338150.A.0F6.html,推,3A不怎麼吃CPU 但現在買96X很盤 太貴了,01/31/2025,15776,True,負評
CPU,AMD R5 9600X,AMD,Ryzen 5,型號,[請益] R7 9600X這顆CPU能應付所有3A大作嗎？,https://www.ptt.cc/bbs/PC_Shopping/M.1738338150.A.0F6.html,→,9600X又比9700X更弱,01/31/2025,15780,True,負評
CPU,AMD R5 9600X,AMD,Ryzen 5,型號,[請益] R7 9600X這顆CPU能應付所有3A大作嗎？,https://www.ptt.cc/bbs/PC_Shopping/M.1738338150.A.0F6.html,→,覺得9600X優惠實用 然後覺得7700不夠用,01/31/2025,15786,True,中立
CPU,AMD R5 9600X,AMD,Ryzen 5,型號,[請益] R7 9600X這顆CPU能應付所有3A大作嗎？,https://www.ptt.cc/bbs/PC_Shopping/M.1738338150.A.0F6.html,→,著算4k，CPU爛一點，指令給慢一點沒,02/01/2025,15811,True,負評
CPU,AMD R5 9600X,AMD,Ryzen 5,型號,[請益] R7 9600X這顆CPU能應付所有3A大作嗎？,https://www.ptt.cc/bbs/PC_Shopping/M.1738338150.A.0F6.html,推,"其實9600X比7700X遊戲強 ""一點點"", 基本",02/01/2025,15817,True,中立
CPU,AMD R5 9600X,AMD,Ryzen 5,型號,[請益] R7 9600X這顆CPU能應付所有3A大作嗎？,https://www.ptt.cc/bbs/PC_Shopping/M.1738338150.A.0F6.html,→,96 97 cp值超低,02/01/2025,15834,True,負評
CPU,AMD R5 9600X,AMD,Ryzen 5,型號,[請益] R7 9600X這顆CPU能應付所有3A大作嗎？,https://www.ptt.cc/bbs/PC_Shopping/M.1738338150.A.0F6.html,→,7700跟9600X我選7700，兩者效能不會差距,02/01/2025,15878,True,中立
CPU,AMD R5 9600X,AMD,Ryzen 5,型號,[請益] R7 9600X這顆CPU能應付所有3A大作嗎？,https://www.ptt.cc/bbs/PC_Shopping/M.1738338150.A.0F6.html,→,3a 9600x fps高一點 策略遊戲7700好一點,02/01/2025,15887,True,中立
CPU,AMD R5 9600X,AMD,Ryzen 5,型號,[請益] R7 9600X這顆CPU能應付所有3A大作嗎？,https://www.ptt.cc/bbs/PC_Shopping/M.1738338150.A.0F6.html,→,9600x問題是價格,02/02/2025,15902,True,中立
CPU,AMD R5 9600X,AMD,Ryzen 5,型號(情報),[情報] 京東、美亞AMD 9600X 9700X價格出爐,https://www.ptt.cc/bbs/PC_Shopping/M.1723123124.A.716.html,→,算上保固的成本划不來 台灣買一買就好了,08/08/2024,15906,True,負評
CPU,AMD R5 9600X,AMD,Ryzen 5,型號(情報),[情報] 京東、美亞AMD 9600X 9700X價格出爐,https://www.ptt.cc/bbs/PC_Shopping/M.1723123124.A.716.html,推,哀皇的cpu 穩定 相容性高,08/08/2024,15909,True,正評
CPU,AMD R5 9600X,AMD,Ryzen 5,型號(情報),[情報] 京東、美亞AMD 9600X 9700X價格出爐,https://www.ptt.cc/bbs/PC_Shopping/M.1723123124.A.716.html,推,差那點錢當然沒必要買中國特仕版銳龍包裝,08/08/2024,15916,True,負評
CPU,AMD R5 9600X,AMD,Ryzen 5,型號(情報),[情報] 京東、美亞AMD 9600X 9700X價格出爐,https://www.ptt.cc/bbs/PC_Shopping/M.1723123124.A.716.html,推,這價格還不夠有吸引人買水貨,08/08/2024,15925,True,負評
CPU,AMD R5 9600X,AMD,Ryzen 5,型號(情報),[情報] 京東、美亞AMD 9600X 9700X價格出爐,https://www.ptt.cc/bbs/PC_Shopping/M.1723123124.A.716.html,推,價格不對而已，雙11大券扣幾百就真香,08/09/2024,15930,True,正評
CPU,AMD R5 9600X,AMD,Ryzen 5,型號(情報),[情報] 京東、美亞AMD 9600X 9700X價格出爐,https://www.ptt.cc/bbs/PC_Shopping/M.1723123124.A.716.html,推,不要不信邪 其中一次首購我拿到會當機,08/09/2024,15951,True,負評
CPU,AMD R5 9600X,AMD,Ryzen 5,型號(情報),[情報] 原價屋 9600X 9700X晚上九點開賣,https://www.ptt.cc/bbs/PC_Shopping/M.1723113556.A.FFD.html,推,感覺9600X就賣不翻啊==怎麼選都是1240,08/08/2024,15976,True,中立
CPU,AMD R5 9600X,AMD,Ryzen 5,型號(情報),[情報] 原價屋 9600X 9700X晚上九點開賣,https://www.ptt.cc/bbs/PC_Shopping/M.1723113556.A.FFD.html,→,9600X這價格要上不上要下不下，效能也是,08/08/2024,15989,True,中立
CPU,AMD R5 9600X,AMD,Ryzen 5,型號(情報),[情報] 原價屋 9600X 9700X晚上九點開賣,https://www.ptt.cc/bbs/PC_Shopping/M.1723113556.A.FFD.html,→,剛開賣就熱賣 剛更新就省電 略懂,08/08/2024,15991,True,中立
CPU,AMD R5 9600X,AMD,Ryzen 5,型號(情報),[情報] 原價屋 9600X 9700X晚上九點開賣,https://www.ptt.cc/bbs/PC_Shopping/M.1723113556.A.FFD.html,→,要修幾版才穩定  白老鼠給人家當,08/08/2024,15999,True,負評
CPU,AMD R5 9600X,AMD,Ryzen 5,型號(情報),[情報] 原價屋 9600X 9700X晚上九點開賣,https://www.ptt.cc/bbs/PC_Shopping/M.1723113556.A.FFD.html,推,貴就算了，至少產品是好的，現在原價,08/08/2024,16030,True,正評
CPU,AMD R5 9600X,AMD,Ryzen 5,型號(情報),[情報] AMD Ryzn 9000 9600X 9700X 評測解禁,https://www.ptt.cc/bbs/PC_Shopping/M.1723038964.A.4F7.html,推,功耗上限給太保守，多核成績反而沒啥進步,08/07/2024,16085,True,中立
CPU,AMD R5 9600X,AMD,Ryzen 5,型號(情報),[情報] AMD Ryzn 9000 9600X 9700X 評測解禁,https://www.ptt.cc/bbs/PC_Shopping/M.1723038964.A.4F7.html,推,我覺得還行，但X3D表現實在太亮眼,08/07/2024,16088,True,中立
CPU,AMD R5 9600X,AMD,Ryzen 5,型號(情報),[情報] AMD Ryzn 9000 9600X 9700X 評測解禁,https://www.ptt.cc/bbs/PC_Shopping/M.1723038964.A.4F7.html,推,多核效能低下，是很奇怪。聽說bios拼命更,08/07/2024,16089,True,中立
CPU,AMD R5 9600X,AMD,Ryzen 5,型號(情報),[情報] AMD Ryzn 9000 9600X 9700X 評測解禁,https://www.ptt.cc/bbs/PC_Shopping/M.1723038964.A.4F7.html,推,全核頻率上不去，遊戲成績可以說是原地,08/07/2024,16090,True,負評
CPU,AMD R5 9600X,AMD,Ryzen 5,型號(情報),[情報] AMD Ryzn 9000 9600X 9700X 評測解禁,https://www.ptt.cc/bbs/PC_Shopping/M.1723038964.A.4F7.html,→,看英文的評測 效能很低跟7代差不多,08/07/2024,16096,True,負評
CPU,AMD R5 9600X,AMD,Ryzen 5,型號(情報),[情報] AMD Ryzn 9000 9600X 9700X 評測解禁,https://www.ptt.cc/bbs/PC_Shopping/M.1723038964.A.4F7.html,→,看techpowerup，pbo也提昇有限。,08/07/2024,16099,True,中立
CPU,AMD R5 9600X,AMD,Ryzen 5,型號(情報),[情報] AMD Ryzn 9000 9600X 9700X 評測解禁,https://www.ptt.cc/bbs/PC_Shopping/M.1723038964.A.4F7.html,→,沒灰燼吧，GN測出來全核才4.5G,08/07/2024,16100,True,負評
CPU,AMD R5 9600X,AMD,Ryzen 5,型號(情報),[情報] AMD Ryzn 9000 9600X 9700X 評測解禁,https://www.ptt.cc/bbs/PC_Shopping/M.1723038964.A.4F7.html,→,看起來積熱問題還是在,08/07/2024,16101,True,負評
CPU,AMD R5 9600X,AMD,Ryzen 5,型號(情報),[情報] AMD Ryzn 9000 9600X 9700X 評測解禁,https://www.ptt.cc/bbs/PC_Shopping/M.1723038964.A.4F7.html,→,應該不是積熱，這代散熱功耗，好很多。,08/07/2024,16102,True,正評
CPU,AMD R5 9600X,AMD,Ryzen 5,型號(情報),[情報] AMD Ryzn 9000 9600X 9700X 評測解禁,https://www.ptt.cc/bbs/PC_Shopping/M.1723038964.A.4F7.html,推,88w，360水冷，燒機80度以上，還行吧,08/07/2024,16108,True,中立
CPU,AMD R5 9600X,AMD,Ryzen 5,型號(情報),[情報] AMD Ryzn 9000 9600X 9700X 評測解禁,https://www.ptt.cc/bbs/PC_Shopping/M.1723038964.A.4F7.html,推,功耗上限給88w保守到不行，散熱夠好拿掉,08/07/2024,16119,True,中立
CPU,AMD R5 9600X,AMD,Ryzen 5,型號(情報),[情報] AMD Ryzn 9000 9600X 9700X 評測解禁,https://www.ptt.cc/bbs/PC_Shopping/M.1723038964.A.4F7.html,→,88w基本盤而已 開到125不就幹翻全場?,08/07/2024,16121,True,中立
CPU,AMD R5 9600X,AMD,Ryzen 5,型號(情報),[情報] AMD Ryzn 9000 9600X 9700X 評測解禁,https://www.ptt.cc/bbs/PC_Shopping/M.1723038964.A.4F7.html,→,R23才57度是什麼魔法,08/07/2024,16124,True,中立
CPU,AMD R5 9600X,AMD,Ryzen 5,型號(情報),[情報] AMD Ryzn 9000 9600X 9700X 評測解禁,https://www.ptt.cc/bbs/PC_Shopping/M.1723038964.A.4F7.html,推,88w很涼又有性能，不然可以自己解鎖,08/07/2024,16125,True,正評
CPU,AMD R5 9600X,AMD,Ryzen 5,型號(情報),[情報] AMD Ryzn 9000 9600X 9700X 評測解禁,https://www.ptt.cc/bbs/PC_Shopping/M.1723038964.A.4F7.html,→,這代跟以前不一樣 電上去分數是會上去,08/07/2024,16126,True,中立
CPU,AMD R5 9600X,AMD,Ryzen 5,型號(情報),[情報] AMD Ryzn 9000 9600X 9700X 評測解禁,https://www.ptt.cc/bbs/PC_Shopping/M.1723038964.A.4F7.html,→,這代壓得住 只要PBO2開好開滿 會很猛,08/07/2024,16129,True,正評
CPU,AMD R5 9600X,AMD,Ryzen 5,型號(情報),[情報] AMD Ryzn 9000 9600X 9700X 評測解禁,https://www.ptt.cc/bbs/PC_Shopping/M.1723038964.A.4F7.html,推,極客灣的出來了  簡單講  積熱改善有感!,08/07/2024,16130,True,正評
CPU,AMD R5 9600X,AMD,Ryzen 5,型號(情報),[情報] AMD Ryzn 9000 9600X 9700X 評測解禁,https://www.ptt.cc/bbs/PC_Shopping/M.1723038964.A.4F7.html,→,pbo給他下去  用塔扇就好  性能也不錯,08/07/2024,16131,True,正評
CPU,AMD R5 9600X,AMD,Ryzen 5,型號(情報),[情報] AMD Ryzn 9000 9600X 9700X 評測解禁,https://www.ptt.cc/bbs/PC_Shopping/M.1723038964.A.4F7.html,推,多核沒分數單純壓功耗的關係，放開後比上,08/07/2024,16133,True,中立
CPU,AMD R5 9600X,AMD,Ryzen 5,型號(情報),[情報] AMD Ryzn 9000 9600X 9700X 評測解禁,https://www.ptt.cc/bbs/PC_Shopping/M.1723038964.A.4F7.html,推,看極客灣評測影片遊戲時幾乎都在功耗牆邊,08/07/2024,16134,True,中立
CPU,AMD R5 9600X,AMD,Ryzen 5,型號(情報),[情報] AMD Ryzn 9000 9600X 9700X 評測解禁,https://www.ptt.cc/bbs/PC_Shopping/M.1723038964.A.4F7.html,→,極客灣測出來延遲進步有感，甚至比I平台,08/07/2024,16139,True,正評
CPU,AMD R5 9600X,AMD,Ryzen 5,型號(情報),[情報] AMD Ryzn 9000 9600X 9700X 評測解禁,https://www.ptt.cc/bbs/PC_Shopping/M.1723038964.A.4F7.html,推,88W有這種效能很扯了,08/07/2024,16141,True,正評
CPU,AMD R5 9600X,AMD,Ryzen 5,型號(情報),[情報] AMD Ryzn 9000 9600X 9700X 評測解禁,https://www.ptt.cc/bbs/PC_Shopping/M.1723038964.A.4F7.html,推,88W打200多W單核還是隨便虐,08/07/2024,16146,True,正評
CPU,AMD R5 9600X,AMD,Ryzen 5,型號(情報),[情報] AMD Ryzn 9000 9600X 9700X 評測解禁,https://www.ptt.cc/bbs/PC_Shopping/M.1723038964.A.4F7.html,推,這樣的功耗限制才正常，買電腦不是買暖爐,08/07/2024,16159,True,中立
CPU,AMD R5 9600X,AMD,Ryzen 5,型號(情報),[情報] AMD Ryzn 9000 9600X 9700X 評測解禁,https://www.ptt.cc/bbs/PC_Shopping/M.1723038964.A.4F7.html,推,這代工耗壓太多 GN測出來all-core boost,08/07/2024,16160,True,負評
CPU,AMD R5 9600X,AMD,Ryzen 5,型號(情報),[情報] AMD Ryzn 9000 9600X 9700X 評測解禁,https://www.ptt.cc/bbs/PC_Shopping/M.1723038964.A.4F7.html,→,只能維持4.5GHz...,08/07/2024,16161,True,負評
CPU,AMD R5 9600X,AMD,Ryzen 5,型號(情報),[情報] AMD Ryzn 9000 9600X 9700X 評測解禁,https://www.ptt.cc/bbs/PC_Shopping/M.1723038964.A.4F7.html,→,硬是比上一代少600~700MHz,08/07/2024,16162,True,中立
CPU,AMD R5 9600X,AMD,Ryzen 5,型號(情報),[情報] AMD Ryzn 9000 9600X 9700X 評測解禁,https://www.ptt.cc/bbs/PC_Shopping/M.1723038964.A.4F7.html,→,才會單核進步1x% 多核卻差不多,08/07/2024,16163,True,中立
CPU,AMD R5 9600X,AMD,Ryzen 5,型號(情報),[情報] AMD Ryzn 9000 9600X 9700X 評測解禁,https://www.ptt.cc/bbs/PC_Shopping/M.1723038964.A.4F7.html,→,沒有不穩定其實大致跟zen 5普通版差不多,08/07/2024,16173,True,中立
CPU,AMD R5 9600X,AMD,Ryzen 5,型號(情報),[情報] AMD Ryzn 9000 9600X 9700X 評測解禁,https://www.ptt.cc/bbs/PC_Shopping/M.1723038964.A.4F7.html,推,Pbo max效能+20%，遊戲+2% 耗電+100%,08/07/2024,16175,True,中立
CPU,AMD R5 9600X,AMD,Ryzen 5,型號(情報),[情報] AMD Ryzn 9000 9600X 9700X 評測解禁,https://www.ptt.cc/bbs/PC_Shopping/M.1723038964.A.4F7.html,→,快一年半了還是最頂的,08/07/2024,16180,True,正評
CPU,AMD R5 9600X,AMD,Ryzen 5,型號(情報),[情報] AMD Ryzn 9000 9600X 9700X 評測解禁,https://www.ptt.cc/bbs/PC_Shopping/M.1723038964.A.4F7.html,→,ARL估計只有單核優勢 功耗還不見得好看,08/07/2024,16184,True,中立
CPU,AMD R5 9600X,AMD,Ryzen 5,型號(情報),[情報] AMD Ryzn 9000 9600X 9700X 評測解禁,https://www.ptt.cc/bbs/PC_Shopping/M.1723038964.A.4F7.html,→,多核要看基本頻率啊 單核才看boost,08/08/2024,16186,True,中立
CPU,AMD R5 9600X,AMD,Ryzen 5,型號(情報),[情報] AMD Ryzn 9000 9600X 9700X 評測解禁,https://www.ptt.cc/bbs/PC_Shopping/M.1723038964.A.4F7.html,→,Zen5 3.9G多核還略勝Zen4 4.7G,08/08/2024,16187,True,中立
CPU,AMD R5 9600X,AMD,Ryzen 5,型號(情報),[情報] AMD Ryzn 9000 9600X 9700X 評測解禁,https://www.ptt.cc/bbs/PC_Shopping/M.1723038964.A.4F7.html,→,"只要散熱器解熱能力大於TDP, all core",08/08/2024,16191,True,中立
CPU,AMD R5 9600X,AMD,Ryzen 5,型號(情報),[情報] AMD Ryzn 9000 9600X 9700X 評測解禁,https://www.ptt.cc/bbs/PC_Shopping/M.1723038964.A.4F7.html,→,不過結論就是Zen5多核功耗壓到頻率根本,08/08/2024,16195,True,中立
CPU,AMD R5 9600X,AMD,Ryzen 5,型號(情報),[情報] AMD Ryzn 9000 9600X 9700X 評測解禁,https://www.ptt.cc/bbs/PC_Shopping/M.1723038964.A.4F7.html,→,基本上多核進步幅度就跟單核一樣了,08/08/2024,16198,True,中立
CPU,AMD R5 9600X,AMD,Ryzen 5,型號(情報),[情報] AMD Ryzn 9000 9600X 9700X 評測解禁,https://www.ptt.cc/bbs/PC_Shopping/M.1723038964.A.4F7.html,→,只有功耗能拿出來說嘴.分數應用狂輸,08/08/2024,16202,True,負評
CPU,AMD R5 9600X,AMD,Ryzen 5,型號(情報),[情報] AMD Ryzn 9000 9600X 9700X 評測解禁,https://www.ptt.cc/bbs/PC_Shopping/M.1723038964.A.4F7.html,推,沒有不利啊，預設使用的能效比就很強了,08/08/2024,16220,True,正評
CPU,AMD R5 9600X,AMD,Ryzen 5,型號(情報),[情報] AMD Ryzn 9000 9600X 9700X 評測解禁,https://www.ptt.cc/bbs/PC_Shopping/M.1723038964.A.4F7.html,推,主要是原廠風扇就能跑滿88w,08/08/2024,16232,True,正評
CPU,AMD R5 9600X,AMD,Ryzen 5,型號(情報),[情報] AMD Ryzn 9000 9600X 9700X 評測解禁,https://www.ptt.cc/bbs/PC_Shopping/M.1723038964.A.4F7.html,→,剛好能發揮最佳能效,08/08/2024,16233,True,正評
CPU,AMD R5 9600X,AMD,Ryzen 5,型號(情報),[情報] AMD Ryzn 9000 9600X 9700X 評測解禁,https://www.ptt.cc/bbs/PC_Shopping/M.1723038964.A.4F7.html,→,最多就單核好看一點，多核沒了HT，應該不,08/08/2024,16245,True,中立
CPU,AMD R5 9600X,AMD,Ryzen 5,型號(情報),[情報] 9600x跑分流出 單核輕鬆虐7950x 多核怪,https://www.ptt.cc/bbs/PC_Shopping/M.1721998044.A.D15.html,→,"不太正常吧, R23單核應該2250左右",07/26/2024,16276,True,中立
CPU,AMD R5 9600X,AMD,Ryzen 5,型號(情報),[情報] 9600x跑分流出 單核輕鬆虐7950x 多核怪,https://www.ptt.cc/bbs/PC_Shopping/M.1721998044.A.D15.html,→,X3D大概有得等了 看I現在這表現...,07/26/2024,16286,True,中立
CPU,AMD R5 9600X,AMD,Ryzen 5,型號(情報),[情報] 9600x跑分流出 單核輕鬆虐7950x 多核怪,https://www.ptt.cc/bbs/PC_Shopping/M.1721998044.A.D15.html,推,這個單核有強 上2200,07/27/2024,16296,True,正評
CPU,AMD R5 9600X,AMD,Ryzen 5,型號(情報),[情報] 9600x跑分流出 單核輕鬆虐7950x 多核怪,https://www.ptt.cc/bbs/PC_Shopping/M.1721998044.A.D15.html,推,這代的封裝應該不會再積熱了吧,07/27/2024,16303,True,中立
CPU,AMD R5 9600X,AMD,Ryzen 5,型號,[菜單] 為下週出世的9600X配單！,https://www.ptt.cc/bbs/PC_Shopping/M.1721843672.A.384.html,→,散熱也不用買到貓頭鷹 太貴 你真的怕吵買,07/25/2024,16326,True,中立
CPU,AMD R5 9600X,AMD,Ryzen 5,型號,[菜單] 為下週出世的9600X配單！,https://www.ptt.cc/bbs/PC_Shopping/M.1721843672.A.384.html,→,個雙塔降轉速一樣能很安靜 或者自己買貓,07/25/2024,16327,True,中立
CPU,AMD R5 9600X,AMD,Ryzen 5,型號,[菜單] 為下週出世的9600X配單！,https://www.ptt.cc/bbs/PC_Shopping/M.1721843672.A.384.html,→,雙塔雙扇調轉速也很安靜ㄅ 畫一堆錢買貓,07/25/2024,16331,True,中立
CPU,AMD R5 9600X,AMD,Ryzen 5,型號,[菜單] 為下週出世的9600X配單！,https://www.ptt.cc/bbs/PC_Shopping/M.1721843672.A.384.html,→,AMD說首批有問題、換貨之後才開賣,07/25/2024,16336,True,負評
CPU,AMD R5 9600X,AMD,Ryzen 5,型號,[菜單] 為下週出世的9600X配單！,https://www.ptt.cc/bbs/PC_Shopping/M.1721843672.A.384.html,推,9600x的價格應該跟7800x3d差不多了,07/25/2024,16341,True,中立
CPU,AMD R5 9600X,AMD,Ryzen 5,型號,[菜單] 為下週出世的9600X配單！,https://www.ptt.cc/bbs/PC_Shopping/M.1721843672.A.384.html,→,怎樣奇怪？我絕得超讚,07/25/2024,16353,True,正評
CPU,AMD R7 7700,AMD,Ryzen 7,型號,Re: [閒聊] 二手12900k與全新R7 7700抉擇,https://www.ptt.cc/bbs/PC_Shopping/M.1736151885.A.214.html,→,7700比較香 而且不會當升級孤兒,01/06/2025,16425,True,正評
CPU,AMD R7 7700,AMD,Ryzen 7,型號,Re: [閒聊] 二手12900k與全新R7 7700抉擇,https://www.ptt.cc/bbs/PC_Shopping/M.1736151885.A.214.html,→,效能夠不怕縮缸又半買半送，還有這好事,01/06/2025,16440,True,正評
CPU,AMD R7 7700,AMD,Ryzen 7,型號,Re: [閒聊] 二手12900k與全新R7 7700抉擇,https://www.ptt.cc/bbs/PC_Shopping/M.1736151885.A.214.html,→,題，買CPU送記憶體跟SSD，不用考慮就,01/06/2025,16446,True,正評
CPU,AMD R7 7700,AMD,Ryzen 7,型號,Re: [閒聊] 二手12900k與全新R7 7700抉擇,https://www.ptt.cc/bbs/PC_Shopping/M.1736151885.A.214.html,→,不是人情題 是真的超佛 效能也夠,01/06/2025,16449,True,正評
CPU,AMD R7 7700,AMD,Ryzen 7,型號,Re: [閒聊] 二手12900k與全新R7 7700抉擇,https://www.ptt.cc/bbs/PC_Shopping/M.1736151885.A.214.html,推,這兩個的話選大哥吧，看起來真的佛,01/06/2025,16455,True,正評
CPU,AMD R7 7700,AMD,Ryzen 7,型號,[閒聊] 二手12900k與全新R7 7700抉擇,https://www.ptt.cc/bbs/PC_Shopping/M.1736137433.A.EFC.html,推,我會選7700，雖然12900k也不錯，但那,01/06/2025,16465,True,正評
CPU,AMD R7 7700,AMD,Ryzen 7,型號,[閒聊] 二手12900k與全新R7 7700抉擇,https://www.ptt.cc/bbs/PC_Shopping/M.1736137433.A.EFC.html,→,反正不超頻 溫度什麼的其實還好,01/06/2025,16468,True,中立
CPU,AMD R7 7700,AMD,Ryzen 7,型號,[閒聊] 二手12900k與全新R7 7700抉擇,https://www.ptt.cc/bbs/PC_Shopping/M.1736137433.A.EFC.html,推,"12代還堪用,買cpu延續交情啊",01/06/2025,16470,True,中立
CPU,AMD R7 7700,AMD,Ryzen 7,型號,[閒聊] 二手12900k與全新R7 7700抉擇,https://www.ptt.cc/bbs/PC_Shopping/M.1736137433.A.EFC.html,推,七千買到那堆料根本超值 買了啦 人,01/06/2025,16472,True,正評
CPU,AMD R7 7700,AMD,Ryzen 7,型號,[閒聊] 二手12900k與全新R7 7700抉擇,https://www.ptt.cc/bbs/PC_Shopping/M.1736137433.A.EFC.html,→,U算便宜了 我的話就會買了,01/06/2025,16475,True,中立
CPU,AMD R7 7700,AMD,Ryzen 7,型號,[閒聊] 二手12900k與全新R7 7700抉擇,https://www.ptt.cc/bbs/PC_Shopping/M.1736137433.A.EFC.html,推,12代以目前的需求來說很夠用 特別是3A遊戲,01/06/2025,16486,True,中立
CPU,AMD R7 7700,AMD,Ryzen 7,型號,[閒聊] 二手12900k與全新R7 7700抉擇,https://www.ptt.cc/bbs/PC_Shopping/M.1736137433.A.EFC.html,→,真怕過熱就去把功率限制125W,01/06/2025,16498,True,中立
CPU,AMD R7 7700,AMD,Ryzen 7,型號,[閒聊] 二手12900k與全新R7 7700抉擇,https://www.ptt.cc/bbs/PC_Shopping/M.1736137433.A.EFC.html,→,CPU除非像13 14代i皇作死 不然真的不容,01/06/2025,16500,True,中立
CPU,AMD R7 7700,AMD,Ryzen 7,型號,[閒聊] 二手12900k與全新R7 7700抉擇,https://www.ptt.cc/bbs/PC_Shopping/M.1736137433.A.EFC.html,→,你用來玩遊戲，高階cpu你也跑不到高階,01/06/2025,16502,True,中立
CPU,AMD R7 7700,AMD,Ryzen 7,型號,[閒聊] 二手12900k與全新R7 7700抉擇,https://www.ptt.cc/bbs/PC_Shopping/M.1736137433.A.EFC.html,推,選129吧 反正就算有差也不會差多少 這樣,01/06/2025,16503,True,中立
CPU,AMD R7 7700,AMD,Ryzen 7,型號,[閒聊] 二手12900k與全新R7 7700抉擇,https://www.ptt.cc/bbs/PC_Shopping/M.1736137433.A.EFC.html,推,收  129k非常夠用。用個五年沒問題,01/06/2025,16505,True,正評
CPU,AMD R7 7700,AMD,Ryzen 7,型號,[閒聊] 二手12900k與全新R7 7700抉擇,https://www.ptt.cc/bbs/PC_Shopping/M.1736137433.A.EFC.html,→,補被啃掉的推文:收129K.用年終買7700雙爽,01/06/2025,16509,True,正評
CPU,AMD R7 7700,AMD,Ryzen 7,型號,[閒聊] 二手12900k與全新R7 7700抉擇,https://www.ptt.cc/bbs/PC_Shopping/M.1736137433.A.EFC.html,→,只能默頻跑在4.9g，不然跑AE和UE5,01/06/2025,16513,True,中立
CPU,AMD R7 7700,AMD,Ryzen 7,型號,[閒聊] 二手12900k與全新R7 7700抉擇,https://www.ptt.cc/bbs/PC_Shopping/M.1736137433.A.EFC.html,推,如果你都只有default使用可以收,01/06/2025,16515,True,中立
CPU,AMD R7 7700,AMD,Ryzen 7,型號,[閒聊] 二手12900k與全新R7 7700抉擇,https://www.ptt.cc/bbs/PC_Shopping/M.1736137433.A.EFC.html,→,只是...就...比較熱,01/06/2025,16524,True,負評
CPU,AMD R7 7700,AMD,Ryzen 7,型號,[閒聊] 二手12900k與全新R7 7700抉擇,https://www.ptt.cc/bbs/PC_Shopping/M.1736137433.A.EFC.html,推,組一台新的A7700是未來的升級空間比較大,01/06/2025,16527,True,中立
CPU,AMD R7 7700,AMD,Ryzen 7,型號,[閒聊] 二手12900k與全新R7 7700抉擇,https://www.ptt.cc/bbs/PC_Shopping/M.1736137433.A.EFC.html,→,4K WOW 黑神話之類 50-60度,01/06/2025,16535,True,中立
CPU,AMD R7 7700,AMD,Ryzen 7,型號,[閒聊] 二手12900k與全新R7 7700抉擇,https://www.ptt.cc/bbs/PC_Shopping/M.1736137433.A.EFC.html,→,7700 65W 129K 241W 一定比較燙阿,01/06/2025,16536,True,負評
CPU,AMD R7 7700,AMD,Ryzen 7,型號,[閒聊] 二手12900k與全新R7 7700抉擇,https://www.ptt.cc/bbs/PC_Shopping/M.1736137433.A.EFC.html,推,當然129 省下的錢貼給散熱還有剩,01/06/2025,16540,True,中立
CPU,AMD R7 7700,AMD,Ryzen 7,型號,[閒聊] 二手12900k與全新R7 7700抉擇,https://www.ptt.cc/bbs/PC_Shopping/M.1736137433.A.EFC.html,→,你就收二手良品板子阿，絕對夠用五年,01/06/2025,16551,True,正評
CPU,AMD R7 7700,AMD,Ryzen 7,型號,[閒聊] 二手12900k與全新R7 7700抉擇,https://www.ptt.cc/bbs/PC_Shopping/M.1736137433.A.EFC.html,→,是可以秒7000系全家除x3d的,01/06/2025,16554,True,正評
CPU,AMD R7 7700,AMD,Ryzen 7,型號,[閒聊] 二手12900k與全新R7 7700抉擇,https://www.ptt.cc/bbs/PC_Shopping/M.1736137433.A.EFC.html,推,單玩遊戲不跑APP其實7700是跟12900K 不超頻,01/06/2025,16566,True,中立
CPU,AMD R7 7700,AMD,Ryzen 7,型號,[閒聊] 二手12900k與全新R7 7700抉擇,https://www.ptt.cc/bbs/PC_Shopping/M.1736137433.A.EFC.html,→,性能是差不多，但7700溫度但電壓更低,01/06/2025,16567,True,中立
CPU,AMD R7 7700,AMD,Ryzen 7,型號,[閒聊] 二手12900k與全新R7 7700抉擇,https://www.ptt.cc/bbs/PC_Shopping/M.1736137433.A.EFC.html,推,可以啦7000有u有ram和ssd很佛，12900k可,01/06/2025,16576,True,正評
CPU,AMD R7 7700,AMD,Ryzen 7,型號,[閒聊] 二手12900k與全新R7 7700抉擇,https://www.ptt.cc/bbs/PC_Shopping/M.1736137433.A.EFC.html,推,這個大哥比那顆U還值得當朋友,01/06/2025,16577,True,正評
CPU,AMD R7 7700,AMD,Ryzen 7,型號,[閒聊] 二手12900k與全新R7 7700抉擇,https://www.ptt.cc/bbs/PC_Shopping/M.1736137433.A.EFC.html,→,7000還加ram ssd根本爽死 不用選吧,01/06/2025,16592,True,正評
CPU,AMD R7 7700,AMD,Ryzen 7,型號,[閒聊] 二手12900k與全新R7 7700抉擇,https://www.ptt.cc/bbs/PC_Shopping/M.1736137433.A.EFC.html,→,大哥這麼罩 買回來鎖一下頻率功耗也是爽,01/06/2025,16609,True,正評
CPU,AMD R7 7700,AMD,Ryzen 7,型號,[閒聊] 二手12900k與全新R7 7700抉擇,https://www.ptt.cc/bbs/PC_Shopping/M.1736137433.A.EFC.html,推,如果會怕太熱的話，搭Z板可以調降電壓,01/06/2025,16613,True,中立
CPU,AMD R7 7700,AMD,Ryzen 7,型號,[閒聊] 二手12900k與全新R7 7700抉擇,https://www.ptt.cc/bbs/PC_Shopping/M.1736137433.A.EFC.html,推,人情>7700>12900k,01/06/2025,16627,True,中立
CPU,AMD R7 7700,AMD,Ryzen 7,型號,[閒聊] 二手12900k與全新R7 7700抉擇,https://www.ptt.cc/bbs/PC_Shopping/M.1736137433.A.EFC.html,→,"除非CPU有問題,不然7000的二手加周邊",01/06/2025,16630,True,中立
CPU,AMD R7 7700,AMD,Ryzen 7,型號,[閒聊] 二手12900k與全新R7 7700抉擇,https://www.ptt.cc/bbs/PC_Shopping/M.1736137433.A.EFC.html,推,選12900k CP值和人情都有了，降壓關小核,01/06/2025,16634,True,中立
CPU,AMD R7 7700,AMD,Ryzen 7,型號,[閒聊] 二手12900k與全新R7 7700抉擇,https://www.ptt.cc/bbs/PC_Shopping/M.1736137433.A.EFC.html,→,來用玩遊戲就很舒服了,01/06/2025,16636,True,正評
CPU,AMD R7 7700,AMD,Ryzen 7,型號,[閒聊] 二手12900k與全新R7 7700抉擇,https://www.ptt.cc/bbs/PC_Shopping/M.1736137433.A.EFC.html,推,不超頻其實沒這麼熱,01/07/2025,16648,True,中立
CPU,AMD R7 7700,AMD,Ryzen 7,型號(情報),[情報] 7600X3D 零售329歐元 R7 7700 搭板 $6990,https://www.ptt.cc/bbs/PC_Shopping/M.1725595393.A.E2E.html,→,有drmos 推R7可以的啦,09/06/2024,16654,True,正評
CPU,AMD R7 7700,AMD,Ryzen 7,型號(情報),[情報] 7600X3D 零售329歐元 R7 7700 搭板 $6990,https://www.ptt.cc/bbs/PC_Shopping/M.1725595393.A.E2E.html,推,價格還不錯 有多開需求的可以下單了,09/06/2024,16655,True,正評
CPU,AMD R7 7700,AMD,Ryzen 7,型號(情報),[情報] 7600X3D 零售329歐元 R7 7700 搭板 $6990,https://www.ptt.cc/bbs/PC_Shopping/M.1725595393.A.E2E.html,→,貴，供電都差不多,09/06/2024,16657,True,中立
CPU,AMD R7 7700,AMD,Ryzen 7,型號(情報),[情報] 7600X3D 零售329歐元 R7 7700 搭板 $6990,https://www.ptt.cc/bbs/PC_Shopping/M.1725595393.A.E2E.html,推,微星那片推R7也可以啦 又沒多耗電,09/06/2024,16658,True,中立
CPU,AMD R7 7700,AMD,Ryzen 7,型號(情報),[情報] 7600X3D 零售329歐元 R7 7700 搭板 $6990,https://www.ptt.cc/bbs/PC_Shopping/M.1725595393.A.E2E.html,推,差不到2000我會選7700，可是我已經組7500了,09/06/2024,16685,True,中立
CPU,AMD R7 7700,AMD,Ryzen 7,型號(情報),[情報] 7600X3D 零售329歐元 R7 7700 搭板 $6990,https://www.ptt.cc/bbs/PC_Shopping/M.1725595393.A.E2E.html,推,7700賣6990真的滿香的，又有內顯又是8核,09/06/2024,16686,True,正評
CPU,AMD R7 7700,AMD,Ryzen 7,型號(情報),[情報] 7600X3D 零售329歐元 R7 7700 搭板 $6990,https://www.ptt.cc/bbs/PC_Shopping/M.1725595393.A.E2E.html,→,當做多買2核和備用的亮機卡很可以,09/06/2024,16689,True,正評
CPU,AMD R7 7700,AMD,Ryzen 7,型號(情報),[情報] 7600X3D 零售329歐元 R7 7700 搭板 $6990,https://www.ptt.cc/bbs/PC_Shopping/M.1725595393.A.E2E.html,→,1700當兩個核心+送內顯 值得啊,09/06/2024,16692,True,正評
CPU,AMD R7 7700,AMD,Ryzen 7,型號(情報),[情報] 7600X3D 零售329歐元 R7 7700 搭板 $6990,https://www.ptt.cc/bbs/PC_Shopping/M.1725595393.A.E2E.html,→,一樣正常三年保就好，香爛！,09/06/2024,16701,True,正評
CPU,AMD R7 7700,AMD,Ryzen 7,型號(情報),[情報] 7600X3D 零售329歐元 R7 7700 搭板 $6990,https://www.ptt.cc/bbs/PC_Shopping/M.1725595393.A.E2E.html,推,在等9900X，但這7700有點香....,09/06/2024,16712,True,正評
CPU,AMD R7 7700,AMD,Ryzen 7,型號(情報),[情報] 7600X3D 零售329歐元 R7 7700 搭板 $6990,https://www.ptt.cc/bbs/PC_Shopping/M.1725595393.A.E2E.html,推,哇塞 這7700感覺比7500F更香,09/06/2024,16713,True,正評
CPU,AMD R7 7700,AMD,Ryzen 7,型號(情報),[情報] 7600X3D 零售329歐元 R7 7700 搭板 $6990,https://www.ptt.cc/bbs/PC_Shopping/M.1725595393.A.E2E.html,推,相當不錯 有內顯 8C16T,09/06/2024,16733,True,正評
CPU,AMD R7 7700,AMD,Ryzen 7,型號(情報),[情報] 7600X3D 零售329歐元 R7 7700 搭板 $6990,https://www.ptt.cc/bbs/PC_Shopping/M.1725595393.A.E2E.html,推,要買x3d就等9000x3d，97x 96x就跳過吧,09/06/2024,16738,True,負評
CPU,AMD R7 7700,AMD,Ryzen 7,型號(情報),[情報] 7600X3D 零售329歐元 R7 7700 搭板 $6990,https://www.ptt.cc/bbs/PC_Shopping/M.1725595393.A.E2E.html,→,這2顆定位非常尷尬，要便宜不夠便宜要效,09/06/2024,16740,True,負評
CPU,AMD R7 7700,AMD,Ryzen 7,型號(情報),[情報] 7600X3D 零售329歐元 R7 7700 搭板 $6990,https://www.ptt.cc/bbs/PC_Shopping/M.1725595393.A.E2E.html,→,多開也是 頻率有差 強項補不上,09/06/2024,16748,True,負評
CPU,AMD R7 7700,AMD,Ryzen 7,型號(情報),[情報] 7600X3D 零售329歐元 R7 7700 搭板 $6990,https://www.ptt.cc/bbs/PC_Shopping/M.1725595393.A.E2E.html,推,65w用單塔就好了，上雙塔是爽度差別吧,09/06/2024,16759,True,中立
CPU,AMD R7 7700,AMD,Ryzen 7,型號(情報),[情報] 7600X3D 零售329歐元 R7 7700 搭板 $6990,https://www.ptt.cc/bbs/PC_Shopping/M.1725595393.A.E2E.html,推,7700這樣好香 主機板也降價了 AMD這,09/06/2024,16761,True,正評
CPU,AMD R7 7700,AMD,Ryzen 7,型號(情報),[情報] 7600X3D 零售329歐元 R7 7700 搭板 $6990,https://www.ptt.cc/bbs/PC_Shopping/M.1725595393.A.E2E.html,→,tdp只是標好看的 不用一直糾結在那上面,09/06/2024,16767,True,中立
CPU,AMD R7 7700,AMD,Ryzen 7,型號(情報),[情報] 7600X3D 零售329歐元 R7 7700 搭板 $6990,https://www.ptt.cc/bbs/PC_Shopping/M.1725595393.A.E2E.html,推,7700開PBO等於7700X，功耗我記得會來到17,09/06/2024,16770,True,中立
CPU,AMD R7 7700,AMD,Ryzen 7,型號(情報),[情報] 7600X3D 零售329歐元 R7 7700 搭板 $6990,https://www.ptt.cc/bbs/PC_Shopping/M.1725595393.A.E2E.html,推,你要開pbo的話還要再去買雙塔或水冷,09/06/2024,16774,True,中立
CPU,AMD R7 7700,AMD,Ryzen 7,型號(情報),[情報] 7600X3D 零售329歐元 R7 7700 搭板 $6990,https://www.ptt.cc/bbs/PC_Shopping/M.1725595393.A.E2E.html,→,90w，原廠扇壓的住，還能再省一筆塔散錢,09/06/2024,16776,True,正評
CPU,AMD R7 7700,AMD,Ryzen 7,型號(情報),[情報] 7600X3D 零售329歐元 R7 7700 搭板 $6990,https://www.ptt.cc/bbs/PC_Shopping/M.1725595393.A.E2E.html,→,把這顆當成有內顯、多2核、多塔散的7500f,09/06/2024,16777,True,中立
CPU,AMD R7 7700,AMD,Ryzen 7,型號(情報),[情報] 7600X3D 零售329歐元 R7 7700 搭板 $6990,https://www.ptt.cc/bbs/PC_Shopping/M.1725595393.A.E2E.html,→,使用，別去想著讓它變成7700x這個噴火龍,09/06/2024,16778,True,負評
CPU,AMD R7 7700,AMD,Ryzen 7,型號(情報),[情報] 7600X3D 零售329歐元 R7 7700 搭板 $6990,https://www.ptt.cc/bbs/PC_Shopping/M.1725595393.A.E2E.html,推,組整機便宜又秒7000全家除x3d,09/06/2024,16787,True,正評
CPU,AMD R7 7700,AMD,Ryzen 7,型號(情報),[情報] 7600X3D 零售329歐元 R7 7700 搭板 $6990,https://www.ptt.cc/bbs/PC_Shopping/M.1725595393.A.E2E.html,推,搭7700的話 B650M GAMING WIFI就很夠了,09/06/2024,16793,True,中立
CPU,AMD R7 7700,AMD,Ryzen 7,型號(情報),[情報] 7600X3D 零售329歐元 R7 7700 搭板 $6990,https://www.ptt.cc/bbs/PC_Shopping/M.1725595393.A.E2E.html,→,打遊戲和7500F差不多 但TDP 105W,09/07/2024,16807,True,中立
CPU,AMD R7 7700,AMD,Ryzen 7,型號(情報),[情報] 7600X3D 零售329歐元 R7 7700 搭板 $6990,https://www.ptt.cc/bbs/PC_Shopping/M.1725595393.A.E2E.html,推,7700搭板價不錯啊.要組電腦可以選,09/07/2024,16810,True,正評
CPU,AMD R7 7700,AMD,Ryzen 7,型號,[測試] 平行換換病 i5 13600K 與 R7 7700 的較量,https://www.ptt.cc/bbs/PC_Shopping/M.1680010239.A.26B.html,推,現在I跟A組ITX，真的推Zen4非X，溫度好控太多，但我會想,03/28/2023,16817,True,正評
CPU,AMD R7 7700,AMD,Ryzen 7,型號,[測試] 平行換換病 i5 13600K 與 R7 7700 的較量,https://www.ptt.cc/bbs/PC_Shopping/M.1680010239.A.26B.html,推,不過單CCD的7000系打遊戲預設真的不錯,03/28/2023,16819,True,正評
CPU,AMD R7 7700,AMD,Ryzen 7,型號,[測試] 平行換換病 i5 13600K 與 R7 7700 的較量,https://www.ptt.cc/bbs/PC_Shopping/M.1680010239.A.26B.html,→,不過AMD這代R7真的丟臉，打都打不贏13600K,03/28/2023,16820,True,負評
CPU,AMD R7 7700,AMD,Ryzen 7,型號,[測試] 平行換換病 i5 13600K 與 R7 7700 的較量,https://www.ptt.cc/bbs/PC_Shopping/M.1680010239.A.26B.html,推,推! 換涼快省電U 也爽,03/28/2023,16824,True,正評
CPU,AMD R7 7700,AMD,Ryzen 7,型號,[測試] 平行換換病 i5 13600K 與 R7 7700 的較量,https://www.ptt.cc/bbs/PC_Shopping/M.1680010239.A.26B.html,推,看來等之後主板有降價，買7700沒X的還不錯，不用再額外,03/28/2023,16826,True,正評
CPU,AMD R7 7700,AMD,Ryzen 7,型號,[測試] 平行換換病 i5 13600K 與 R7 7700 的較量,https://www.ptt.cc/bbs/PC_Shopping/M.1680010239.A.26B.html,→,“遊戲性上全大核架構遠比大小混和架構具有優勢”，結,03/28/2023,16830,True,中立
CPU,AMD R7 7700,AMD,Ryzen 7,型號,[測試] 平行換換病 i5 13600K 與 R7 7700 的較量,https://www.ptt.cc/bbs/PC_Shopping/M.1680010239.A.26B.html,→,拿 PL2 解除後最高可達 97-100 度,03/28/2023,16832,True,負評
CPU,AMD R7 7700,AMD,Ryzen 7,型號,[測試] 平行換換病 i5 13600K 與 R7 7700 的較量,https://www.ptt.cc/bbs/PC_Shopping/M.1680010239.A.26B.html,→,跟“最高 90 度天花板，要再降一點可以調整PBO溫度低,03/28/2023,16833,True,中立
CPU,AMD R7 7700,AMD,Ryzen 7,型號,[測試] 平行換換病 i5 13600K 與 R7 7700 的較量,https://www.ptt.cc/bbs/PC_Shopping/M.1680010239.A.26B.html,推,Zen4這幾顆CPU列出來，7700X/非X就真的是表現最糟的，760,03/28/2023,16835,True,負評
CPU,AMD R7 7700,AMD,Ryzen 7,型號,[測試] 平行換換病 i5 13600K 與 R7 7700 的較量,https://www.ptt.cc/bbs/PC_Shopping/M.1680010239.A.26B.html,→,0只要主板、RAM降下來一些，就是遊戲神U，表現不錯、溫度,03/28/2023,16836,True,正評
CPU,AMD R7 7700,AMD,Ryzen 7,型號,[測試] 平行換換病 i5 13600K 與 R7 7700 的較量,https://www.ptt.cc/bbs/PC_Shopping/M.1680010239.A.26B.html,→,好壓，而R9這幾顆表現都不錯，拿來組個人工作站是很好的,03/28/2023,16837,True,正評
CPU,AMD R7 7700,AMD,Ryzen 7,型號,[測試] 平行換換病 i5 13600K 與 R7 7700 的較量,https://www.ptt.cc/bbs/PC_Shopping/M.1680010239.A.26B.html,→,7700開PBO最高90度，而13600K是頂到100度都不能全速跑，,03/28/2023,16838,True,負評
CPU,AMD R7 7700,AMD,Ryzen 7,型號,[測試] 平行換換病 i5 13600K 與 R7 7700 的較量,https://www.ptt.cc/bbs/PC_Shopping/M.1680010239.A.26B.html,→,但你功率高撞溫度牆降頻，所以進BIOS到底調了什麼?,03/28/2023,16840,True,負評
CPU,AMD R7 7700,AMD,Ryzen 7,型號,[測試] 平行換換病 i5 13600K 與 R7 7700 的較量,https://www.ptt.cc/bbs/PC_Shopping/M.1680010239.A.26B.html,推,買東西就是不用東改西改 AMD PBO開下去7700都能摸到帶X了,03/28/2023,16841,True,正評
CPU,AMD R7 7700,AMD,Ryzen 7,型號,[測試] 平行換換病 i5 13600K 與 R7 7700 的較量,https://www.ptt.cc/bbs/PC_Shopping/M.1680010239.A.26B.html,→,溫度也低 功耗更漂亮 混和架構只剩跑分優勢 價格一樣,03/28/2023,16842,True,正評
CPU,AMD R7 7700,AMD,Ryzen 7,型號,[測試] 平行換換病 i5 13600K 與 R7 7700 的較量,https://www.ptt.cc/bbs/PC_Shopping/M.1680010239.A.26B.html,→,"2顆差不多,7700跑不動,你換136k也是跑不動",03/29/2023,16846,True,負評
CPU,AMD R7 7700,AMD,Ryzen 7,型號,[測試] 平行換換病 i5 13600K 與 R7 7700 的較量,https://www.ptt.cc/bbs/PC_Shopping/M.1680010239.A.26B.html,推,電上去拉時脈＋堆小核 跑分好看 但日常用不到就只是浪費,03/29/2023,16847,True,中立
CPU,AMD R7 7700,AMD,Ryzen 7,型號(情報),[情報] 65W的R7 7700效能剛好在7600X跟7700X中間,https://www.ptt.cc/bbs/PC_Shopping/M.1666784954.A.28C.html,→,所以撞95度溫度牆一樣撞好撞滿？,10/27/2022,16856,True,負評
CPU,AMD R7 7800X3D,AMD,Ryzen 7,型號,[請益] 7500f換換病發想升級7800x3d,https://www.ptt.cc/bbs/PC_Shopping/M.1770268035.A.E6A.html,→,不夠力，升級CPU爽爽先吧,02/05/2026,16864,True,負評
CPU,AMD R7 7800X3D,AMD,Ryzen 7,型號,[請益] 7500f換換病發想升級7800x3d,https://www.ptt.cc/bbs/PC_Shopping/M.1770268035.A.E6A.html,→,上oled 開HDR會很有感，CPU 不會卡就不用,02/05/2026,16868,True,中立
CPU,AMD R7 7800X3D,AMD,Ryzen 7,型號,[請益] 7500f換換病發想升級7800x3d,https://www.ptt.cc/bbs/PC_Shopping/M.1770268035.A.E6A.html,推,要換就直接98X3D 不然同代平換沒什麼意義,02/05/2026,16869,True,中立
CPU,AMD R7 7800X3D,AMD,Ryzen 7,型號,[請益] 7500f換換病發想升級7800x3d,https://www.ptt.cc/bbs/PC_Shopping/M.1770268035.A.E6A.html,→,x3d 但你現在夠用往上換 沒啥意義,02/05/2026,16873,True,中立
CPU,AMD R7 7800X3D,AMD,Ryzen 7,型號,[請益] 7500f換換病發想升級7800x3d,https://www.ptt.cc/bbs/PC_Shopping/M.1770268035.A.E6A.html,推,換換病要開9950X3D才能治好,02/05/2026,16877,True,中立
CPU,AMD R7 7800X3D,AMD,Ryzen 7,型號,[請益] 7500f換換病發想升級7800x3d,https://www.ptt.cc/bbs/PC_Shopping/M.1770268035.A.E6A.html,→,"換換病沒藥醫,你想換就換",02/05/2026,16878,True,中立
CPU,AMD R7 7800X3D,AMD,Ryzen 7,型號,[請益] 7500f換換病發想升級7800x3d,https://www.ptt.cc/bbs/PC_Shopping/M.1770268035.A.E6A.html,→,把升級CPU的錢拿去投資顯卡才是正確,02/05/2026,16884,True,中立
CPU,AMD R7 7800X3D,AMD,Ryzen 7,型號,[請益] 7500f換換病發想升級7800x3d,https://www.ptt.cc/bbs/PC_Shopping/M.1770268035.A.E6A.html,推,我用3080 75f升98x3d，競技遊戲差超多,02/05/2026,16887,True,正評
CPU,AMD R7 7800X3D,AMD,Ryzen 7,型號,[請益] 7500f換換病發想升級7800x3d,https://www.ptt.cc/bbs/PC_Shopping/M.1770268035.A.E6A.html,→,你cpu有換跟沒換用起來都一樣,02/05/2026,16888,True,中立
CPU,AMD R7 7800X3D,AMD,Ryzen 7,型號,[請益] 7500f換換病發想升級7800x3d,https://www.ptt.cc/bbs/PC_Shopping/M.1770268035.A.E6A.html,推,換換病一律只建議攻頂,02/05/2026,16889,True,正評
CPU,AMD R7 7800X3D,AMD,Ryzen 7,型號,[請益] 7500f換換病發想升級7800x3d,https://www.ptt.cc/bbs/PC_Shopping/M.1770268035.A.E6A.html,→,買新不買舊，9850X3D買一買,02/05/2026,16890,True,中立
CPU,AMD R7 7800X3D,AMD,Ryzen 7,型號,[請益] 7500f換換病發想升級7800x3d,https://www.ptt.cc/bbs/PC_Shopping/M.1770268035.A.E6A.html,→,別換了 現在動手只要燒了 就是噴1萬,02/05/2026,16891,True,負評
CPU,AMD R7 7800X3D,AMD,Ryzen 7,型號,[請益] 7500f換換病發想升級7800x3d,https://www.ptt.cc/bbs/PC_Shopping/M.1770268035.A.E6A.html,推,是我就不換，等年底ZEN6,02/05/2026,16893,True,負評
CPU,AMD R7 7800X3D,AMD,Ryzen 7,型號,[請益] 7500f換換病發想升級7800x3d,https://www.ptt.cc/bbs/PC_Shopping/M.1770268035.A.E6A.html,→,不過3A大作的幀數會有感下降，自己要,02/05/2026,16896,True,中立
CPU,AMD R7 7800X3D,AMD,Ryzen 7,型號,[請益] 7500f換換病發想升級7800x3d,https://www.ptt.cc/bbs/PC_Shopping/M.1770268035.A.E6A.html,→,換成48c3 體感差別最大，然後e3-1231搭,02/05/2026,16898,True,正評
CPU,AMD R7 7800X3D,AMD,Ryzen 7,型號,[請益] 7500f換換病發想升級7800x3d,https://www.ptt.cc/bbs/PC_Shopping/M.1770268035.A.E6A.html,→,過20萬人口還是卡ppt 玩ff14感覺不出升,02/05/2026,16902,True,負評
CPU,AMD R7 7800X3D,AMD,Ryzen 7,型號,[請益] 7500f換換病發想升級7800x3d,https://www.ptt.cc/bbs/PC_Shopping/M.1770268035.A.E6A.html,→,級感 而且升級後高負載要降頻到5500 限,02/05/2026,16903,True,負評
CPU,AMD R7 7800X3D,AMD,Ryzen 7,型號,[請益] 7500f換換病發想升級7800x3d,https://www.ptt.cc/bbs/PC_Shopping/M.1770268035.A.E6A.html,→,制120w  不然對itx散熱壓力太大了,02/05/2026,16904,True,中立
CPU,AMD R7 7800X3D,AMD,Ryzen 7,型號,[請益] 7500f換換病發想升級7800x3d,https://www.ptt.cc/bbs/PC_Shopping/M.1770268035.A.E6A.html,推,等zen6 cache有增加 遊戲有幫助,02/05/2026,16909,True,中立
CPU,AMD R7 7800X3D,AMD,Ryzen 7,型號,[請益] 7500f換換病發想升級7800x3d,https://www.ptt.cc/bbs/PC_Shopping/M.1770268035.A.E6A.html,推,我983玩FF14 廣場人再多都不會卡,02/05/2026,16910,True,正評
CPU,AMD R7 7800X3D,AMD,Ryzen 7,型號,[請益] 7500f換換病發想升級7800x3d,https://www.ptt.cc/bbs/PC_Shopping/M.1770268035.A.E6A.html,→,我75f上98x3d 有感,02/05/2026,16911,True,正評
CPU,AMD R7 7800X3D,AMD,Ryzen 7,型號,[請益] 7500f換換病發想升級7800x3d,https://www.ptt.cc/bbs/PC_Shopping/M.1770268035.A.E6A.html,推,X3D對FF14這種走網路的遊戲有奇效,02/05/2026,16912,True,正評
CPU,AMD R7 7800X3D,AMD,Ryzen 7,型號,[請益] 7500f換換病發想升級7800x3d,https://www.ptt.cc/bbs/PC_Shopping/M.1770268035.A.E6A.html,→,不是完全沒提升 但花錢算CP值來說不會是首,02/05/2026,16914,True,負評
CPU,AMD R7 7800X3D,AMD,Ryzen 7,型號,[請益] 7500f換換病發想升級7800x3d,https://www.ptt.cc/bbs/PC_Shopping/M.1770268035.A.E6A.html,推,7800x3D 4K沒差很多 營幕或顯卡比較有感,02/05/2026,16917,True,中立
CPU,AMD R7 7800X3D,AMD,Ryzen 7,型號,[請益] 7500f換換病發想升級7800x3d,https://www.ptt.cc/bbs/PC_Shopping/M.1770268035.A.E6A.html,→,4K全開都在8X幀左右，8人殲滅和24人日,02/05/2026,16920,True,正評
CPU,AMD R7 7800X3D,AMD,Ryzen 7,型號,[請益] 7500f換換病發想升級7800x3d,https://www.ptt.cc/bbs/PC_Shopping/M.1770268035.A.E6A.html,推,換了體感差不多，別換吧,02/05/2026,16921,True,負評
CPU,AMD R7 7800X3D,AMD,Ryzen 7,型號,[請益] 7500f換換病發想升級7800x3d,https://www.ptt.cc/bbs/PC_Shopping/M.1770268035.A.E6A.html,推,很重視1%low就要換x3d,02/05/2026,16922,True,中立
CPU,AMD R7 7800X3D,AMD,Ryzen 7,型號,[請益] 7500f換換病發想升級7800x3d,https://www.ptt.cc/bbs/PC_Shopping/M.1770268035.A.E6A.html,→,哪怕4k，x3d在1%low通常也有幫助,02/05/2026,16923,True,正評
CPU,AMD R7 7800X3D,AMD,Ryzen 7,型號,[請益] 7500f換換病發想升級7800x3d,https://www.ptt.cc/bbs/PC_Shopping/M.1770268035.A.E6A.html,推,FF14 超過60fps 不會搖，幀數不用開,02/05/2026,16932,True,正評
CPU,AMD R7 7800X3D,AMD,Ryzen 7,型號,[請益] 7500f換換病發想升級7800x3d,https://www.ptt.cc/bbs/PC_Shopping/M.1770268035.A.E6A.html,推,如果需求還沒頂到75F的瓶頸 那換78x3D,02/05/2026,16934,True,中立
CPU,AMD R7 7800X3D,AMD,Ryzen 7,型號,[請益] 7500f換換病發想升級7800x3d,https://www.ptt.cc/bbs/PC_Shopping/M.1770268035.A.E6A.html,→,XT+4k螢幕 爽度最高,02/05/2026,16936,True,正評
CPU,AMD R7 7800X3D,AMD,Ryzen 7,型號,[請益] 7500f換換病發想升級7800x3d,https://www.ptt.cc/bbs/PC_Shopping/M.1770268035.A.E6A.html,推,請直上9800x3d,02/05/2026,16939,True,中立
CPU,AMD R7 7800X3D,AMD,Ryzen 7,型號,[請益] 7500f換換病發想升級7800x3d,https://www.ptt.cc/bbs/PC_Shopping/M.1770268035.A.E6A.html,推,換4KOLED最有感 只有後悔太晚換,02/05/2026,16940,True,正評
CPU,AMD R7 7800X3D,AMD,Ryzen 7,型號,[請益] 7500f換換病發想升級7800x3d,https://www.ptt.cc/bbs/PC_Shopping/M.1770268035.A.E6A.html,推,螢幕不是4koled的話優先換，提升感最直,02/05/2026,16943,True,正評
CPU,AMD R7 7800X3D,AMD,Ryzen 7,型號,[請益] 7500f換換病發想升級7800x3d,https://www.ptt.cc/bbs/PC_Shopping/M.1770268035.A.E6A.html,→,FF14鎖60用小鴨捕到90~120 就順+搖,02/05/2026,16945,True,中立
CPU,AMD R7 7800X3D,AMD,Ryzen 7,型號,[請益] 7500f換換病發想升級7800x3d,https://www.ptt.cc/bbs/PC_Shopping/M.1770268035.A.E6A.html,→,其實你玩這些除了3A，都是783比9700X好,02/05/2026,16946,True,中立
CPU,AMD R7 7800X3D,AMD,Ryzen 7,型號,[請益] 7500f換換病發想升級7800x3d,https://www.ptt.cc/bbs/PC_Shopping/M.1770268035.A.E6A.html,推,改玩4k畫質。張數就不會卡在cpu了,02/05/2026,16947,True,正評
CPU,AMD R7 7800X3D,AMD,Ryzen 7,型號,[請益] 7500f換換病發想升級7800x3d,https://www.ptt.cc/bbs/PC_Shopping/M.1770268035.A.E6A.html,→,4K下1%low還是有差,02/05/2026,16948,True,中立
CPU,AMD R7 7800X3D,AMD,Ryzen 7,型號,[請益] 7500f換換病發想升級7800x3d,https://www.ptt.cc/bbs/PC_Shopping/M.1770268035.A.E6A.html,推,換cpu c/p值最低 我5090配7700,02/05/2026,16950,True,正評
CPU,AMD R7 7800X3D,AMD,Ryzen 7,型號,[請益] 7500f換換病發想升級7800x3d,https://www.ptt.cc/bbs/PC_Shopping/M.1770268035.A.E6A.html,→,聞了，換換病都治好了,02/05/2026,16953,True,正評
CPU,AMD R7 7800X3D,AMD,Ryzen 7,型號,[請益] 7500f換換病發想升級7800x3d,https://www.ptt.cc/bbs/PC_Shopping/M.1770268035.A.E6A.html,推,783散片達到盒裝的歷史低點，以cp值來說,02/05/2026,16954,True,正評
CPU,AMD R7 7800X3D,AMD,Ryzen 7,型號,[請益] 7500f換換病發想升級7800x3d,https://www.ptt.cc/bbs/PC_Shopping/M.1770268035.A.E6A.html,推,直上9800X3D正解 不用等 想換就換,02/05/2026,16956,True,正評
CPU,AMD R7 7800X3D,AMD,Ryzen 7,型號,[請益] 7500f換換病發想升級7800x3d,https://www.ptt.cc/bbs/PC_Shopping/M.1770268035.A.E6A.html,→,"卡,沒什麼太大效能升級吧",02/05/2026,16958,True,負評
CPU,AMD R7 7800X3D,AMD,Ryzen 7,型號,[請益] 7500f換換病發想升級7800x3d,https://www.ptt.cc/bbs/PC_Shopping/M.1770268035.A.E6A.html,→,"直上9800X3D吧,等到真的降價7800X3D二手",02/05/2026,16960,True,中立
CPU,AMD R7 7800X3D,AMD,Ryzen 7,型號,[請益] 7500f換換病發想升級7800x3d,https://www.ptt.cc/bbs/PC_Shopping/M.1770268035.A.E6A.html,→,"還少享受好一段時間,換換病就直接攻頂吧",02/05/2026,16962,True,正評
CPU,AMD R7 7800X3D,AMD,Ryzen 7,型號,[請益] 7500f換換病發想升級7800x3d,https://www.ptt.cc/bbs/PC_Shopping/M.1770268035.A.E6A.html,→,783那個10k的價錢要搭 不給直接買的吧,02/05/2026,16963,True,中立
CPU,AMD R7 7800X3D,AMD,Ryzen 7,型號,[請益] 7500f換換病發想升級7800x3d,https://www.ptt.cc/bbs/PC_Shopping/M.1770268035.A.E6A.html,→,就買983舊的脫手 比較不怕再次換換病,02/05/2026,16965,True,中立
CPU,AMD R7 7800X3D,AMD,Ryzen 7,型號,[請益] 7500f換換病發想升級7800x3d,https://www.ptt.cc/bbs/PC_Shopping/M.1770268035.A.E6A.html,推,這樣就是換換病 直上9850x3d,02/05/2026,16974,True,中立
CPU,AMD R7 7800X3D,AMD,Ryzen 7,型號,[請益] 7500f換換病發想升級7800x3d,https://www.ptt.cc/bbs/PC_Shopping/M.1770268035.A.E6A.html,推,建議直上9853,02/05/2026,16975,True,正評
CPU,AMD R7 7800X3D,AMD,Ryzen 7,型號,[請益] 7500f換換病發想升級7800x3d,https://www.ptt.cc/bbs/PC_Shopping/M.1770268035.A.E6A.html,→,有玩WOW  FF14問就是捏著點直上9850才值得,02/05/2026,16976,True,正評
CPU,AMD R7 7800X3D,AMD,Ryzen 7,型號,[請益] 7500f換換病發想升級7800x3d,https://www.ptt.cc/bbs/PC_Shopping/M.1770268035.A.E6A.html,→,換換病建議直上98x3d 除非預備明年再,02/06/2026,16982,True,正評
CPU,AMD R7 7800X3D,AMD,Ryzen 7,型號,[請益] 7500f換換病發想升級7800x3d,https://www.ptt.cc/bbs/PC_Shopping/M.1770268035.A.E6A.html,→,沒上最新的可是治不好,02/06/2026,16987,True,中立
CPU,AMD R7 7800X3D,AMD,Ryzen 7,型號,[請益] 7500f換換病發想升級7800x3d,https://www.ptt.cc/bbs/PC_Shopping/M.1770268035.A.E6A.html,推,兩奈米zen6出來你換換病就復發了 製程,02/06/2026,16988,True,中立
CPU,AMD R7 7800X3D,AMD,Ryzen 7,型號,[請益] 7500f換換病發想升級7800x3d,https://www.ptt.cc/bbs/PC_Shopping/M.1770268035.A.E6A.html,→,跳兩代直接把98X3D壓在地上,02/06/2026,16989,True,正評
CPU,AMD R7 7800X3D,AMD,Ryzen 7,型號,[請益] 7500f換換病發想升級7800x3d,https://www.ptt.cc/bbs/PC_Shopping/M.1770268035.A.E6A.html,→,意不滿意再說，鎖60fps的換來只有心靈,02/06/2026,16992,True,負評
CPU,AMD R7 7800X3D,AMD,Ryzen 7,型號,[請益] 7500f換換病發想升級7800x3d,https://www.ptt.cc/bbs/PC_Shopping/M.1770268035.A.E6A.html,推,要換就98X3D甚至你有閒錢就985X3D 反正B6,02/06/2026,16993,True,中立
CPU,AMD R7 7800X3D,AMD,Ryzen 7,型號,[請益] 7500f換換病發想升級7800x3d,https://www.ptt.cc/bbs/PC_Shopping/M.1770268035.A.E6A.html,→,50M ICE供電還不錯 能繼續撐,02/06/2026,16994,True,中立
CPU,AMD R7 7800X3D,AMD,Ryzen 7,型號,[請益] 7500f換換病發想升級7800x3d,https://www.ptt.cc/bbs/PC_Shopping/M.1770268035.A.E6A.html,推,98X3d對岸大概12500可以入手,02/06/2026,16995,True,中立
CPU,AMD R7 7800X3D,AMD,Ryzen 7,型號,[請益] 7500f換換病發想升級7800x3d,https://www.ptt.cc/bbs/PC_Shopping/M.1770268035.A.E6A.html,推,x500 換到 x700 會很有感 核心多1/3效能,02/07/2026,16996,True,正評
CPU,AMD R7 7800X3D,AMD,Ryzen 7,型號,[請益] 7500f換換病發想升級7800x3d,https://www.ptt.cc/bbs/PC_Shopping/M.1770268035.A.E6A.html,→,HT又多一半效能,02/07/2026,16997,True,正評
CPU,AMD R7 7800X3D,AMD,Ryzen 7,型號(情報),[情報] 原價屋 7800X3D Tray盤 $9900,https://www.ptt.cc/bbs/PC_Shopping/M.1769171900.A.818.html,推,覺得不怎樣....,01/23/2026,17002,True,負評
CPU,AMD R7 7800X3D,AMD,Ryzen 7,型號(情報),[情報] 原價屋 7800X3D Tray盤 $9900,https://www.ptt.cc/bbs/PC_Shopping/M.1769171900.A.818.html,→,只適合75F升級ㄅ,01/23/2026,17004,True,中立
CPU,AMD R7 7800X3D,AMD,Ryzen 7,型號(情報),[情報] 原價屋 7800X3D Tray盤 $9900,https://www.ptt.cc/bbs/PC_Shopping/M.1769171900.A.818.html,→,DDR5 32GB 比這顆U還貴 現組電腦要很有勇氣,01/23/2026,17012,True,負評
CPU,AMD R7 7800X3D,AMD,Ryzen 7,型號(情報),[情報] 原價屋 7800X3D Tray盤 $9900,https://www.ptt.cc/bbs/PC_Shopping/M.1769171900.A.818.html,→,"如果三年保還不錯吧, 算遊戲第二梯隊的",01/23/2026,17015,True,中立
CPU,AMD R7 7800X3D,AMD,Ryzen 7,型號(情報),[情報] 原價屋 7800X3D Tray盤 $9900,https://www.ptt.cc/bbs/PC_Shopping/M.1769171900.A.818.html,→,只比9000X3D弱,01/23/2026,17016,True,中立
CPU,AMD R7 7800X3D,AMD,Ryzen 7,型號(情報),[情報] 原價屋 7800X3D Tray盤 $9900,https://www.ptt.cc/bbs/PC_Shopping/M.1769171900.A.818.html,→,只比9800X3D弱而已。,01/23/2026,17017,True,中立
CPU,AMD R7 7800X3D,AMD,Ryzen 7,型號(情報),[情報] 原價屋 7800X3D Tray盤 $9900,https://www.ptt.cc/bbs/PC_Shopping/M.1769171900.A.818.html,推,現在看到就噴是膝反應嗎，這顆明明,01/23/2026,17019,True,中立
CPU,AMD R7 7800X3D,AMD,Ryzen 7,型號(情報),[情報] 原價屋 7800X3D Tray盤 $9900,https://www.ptt.cc/bbs/PC_Shopping/M.1769171900.A.818.html,→,就超強也是歷史新低價,01/23/2026,17020,True,正評
CPU,AMD R7 7800X3D,AMD,Ryzen 7,型號(情報),[情報] 原價屋 7800X3D Tray盤 $9900,https://www.ptt.cc/bbs/PC_Shopping/M.1769171900.A.818.html,→,如果單售就是無敵了,01/23/2026,17021,True,正評
CPU,AMD R7 7800X3D,AMD,Ryzen 7,型號(情報),[情報] 原價屋 7800X3D Tray盤 $9900,https://www.ptt.cc/bbs/PC_Shopping/M.1769171900.A.818.html,推,78X3D這價格可以了吧 比之前最低的11K還低,01/23/2026,17026,True,正評
CPU,AMD R7 7800X3D,AMD,Ryzen 7,型號(情報),[情報] 原價屋 7800X3D Tray盤 $9900,https://www.ptt.cc/bbs/PC_Shopping/M.1769171900.A.818.html,推,跟之前比起來 是CPU降的價差全被記憶體吃光,01/23/2026,17028,True,中立
CPU,AMD R7 7800X3D,AMD,Ryzen 7,型號(情報),[情報] 原價屋 7800X3D Tray盤 $9900,https://www.ptt.cc/bbs/PC_Shopping/M.1769171900.A.818.html,推,78X3D蠻尷尬的 3A表現沒比7700好太多,01/23/2026,17032,True,負評
CPU,AMD R7 7800X3D,AMD,Ryzen 7,型號(情報),[情報] 原價屋 7800X3D Tray盤 $9900,https://www.ptt.cc/bbs/PC_Shopping/M.1769171900.A.818.html,→,不差錢的就直接上98X3D,01/23/2026,17033,True,正評
CPU,AMD R7 7800X3D,AMD,Ryzen 7,型號(情報),[情報] 原價屋 7800X3D Tray盤 $9900,https://www.ptt.cc/bbs/PC_Shopping/M.1769171900.A.818.html,→,才一兩千而已 是真的建議捏上去比較實際,01/23/2026,17035,True,中立
CPU,AMD R7 7800X3D,AMD,Ryzen 7,型號(情報),[情報] 原價屋 7800X3D Tray盤 $9900,https://www.ptt.cc/bbs/PC_Shopping/M.1769171900.A.818.html,推,單純升級還是偏貴..,01/23/2026,17041,True,中立
CPU,AMD R7 7800X3D,AMD,Ryzen 7,型號(情報),[情報] 原價屋 7800X3D Tray盤 $9900,https://www.ptt.cc/bbs/PC_Shopping/M.1769171900.A.818.html,→,7800X3D它不是拿來玩3A的，X3D的優勢是,01/23/2026,17042,True,中立
CPU,AMD R7 7800X3D,AMD,Ryzen 7,型號(情報),[情報] 原價屋 7800X3D Tray盤 $9900,https://www.ptt.cc/bbs/PC_Shopping/M.1769171900.A.818.html,→,要玩3A應該是去買9700X(當然不是代理商,01/23/2026,17044,True,負評
CPU,AMD R7 7800X3D,AMD,Ryzen 7,型號(情報),[情報] 原價屋 7800X3D Tray盤 $9900,https://www.ptt.cc/bbs/PC_Shopping/M.1769171900.A.818.html,→,價才沒什麼人買。,01/23/2026,17047,True,負評
CPU,AMD R7 7800X3D,AMD,Ryzen 7,型號(情報),[情報] 原價屋 7800X3D Tray盤 $9900,https://www.ptt.cc/bbs/PC_Shopping/M.1769171900.A.818.html,推,這顆只輸98x3d  夠強了,01/24/2026,17053,True,正評
CPU,AMD R7 7800X3D,AMD,Ryzen 7,型號(情報),[情報] 原價屋 7800X3D Tray盤 $9900,https://www.ptt.cc/bbs/PC_Shopping/M.1769171900.A.818.html,推,去年初我會想衝，現在算了，ddr5都比cpu貴,01/24/2026,17056,True,中立
CPU,AMD R7 7800X3D,AMD,Ryzen 7,型號(情報),[情報] 原價屋 7800X3D Tray盤 $9900,https://www.ptt.cc/bbs/PC_Shopping/M.1769171900.A.818.html,→,搭丐版很多在八千左右等於版只賣一千多,01/24/2026,17066,True,中立
CPU,AMD R7 7800X3D,AMD,Ryzen 7,型號(情報),[情報] 原價屋 7800X3D Tray盤 $9900,https://www.ptt.cc/bbs/PC_Shopping/M.1769171900.A.818.html,→,中國盒裝2299rmb 你這個價格沒贏啊,01/24/2026,17069,True,中立
CPU,AMD R7 7800X3D,AMD,Ryzen 7,型號(情報),[情報] 原價屋 7800X3D Tray盤 $9900,https://www.ptt.cc/bbs/PC_Shopping/M.1769171900.A.818.html,推,"9千9, 有需要的可以入手了",01/24/2026,17078,True,正評
CPU,AMD R7 7800X3D,AMD,Ryzen 7,型號(情報),[情報] 原價屋 7800X3D Tray盤 $9900,https://www.ptt.cc/bbs/PC_Shopping/M.1769171900.A.818.html,推,這價格就沒必要買對岸散片了,01/24/2026,17079,True,中立
CPU,AMD R7 7800X3D,AMD,Ryzen 7,型號(情報),[情報] 原價屋 7800X3D Tray盤 $9900,https://www.ptt.cc/bbs/PC_Shopping/M.1769171900.A.818.html,→,7700跟9700X差不多 7800X3D玩遊戲又,01/24/2026,17080,True,中立
CPU,AMD R7 7800X3D,AMD,Ryzen 7,型號(情報),[情報] 原價屋 7800X3D Tray盤 $9900,https://www.ptt.cc/bbs/PC_Shopping/M.1769171900.A.818.html,→,比9700X強 這就是世界上第三快的遊戲,01/24/2026,17081,True,正評
CPU,AMD R7 7800X3D,AMD,Ryzen 7,型號(情報),[情報] 原價屋 7800X3D Tray盤 $9900,https://www.ptt.cc/bbs/PC_Shopping/M.1769171900.A.818.html,推,但如果是玩4K x3d優勢也不大,01/24/2026,17082,True,中立
CPU,AMD R7 7800X3D,AMD,Ryzen 7,型號(情報),[情報] 原價屋 7800X3D Tray盤 $9900,https://www.ptt.cc/bbs/PC_Shopping/M.1769171900.A.818.html,→,這價格我寧可加一點搭優惠買98x3d,01/24/2026,17084,True,負評
CPU,AMD R7 7800X3D,AMD,Ryzen 7,型號(情報),[情報] 原價屋 7800X3D Tray盤 $9900,https://www.ptt.cc/bbs/PC_Shopping/M.1769171900.A.818.html,→,你拿7700和9800x3d來比也會得到提升,01/24/2026,17089,True,中立
CPU,AMD R7 7800X3D,AMD,Ryzen 7,型號(情報),[情報] 原價屋 7800X3D Tray盤 $9900,https://www.ptt.cc/bbs/PC_Shopping/M.1769171900.A.818.html,→,之前不是說眾生平等1％ low穩定性,01/24/2026,17092,True,中立
CPU,AMD R7 7800X3D,AMD,Ryzen 7,型號(情報),[情報] 原價屋 7800X3D Tray盤 $9900,https://www.ptt.cc/bbs/PC_Shopping/M.1769171900.A.818.html,→,也會有差嗎，9900這價格我是覺得能,01/24/2026,17093,True,中立
CPU,AMD R7 7800X3D,AMD,Ryzen 7,型號(情報),[情報] 原價屋 7800X3D Tray盤 $9900,https://www.ptt.cc/bbs/PC_Shopping/M.1769171900.A.818.html,推,現在58x3d比較有吸引力,01/24/2026,17096,True,正評
CPU,AMD R7 7800X3D,AMD,Ryzen 7,型號(情報),[情報] 原價屋 7800X3D Tray盤 $9900,https://www.ptt.cc/bbs/PC_Shopping/M.1769171900.A.818.html,推,9700X除了玩遊戲都比7800X3D強,01/24/2026,17109,True,負評
CPU,AMD R7 7800X3D,AMD,Ryzen 7,型號(情報),[情報] 原價屋 7800X3D Tray盤 $9900,https://www.ptt.cc/bbs/PC_Shopping/M.1769171900.A.818.html,→,玩單機還可能因為頻率更高的關係贏一,01/24/2026,17110,True,正評
CPU,AMD R7 7800X3D,AMD,Ryzen 7,型號(情報),[情報] 原價屋 7800X3D Tray盤 $9900,https://www.ptt.cc/bbs/PC_Shopping/M.1769171900.A.818.html,推,接吻一下 r5-3600+2070super升級這個u,01/24/2026,17116,True,正評
CPU,AMD R7 7800X3D,AMD,Ryzen 7,型號(情報),[情報] 原價屋 7800X3D Tray盤 $9900,https://www.ptt.cc/bbs/PC_Shopping/M.1769171900.A.818.html,→,"5600 (XT)貴, 售價就不香了",01/25/2026,17128,True,中立
CPU,AMD R7 7800X3D,AMD,Ryzen 7,型號(情報),[情報] 原價屋 7800X3D Tray盤 $9900,https://www.ptt.cc/bbs/PC_Shopping/M.1769171900.A.818.html,→,zen3又打不過1700，這也是為什麼配,01/25/2026,17136,True,中立
CPU,AMD R7 7800X3D,AMD,Ryzen 7,型號(情報),[情報] AMD Ryzen 7 5800X3D二手價格超過7800X3D,https://www.ptt.cc/bbs/PC_Shopping/M.1766131796.A.2D9.html,→,單價7k有找盤子價，我果斷買兩顆回,12/19/2025,17241,True,正評
CPU,AMD R7 7800X3D,AMD,Ryzen 7,型號(情報),[情報] AMD Ryzen 7 5800X3D二手價格超過7800X3D,https://www.ptt.cc/bbs/PC_Shopping/M.1766131796.A.2D9.html,推,"x3d就遊戲真神啊,特別是網遊手遊優",12/20/2025,17250,True,正評
CPU,AMD R7 7800X3D,AMD,Ryzen 7,型號(情報),[情報] AMD Ryzen 7 5800X3D二手價格超過7800X3D,https://www.ptt.cc/bbs/PC_Shopping/M.1766131796.A.2D9.html,→,早早就上78X3D+32GB X2了，舒服,12/20/2025,17258,True,正評
CPU,AMD R7 7800X3D,AMD,Ryzen 7,型號,7800X3D 只玩CS2 配置請益,https://www.ptt.cc/bbs/PC_Shopping/M.1754722453.A.38E.html,→,580用7800X3D是真的浪費了,08/09/2025,17295,True,負評
CPU,AMD R7 7800X3D,AMD,Ryzen 7,型號,7800X3D 只玩CS2 配置請益,https://www.ptt.cc/bbs/PC_Shopping/M.1754722453.A.38E.html,→,783頂死100W 主板買擴充夠便宜的就好,08/09/2025,17296,True,中立
CPU,AMD R7 7800X3D,AMD,Ryzen 7,型號,7800X3D 只玩CS2 配置請益,https://www.ptt.cc/bbs/PC_Shopping/M.1754722453.A.38E.html,→,3D不吃RAM 便宜就好,08/09/2025,17299,True,中立
CPU,AMD R7 7800X3D,AMD,Ryzen 7,型號,7800X3D 只玩CS2 配置請益,https://www.ptt.cc/bbs/PC_Shopping/M.1754722453.A.38E.html,→,這顆單塔隨便搞跟大雙塔一個意思,08/09/2025,17300,True,中立
CPU,AMD R7 7800X3D,AMD,Ryzen 7,型號,7800X3D 只玩CS2 配置請益,https://www.ptt.cc/bbs/PC_Shopping/M.1754722453.A.38E.html,→,X拿救贖組合就好 省下來的至少換一張7650,08/09/2025,17302,True,負評
CPU,AMD R7 7800X3D,AMD,Ryzen 7,型號,7800X3D 只玩CS2 配置請益,https://www.ptt.cc/bbs/PC_Shopping/M.1754722453.A.38E.html,推,580換cpu根本沒差,08/09/2025,17312,True,中立
CPU,AMD R7 7800X3D,AMD,Ryzen 7,型號,7800X3D 只玩CS2 配置請益,https://www.ptt.cc/bbs/PC_Shopping/M.1754722453.A.38E.html,→,參考這片 顯卡瓶頸下哪顆cpu都沒救,08/09/2025,17313,True,負評
CPU,AMD R7 7800X3D,AMD,Ryzen 7,型號,7800X3D 只玩CS2 配置請益,https://www.ptt.cc/bbs/PC_Shopping/M.1754722453.A.38E.html,→,換7800X3D平台的錢 直接買顯卡 fps就多好幾,08/09/2025,17315,True,負評
CPU,AMD R7 7800X3D,AMD,Ryzen 7,型號,7800X3D 只玩CS2 配置請益,https://www.ptt.cc/bbs/PC_Shopping/M.1754722453.A.38E.html,推,不如拿7500F然後捏一張像樣的GPU,08/09/2025,17328,True,負評
CPU,AMD R7 7800X3D,AMD,Ryzen 7,型號,7800X3D 只玩CS2 配置請益,https://www.ptt.cc/bbs/PC_Shopping/M.1754722453.A.38E.html,推,應該換5070ti，延用6700才對,08/09/2025,17329,True,負評
CPU,AMD R7 7800X3D,AMD,Ryzen 7,型號,7800X3D 只玩CS2 配置請益,https://www.ptt.cc/bbs/PC_Shopping/M.1754722453.A.38E.html,推,580換CPU沒用,08/09/2025,17330,True,負評
CPU,AMD R7 7800X3D,AMD,Ryzen 7,型號,7800X3D 只玩CS2 配置請益,https://www.ptt.cc/bbs/PC_Shopping/M.1754722453.A.38E.html,→,你不如7700+5060 後面有預算再升級,08/09/2025,17331,True,中立
CPU,AMD R7 7800X3D,AMD,Ryzen 7,型號,7800X3D 只玩CS2 配置請益,https://www.ptt.cc/bbs/PC_Shopping/M.1754722453.A.38E.html,推,cs2遲早要換X3D的 不如一開始就拿,08/09/2025,17332,True,正評
CPU,AMD R7 7800X3D,AMD,Ryzen 7,型號,7800X3D 只玩CS2 配置請益,https://www.ptt.cc/bbs/PC_Shopping/M.1754722453.A.38E.html,→,你現在上非X3D之後也還是要換掉,08/09/2025,17334,True,負評
CPU,AMD R7 7800X3D,AMD,Ryzen 7,型號,7800X3D 只玩CS2 配置請益,https://www.ptt.cc/bbs/PC_Shopping/M.1754722453.A.38E.html,推,先換x3D，顯卡收一張30系就很猛了,08/09/2025,17335,True,正評
CPU,AMD R7 7800X3D,AMD,Ryzen 7,型號,7800X3D 只玩CS2 配置請益,https://www.ptt.cc/bbs/PC_Shopping/M.1754722453.A.38E.html,→,7800X3D去年可以11k再扣掉能搶到的回饋,08/09/2025,17340,True,中立
CPU,AMD R7 7800X3D,AMD,Ryzen 7,型號,7800X3D 只玩CS2 配置請益,https://www.ptt.cc/bbs/PC_Shopping/M.1754722453.A.38E.html,→,現在買變成多花10%買到上一代的,08/09/2025,17341,True,中立
CPU,AMD R7 7800X3D,AMD,Ryzen 7,型號,7800X3D 只玩CS2 配置請益,https://www.ptt.cc/bbs/PC_Shopping/M.1754722453.A.38E.html,推,CS2 用好的CPU開槍的手感的確會好很多,08/10/2025,17348,True,正評
CPU,AMD R7 7800X3D,AMD,Ryzen 7,型號,[閒聊]7800x3d 9000初頭，可嗎,https://www.ptt.cc/bbs/PC_Shopping/M.1754215344.A.E31.html,→,"直上98 同功耗溫度也比較好壓,雖然是CPU",08/03/2025,17355,True,正評
CPU,AMD R7 7800X3D,AMD,Ryzen 7,型號,[閒聊]7800x3d 9000初頭，可嗎,https://www.ptt.cc/bbs/PC_Shopping/M.1754215344.A.E31.html,→,攻頂就不用再想了 預算先決783,08/03/2025,17360,True,中立
CPU,AMD R7 7800X3D,AMD,Ryzen 7,型號,[閒聊]7800x3d 9000初頭，可嗎,https://www.ptt.cc/bbs/PC_Shopping/M.1754215344.A.E31.html,推,看你有沒有預算 沒有的話其實那差距你實際玩,08/03/2025,17361,True,中立
CPU,AMD R7 7800X3D,AMD,Ryzen 7,型號,[閒聊]7800x3d 9000初頭，可嗎,https://www.ptt.cc/bbs/PC_Shopping/M.1754215344.A.E31.html,→,有預算當然就98X3D 最少他也比較涼不是,08/03/2025,17362,True,正評
CPU,AMD R7 7800X3D,AMD,Ryzen 7,型號,[閒聊]7800x3d 9000初頭，可嗎,https://www.ptt.cc/bbs/PC_Shopping/M.1754215344.A.E31.html,→,783不如77MPK+CL28,08/03/2025,17363,True,負評
CPU,AMD R7 7800X3D,AMD,Ryzen 7,型號,[閒聊]7800x3d 9000初頭，可嗎,https://www.ptt.cc/bbs/PC_Shopping/M.1754215344.A.E31.html,推,單看CPU價格當然很超值 但是整套五萬十萬,08/03/2025,17365,True,中立
CPU,AMD R7 7800X3D,AMD,Ryzen 7,型號,[閒聊]7800x3d 9000初頭，可嗎,https://www.ptt.cc/bbs/PC_Shopping/M.1754215344.A.E31.html,→,差幾千元有個5%的提升也不會不划算,08/03/2025,17366,True,中立
CPU,AMD R7 7800X3D,AMD,Ryzen 7,型號,[閒聊]7800x3d 9000初頭，可嗎,https://www.ptt.cc/bbs/PC_Shopping/M.1754215344.A.E31.html,推,cpu差4000多10%，跟gpu差4000多集%？,08/03/2025,17368,True,中立
CPU,AMD R7 7800X3D,AMD,Ryzen 7,型號,[閒聊]7800x3d 9000初頭，可嗎,https://www.ptt.cc/bbs/PC_Shopping/M.1754215344.A.E31.html,推,98，看你都用到400hz了，98的1%low也比較,08/03/2025,17370,True,中立
CPU,AMD R7 7800X3D,AMD,Ryzen 7,型號,[閒聊]7800x3d 9000初頭，可嗎,https://www.ptt.cc/bbs/PC_Shopping/M.1754215344.A.E31.html,→,98x3d全新可以折到14多了別買14k二手吧,08/03/2025,17374,True,負評
CPU,AMD R7 7800X3D,AMD,Ryzen 7,型號,[閒聊]7800x3d 9000初頭，可嗎,https://www.ptt.cc/bbs/PC_Shopping/M.1754215344.A.E31.html,→,我983打CS2 其實沒辦法穩定在這麼高fps,08/03/2025,17380,True,負評
CPU,AMD R7 7800X3D,AMD,Ryzen 7,型號,[閒聊]7800x3d 9000初頭，可嗎,https://www.ptt.cc/bbs/PC_Shopping/M.1754215344.A.E31.html,→,如果你很敏感 那建議捏上去983,08/03/2025,17381,True,正評
CPU,AMD R7 7800X3D,AMD,Ryzen 7,型號,[閒聊]7800x3d 9000初頭，可嗎,https://www.ptt.cc/bbs/PC_Shopping/M.1754215344.A.E31.html,→,差沒多少，直接買98x3d,08/03/2025,17384,True,中立
CPU,AMD R7 7800X3D,AMD,Ryzen 7,型號,[閒聊]7800x3d 9000初頭，可嗎,https://www.ptt.cc/bbs/PC_Shopping/M.1754215344.A.E31.html,推,1%low 300還嫌不夠的話就983啦,08/03/2025,17398,True,中立
CPU,AMD R7 7800X3D,AMD,Ryzen 7,型號,[閒聊]7800x3d 9000初頭，可嗎,https://www.ptt.cc/bbs/PC_Shopping/M.1754215344.A.E31.html,推,來這當然是買最新最好的！983不會後悔,08/04/2025,17402,True,正評
CPU,AMD R7 7800X3D,AMD,Ryzen 7,型號,[閒聊]7800x3d 9000初頭，可嗎,https://www.ptt.cc/bbs/PC_Shopping/M.1754215344.A.E31.html,→,都9千多了還是捏一下直上吧,08/04/2025,17403,True,正評
CPU,AMD R7 7800X3D,AMD,Ryzen 7,型號,[閒聊]7800x3d 9000初頭，可嗎,https://www.ptt.cc/bbs/PC_Shopping/M.1754215344.A.E31.html,推,98x3d正在用 真的有夠香,08/05/2025,17408,True,正評
CPU,AMD R7 7800X3D,AMD,Ryzen 7,型號(情報),[情報] Amazon 7800X3D、9950X3D史低,https://www.ptt.cc/bbs/PC_Shopping/M.1753973118.A.88C.html,→,都有超過10%，啟動絕對是划算的。,07/31/2025,17418,True,正評
CPU,AMD R7 7800X3D,AMD,Ryzen 7,型號(情報),[情報] Amazon 7800X3D、9950X3D史低,https://www.ptt.cc/bbs/PC_Shopping/M.1753973118.A.88C.html,推,遊戲肯定是783強,07/31/2025,17422,True,中立
CPU,AMD R7 7800X3D,AMD,Ryzen 7,型號(情報),[情報] Amazon 7800X3D、9950X3D史低,https://www.ptt.cc/bbs/PC_Shopping/M.1753973118.A.88C.html,→,13K→16K（半年U）  還行,07/31/2025,17427,True,中立
CPU,AMD R7 7800X3D,AMD,Ryzen 7,型號(情報),[情報] Amazon 7800X3D、9950X3D史低,https://www.ptt.cc/bbs/PC_Shopping/M.1753973118.A.88C.html,推,4585PX真香,08/01/2025,17438,True,正評
CPU,AMD R7 7800X3D,AMD,Ryzen 7,型號(情報),[情報] Amazon 7800X3D、9950X3D史低,https://www.ptt.cc/bbs/PC_Shopping/M.1753973118.A.88C.html,推,反而京東買好幾顆了沒什麼問題,08/01/2025,17445,True,正評
CPU,AMD R7 7800X3D,AMD,Ryzen 7,型號(情報),[情報] Amazon 7800X3D、9950X3D史低,https://www.ptt.cc/bbs/PC_Shopping/M.1753973118.A.88C.html,推,就因為有983啊 783就不香了,08/01/2025,17450,True,中立
CPU,AMD R7 7800X3D,AMD,Ryzen 7,型號,[請益] 7800x3D或7900X最低限度主機板?,https://www.ptt.cc/bbs/PC_Shopping/M.1752645892.A.760.html,→,78x3d跑遊戲60~80w，理論上哪張都行,07/16/2025,17496,True,中立
CPU,AMD R7 7800X3D,AMD,Ryzen 7,型號,[請益] 7800x3D或7900X最低限度主機板?,https://www.ptt.cc/bbs/PC_Shopping/M.1752645892.A.760.html,→,X3D主要是mmo、fps比較吃香，如果你不,07/16/2025,17508,True,中立
CPU,AMD R7 7800X3D,AMD,Ryzen 7,型號,[請益] 7800x3D或7900X最低限度主機板?,https://www.ptt.cc/bbs/PC_Shopping/M.1752645892.A.760.html,→,玩這類型的那不需要買X3D。,07/16/2025,17509,True,負評
CPU,AMD R7 7800X3D,AMD,Ryzen 7,型號,[請益] 7800x3D或7900X最低限度主機板?,https://www.ptt.cc/bbs/PC_Shopping/M.1752645892.A.760.html,→,雙CCD的，多核不如7950X/9950X，遊戲性,07/16/2025,17512,True,中立
CPU,AMD R7 7800X3D,AMD,Ryzen 7,型號,[請益] 7800x3D或7900X最低限度主機板?,https://www.ptt.cc/bbs/PC_Shopping/M.1752645892.A.760.html,→,能也不如底下的7800X3D、9800X3D。,07/16/2025,17513,True,負評
CPU,AMD R7 7800X3D,AMD,Ryzen 7,型號,[請益] 7800x3D或7900X最低限度主機板?,https://www.ptt.cc/bbs/PC_Shopping/M.1752645892.A.760.html,→,多工/多開比較強 B650 AORUS的話CPU,07/17/2025,17520,True,中立
CPU,AMD R7 7800X3D,AMD,Ryzen 7,型號,[閒聊] Walmart因櫃位整理 7800X3D不到3.5K台幣,https://www.ptt.cc/bbs/PC_Shopping/M.1739870649.A.471.html,推,半買半送，這個價格實在太爽了,02/18/2025,17535,True,正評
CPU,AMD R7 7800X3D,AMD,Ryzen 7,型號,Re: [情報] AMD 7800X3D、9800X3D 調漲價格,https://www.ptt.cc/bbs/PC_Shopping/M.1735671310.A.798.html,推,這顆台灣這臭價還要漲喔,01/01/2025,17594,True,負評
CPU,AMD R7 7800X3D,AMD,Ryzen 7,型號,Re: [情報] AMD 7800X3D、9800X3D 調漲價格,https://www.ptt.cc/bbs/PC_Shopping/M.1735671310.A.798.html,推,這價格完全沒有必要守在舊平台了,01/01/2025,17608,True,負評
CPU,AMD R7 7800X3D,AMD,Ryzen 7,型號,Re: [情報] AMD 7800X3D、9800X3D 調漲價格,https://www.ptt.cc/bbs/PC_Shopping/M.1735671310.A.798.html,推,抵制啥 i目前就爛 遊戲處理器A目前,01/01/2025,17619,True,負評
CPU,AMD R7 7800X3D,AMD,Ryzen 7,型號,Re: [情報] AMD 7800X3D、9800X3D 調漲價格,https://www.ptt.cc/bbs/PC_Shopping/M.1735671310.A.798.html,→,1k rmb 多7700 800-1000 7500f,01/01/2025,17629,True,中立
CPU,AMD R7 7800X3D,AMD,Ryzen 7,型號,Re: [情報] AMD 7800X3D、9800X3D 調漲價格,https://www.ptt.cc/bbs/PC_Shopping/M.1735671310.A.798.html,→,戲，不如把錢投去顯卡還比較實在,01/01/2025,17633,True,負評
CPU,AMD R7 7800X3D,AMD,Ryzen 7,型號,Re: [情報] AMD 7800X3D、9800X3D 調漲價格,https://www.ptt.cc/bbs/PC_Shopping/M.1735671310.A.798.html,→,蜂入門就要X3D真的是黑人問號,01/01/2025,17636,True,負評
CPU,AMD R7 7800X3D,AMD,Ryzen 7,型號,Re: [情報] AMD 7800X3D、9800X3D 調漲價格,https://www.ptt.cc/bbs/PC_Shopping/M.1735671310.A.798.html,→,low 1%及低解析度下(如1080p)提升會比,01/01/2025,17641,True,中立
CPU,AMD R7 7800X3D,AMD,Ryzen 7,型號,Re: [情報] AMD 7800X3D、9800X3D 調漲價格,https://www.ptt.cc/bbs/PC_Shopping/M.1735671310.A.798.html,噓,X3D也沒貴到哪去，打遊戲這 U還能贏下,01/01/2025,17644,True,正評
CPU,AMD R7 7800X3D,AMD,Ryzen 7,型號,Re: [情報] AMD 7800X3D、9800X3D 調漲價格,https://www.ptt.cc/bbs/PC_Shopping/M.1735671310.A.798.html,→,一兩代非 X3D，最划算,01/01/2025,17645,True,中立
CPU,AMD R7 7800X3D,AMD,Ryzen 7,型號,Re: [情報] AMD 7800X3D、9800X3D 調漲價格,https://www.ptt.cc/bbs/PC_Shopping/M.1735671310.A.798.html,推,X3D的問題是非全面提升阿!個別遊戲差異大,01/01/2025,17646,True,中立
CPU,AMD R7 7800X3D,AMD,Ryzen 7,型號,Re: [情報] AMD 7800X3D、9800X3D 調漲價格,https://www.ptt.cc/bbs/PC_Shopping/M.1735671310.A.798.html,→,溢價太高沒價值!4K遊戲還不如先升5090,01/01/2025,17647,True,負評
CPU,AMD R7 7800X3D,AMD,Ryzen 7,型號,Re: [情報] AMD 7800X3D、9800X3D 調漲價格,https://www.ptt.cc/bbs/PC_Shopping/M.1735671310.A.798.html,→,打遊戲有很大提升之後就香死人了,01/01/2025,17653,True,正評
CPU,AMD R7 7800X3D,AMD,Ryzen 7,型號,Re: [情報] AMD 7800X3D、9800X3D 調漲價格,https://www.ptt.cc/bbs/PC_Shopping/M.1735671310.A.798.html,推,看YT評測，57X3放到現在絕對還是夠嗆，對,01/01/2025,17664,True,正評
CPU,AMD R7 7800X3D,AMD,Ryzen 7,型號,Re: [情報] AMD 7800X3D、9800X3D 調漲價格,https://www.ptt.cc/bbs/PC_Shopping/M.1735671310.A.798.html,→,都還在極高品質內，那個錢倒不如留下來,01/01/2025,17668,True,中立
CPU,AMD R7 7800X3D,AMD,Ryzen 7,型號,Re: [情報] AMD 7800X3D、9800X3D 調漲價格,https://www.ptt.cc/bbs/PC_Shopping/M.1735671310.A.798.html,推,57x3d故障率偏低 淘寶買真的剛好而已,01/02/2025,17670,True,中立
CPU,AMD R7 7800X3D,AMD,Ryzen 7,型號,Re: [情報] AMD 7800X3D、9800X3D 調漲價格,https://www.ptt.cc/bbs/PC_Shopping/M.1735671310.A.798.html,推,雖說優先顯卡，但是X3D/非X3D那個價差是能買,01/02/2025,17677,True,中立
CPU,AMD R7 7800X3D,AMD,Ryzen 7,型號,Re: [情報] AMD 7800X3D、9800X3D 調漲價格,https://www.ptt.cc/bbs/PC_Shopping/M.1735671310.A.798.html,推,遊戲用途一律用3XD 完全不同檔次,01/02/2025,17679,True,正評
CPU,AMD R7 7800X3D,AMD,Ryzen 7,型號(情報),[情報] AMD 7800X3D、9800X3D 調漲價格,https://www.ptt.cc/bbs/PC_Shopping/M.1735223567.A.EA7.html,→,78x3d竟然漲回原價了,12/26/2024,17686,True,中立
CPU,AMD R7 7800X3D,AMD,Ryzen 7,型號(情報),[情報] AMD 7800X3D、9800X3D 調漲價格,https://www.ptt.cc/bbs/PC_Shopping/M.1735223567.A.EA7.html,推,早該漲了，實質價格19K的產品，目前仍,12/26/2024,17687,True,中立
CPU,AMD R7 7800X3D,AMD,Ryzen 7,型號(情報),[情報] AMD 7800X3D、9800X3D 調漲價格,https://www.ptt.cc/bbs/PC_Shopping/M.1735223567.A.EA7.html,推,漲價還不是搶著買 加價也要買,12/26/2024,17691,True,正評
CPU,AMD R7 7800X3D,AMD,Ryzen 7,型號(情報),[情報] AMD 7800X3D、9800X3D 調漲價格,https://www.ptt.cc/bbs/PC_Shopping/M.1735223567.A.EA7.html,推,前幾天買到原價 賺爛了,12/26/2024,17694,True,正評
CPU,AMD R7 7800X3D,AMD,Ryzen 7,型號(情報),[情報] AMD 7800X3D、9800X3D 調漲價格,https://www.ptt.cc/bbs/PC_Shopping/M.1735223567.A.EA7.html,→,X3D漲價為祭品.招喚最後一位),12/26/2024,17723,True,負評
CPU,AMD R7 7800X3D,AMD,Ryzen 7,型號(情報),[情報] AMD 7800X3D、9800X3D 調漲價格,https://www.ptt.cc/bbs/PC_Shopping/M.1735223567.A.EA7.html,→,78X3D連二手都保值反漲了,12/26/2024,17733,True,正評
CPU,AMD R7 7800X3D,AMD,Ryzen 7,型號(情報),[情報] AMD 7800X3D、9800X3D 調漲價格,https://www.ptt.cc/bbs/PC_Shopping/M.1735223567.A.EA7.html,→,618沒買一萬78x3d還送單塔 真虧麻了,12/26/2024,17734,True,負評
CPU,AMD R7 7800X3D,AMD,Ryzen 7,型號(情報),[情報] AMD 7800X3D、9800X3D 調漲價格,https://www.ptt.cc/bbs/PC_Shopping/M.1735223567.A.EA7.html,→,真怕Zen6擺爛，目前用起來提升蠻無感的,12/27/2024,17758,True,中立
CPU,AMD R7 7800X3D,AMD,Ryzen 7,型號(情報),[情報] AMD 7800X3D、9800X3D 調漲價格,https://www.ptt.cc/bbs/PC_Shopping/M.1735223567.A.EA7.html,→,溫度跟我戰友的78幾乎沒差別,12/27/2024,17760,True,中立
CPU,AMD R7 7800X3D,AMD,Ryzen 7,型號(情報),[情報] AMD 7800X3D、9800X3D 調漲價格,https://www.ptt.cc/bbs/PC_Shopping/M.1735223567.A.EA7.html,推,還好我買到7800x3d,12/27/2024,17769,True,正評
CPU,AMD R7 7800X3D,AMD,Ryzen 7,型號(情報),[情報] AMD 7800X3D、9800X3D 調漲價格,https://www.ptt.cc/bbs/PC_Shopping/M.1735223567.A.EA7.html,推,去年買78x3d用一年賣二手還能+500,12/27/2024,17773,True,正評
CPU,AMD R7 7800X3D,AMD,Ryzen 7,型號(情報),[情報] AMD 7800X3D、9800X3D 調漲價格,https://www.ptt.cc/bbs/PC_Shopping/M.1735223567.A.EA7.html,推,好爽78X3D居然還在提升價值XD,12/27/2024,17776,True,正評
CPU,AMD R7 7800X3D,AMD,Ryzen 7,型號(情報),[情報] AMD 7800X3D、9800X3D 調漲價格,https://www.ptt.cc/bbs/PC_Shopping/M.1735223567.A.EA7.html,推,竟然漲價了    被逼到只能怒買5700x3d洩,12/27/2024,17777,True,負評
CPU,AMD R7 7800X3D,AMD,Ryzen 7,型號(情報),[情報] AMD 7800X3D、9800X3D 調漲價格,https://www.ptt.cc/bbs/PC_Shopping/M.1735223567.A.EA7.html,推,有貨可以單買的話還可以 現在綁的很臭,12/27/2024,17778,True,負評
CPU,AMD R7 7800X3D,AMD,Ryzen 7,型號(情報),[情報] AMD 7800X3D、9800X3D 調漲價格,https://www.ptt.cc/bbs/PC_Shopping/M.1735223567.A.EA7.html,推,我的78x3D還能漲 我會笑死,12/27/2024,17793,True,中立
CPU,AMD R7 7800X3D,AMD,Ryzen 7,型號(情報),[情報] AMD 7800X3D、9800X3D 調漲價格,https://www.ptt.cc/bbs/PC_Shopping/M.1735223567.A.EA7.html,→,11k入手還能賺,12/27/2024,17794,True,正評
CPU,AMD R7 7800X3D,AMD,Ryzen 7,型號(情報),[情報] AMD 7800X3D、9800X3D 調漲價格,https://www.ptt.cc/bbs/PC_Shopping/M.1735223567.A.EA7.html,→,嫌貴不要買，難道你要買intel,12/27/2024,17809,True,負評
CPU,AMD R7 7800X3D,AMD,Ryzen 7,型號(情報),[情報] AMD 7800X3D、9800X3D 調漲價格,https://www.ptt.cc/bbs/PC_Shopping/M.1735223567.A.EA7.html,推,127k再戰十年 X3D無對手就繼續縱容,12/27/2024,17810,True,正評
CPU,AMD R7 7800X3D,AMD,Ryzen 7,型號(情報),[情報] AMD 7800X3D、9800X3D 調漲價格,https://www.ptt.cc/bbs/PC_Shopping/M.1735223567.A.EA7.html,→,現在還是限組 還漲就有點鳥了,12/27/2024,17817,True,負評
CPU,AMD R7 7800X3D,AMD,Ryzen 7,型號(情報),[情報] AMD 7800X3D、9800X3D 調漲價格,https://www.ptt.cc/bbs/PC_Shopping/M.1735223567.A.EA7.html,→,前者18K後者25K灌水還是好脫手,12/27/2024,17819,True,負評
CPU,AMD R7 7800X3D,AMD,Ryzen 7,型號(情報),[情報] AMD 7800X3D、9800X3D 調漲價格,https://www.ptt.cc/bbs/PC_Shopping/M.1735223567.A.EA7.html,→,去年買到7800x3d還賺了XD,12/27/2024,17844,True,正評
CPU,AMD R7 7800X3D,AMD,Ryzen 7,型號(情報),[情報] AMD 7800X3D、9800X3D 調漲價格,https://www.ptt.cc/bbs/PC_Shopping/M.1735223567.A.EA7.html,推,還好我六月買7800X3D只要12K有找,12/27/2024,17852,True,中立
CPU,AMD R7 7800X3D,AMD,Ryzen 7,型號(情報),[情報] AMD 7800X3D、9800X3D 調漲價格,https://www.ptt.cc/bbs/PC_Shopping/M.1735223567.A.EA7.html,推,太神啦不跌還漲隔壁腰斬不勝唏噓,12/27/2024,17857,True,負評
CPU,AMD R7 7800X3D,AMD,Ryzen 7,型號(情報),[情報] AMD 7800X3D、9800X3D 調漲價格,https://www.ptt.cc/bbs/PC_Shopping/M.1735223567.A.EA7.html,推,買到X3D幹嘛退貨,12/27/2024,17868,True,正評
CPU,AMD R7 7800X3D,AMD,Ryzen 7,型號(情報),[情報] AMD 7800X3D、9800X3D 調漲價格,https://www.ptt.cc/bbs/PC_Shopping/M.1735223567.A.EA7.html,推,還好先買7800x3d 沒想到還會漲價,12/27/2024,17872,True,中立
CPU,AMD R7 7800X3D,AMD,Ryzen 7,型號(情報),[情報] AMD 7800X3D、9800X3D 調漲價格,https://www.ptt.cc/bbs/PC_Shopping/M.1735223567.A.EA7.html,推,還好我7800X3D。12950元就買了,12/27/2024,17882,True,正評
CPU,AMD R7 7800X3D,AMD,Ryzen 7,型號(情報),[情報] AMD 7800X3D、9800X3D 調漲價格,https://www.ptt.cc/bbs/PC_Shopping/M.1735223567.A.EA7.html,推,先買 能早享受 也最便宜 也不用等 賺爆,12/27/2024,17885,True,正評
CPU,AMD R7 7800X3D,AMD,Ryzen 7,型號(情報),[情報] AMD 7800X3D、9800X3D 調漲價格,https://www.ptt.cc/bbs/PC_Shopping/M.1735223567.A.EA7.html,→,7800x3d => 12950 變 14750 現賣還能賺錢,12/27/2024,17886,True,中立
CPU,AMD R7 7800X3D,AMD,Ryzen 7,型號(情報),[情報] AMD 7800X3D、9800X3D 調漲價格,https://www.ptt.cc/bbs/PC_Shopping/M.1735223567.A.EA7.html,→,9000系上了之後就回不去了,12/27/2024,17893,True,正評
CPU,AMD R7 7800X3D,AMD,Ryzen 7,型號(情報),[情報] AMD 7800X3D、9800X3D 調漲價格,https://www.ptt.cc/bbs/PC_Shopping/M.1735223567.A.EA7.html,→,前一代x3d輾爛新一代的u,12/27/2024,17894,True,正評
CPU,AMD R7 7800X3D,AMD,Ryzen 7,型號(情報),[情報] AMD 7800X3D、9800X3D 調漲價格,https://www.ptt.cc/bbs/PC_Shopping/M.1735223567.A.EA7.html,→,現在還爛到讓amd漲價了 呵呵,12/27/2024,17901,True,負評
CPU,AMD R7 7800X3D,AMD,Ryzen 7,型號(情報),[情報] AMD 7800X3D、9800X3D 調漲價格,https://www.ptt.cc/bbs/PC_Shopping/M.1735223567.A.EA7.html,推,e04 INTEL爭氣一點 宅宅要被AMD坑死了,12/27/2024,17913,True,負評
CPU,AMD R7 7800X3D,AMD,Ryzen 7,型號(情報),[情報] AMD 7800X3D、9800X3D 調漲價格,https://www.ptt.cc/bbs/PC_Shopping/M.1735223567.A.EA7.html,→,縮缸危機處理不佳，對手有機可乘坐地,12/28/2024,17919,True,負評
CPU,AMD R7 7800X3D,AMD,Ryzen 7,型號(情報),[情報] AMD 7800X3D、9800X3D 調漲價格,https://www.ptt.cc/bbs/PC_Shopping/M.1735223567.A.EA7.html,推,欸不是，AMD只有X3D賣得動，不漲價回收一點,12/29/2024,17930,True,中立
CPU,AMD R7 7800X3D,AMD,Ryzen 7,型號(情報),[情報] AMD 7800X3D、9800X3D 調漲價格,https://www.ptt.cc/bbs/PC_Shopping/M.1735223567.A.EA7.html,→,7800x3d真保值～,12/31/2024,17935,True,正評
CPU,AMD R7 7800X3D,AMD,Ryzen 7,型號,[請益] 沒想買頂級顯卡+喜歡低溫 7800X3D建議入手？,https://www.ptt.cc/bbs/PC_Shopping/M.1731744582.A.021.html,→,低負載能多高溫 使用情形完全看個人,11/16/2024,17939,True,中立
CPU,AMD R7 7800X3D,AMD,Ryzen 7,型號,[請益] 沒想買頂級顯卡+喜歡低溫 7800X3D建議入手？,https://www.ptt.cc/bbs/PC_Shopping/M.1731744582.A.021.html,→,會超到u 78的架構會積熱,11/16/2024,17940,True,負評
CPU,AMD R7 7800X3D,AMD,Ryzen 7,型號,[請益] 沒想買頂級顯卡+喜歡低溫 7800X3D建議入手？,https://www.ptt.cc/bbs/PC_Shopping/M.1731744582.A.021.html,→,"7系列低功耗但溫度不低,積熱問題無解",11/16/2024,17942,True,負評
CPU,AMD R7 7800X3D,AMD,Ryzen 7,型號,[請益] 沒想買頂級顯卡+喜歡低溫 7800X3D建議入手？,https://www.ptt.cc/bbs/PC_Shopping/M.1731744582.A.021.html,→,便宜從7500F到貴7800X3D都有積熱問題,11/16/2024,17943,True,負評
CPU,AMD R7 7800X3D,AMD,Ryzen 7,型號,[請益] 沒想買頂級顯卡+喜歡低溫 7800X3D建議入手？,https://www.ptt.cc/bbs/PC_Shopping/M.1731744582.A.021.html,→,9000系這次積熱改善很多，非常值得買,11/16/2024,17947,True,正評
CPU,AMD R7 7800X3D,AMD,Ryzen 7,型號,[請益] 沒想買頂級顯卡+喜歡低溫 7800X3D建議入手？,https://www.ptt.cc/bbs/PC_Shopping/M.1731744582.A.021.html,→,有錢想買9000不要再去買78x3d或是7500f了,11/16/2024,17948,True,負評
CPU,AMD R7 7800X3D,AMD,Ryzen 7,型號,[請益] 沒想買頂級顯卡+喜歡低溫 7800X3D建議入手？,https://www.ptt.cc/bbs/PC_Shopping/M.1731744582.A.021.html,→,不用跟找水貨，cpu產能很快的,11/16/2024,17950,True,中立
CPU,AMD R7 7800X3D,AMD,Ryzen 7,型號,[請益] 沒想買頂級顯卡+喜歡低溫 7800X3D建議入手？,https://www.ptt.cc/bbs/PC_Shopping/M.1731744582.A.021.html,→,就好，我自己pbo2打開然後調一點降壓強度,11/16/2024,17956,True,中立
CPU,AMD R7 7800X3D,AMD,Ryzen 7,型號,[請益] 沒想買頂級顯卡+喜歡低溫 7800X3D建議入手？,https://www.ptt.cc/bbs/PC_Shopping/M.1731744582.A.021.html,→,搭配280水冷開安靜檔，但機殼散熱極差，平,11/16/2024,17957,True,中立
CPU,AMD R7 7800X3D,AMD,Ryzen 7,型號,[請益] 沒想買頂級顯卡+喜歡低溫 7800X3D建議入手？,https://www.ptt.cc/bbs/PC_Shopping/M.1731744582.A.021.html,→,常影音輕度使用都4X度，很涼,11/16/2024,17958,True,正評
CPU,AMD R7 7800X3D,AMD,Ryzen 7,型號,[請益] 沒想買頂級顯卡+喜歡低溫 7800X3D建議入手？,https://www.ptt.cc/bbs/PC_Shopping/M.1731744582.A.021.html,→,買來等 後續升級到108X3D都夠,11/16/2024,17962,True,正評
CPU,AMD R7 7800X3D,AMD,Ryzen 7,型號,[請益] 沒想買頂級顯卡+喜歡低溫 7800X3D建議入手？,https://www.ptt.cc/bbs/PC_Shopping/M.1731744582.A.021.html,推,我都待機6 70度 玩遊戲8 90度了...,11/16/2024,17963,True,負評
CPU,AMD R7 7800X3D,AMD,Ryzen 7,型號,[請益] 沒想買頂級顯卡+喜歡低溫 7800X3D建議入手？,https://www.ptt.cc/bbs/PC_Shopping/M.1731744582.A.021.html,推,有溫度焦慮的一定買98x3d,11/16/2024,17969,True,正評
CPU,AMD R7 7800X3D,AMD,Ryzen 7,型號,[請益] 沒想買頂級顯卡+喜歡低溫 7800X3D建議入手？,https://www.ptt.cc/bbs/PC_Shopping/M.1731744582.A.021.html,推,等9系列就好 目前7系列價差太小不值得,11/16/2024,17970,True,負評
CPU,AMD R7 7800X3D,AMD,Ryzen 7,型號,[請益] 沒想買頂級顯卡+喜歡低溫 7800X3D建議入手？,https://www.ptt.cc/bbs/PC_Shopping/M.1731744582.A.021.html,→,提升也不到超大，我是建議你別花錢,11/16/2024,17973,True,負評
CPU,AMD R7 7800X3D,AMD,Ryzen 7,型號,[請益] 沒想買頂級顯卡+喜歡低溫 7800X3D建議入手？,https://www.ptt.cc/bbs/PC_Shopping/M.1731744582.A.021.html,推,我是沒法找一堆理由說服自己買7800就好,11/16/2024,17975,True,負評
CPU,AMD R7 7800X3D,AMD,Ryzen 7,型號,[請益] 沒想買頂級顯卡+喜歡低溫 7800X3D建議入手？,https://www.ptt.cc/bbs/PC_Shopping/M.1731744582.A.021.html,→,這根本不需要配x3d,11/16/2024,17977,True,負評
CPU,AMD R7 7800X3D,AMD,Ryzen 7,型號,[請益] 沒想買頂級顯卡+喜歡低溫 7800X3D建議入手？,https://www.ptt.cc/bbs/PC_Shopping/M.1731744582.A.021.html,→,機殼散熱差就積熱冷氣開下去,11/17/2024,17988,True,中立
CPU,AMD R7 7800X3D,AMD,Ryzen 7,型號,[請益] 沒想買頂級顯卡+喜歡低溫 7800X3D建議入手？,https://www.ptt.cc/bbs/PC_Shopping/M.1731744582.A.021.html,→,"當然買新的,除非會縮肛",11/17/2024,17989,True,負評
CPU,AMD R7 7800X3D,AMD,Ryzen 7,型號,Re: [閒聊] 7800X3D 罰站屋 蝦皮,https://www.ptt.cc/bbs/PC_Shopping/M.1731288633.A.0F9.html,→,也沒差多少 變成無保不值得,11/11/2024,18005,True,負評
CPU,AMD R7 7800X3D,AMD,Ryzen 7,型號,Re: [閒聊] 7800X3D 罰站屋 蝦皮,https://www.ptt.cc/bbs/PC_Shopping/M.1731288633.A.0F9.html,推,只差一千塊。我覺得還是買有保固的比較穩。,11/11/2024,18008,True,中立
CPU,AMD R7 7800X3D,AMD,Ryzen 7,型號,Re: [閒聊] 7800X3D 罰站屋 蝦皮,https://www.ptt.cc/bbs/PC_Shopping/M.1731288633.A.0F9.html,推,差1千而已還是買有保固的比較穩 不想賭,11/11/2024,18017,True,中立
CPU,AMD R7 7800X3D,AMD,Ryzen 7,型號,Re: [閒聊] 7800X3D 罰站屋 蝦皮,https://www.ptt.cc/bbs/PC_Shopping/M.1731288633.A.0F9.html,→,還不如57X3D+稱高顯卡,11/11/2024,18021,True,負評
CPU,AMD R7 7800X3D,AMD,Ryzen 7,型號,Re: [閒聊] 7800X3D 罰站屋 蝦皮,https://www.ptt.cc/bbs/PC_Shopping/M.1731288633.A.0F9.html,→,1700大概才4代 intel的水準,11/11/2024,18026,True,中立
CPU,AMD R7 7800X3D,AMD,Ryzen 7,型號,Re: [閒聊] 7800X3D 罰站屋 蝦皮,https://www.ptt.cc/bbs/PC_Shopping/M.1731288633.A.0F9.html,→,跟5700x3d根本沒法比了..,11/11/2024,18027,True,正評
CPU,AMD R7 7800X3D,AMD,Ryzen 7,型號,Re: [閒聊] 7800X3D 罰站屋 蝦皮,https://www.ptt.cc/bbs/PC_Shopping/M.1731288633.A.0F9.html,推,cpu故障率低 只要夠便宜就有人想賭,11/11/2024,18030,True,中立
CPU,AMD R7 7800X3D,AMD,Ryzen 7,型號,Re: [閒聊] 7800X3D 罰站屋 蝦皮,https://www.ptt.cc/bbs/PC_Shopping/M.1731288633.A.0F9.html,→,多遊戲會落賽 然後時脈又比標準版低所以遊戲,11/11/2024,18032,True,負評
CPU,AMD R7 7800X3D,AMD,Ryzen 7,型號,Re: [閒聊] 7800X3D 罰站屋 蝦皮,https://www.ptt.cc/bbs/PC_Shopping/M.1731288633.A.0F9.html,→,工作兩邊都不太行吧 很不推薦,11/11/2024,18033,True,負評
CPU,AMD R7 7800X3D,AMD,Ryzen 7,型號,Re: [閒聊] 7800X3D 罰站屋 蝦皮,https://www.ptt.cc/bbs/PC_Shopping/M.1731288633.A.0F9.html,→,看遊戲吃不吃快取,11/11/2024,18045,True,中立
CPU,AMD R7 7800X3D,AMD,Ryzen 7,型號,Re: [閒聊] 7800X3D 罰站屋 蝦皮,https://www.ptt.cc/bbs/PC_Shopping/M.1731288633.A.0F9.html,→,吃快取的話57X3D還是比75F強,11/11/2024,18046,True,正評
CPU,AMD R7 7800X3D,AMD,Ryzen 7,型號,Re: [閒聊] 7800X3D 罰站屋 蝦皮,https://www.ptt.cc/bbs/PC_Shopping/M.1731288633.A.0F9.html,→,不過不是升級的話還是買75F好就是了,11/11/2024,18047,True,中立
CPU,AMD R7 7800X3D,AMD,Ryzen 7,型號,Re: [閒聊] 7800X3D 罰站屋 蝦皮,https://www.ptt.cc/bbs/PC_Shopping/M.1731288633.A.0F9.html,→,最大FPS沒啥差,11/11/2024,18056,True,中立
CPU,AMD R7 7800X3D,AMD,Ryzen 7,型號,Re: [閒聊] 7800X3D 罰站屋 蝦皮,https://www.ptt.cc/bbs/PC_Shopping/M.1731288633.A.0F9.html,推,gn那張圖表5600跟57x3d的差距還是很大,11/11/2024,18057,True,中立
CPU,AMD R7 7800X3D,AMD,Ryzen 7,型號,Re: [閒聊] 7800X3D 罰站屋 蝦皮,https://www.ptt.cc/bbs/PC_Shopping/M.1731288633.A.0F9.html,→,划算 我等不到98x3d(要排很久) 所,11/11/2024,18066,True,正評
CPU,AMD R7 7800X3D,AMD,Ryzen 7,型號,Re: [閒聊] 7800X3D 罰站屋 蝦皮,https://www.ptt.cc/bbs/PC_Shopping/M.1731288633.A.0F9.html,推,玩遊戲的話 3600 -> 5700X3D 應該有感啦,11/11/2024,18071,True,中立
CPU,AMD R7 7800X3D,AMD,Ryzen 7,型號,Re: [閒聊] 7800X3D 罰站屋 蝦皮,https://www.ptt.cc/bbs/PC_Shopping/M.1731288633.A.0F9.html,→,3600換上來，就算買台灣的7000多都值得,11/11/2024,18072,True,正評
CPU,AMD R7 7800X3D,AMD,Ryzen 7,型號,Re: [閒聊] 7800X3D 罰站屋 蝦皮,https://www.ptt.cc/bbs/PC_Shopping/M.1731288633.A.0F9.html,→,便宜一倍 壞掉再買都不怕,11/11/2024,18078,True,正評
CPU,AMD R7 7800X3D,AMD,Ryzen 7,型號,Re: [閒聊] 7800X3D 罰站屋 蝦皮,https://www.ptt.cc/bbs/PC_Shopping/M.1731288633.A.0F9.html,→,3600到57X3D一定很有感,11/11/2024,18079,True,正評
CPU,AMD R7 7800X3D,AMD,Ryzen 7,型號,Re: [閒聊] 7800X3D 罰站屋 蝦皮,https://www.ptt.cc/bbs/PC_Shopping/M.1731288633.A.0F9.html,→,核心數多2對8核優化的遊戲也會提升（,11/11/2024,18081,True,中立
CPU,AMD R7 7800X3D,AMD,Ryzen 7,型號,Re: [閒聊] 7800X3D 罰站屋 蝦皮,https://www.ptt.cc/bbs/PC_Shopping/M.1731288633.A.0F9.html,→,X3D快取就更不用說了,11/11/2024,18082,True,中立
CPU,AMD R7 7800X3D,AMD,Ryzen 7,型號,Re: [閒聊] 7800X3D 罰站屋 蝦皮,https://www.ptt.cc/bbs/PC_Shopping/M.1731288633.A.0F9.html,推,"2個都不選,選7500f或7700",11/11/2024,18085,True,負評
CPU,AMD R7 7800X3D,AMD,Ryzen 7,型號,Re: [閒聊] 7800X3D 罰站屋 蝦皮,https://www.ptt.cc/bbs/PC_Shopping/M.1731288633.A.0F9.html,→,遊戲上甚至不輸Ryzen9非X3D啊 價格硬幫,11/11/2024,18087,True,中立
CPU,AMD R7 7800X3D,AMD,Ryzen 7,型號,Re: [閒聊] 7800X3D 罰站屋 蝦皮,https://www.ptt.cc/bbs/PC_Shopping/M.1731288633.A.0F9.html,噓,同等級非3D也只差了15幀左右，搶個芭樂,11/11/2024,18095,True,中立
CPU,AMD R7 7800X3D,AMD,Ryzen 7,型號,Re: [閒聊] 7800X3D 罰站屋 蝦皮,https://www.ptt.cc/bbs/PC_Shopping/M.1731288633.A.0F9.html,推,57X3D超便宜,11/11/2024,18107,True,正評
CPU,AMD R7 7800X3D,AMD,Ryzen 7,型號,Re: [閒聊] 7800X3D 罰站屋 蝦皮,https://www.ptt.cc/bbs/PC_Shopping/M.1731288633.A.0F9.html,→,現在京東7800X3D只要11765,11/11/2024,18118,True,中立
CPU,AMD R7 7800X3D,AMD,Ryzen 7,型號,Re: [閒聊] 7800X3D 罰站屋 蝦皮,https://www.ptt.cc/bbs/PC_Shopping/M.1731288633.A.0F9.html,推,4400真香 我之前在阿里買4800,11/12/2024,18121,True,正評
CPU,AMD R7 7800X3D,AMD,Ryzen 7,型號,Re: [閒聊] 7800X3D 罰站屋 蝦皮,https://www.ptt.cc/bbs/PC_Shopping/M.1731288633.A.0F9.html,→,X3D就贏在沒有那種明顯的小卡頓（1%low),11/12/2024,18123,True,正評
CPU,AMD R7 7800X3D,AMD,Ryzen 7,型號,Re: [閒聊] 7800X3D 罰站屋 蝦皮,https://www.ptt.cc/bbs/PC_Shopping/M.1731288633.A.0F9.html,→,不卡的時候頻率高帳面數字好看啊,11/12/2024,18124,True,中立
CPU,AMD R7 7800X3D,AMD,Ryzen 7,型號,[閒聊] 7800X3D 罰站屋 蝦皮,https://www.ptt.cc/bbs/PC_Shopping/M.1731255744.A.E7B.html,推,13K不香 在多捏幾千就有當代遊戲最強98X3D,11/11/2024,18135,True,負評
CPU,AMD R7 7800X3D,AMD,Ryzen 7,型號,[閒聊] 7800X3D 罰站屋 蝦皮,https://www.ptt.cc/bbs/PC_Shopping/M.1731255744.A.E7B.html,→,解析度2K的話 7800x3d跟9800x3d會,11/11/2024,18142,True,中立
CPU,AMD R7 7800X3D,AMD,Ryzen 7,型號,[閒聊] 7800X3D 罰站屋 蝦皮,https://www.ptt.cc/bbs/PC_Shopping/M.1731255744.A.E7B.html,→,13K不是很香 大概要11K吧,11/11/2024,18152,True,中立
CPU,AMD R7 7800X3D,AMD,Ryzen 7,型號,[閒聊] 7800X3D 罰站屋 蝦皮,https://www.ptt.cc/bbs/PC_Shopping/M.1731255744.A.E7B.html,→,78X3D還剩80個，我看也下次再買算了(,11/11/2024,18158,True,中立
CPU,AMD R7 7800X3D,AMD,Ryzen 7,型號,[閒聊] 7800X3D 罰站屋 蝦皮,https://www.ptt.cc/bbs/PC_Shopping/M.1731255744.A.E7B.html,推,正常玩家都2k 4k 98跟78基本上沒差...,11/11/2024,18176,True,中立
CPU,AMD R7 7800X3D,AMD,Ryzen 7,型號,[閒聊] 7800X3D 罰站屋 蝦皮,https://www.ptt.cc/bbs/PC_Shopping/M.1731255744.A.E7B.html,→,不要再爭了，買7500f算了.jpg,11/11/2024,18178,True,負評
CPU,AMD R7 7800X3D,AMD,Ryzen 7,型號,[閒聊] 7800X3D 罰站屋 蝦皮,https://www.ptt.cc/bbs/PC_Shopping/M.1731255744.A.E7B.html,推,有工作需求 那也是買R9 98說真的沒很強阿..,11/11/2024,18179,True,負評
CPU,AMD R7 7800X3D,AMD,Ryzen 7,型號,[閒聊] 7800X3D 罰站屋 蝦皮,https://www.ptt.cc/bbs/PC_Shopping/M.1731255744.A.E7B.html,→,沒差多少…那也不是用這個價買78啊,11/11/2024,18187,True,負評
CPU,AMD R7 7800X3D,AMD,Ryzen 7,型號,[閒聊] 7800X3D 罰站屋 蝦皮,https://www.ptt.cc/bbs/PC_Shopping/M.1731255744.A.E7B.html,→,是遊戲平台第二強，我覺得給個12000差不,11/11/2024,18204,True,正評
CPU,AMD R7 7800X3D,AMD,Ryzen 7,型號,[閒聊] 7800X3D 罰站屋 蝦皮,https://www.ptt.cc/bbs/PC_Shopping/M.1731255744.A.E7B.html,推,這顆現在低於12000再考慮,11/11/2024,18207,True,中立
CPU,AMD R7 7800X3D,AMD,Ryzen 7,型號,[閒聊] 7800X3D 罰站屋 蝦皮,https://www.ptt.cc/bbs/PC_Shopping/M.1731255744.A.E7B.html,→,"其實78X3D性價比還是略高於98X3D, 98遊戲",11/11/2024,18209,True,正評
CPU,AMD R7 7800X3D,AMD,Ryzen 7,型號,[閒聊] 7800X3D 罰站屋 蝦皮,https://www.ptt.cc/bbs/PC_Shopping/M.1731255744.A.E7B.html,→,"強8~10%, 售價可不只多10%",11/11/2024,18210,True,中立
CPU,AMD R7 7800X3D,AMD,Ryzen 7,型號,[閒聊] 7800X3D 罰站屋 蝦皮,https://www.ptt.cc/bbs/PC_Shopping/M.1731255744.A.E7B.html,→,"這顆最多就12K吧,怎麼跟98X3D比性價比",11/11/2024,18212,True,中立
CPU,AMD R7 7800X3D,AMD,Ryzen 7,型號,[閒聊] 7800X3D 罰站屋 蝦皮,https://www.ptt.cc/bbs/PC_Shopping/M.1731255744.A.E7B.html,→,98X3D解決積熱問題，且不只遊戲強，,11/11/2024,18213,True,正評
CPU,AMD R7 7800X3D,AMD,Ryzen 7,型號,[閒聊] 7800X3D 罰站屋 蝦皮,https://www.ptt.cc/bbs/PC_Shopping/M.1731255744.A.E7B.html,推,好的你快買78X3D 98X3D我來承受就好,11/11/2024,18214,True,正評
CPU,AMD R7 7800X3D,AMD,Ryzen 7,型號,[閒聊] 7800X3D 罰站屋 蝦皮,https://www.ptt.cc/bbs/PC_Shopping/M.1731255744.A.E7B.html,→,當生產力用也夠力,11/11/2024,18215,True,中立
CPU,AMD R7 7800X3D,AMD,Ryzen 7,型號,[閒聊] 7800X3D 罰站屋 蝦皮,https://www.ptt.cc/bbs/PC_Shopping/M.1731255744.A.E7B.html,推,那個(7800x3d)已經沒有用了,11/11/2024,18224,True,負評
CPU,AMD R7 7800X3D,AMD,Ryzen 7,型號,[閒聊] 7800X3D 罰站屋 蝦皮,https://www.ptt.cc/bbs/PC_Shopping/M.1731255744.A.E7B.html,→,7800x3D也可以秒intel全系列,11/11/2024,18229,True,正評
CPU,AMD R7 7800X3D,AMD,Ryzen 7,型號,[閒聊] 7800X3D 罰站屋 蝦皮,https://www.ptt.cc/bbs/PC_Shopping/M.1731255744.A.E7B.html,→,臭到不想買，9800不缺貨，這價格買幹,11/11/2024,18242,True,負評
CPU,AMD R7 7800X3D,AMD,Ryzen 7,型號,[閒聊] 7800X3D 罰站屋 蝦皮,https://www.ptt.cc/bbs/PC_Shopping/M.1731255744.A.E7B.html,推,98能買到的話78真的就差強人意了,11/11/2024,18244,True,中立
CPU,AMD R7 7800X3D,AMD,Ryzen 7,型號,[閒聊] 7800X3D 罰站屋 蝦皮,https://www.ptt.cc/bbs/PC_Shopping/M.1731255744.A.E7B.html,推,折完13300左右好像不太香？,11/11/2024,18249,True,負評
CPU,AMD R7 7800X3D,AMD,Ryzen 7,型號,[閒聊] 7800X3D 罰站屋 蝦皮,https://www.ptt.cc/bbs/PC_Shopping/M.1731255744.A.E7B.html,→,"沒買到顯卡,78X3D也沒很香又看起來賣",11/11/2024,18250,True,中立
CPU,AMD R7 7800X3D,AMD,Ryzen 7,型號,[閒聊] 7800X3D 罰站屋 蝦皮,https://www.ptt.cc/bbs/PC_Shopping/M.1731255744.A.E7B.html,推,不香，再加3k就有98了,11/11/2024,18252,True,負評
CPU,AMD R7 7800X3D,AMD,Ryzen 7,型號,[閒聊] 7800X3D 罰站屋 蝦皮,https://www.ptt.cc/bbs/PC_Shopping/M.1731255744.A.E7B.html,→,只有1080p才有差很多,11/12/2024,18264,True,中立
CPU,AMD R7 7800X3D,AMD,Ryzen 7,型號,[請益] 魔獸 現在適合7500f換7800x3d嗎,https://www.ptt.cc/bbs/PC_Shopping/M.1730694003.A.AC2.html,→,7800X3D 二手都惜售了吧？$12000跑不掉,11/04/2024,18280,True,中立
CPU,AMD R7 7800X3D,AMD,Ryzen 7,型號,[請益] 魔獸 現在適合7500f換7800x3d嗎,https://www.ptt.cc/bbs/PC_Shopping/M.1730694003.A.AC2.html,→,除非你是打ff14我才覺得有差,11/04/2024,18285,True,中立
CPU,AMD R7 7800X3D,AMD,Ryzen 7,型號,[請益] 魔獸 現在適合7500f換7800x3d嗎,https://www.ptt.cc/bbs/PC_Shopping/M.1730694003.A.AC2.html,→,主要團本和大秘開嗜血，2k會掉幀有點,11/04/2024,18290,True,負評
CPU,AMD R7 7800X3D,AMD,Ryzen 7,型號,[請益] 魔獸 現在適合7500f換7800x3d嗎,https://www.ptt.cc/bbs/PC_Shopping/M.1730694003.A.AC2.html,→,喔你用2k的話就可以考慮惹,11/04/2024,18292,True,中立
CPU,AMD R7 7800X3D,AMD,Ryzen 7,型號,[請益] 魔獸 現在適合7500f換7800x3d嗎,https://www.ptt.cc/bbs/PC_Shopping/M.1730694003.A.AC2.html,→,7500F跟7800X3D差了50%,11/04/2024,18302,True,中立
CPU,AMD R7 7800X3D,AMD,Ryzen 7,型號,[請益] 魔獸 現在適合7500f換7800x3d嗎,https://www.ptt.cc/bbs/PC_Shopping/M.1730694003.A.AC2.html,→,X3D是WOW專武 能換就換不必最新 言盡於此,11/04/2024,18306,True,正評
CPU,AMD R7 7800X3D,AMD,Ryzen 7,型號,[請益] 魔獸 現在適合7500f換7800x3d嗎,https://www.ptt.cc/bbs/PC_Shopping/M.1730694003.A.AC2.html,推,如果是指WOW，直接換X3D準沒錯,11/04/2024,18314,True,正評
CPU,AMD R7 7800X3D,AMD,Ryzen 7,型號,[請益] 魔獸 現在適合7500f換7800x3d嗎,https://www.ptt.cc/bbs/PC_Shopping/M.1730694003.A.AC2.html,推,如果你要打團開嗜血不掉幀的話，我,11/04/2024,18318,True,正評
CPU,AMD R7 7800X3D,AMD,Ryzen 7,型號,[請益] 魔獸 現在適合7500f換7800x3d嗎,https://www.ptt.cc/bbs/PC_Shopping/M.1730694003.A.AC2.html,→,用7800x3d也是會掉，那種情境就是眾,11/04/2024,18319,True,中立
CPU,AMD R7 7800X3D,AMD,Ryzen 7,型號,[請益] 魔獸 現在適合7500f換7800x3d嗎,https://www.ptt.cc/bbs/PC_Shopping/M.1730694003.A.AC2.html,→,我看x3d對魔獸這種mmo好像提升很大,11/04/2024,18324,True,中立
CPU,AMD R7 7800X3D,AMD,Ryzen 7,型號,[請益] 魔獸 現在適合7500f換7800x3d嗎,https://www.ptt.cc/bbs/PC_Shopping/M.1730694003.A.AC2.html,推,重點就在於那個大快取,11/04/2024,18325,True,中立
CPU,AMD R7 7800X3D,AMD,Ryzen 7,型號,[請益] 魔獸 現在適合7500f換7800x3d嗎,https://www.ptt.cc/bbs/PC_Shopping/M.1730694003.A.AC2.html,推,提升很大是指一般在戶外或平常運行,11/04/2024,18328,True,中立
CPU,AMD R7 7800X3D,AMD,Ryzen 7,型號,[請益] 魔獸 現在適合7500f換7800x3d嗎,https://www.ptt.cc/bbs/PC_Shopping/M.1730694003.A.AC2.html,→,遊戲啊，但打團嗜血那種情境就不普,11/04/2024,18329,True,負評
CPU,AMD R7 7800X3D,AMD,Ryzen 7,型號,[請益] 魔獸 現在適合7500f換7800x3d嗎,https://www.ptt.cc/bbs/PC_Shopping/M.1730694003.A.AC2.html,→,開下去差距大概不到10%,11/04/2024,18332,True,中立
CPU,AMD R7 7800X3D,AMD,Ryzen 7,型號,[請益] 魔獸 現在適合7500f換7800x3d嗎,https://www.ptt.cc/bbs/PC_Shopping/M.1730694003.A.AC2.html,→,一點點就會卡成狗，但是看國外伺服,11/04/2024,18337,True,負評
CPU,AMD R7 7800X3D,AMD,Ryzen 7,型號,[請益] 魔獸 現在適合7500f換7800x3d嗎,https://www.ptt.cc/bbs/PC_Shopping/M.1730694003.A.AC2.html,→,服器體質就不一樣了，建議不要想依,11/04/2024,18339,True,負評
CPU,AMD R7 7800X3D,AMD,Ryzen 7,型號,[請益] 魔獸 現在適合7500f換7800x3d嗎,https://www.ptt.cc/bbs/PC_Shopping/M.1730694003.A.AC2.html,→,錢那換x3d是不錯的選擇,11/04/2024,18342,True,正評
CPU,AMD R7 7800X3D,AMD,Ryzen 7,型號,[請益] 魔獸 現在適合7500f換7800x3d嗎,https://www.ptt.cc/bbs/PC_Shopping/M.1730694003.A.AC2.html,→,得投資純以魔獸來說是應該算CP值之選,11/04/2024,18347,True,正評
CPU,AMD R7 7800X3D,AMD,Ryzen 7,型號,[請益] 魔獸 現在適合7500f換7800x3d嗎,https://www.ptt.cc/bbs/PC_Shopping/M.1730694003.A.AC2.html,→,我fps都不到20,11/04/2024,18349,True,負評
CPU,AMD R7 7800X3D,AMD,Ryzen 7,型號,[請益] 魔獸 現在適合7500f換7800x3d嗎,https://www.ptt.cc/bbs/PC_Shopping/M.1730694003.A.AC2.html,→,現在78x3d的問題是漲價而且缺貨吧，,11/04/2024,18351,True,中立
CPU,AMD R7 7800X3D,AMD,Ryzen 7,型號,[請益] 魔獸 現在適合7500f換7800x3d嗎,https://www.ptt.cc/bbs/PC_Shopping/M.1730694003.A.AC2.html,推,打團好像還是會卡,11/04/2024,18354,True,負評
CPU,AMD R7 7800X3D,AMD,Ryzen 7,型號,[請益] 魔獸 現在適合7500f換7800x3d嗎,https://www.ptt.cc/bbs/PC_Shopping/M.1730694003.A.AC2.html,→,"98X3D吧, 除了偏貴, 沒有缺點",11/04/2024,18357,True,正評
CPU,AMD R7 7800X3D,AMD,Ryzen 7,型號,[請益] 魔獸 現在適合7500f換7800x3d嗎,https://www.ptt.cc/bbs/PC_Shopping/M.1730694003.A.AC2.html,推,魔獸X3D當然很強 只能我覺得7500夠用,11/04/2024,18362,True,中立
CPU,AMD R7 7800X3D,AMD,Ryzen 7,型號,[請益] 魔獸 現在適合7500f換7800x3d嗎,https://www.ptt.cc/bbs/PC_Shopping/M.1730694003.A.AC2.html,→,真的有差就是在主城一堆人走來走去的,11/04/2024,18364,True,中立
CPU,AMD R7 7800X3D,AMD,Ryzen 7,型號,[請益] 魔獸 現在適合7500f換7800x3d嗎,https://www.ptt.cc/bbs/PC_Shopping/M.1730694003.A.AC2.html,→,要換就等9800X3D單賣的全新 除非在意,11/04/2024,18368,True,中立
CPU,AMD R7 7800X3D,AMD,Ryzen 7,型號,[請益] 魔獸 現在適合7500f換7800x3d嗎,https://www.ptt.cc/bbs/PC_Shopping/M.1730694003.A.AC2.html,→,高FPS跟1%Low不然7500F也不差了,11/04/2024,18369,True,中立
CPU,AMD R7 7800X3D,AMD,Ryzen 7,型號(情報),[情報] 9800X3D效能成長20%單核28%多核對7800X3D,https://www.ptt.cc/bbs/PC_Shopping/M.1728099218.A.41E.html,推,價格猜16k，但如果賣14k會香噴噴,10/05/2024,18374,True,中立
CPU,AMD R7 7800X3D,AMD,Ryzen 7,型號(情報),[情報] 9800X3D效能成長20%單核28%多核對7800X3D,https://www.ptt.cc/bbs/PC_Shopping/M.1728099218.A.41E.html,→,然後價格也貴20%,10/05/2024,18383,True,中立
CPU,AMD R7 7800X3D,AMD,Ryzen 7,型號(情報),[情報] 9800X3D效能成長20%單核28%多核對7800X3D,https://www.ptt.cc/bbs/PC_Shopping/M.1728099218.A.41E.html,→,x3d頻率都卡很死 ..有人在雲,10/05/2024,18384,True,負評
CPU,AMD R7 7800X3D,AMD,Ryzen 7,型號(情報),[情報] 9800X3D效能成長20%單核28%多核對7800X3D,https://www.ptt.cc/bbs/PC_Shopping/M.1728099218.A.41E.html,推,7800x3d就很夠用了吧,10/05/2024,18385,True,正評
CPU,AMD R7 7800X3D,AMD,Ryzen 7,型號(情報),[情報] 9800X3D效能成長20%單核28%多核對7800X3D,https://www.ptt.cc/bbs/PC_Shopping/M.1728099218.A.41E.html,推,效能多20趴 價錢多40趴,10/05/2024,18389,True,負評
CPU,AMD R7 7800X3D,AMD,Ryzen 7,型號(情報),[情報] 9800X3D效能成長20%單核28%多核對7800X3D,https://www.ptt.cc/bbs/PC_Shopping/M.1728099218.A.41E.html,→,7800X3D MSRP 450，9800X3D應該也不會差,10/05/2024,18391,True,中立
CPU,AMD R7 7800X3D,AMD,Ryzen 7,型號(情報),[情報] 9800X3D效能成長20%單核28%多核對7800X3D,https://www.ptt.cc/bbs/PC_Shopping/M.1728099218.A.41E.html,→,9000系基本上沒漲價高階還降價  這顆,10/05/2024,18392,True,中立
CPU,AMD R7 7800X3D,AMD,Ryzen 7,型號(情報),[情報] 9800X3D效能成長20%單核28%多核對7800X3D,https://www.ptt.cc/bbs/PC_Shopping/M.1728099218.A.41E.html,推,能期待便宜的7800X3D嗎？,10/05/2024,18394,True,中立
CPU,AMD R7 7800X3D,AMD,Ryzen 7,型號(情報),[情報] 9800X3D效能成長20%單核28%多核對7800X3D,https://www.ptt.cc/bbs/PC_Shopping/M.1728099218.A.41E.html,→,會相比之前的高很多,10/05/2024,18397,True,中立
CPU,AMD R7 7800X3D,AMD,Ryzen 7,型號(情報),[情報] 9800X3D效能成長20%單核28%多核對7800X3D,https://www.ptt.cc/bbs/PC_Shopping/M.1728099218.A.41E.html,推,可能溫度問題解決 時脈拉上去,10/05/2024,18401,True,中立
CPU,AMD R7 7800X3D,AMD,Ryzen 7,型號(情報),[情報] 9800X3D效能成長20%單核28%多核對7800X3D,https://www.ptt.cc/bbs/PC_Shopping/M.1728099218.A.41E.html,推,太貴的話只好回頭買78x3d,10/05/2024,18402,True,中立
CPU,AMD R7 7800X3D,AMD,Ryzen 7,型號(情報),[情報] 9800X3D效能成長20%單核28%多核對7800X3D,https://www.ptt.cc/bbs/PC_Shopping/M.1728099218.A.41E.html,推,之前X3D頻率上不去不是溫度吧，是電壓,10/05/2024,18408,True,中立
CPU,AMD R7 7800X3D,AMD,Ryzen 7,型號(情報),[情報] 9800X3D效能成長20%單核28%多核對7800X3D,https://www.ptt.cc/bbs/PC_Shopping/M.1728099218.A.41E.html,→,人家溫度熱耗資優生，講人家溫度是啥,10/05/2024,18409,True,正評
CPU,AMD R7 7800X3D,AMD,Ryzen 7,型號(情報),[情報] 9800X3D效能成長20%單核28%多核對7800X3D,https://www.ptt.cc/bbs/PC_Shopping/M.1728099218.A.41E.html,→,以前電壓上去就是X3D變X燒包阿,10/05/2024,18410,True,負評
CPU,AMD R7 7800X3D,AMD,Ryzen 7,型號(情報),[情報] 9800X3D效能成長20%單核28%多核對7800X3D,https://www.ptt.cc/bbs/PC_Shopping/M.1728099218.A.41E.html,推,只加價20%肯定買爆,10/05/2024,18416,True,正評
CPU,AMD R7 7800X3D,AMD,Ryzen 7,型號(情報),[情報] 9800X3D效能成長20%單核28%多核對7800X3D,https://www.ptt.cc/bbs/PC_Shopping/M.1728099218.A.41E.html,推,畢竟性能有一大半被io die卡住吧,10/05/2024,18417,True,中立
CPU,AMD R7 7800X3D,AMD,Ryzen 7,型號(情報),[情報] 9800X3D效能成長20%單核28%多核對7800X3D,https://www.ptt.cc/bbs/PC_Shopping/M.1728099218.A.41E.html,→,加大的L3可以減少io die負荷,10/05/2024,18418,True,中立
CPU,AMD R7 7800X3D,AMD,Ryzen 7,型號(情報),[情報] 9800X3D效能成長20%單核28%多核對7800X3D,https://www.ptt.cc/bbs/PC_Shopping/M.1728099218.A.41E.html,→,效能也提升很多啊 但遊戲幾乎無感,10/05/2024,18437,True,中立
CPU,AMD R7 7800X3D,AMD,Ryzen 7,型號(情報),[情報] 9800X3D效能成長20%單核28%多核對7800X3D,https://www.ptt.cc/bbs/PC_Shopping/M.1728099218.A.41E.html,→,"9700X比7700X強2%, 推測同頻下98X3D比",10/05/2024,18439,True,中立
CPU,AMD R7 7800X3D,AMD,Ryzen 7,型號(情報),[情報] 9800X3D效能成長20%單核28%多核對7800X3D,https://www.ptt.cc/bbs/PC_Shopping/M.1728099218.A.41E.html,→,"78X3D強2%, 再加上頻率提升8%",10/05/2024,18440,True,正評
CPU,AMD R7 7800X3D,AMD,Ryzen 7,型號(情報),[情報] 9800X3D效能成長20%單核28%多核對7800X3D,https://www.ptt.cc/bbs/PC_Shopping/M.1728099218.A.41E.html,→,"就算提升10%, intel也不太可能追上",10/05/2024,18441,True,中立
CPU,AMD R7 7800X3D,AMD,Ryzen 7,型號(情報),[情報] 9800X3D效能成長20%單核28%多核對7800X3D,https://www.ptt.cc/bbs/PC_Shopping/M.1728099218.A.41E.html,→,X3D對遊戲提升是網遊那些 3A大作還好,10/05/2024,18442,True,中立
CPU,AMD R7 7800X3D,AMD,Ryzen 7,型號(情報),[情報] 9800X3D效能成長20%單核28%多核對7800X3D,https://www.ptt.cc/bbs/PC_Shopping/M.1728099218.A.41E.html,→,然後一般3~4萬的預算用戶也不建議拿x3d,10/05/2024,18444,True,負評
CPU,AMD R7 7800X3D,AMD,Ryzen 7,型號(情報),[情報] 9800X3D效能成長20%單核28%多核對7800X3D,https://www.ptt.cc/bbs/PC_Shopping/M.1728099218.A.41E.html,→,預算不夠或顯卡沒上4080s的話都不建議,10/05/2024,18445,True,負評
CPU,AMD R7 7800X3D,AMD,Ryzen 7,型號(情報),[情報] 9800X3D效能成長20%單核28%多核對7800X3D,https://www.ptt.cc/bbs/PC_Shopping/M.1728099218.A.41E.html,→,在往上提升fps或是1%low的人去買,10/05/2024,18448,True,正評
CPU,AMD R7 7800X3D,AMD,Ryzen 7,型號(情報),[情報] 9800X3D效能成長20%單核28%多核對7800X3D,https://www.ptt.cc/bbs/PC_Shopping/M.1728099218.A.41E.html,推,其實就ipc+_10% 時脈+10%啦xd,10/05/2024,18454,True,中立
CPU,AMD R7 7800X3D,AMD,Ryzen 7,型號(情報),[情報] 9800X3D效能成長20%單核28%多核對7800X3D,https://www.ptt.cc/bbs/PC_Shopping/M.1728099218.A.41E.html,→,微碼效能下降那麼多,10/05/2024,18458,True,負評
CPU,AMD R7 7800X3D,AMD,Ryzen 7,型號(情報),[情報] 9800X3D效能成長20%單核28%多核對7800X3D,https://www.ptt.cc/bbs/PC_Shopping/M.1728099218.A.41E.html,→,代表這代時脈可以衝高 不會卡在5Ghz,10/05/2024,18466,True,中立
CPU,AMD R7 7800X3D,AMD,Ryzen 7,型號(情報),[情報] 9800X3D效能成長20%單核28%多核對7800X3D,https://www.ptt.cc/bbs/PC_Shopping/M.1728099218.A.41E.html,→,台灣別想了，78出了之後58一樣死豬價,10/05/2024,18471,True,負評
CPU,AMD R7 7800X3D,AMD,Ryzen 7,型號(情報),[情報] 9800X3D效能成長20%單核28%多核對7800X3D,https://www.ptt.cc/bbs/PC_Shopping/M.1728099218.A.41E.html,推,價格鬼島價 一定臭,10/05/2024,18472,True,負評
CPU,AMD R7 7800X3D,AMD,Ryzen 7,型號(情報),[情報] 9800X3D效能成長20%單核28%多核對7800X3D,https://www.ptt.cc/bbs/PC_Shopping/M.1728099218.A.41E.html,推,"如果價格不超過15k,那是真的挺香的",10/05/2024,18475,True,正評
CPU,AMD R7 7800X3D,AMD,Ryzen 7,型號(情報),[情報] 9800X3D效能成長20%單核28%多核對7800X3D,https://www.ptt.cc/bbs/PC_Shopping/M.1728099218.A.41E.html,→,性能有追上9700X的話很不錯,10/05/2024,18482,True,中立
CPU,AMD R7 7800X3D,AMD,Ryzen 7,型號(情報),[情報] 9800X3D效能成長20%單核28%多核對7800X3D,https://www.ptt.cc/bbs/PC_Shopping/M.1728099218.A.41E.html,→,之前X3D的短板就是快取爆掉之後會倒輸給,10/05/2024,18483,True,中立
CPU,AMD R7 7800X3D,AMD,Ryzen 7,型號(情報),[情報] 9800X3D效能成長20%單核28%多核對7800X3D,https://www.ptt.cc/bbs/PC_Shopping/M.1728099218.A.41E.html,→,就和老黃卡一樣，最頂的買首發反而划算,10/05/2024,18489,True,正評
CPU,AMD R7 7800X3D,AMD,Ryzen 7,型號(情報),[情報] 9800X3D效能成長20%單核28%多核對7800X3D,https://www.ptt.cc/bbs/PC_Shopping/M.1728099218.A.41E.html,→,台灣代理，效能不一定提升，價格一定漲,10/06/2024,18515,True,負評
CPU,AMD R7 7800X3D,AMD,Ryzen 7,型號(情報),[情報] 9800X3D效能成長20%單核28%多核對7800X3D,https://www.ptt.cc/bbs/PC_Shopping/M.1728099218.A.41E.html,推,應該會介於9900X與9950X之間,10/07/2024,18521,True,中立
CPU,AMD R7 7800X3D,AMD,Ryzen 7,型號(情報),[情報] 9800X3D效能成長20%單核28%多核對7800X3D,https://www.ptt.cc/bbs/PC_Shopping/M.1728099218.A.41E.html,→,"如果照對岸的爆料, 285K打不過7800X3D...",10/09/2024,18524,True,負評
CPU,AMD R7 7800X3D,AMD,Ryzen 7,型號,[閒聊] 9700X 還是 7800X3D?,https://www.ptt.cc/bbs/PC_Shopping/M.1726879118.A.D59.html,→,話，98x3d無懸念,09/21/2024,18533,True,中立
CPU,AMD R7 7800X3D,AMD,Ryzen 7,型號,[閒聊] 9700X 還是 7800X3D?,https://www.ptt.cc/bbs/PC_Shopping/M.1726879118.A.D59.html,推,7800x3d有貨就買阿，價格會有差吧,09/21/2024,18536,True,正評
CPU,AMD R7 7800X3D,AMD,Ryzen 7,型號,[閒聊] 9700X 還是 7800X3D?,https://www.ptt.cc/bbs/PC_Shopping/M.1726879118.A.D59.html,→,"明年搞不好換換病又換了,要玩就直接買",09/21/2024,18539,True,正評
CPU,AMD R7 7800X3D,AMD,Ryzen 7,型號,[閒聊] 9700X 還是 7800X3D?,https://www.ptt.cc/bbs/PC_Shopping/M.1726879118.A.D59.html,推,"4K解析度, 用7500F開pbo就好了，輸78X3D",09/21/2024,18540,True,中立
CPU,AMD R7 7800X3D,AMD,Ryzen 7,型號,[閒聊] 9700X 還是 7800X3D?,https://www.ptt.cc/bbs/PC_Shopping/M.1726879118.A.D59.html,→,5幀內，根本無感，還省8千,09/21/2024,18541,True,正評
CPU,AMD R7 7800X3D,AMD,Ryzen 7,型號,[閒聊] 9700X 還是 7800X3D?,https://www.ptt.cc/bbs/PC_Shopping/M.1726879118.A.D59.html,→,選78除了遊戲外，也比較難掉價保值較,09/21/2024,18544,True,正評
CPU,AMD R7 7800X3D,AMD,Ryzen 7,型號,[閒聊] 9700X 還是 7800X3D?,https://www.ptt.cc/bbs/PC_Shopping/M.1726879118.A.D59.html,推,卡都買了就7800X3D 先享受再說啊,09/21/2024,18546,True,正評
CPU,AMD R7 7800X3D,AMD,Ryzen 7,型號,[閒聊] 9700X 還是 7800X3D?,https://www.ptt.cc/bbs/PC_Shopping/M.1726879118.A.D59.html,→,4K畫質的3A CPU影響很小,09/21/2024,18549,True,中立
CPU,AMD R7 7800X3D,AMD,Ryzen 7,型號,[閒聊] 9700X 還是 7800X3D?,https://www.ptt.cc/bbs/PC_Shopping/M.1726879118.A.D59.html,→,X3D只有在MMORPG FPS對戰 戰略模擬，這,09/21/2024,18550,True,中立
CPU,AMD R7 7800X3D,AMD,Ryzen 7,型號,[閒聊] 9700X 還是 7800X3D?,https://www.ptt.cc/bbs/PC_Shopping/M.1726879118.A.D59.html,→,些需要大量運算或低延遲時才有明顯的差,09/21/2024,18551,True,中立
CPU,AMD R7 7800X3D,AMD,Ryzen 7,型號,[閒聊] 9700X 還是 7800X3D?,https://www.ptt.cc/bbs/PC_Shopping/M.1726879118.A.D59.html,推,玩4K60不一定要X3D啊,09/21/2024,18554,True,中立
CPU,AMD R7 7800X3D,AMD,Ryzen 7,型號,[閒聊] 9700X 還是 7800X3D?,https://www.ptt.cc/bbs/PC_Shopping/M.1726879118.A.D59.html,→,雖然是目前最強遊戲U,09/21/2024,18555,True,正評
CPU,AMD R7 7800X3D,AMD,Ryzen 7,型號,[閒聊] 9700X 還是 7800X3D?,https://www.ptt.cc/bbs/PC_Shopping/M.1726879118.A.D59.html,推,會電死的別買不要搞自己,09/21/2024,18558,True,負評
CPU,AMD R7 7800X3D,AMD,Ryzen 7,型號,[閒聊] 9700X 還是 7800X3D?,https://www.ptt.cc/bbs/PC_Shopping/M.1726879118.A.D59.html,推,先買78X3D 不差那個錢 98出來再貼換賣,09/21/2024,18562,True,正評
CPU,AMD R7 7800X3D,AMD,Ryzen 7,型號,[閒聊] 9700X 還是 7800X3D?,https://www.ptt.cc/bbs/PC_Shopping/M.1726879118.A.D59.html,推,已經有4080s了肯定是拿78x3d啊,09/21/2024,18572,True,正評
CPU,AMD R7 7800X3D,AMD,Ryzen 7,型號,[閒聊] 9700X 還是 7800X3D?,https://www.ptt.cc/bbs/PC_Shopping/M.1726879118.A.D59.html,→,全新的就買78x3d吧,09/21/2024,18573,True,正評
CPU,AMD R7 7800X3D,AMD,Ryzen 7,型號,[閒聊] 9700X 還是 7800X3D?,https://www.ptt.cc/bbs/PC_Shopping/M.1726879118.A.D59.html,推,買78吧，說實在4K 環境CPU能影響的有,09/21/2024,18576,True,正評
CPU,AMD R7 7800X3D,AMD,Ryzen 7,型號,[閒聊] 9700X 還是 7800X3D?,https://www.ptt.cc/bbs/PC_Shopping/M.1726879118.A.D59.html,→,無須考慮會縮缸的，除非用1年就換,09/21/2024,18577,True,中立
CPU,AMD R7 7800X3D,AMD,Ryzen 7,型號,[閒聊] 9700X 還是 7800X3D?,https://www.ptt.cc/bbs/PC_Shopping/M.1726879118.A.D59.html,→,4k大概卡gpu瓶頸了，x3d cpu是為了達到電,09/21/2024,18590,True,中立
CPU,AMD R7 7800X3D,AMD,Ryzen 7,型號,[閒聊] 9700X 還是 7800X3D?,https://www.ptt.cc/bbs/PC_Shopping/M.1726879118.A.D59.html,→,競級fps，但gpu性能撐不到那麼fps,09/21/2024,18591,True,中立
CPU,AMD R7 7800X3D,AMD,Ryzen 7,型號,[閒聊] 9700X 還是 7800X3D?,https://www.ptt.cc/bbs/PC_Shopping/M.1726879118.A.D59.html,→,X3D沒特別強 所以還是看實際是拿來幹嘛,09/21/2024,18597,True,中立
CPU,AMD R7 7800X3D,AMD,Ryzen 7,型號,[閒聊] 9700X 還是 7800X3D?,https://www.ptt.cc/bbs/PC_Shopping/M.1726879118.A.D59.html,→,顯卡不夠好 預算不夠也不用硬上78X3D,09/21/2024,18598,True,負評
CPU,AMD R7 7800X3D,AMD,Ryzen 7,型號,[閒聊] 9700X 還是 7800X3D?,https://www.ptt.cc/bbs/PC_Shopping/M.1726879118.A.D59.html,→,X3D越看越癢，先衝7800X3D好了哈哈哈,09/21/2024,18601,True,正評
CPU,AMD R7 7800X3D,AMD,Ryzen 7,型號,[閒聊] 9700X 還是 7800X3D?,https://www.ptt.cc/bbs/PC_Shopping/M.1726879118.A.D59.html,→,牙膏都被擠爆了 I還是別吧,09/21/2024,18608,True,負評
CPU,AMD R7 7800X3D,AMD,Ryzen 7,型號,[閒聊] 9700X 還是 7800X3D?,https://www.ptt.cc/bbs/PC_Shopping/M.1726879118.A.D59.html,→,同等級的選AMD更好更安全,09/21/2024,18611,True,正評
CPU,AMD R7 7800X3D,AMD,Ryzen 7,型號,[閒聊] 9700X 還是 7800X3D?,https://www.ptt.cc/bbs/PC_Shopping/M.1726879118.A.D59.html,→,"可以買, 畢竟便宜治百病，也沒什麼災情",09/21/2024,18614,True,正評
CPU,AMD R7 7800X3D,AMD,Ryzen 7,型號,[閒聊] 9700X 還是 7800X3D?,https://www.ptt.cc/bbs/PC_Shopping/M.1726879118.A.D59.html,推,149K很猛啊 只是隨時會燒XD,09/21/2024,18623,True,負評
CPU,AMD R7 7800X3D,AMD,Ryzen 7,型號,[閒聊] 9700X 還是 7800X3D?,https://www.ptt.cc/bbs/PC_Shopping/M.1726879118.A.D59.html,→,還不快買來打電動攤提就真的是潘仔,09/22/2024,18638,True,正評
CPU,AMD R7 7800X3D,AMD,Ryzen 7,型號,[閒聊] 9700X 還是 7800X3D?,https://www.ptt.cc/bbs/PC_Shopping/M.1726879118.A.D59.html,推,86g改阻熱膏了，長久使用覺得有疑慮,09/22/2024,18641,True,負評
CPU,AMD R7 7800X3D,AMD,Ryzen 7,型號,[閒聊] 9700X 還是 7800X3D?,https://www.ptt.cc/bbs/PC_Shopping/M.1726879118.A.D59.html,→,買來不打算裝顯卡，未來也不會裝的買ok,09/22/2024,18643,True,中立
CPU,AMD R7 7800X3D,AMD,Ryzen 7,型號,[閒聊] 9700X 還是 7800X3D?,https://www.ptt.cc/bbs/PC_Shopping/M.1726879118.A.D59.html,→,打遊戲多就7800x3D,09/24/2024,18650,True,正評
CPU,AMD R7 7800X3D,AMD,Ryzen 7,型號,[閒聊] 7800X3D,https://www.ptt.cc/bbs/PC_Shopping/M.1726120108.A.9F7.html,推,上月底缺貨前有買到，爽,09/12/2024,18656,True,正評
CPU,AMD R7 7800X3D,AMD,Ryzen 7,型號,[閒聊] 7800X3D,https://www.ptt.cc/bbs/PC_Shopping/M.1726120108.A.9F7.html,→,X3D的含金量還在增加,09/12/2024,18657,True,正評
CPU,AMD R7 7800X3D,AMD,Ryzen 7,型號,[閒聊] 7800X3D,https://www.ptt.cc/bbs/PC_Shopping/M.1726120108.A.9F7.html,推,還好撿了7700，這價格不如等98x3d,09/12/2024,18660,True,負評
CPU,AMD R7 7800X3D,AMD,Ryzen 7,型號,[閒聊] 7800X3D,https://www.ptt.cc/bbs/PC_Shopping/M.1726120108.A.9F7.html,→,7700是可拿75F/7600對比 跟X3D不能比,09/12/2024,18663,True,中立
CPU,AMD R7 7800X3D,AMD,Ryzen 7,型號,[閒聊] 7800X3D,https://www.ptt.cc/bbs/PC_Shopping/M.1726120108.A.9F7.html,→,78X3D就奇貨可居? 有他強的地方 9系,09/12/2024,18666,True,中立
CPU,AMD R7 7800X3D,AMD,Ryzen 7,型號,[閒聊] 7800X3D,https://www.ptt.cc/bbs/PC_Shopping/M.1726120108.A.9F7.html,→,遊戲也沒他強 除了未公開的9系X3D,09/12/2024,18667,True,負評
CPU,AMD R7 7800X3D,AMD,Ryzen 7,型號,[閒聊] 7800X3D,https://www.ptt.cc/bbs/PC_Shopping/M.1726120108.A.9F7.html,推,X3D CPU用來玩遊戲至少可以撐過三代,09/12/2024,18668,True,正評
CPU,AMD R7 7800X3D,AMD,Ryzen 7,型號,[閒聊] 7800X3D,https://www.ptt.cc/bbs/PC_Shopping/M.1726120108.A.9F7.html,→,都維持在效能前段班,09/12/2024,18669,True,中立
CPU,AMD R7 7800X3D,AMD,Ryzen 7,型號,[閒聊] 7800X3D,https://www.ptt.cc/bbs/PC_Shopping/M.1726120108.A.9F7.html,→,就目前遊戲用最強U啊，I家自爆後一,09/12/2024,18670,True,正評
CPU,AMD R7 7800X3D,AMD,Ryzen 7,型號,[閒聊] 7800X3D,https://www.ptt.cc/bbs/PC_Shopping/M.1726120108.A.9F7.html,→,優化後的97X其實與78X3D五五開了,09/12/2024,18674,True,中立
CPU,AMD R7 7800X3D,AMD,Ryzen 7,型號,[閒聊] 7800X3D,https://www.ptt.cc/bbs/PC_Shopping/M.1726120108.A.9F7.html,→,不如留點預算等明年換98X3D,09/12/2024,18675,True,負評
CPU,AMD R7 7800X3D,AMD,Ryzen 7,型號,[閒聊] 7800X3D,https://www.ptt.cc/bbs/PC_Shopping/M.1726120108.A.9F7.html,→,快取差很多吧 mmo上,09/12/2024,18676,True,負評
CPU,AMD R7 7800X3D,AMD,Ryzen 7,型號,[閒聊] 7800X3D,https://www.ptt.cc/bbs/PC_Shopping/M.1726120108.A.9F7.html,→,網遊無法比 確實X3D強項 3A差距感知有限,09/12/2024,18677,True,中立
CPU,AMD R7 7800X3D,AMD,Ryzen 7,型號,[閒聊] 7800X3D,https://www.ptt.cc/bbs/PC_Shopping/M.1726120108.A.9F7.html,推,還好早上4k了 不用溢價x3d,09/12/2024,18679,True,中立
CPU,AMD R7 7800X3D,AMD,Ryzen 7,型號,[閒聊] 7800X3D,https://www.ptt.cc/bbs/PC_Shopping/M.1726120108.A.9F7.html,→,太貴 要換新主板的等9800x3d就好,09/12/2024,18680,True,負評
CPU,AMD R7 7800X3D,AMD,Ryzen 7,型號,[閒聊] 7800X3D,https://www.ptt.cc/bbs/PC_Shopping/M.1726120108.A.9F7.html,推,X3D我試過內顯開還行，但開到2K解析度,09/12/2024,18686,True,中立
CPU,AMD R7 7800X3D,AMD,Ryzen 7,型號,[閒聊] 7800X3D,https://www.ptt.cc/bbs/PC_Shopping/M.1726120108.A.9F7.html,推,如果不是要組頂級電腦78X3D就可以下手,09/12/2024,18687,True,中立
CPU,AMD R7 7800X3D,AMD,Ryzen 7,型號,[閒聊] 7800X3D,https://www.ptt.cc/bbs/PC_Shopping/M.1726120108.A.9F7.html,→,捏上98X3D，這時候78X3D要不就下架，要不,09/12/2024,18694,True,負評
CPU,AMD R7 7800X3D,AMD,Ryzen 7,型號,[閒聊] 7800X3D,https://www.ptt.cc/bbs/PC_Shopping/M.1726120108.A.9F7.html,推,同感，1到2K大概捏得動，3K以上就拉開了,09/12/2024,18703,True,中立
CPU,AMD R7 7800X3D,AMD,Ryzen 7,型號,[閒聊] 7800X3D,https://www.ptt.cc/bbs/PC_Shopping/M.1726120108.A.9F7.html,→,年初做過最正確的決定,09/12/2024,18711,True,正評
CPU,AMD R7 7800X3D,AMD,Ryzen 7,型號,[閒聊] 7800X3D,https://www.ptt.cc/bbs/PC_Shopping/M.1726120108.A.9F7.html,→,但現在這樣子不如等98X3D,09/12/2024,18717,True,負評
CPU,AMD R7 7800X3D,AMD,Ryzen 7,型號,[閒聊] 7800X3D,https://www.ptt.cc/bbs/PC_Shopping/M.1726120108.A.9F7.html,→,就希望這顆13代別暴斃 擋一下20天沒當機,09/12/2024,18719,True,中立
CPU,AMD R7 7800X3D,AMD,Ryzen 7,型號,[閒聊] 7800X3D,https://www.ptt.cc/bbs/PC_Shopping/M.1726120108.A.9F7.html,推,還好有跟到pchome折價組合包，爽用中。,09/12/2024,18723,True,正評
CPU,AMD R7 7800X3D,AMD,Ryzen 7,型號,[閒聊] 7800X3D,https://www.ptt.cc/bbs/PC_Shopping/M.1726120108.A.9F7.html,推,真的比淘寶貴還一堆限制…,09/12/2024,18724,True,負評
CPU,AMD R7 7800X3D,AMD,Ryzen 7,型號,[閒聊] 7800X3D,https://www.ptt.cc/bbs/PC_Shopping/M.1726120108.A.9F7.html,推,78x3d給4080s的人拿比較好啦,09/12/2024,18726,True,中立
CPU,AMD R7 7800X3D,AMD,Ryzen 7,型號,[閒聊] 7800X3D,https://www.ptt.cc/bbs/PC_Shopping/M.1726120108.A.9F7.html,噓,不如買7500F,09/12/2024,18727,True,負評
CPU,AMD R7 7800X3D,AMD,Ryzen 7,型號,[閒聊] 7800X3D,https://www.ptt.cc/bbs/PC_Shopping/M.1726120108.A.9F7.html,→,配4070S還是頭重腳輕的,09/12/2024,18729,True,負評
CPU,AMD R7 7800X3D,AMD,Ryzen 7,型號,[閒聊] 7800X3D,https://www.ptt.cc/bbs/PC_Shopping/M.1726120108.A.9F7.html,推,價差8500顯卡差2階，性能差遠高於cpu,09/12/2024,18731,True,中立
CPU,AMD R7 7800X3D,AMD,Ryzen 7,型號,[閒聊] 7800X3D,https://www.ptt.cc/bbs/PC_Shopping/M.1726120108.A.9F7.html,推,跟之前價格比起來差2~3000 挺貴的,09/12/2024,18741,True,負評
CPU,AMD R7 7800X3D,AMD,Ryzen 7,型號,[閒聊] 7800X3D,https://www.ptt.cc/bbs/PC_Shopping/M.1726120108.A.9F7.html,推,漲價好像就失去CP值了...,09/13/2024,18750,True,負評
CPU,AMD R7 7800X3D,AMD,Ryzen 7,型號,[閒聊] 7800X3D,https://www.ptt.cc/bbs/PC_Shopping/M.1726120108.A.9F7.html,推,AMD遊戲專武還會漲價，可厲害了,09/15/2024,18752,True,正評
CPU,AMD R7 7800X3D,AMD,Ryzen 7,型號,[請益] 7800X3d用虎徹2風扇壓的住嗎？,https://www.ptt.cc/bbs/PC_Shopping/M.1724676741.A.441.html,→,有開冷氣應該ok,08/26/2024,18753,True,中立
CPU,AMD R7 7800X3D,AMD,Ryzen 7,型號,[請益] 7800X3d用虎徹2風扇壓的住嗎？,https://www.ptt.cc/bbs/PC_Shopping/M.1724676741.A.441.html,推,360水冷壓制大概都3X度，有點怕CPU感冒,08/26/2024,18757,True,中立
CPU,AMD R7 7800X3D,AMD,Ryzen 7,型號,[請益] 7800X3d用虎徹2風扇壓的住嗎？,https://www.ptt.cc/bbs/PC_Shopping/M.1724676741.A.441.html,→,看起來好像不用太擔心散熱~~,08/26/2024,18760,True,中立
CPU,AMD R7 7800X3D,AMD,Ryzen 7,型號,[請益] 7800X3d用虎徹2風扇壓的住嗎？,https://www.ptt.cc/bbs/PC_Shopping/M.1724676741.A.441.html,→,可以 只差在pbo極限下全核頻率最高能多,08/26/2024,18761,True,中立
CPU,AMD R7 7800X3D,AMD,Ryzen 7,型號,[請益] 7800X3d用虎徹2風扇壓的住嗎？,https://www.ptt.cc/bbs/PC_Shopping/M.1724676741.A.441.html,→,少而已 你可能90度全核4.7Ghz到頂 360,08/26/2024,18762,True,中立
CPU,AMD R7 7800X3D,AMD,Ryzen 7,型號,[請益] 7800X3d用虎徹2風扇壓的住嗎？,https://www.ptt.cc/bbs/PC_Shopping/M.1724676741.A.441.html,→,水冷運氣好遇到大雕可能可以全核4.9或5,08/26/2024,18763,True,中立
CPU,AMD R7 7800X3D,AMD,Ryzen 7,型號,[請益] 7800X3d用虎徹2風扇壓的住嗎？,https://www.ptt.cc/bbs/PC_Shopping/M.1724676741.A.441.html,推,無限伍都壓的住了，虎徹理論上也可以,08/26/2024,18764,True,中立
CPU,AMD R7 7800X3D,AMD,Ryzen 7,型號,[請益] 7800X3d用虎徹2風扇壓的住嗎？,https://www.ptt.cc/bbs/PC_Shopping/M.1724676741.A.441.html,→,上雙塔更舒爽，現在用之前壓139K的D15,08/26/2024,18765,True,中立
CPU,AMD R7 7800X3D,AMD,Ryzen 7,型號,[請益] 7800X3d用虎徹2風扇壓的住嗎？,https://www.ptt.cc/bbs/PC_Shopping/M.1724676741.A.441.html,→,來壓78X3D，溫度沒高於75度過XD,08/26/2024,18766,True,正評
CPU,AMD R7 7800X3D,AMD,Ryzen 7,型號,[請益] 7800X3d用虎徹2風扇壓的住嗎？,https://www.ptt.cc/bbs/PC_Shopping/M.1724676741.A.441.html,→,x3d熱的不是核心阿,08/26/2024,18767,True,中立
CPU,AMD R7 7800X3D,AMD,Ryzen 7,型號,[請益] 7800X3d用虎徹2風扇壓的住嗎？,https://www.ptt.cc/bbs/PC_Shopping/M.1724676741.A.441.html,→,我用140雙塔只裝中間一個風扇 壓得住,08/27/2024,18769,True,中立
CPU,AMD R7 7800X3D,AMD,Ryzen 7,型號,[請益] 7800X3d用虎徹2風扇壓的住嗎？,https://www.ptt.cc/bbs/PC_Shopping/M.1724676741.A.441.html,推,這顆折騰pbo 沒什麼意義....裝完直接開機,08/27/2024,18770,True,中立
CPU,AMD R7 7800X3D,AMD,Ryzen 7,型號,[請益] 7800X3d用虎徹2風扇壓的住嗎？,https://www.ptt.cc/bbs/PC_Shopping/M.1724676741.A.441.html,推,幽靈扇認真不行 我試過  開機風扇直,08/27/2024,18772,True,負評
CPU,AMD R7 7800X3D,AMD,Ryzen 7,型號,[請益] 7800X3d用虎徹2風扇壓的住嗎？,https://www.ptt.cc/bbs/PC_Shopping/M.1724676741.A.441.html,推,x3d的風扇策略要自己訂，用預設吵死你,08/27/2024,18773,True,負評
CPU,AMD R7 7800X3D,AMD,Ryzen 7,型號,[請益] 7800X3d用虎徹2風扇壓的住嗎？,https://www.ptt.cc/bbs/PC_Shopping/M.1724676741.A.441.html,→,78X3D用3600原廠扇 遊戲77-83風扇接近,08/27/2024,18774,True,中立
CPU,AMD R7 7800X3D,AMD,Ryzen 7,型號,[請益] 7800X3d用虎徹2風扇壓的住嗎？,https://www.ptt.cc/bbs/PC_Shopping/M.1724676741.A.441.html,→,滿 PS120用雙TLC12雙800轉58-62，FPS無,08/27/2024,18775,True,中立
CPU,AMD R7 7800X3D,AMD,Ryzen 7,型號,[請益] 7800X3d用虎徹2風扇壓的住嗎？,https://www.ptt.cc/bbs/PC_Shopping/M.1724676741.A.441.html,→,感 風扇聲靜音超有感 缺點是傳統硬碟聲,08/27/2024,18776,True,正評
CPU,AMD R7 7800X3D,AMD,Ryzen 7,型號,[請益] 7800X3d用虎徹2風扇壓的住嗎？,https://www.ptt.cc/bbs/PC_Shopping/M.1724676741.A.441.html,推,幽靈都能壓的東西，只有你能不能接受,08/27/2024,18777,True,中立
CPU,AMD R7 7800X3D,AMD,Ryzen 7,型號,[請益] 7800X3d用虎徹2風扇壓的住嗎？,https://www.ptt.cc/bbs/PC_Shopping/M.1724676741.A.441.html,→,作涼涼，不過我機殼是P600S，風扇,08/27/2024,18779,True,中立
CPU,AMD R7 7800X3D,AMD,Ryzen 7,型號,[請益] 7800X3d用虎徹2風扇壓的住嗎？,https://www.ptt.cc/bbs/PC_Shopping/M.1724676741.A.441.html,推,7800X3D+AS120路過，風扇壓在60%,08/27/2024,18782,True,中立
CPU,AMD R7 7800X3D,AMD,Ryzen 7,型號,[請益] 7800X3d用虎徹2風扇壓的住嗎？,https://www.ptt.cc/bbs/PC_Shopping/M.1724676741.A.441.html,→,遊戲溫度不超過80度,08/27/2024,18783,True,中立
CPU,AMD R7 7800X3D,AMD,Ryzen 7,型號,[請益] 7800X3d用虎徹2風扇壓的住嗎？,https://www.ptt.cc/bbs/PC_Shopping/M.1724676741.A.441.html,→,X3D會積熱，簡單來說就是風扇100%跟60%,08/27/2024,18784,True,負評
CPU,AMD R7 7800X3D,AMD,Ryzen 7,型號,[請益] 7800X3d用虎徹2風扇壓的住嗎？,https://www.ptt.cc/bbs/PC_Shopping/M.1724676741.A.441.html,→,我用刀5打elden ring效能幾乎全高60'c,08/27/2024,18786,True,正評
CPU,AMD R7 7800X3D,AMD,Ryzen 7,型號,[請益] 7800X3d用虎徹2風扇壓的住嗎？,https://www.ptt.cc/bbs/PC_Shopping/M.1724676741.A.441.html,→,"跑Cinebench才有不夠的感覺,給你參考",08/27/2024,18787,True,中立
CPU,AMD R7 7800X3D,AMD,Ryzen 7,型號,[請益] 7800X3d用虎徹2風扇壓的住嗎？,https://www.ptt.cc/bbs/PC_Shopping/M.1724676741.A.441.html,推,我也是虎徹2配7800X3D，沒問題,08/27/2024,18790,True,正評
CPU,AMD R7 7800X3D,AMD,Ryzen 7,型號,[請益] 60K內7800X3D或7500F搭顯卡,https://www.ptt.cc/bbs/PC_Shopping/M.1724398167.A.2A9.html,推,7800X3D是遊戲特化版，預算可以的話就,08/23/2024,18796,True,正評
CPU,AMD R7 7800X3D,AMD,Ryzen 7,型號,[請益] 60K內7800X3D或7500F搭顯卡,https://www.ptt.cc/bbs/PC_Shopping/M.1724398167.A.2A9.html,→,戲效能不如預期，它這塊顆舊CPU反而,08/23/2024,18798,True,負評
CPU,AMD R7 7800X3D,AMD,Ryzen 7,型號,[請益] 60K內7800X3D或7500F搭顯卡,https://www.ptt.cc/bbs/PC_Shopping/M.1724398167.A.2A9.html,→,wow物件效果多 要拿7800X3D,08/23/2024,18801,True,正評
CPU,AMD R7 7800X3D,AMD,Ryzen 7,型號,[請益] 60K內7800X3D或7500F搭顯卡,https://www.ptt.cc/bbs/PC_Shopping/M.1724398167.A.2A9.html,推,直上X3D ，你不會後悔的,08/23/2024,18819,True,正評
CPU,AMD R7 7800X3D,AMD,Ryzen 7,型號,[請益] 60K內7800X3D或7500F搭顯卡,https://www.ptt.cc/bbs/PC_Shopping/M.1724398167.A.2A9.html,→,WOW跟FF14都是X3D的天下 沒用X3D顯卡直,08/23/2024,18826,True,中立
CPU,AMD R7 7800X3D,AMD,Ryzen 7,型號,[菜單] 40k 遊戲機 7800x3d+4060,https://www.ptt.cc/bbs/PC_Shopping/M.1722503668.A.BD3.html,推,不如7500配4070,08/01/2024,18831,True,負評
CPU,AMD R7 7800X3D,AMD,Ryzen 7,型號,[菜單] 40k 遊戲機 7800x3d+4060,https://www.ptt.cc/bbs/PC_Shopping/M.1722503668.A.BD3.html,→,78x3d是給拿了4080以上的人用的,08/01/2024,18833,True,中立
CPU,AMD R7 7800X3D,AMD,Ryzen 7,型號,[菜單] 40k 遊戲機 7800x3d+4060,https://www.ptt.cc/bbs/PC_Shopping/M.1722503668.A.BD3.html,推,78x3d很強，但幀數還是交給顯卡專業的來,08/01/2024,18838,True,中立
CPU,AMD R7 7800X3D,AMD,Ryzen 7,型號,[菜單] 40k 遊戲機 7800x3d+4060,https://www.ptt.cc/bbs/PC_Shopping/M.1722503668.A.BD3.html,→,在還沒達到高幀數前，78x3d提升有限,08/01/2024,18839,True,中立
CPU,AMD R7 7800X3D,AMD,Ryzen 7,型號,[菜單] 40k 遊戲機 7800x3d+4060,https://www.ptt.cc/bbs/PC_Shopping/M.1722503668.A.BD3.html,→,這樣配是要打fps 的1%low控制在300的時,08/01/2024,18841,True,中立
CPU,AMD R7 7800X3D,AMD,Ryzen 7,型號,[菜單] 40k 遊戲機 7800x3d+4060,https://www.ptt.cc/bbs/PC_Shopping/M.1722503668.A.BD3.html,推,7500F+4070的FPS會比你這樣搭配高不少,08/01/2024,18850,True,負評
CPU,AMD R7 7800X3D,AMD,Ryzen 7,型號,[菜單] 40k 遊戲機 7800x3d+4060,https://www.ptt.cc/bbs/PC_Shopping/M.1722503668.A.BD3.html,→,太差了 改7500f塔散也可以降單塔的ax,08/01/2024,18856,True,負評
CPU,AMD R7 7800X3D,AMD,Ryzen 7,型號(情報),[情報] 蘇媽9900X遊戲偷跑只能摸到7800X3D車尾燈,https://www.ptt.cc/bbs/PC_Shopping/M.1721978139.A.31E.html,→,9950X應該比9900X略強? 遊戲時8核vs6核,07/26/2024,18860,True,中立
CPU,AMD R7 7800X3D,AMD,Ryzen 7,型號(情報),[情報] 蘇媽9900X遊戲偷跑只能摸到7800X3D車尾燈,https://www.ptt.cc/bbs/PC_Shopping/M.1721978139.A.31E.html,推,臭打遊戲X3D唯一解,07/26/2024,18861,True,正評
CPU,AMD R7 7800X3D,AMD,Ryzen 7,型號(情報),[情報] 蘇媽9900X遊戲偷跑只能摸到7800X3D車尾燈,https://www.ptt.cc/bbs/PC_Shopping/M.1721978139.A.31E.html,推,X3D，真的好強,07/26/2024,18862,True,正評
CPU,AMD R7 7800X3D,AMD,Ryzen 7,型號(情報),[情報] 蘇媽9900X遊戲偷跑只能摸到7800X3D車尾燈,https://www.ptt.cc/bbs/PC_Shopping/M.1721978139.A.31E.html,推,便宜的78x3d是不是等不到惹QQ,07/26/2024,18863,True,負評
CPU,AMD R7 7800X3D,AMD,Ryzen 7,型號(情報),[情報] 蘇媽9900X遊戲偷跑只能摸到7800X3D車尾燈,https://www.ptt.cc/bbs/PC_Shopping/M.1721978139.A.31E.html,推,X3D的能耐就是遊戲能力越一代，這次看起,07/26/2024,18864,True,中立
CPU,AMD R7 7800X3D,AMD,Ryzen 7,型號(情報),[情報] 蘇媽9900X遊戲偷跑只能摸到7800X3D車尾燈,https://www.ptt.cc/bbs/PC_Shopping/M.1721978139.A.31E.html,推,我的x3d 真的好強,07/26/2024,18866,True,正評
CPU,AMD R7 7800X3D,AMD,Ryzen 7,型號(情報),[情報] 蘇媽9900X遊戲偷跑只能摸到7800X3D車尾燈,https://www.ptt.cc/bbs/PC_Shopping/M.1721978139.A.31E.html,→,的原因，沒有達到預期的效能？,07/26/2024,18868,True,中立
CPU,AMD R7 7800X3D,AMD,Ryzen 7,型號(情報),[情報] 蘇媽9900X遊戲偷跑只能摸到7800X3D車尾燈,https://www.ptt.cc/bbs/PC_Shopping/M.1721978139.A.31E.html,推,很正常吧，5800x3d比較弱是製程落後+頻率低,07/26/2024,18869,True,中立
CPU,AMD R7 7800X3D,AMD,Ryzen 7,型號(情報),[情報] 蘇媽9900X遊戲偷跑只能摸到7800X3D車尾燈,https://www.ptt.cc/bbs/PC_Shopping/M.1721978139.A.31E.html,推,懂了馬上買7800X3d,07/26/2024,18870,True,正評
CPU,AMD R7 7800X3D,AMD,Ryzen 7,型號(情報),[情報] 蘇媽9900X遊戲偷跑只能摸到7800X3D車尾燈,https://www.ptt.cc/bbs/PC_Shopping/M.1721978139.A.31E.html,推,X3D 我的超人,07/26/2024,18871,True,中立
CPU,AMD R7 7800X3D,AMD,Ryzen 7,型號(情報),[情報] 蘇媽9900X遊戲偷跑只能摸到7800X3D車尾燈,https://www.ptt.cc/bbs/PC_Shopping/M.1721978139.A.31E.html,推,X3D就是暴力加大快取硬是領先一個世代的東,07/26/2024,18877,True,正評
CPU,AMD R7 7800X3D,AMD,Ryzen 7,型號(情報),[情報] 蘇媽9900X遊戲偷跑只能摸到7800X3D車尾燈,https://www.ptt.cc/bbs/PC_Shopping/M.1721978139.A.31E.html,→,就遊戲用不滿運算能力？,07/26/2024,18879,True,中立
CPU,AMD R7 7800X3D,AMD,Ryzen 7,型號(情報),[情報] 蘇媽9900X遊戲偷跑只能摸到7800X3D車尾燈,https://www.ptt.cc/bbs/PC_Shopping/M.1721978139.A.31E.html,推,不是說用不滿算力，單純就讓快取塞更多東,07/26/2024,18882,True,中立
CPU,AMD R7 7800X3D,AMD,Ryzen 7,型號(情報),[情報] 蘇媽9900X遊戲偷跑只能摸到7800X3D車尾燈,https://www.ptt.cc/bbs/PC_Shopping/M.1721978139.A.31E.html,推,X3D 我的超人,07/26/2024,18886,True,中立
CPU,AMD R7 7800X3D,AMD,Ryzen 7,型號(情報),[情報] 蘇媽9900X遊戲偷跑只能摸到7800X3D車尾燈,https://www.ptt.cc/bbs/PC_Shopping/M.1721978139.A.31E.html,推,78X3D：我怎這麼強,07/26/2024,18888,True,正評
CPU,AMD R7 7800X3D,AMD,Ryzen 7,型號(情報),[情報] 蘇媽9900X遊戲偷跑只能摸到7800X3D車尾燈,https://www.ptt.cc/bbs/PC_Shopping/M.1721978139.A.31E.html,推,配上已知不香的上市價，已知很難賣。大家,07/26/2024,18889,True,負評
CPU,AMD R7 7800X3D,AMD,Ryzen 7,型號(情報),[情報] 蘇媽9900X遊戲偷跑只能摸到7800X3D車尾燈,https://www.ptt.cc/bbs/PC_Shopping/M.1721978139.A.31E.html,推,之前78x3d賣10k出頭的香香價真的很超值,07/26/2024,18891,True,正評
CPU,AMD R7 7800X3D,AMD,Ryzen 7,型號(情報),[情報] 蘇媽9900X遊戲偷跑只能摸到7800X3D車尾燈,https://www.ptt.cc/bbs/PC_Shopping/M.1721978139.A.31E.html,推,我X3D天下無敵！,07/26/2024,18896,True,正評
CPU,AMD R7 7800X3D,AMD,Ryzen 7,型號(情報),[情報] 蘇媽9900X遊戲偷跑只能摸到7800X3D車尾燈,https://www.ptt.cc/bbs/PC_Shopping/M.1721978139.A.31E.html,推,x3d 真的好強,07/26/2024,18897,True,正評
CPU,AMD R7 7800X3D,AMD,Ryzen 7,型號(情報),[情報] 蘇媽9900X遊戲偷跑只能摸到7800X3D車尾燈,https://www.ptt.cc/bbs/PC_Shopping/M.1721978139.A.31E.html,推,4k應該就沒那麼強了,07/26/2024,18899,True,中立
CPU,AMD R7 7800X3D,AMD,Ryzen 7,型號(情報),[情報] 蘇媽9900X遊戲偷跑只能摸到7800X3D車尾燈,https://www.ptt.cc/bbs/PC_Shopping/M.1721978139.A.31E.html,推,雙ccd的u還是沒有x3d比較穩吧,07/26/2024,18900,True,正評
CPU,AMD R7 7800X3D,AMD,Ryzen 7,型號(情報),[情報] 蘇媽9900X遊戲偷跑只能摸到7800X3D車尾燈,https://www.ptt.cc/bbs/PC_Shopping/M.1721978139.A.31E.html,→,投資顯卡也比投資cpu效果來得顯著,07/26/2024,18903,True,中立
CPU,AMD R7 7800X3D,AMD,Ryzen 7,型號(情報),[情報] 蘇媽9900X遊戲偷跑只能摸到7800X3D車尾燈,https://www.ptt.cc/bbs/PC_Shopping/M.1721978139.A.31E.html,推,說老實話，打遊戲用75F/78X3D就很足夠了,07/26/2024,18904,True,中立
CPU,AMD R7 7800X3D,AMD,Ryzen 7,型號(情報),[情報] 蘇媽9900X遊戲偷跑只能摸到7800X3D車尾燈,https://www.ptt.cc/bbs/PC_Shopping/M.1721978139.A.31E.html,→,多的預算花在CPU上，還不如升級顯卡，幀數,07/26/2024,18907,True,中立
CPU,AMD R7 7800X3D,AMD,Ryzen 7,型號(情報),[情報] 蘇媽9900X遊戲偷跑只能摸到7800X3D車尾燈,https://www.ptt.cc/bbs/PC_Shopping/M.1721978139.A.31E.html,→,到現在也只有這兩顆的迴轉率夠高,07/26/2024,18910,True,中立
CPU,AMD R7 7800X3D,AMD,Ryzen 7,型號(情報),[情報] 蘇媽9900X遊戲偷跑只能摸到7800X3D車尾燈,https://www.ptt.cc/bbs/PC_Shopping/M.1721978139.A.31E.html,推,我以為新架構+多核會有優勢 結果X3D還是,07/26/2024,18915,True,中立
CPU,AMD R7 7800X3D,AMD,Ryzen 7,型號(情報),[情報] 蘇媽9900X遊戲偷跑只能摸到7800X3D車尾燈,https://www.ptt.cc/bbs/PC_Shopping/M.1721978139.A.31E.html,推,單就遊戲用途來說大快取真的強,07/26/2024,18916,True,正評
CPU,AMD R7 7800X3D,AMD,Ryzen 7,型號(情報),[情報] 蘇媽9900X遊戲偷跑只能摸到7800X3D車尾燈,https://www.ptt.cc/bbs/PC_Shopping/M.1721978139.A.31E.html,→,資料就會直接影響到fps,07/26/2024,18919,True,中立
CPU,AMD R7 7800X3D,AMD,Ryzen 7,型號(情報),[情報] 蘇媽9900X遊戲偷跑只能摸到7800X3D車尾燈,https://www.ptt.cc/bbs/PC_Shopping/M.1721978139.A.31E.html,推,之前特價7800x3d好險有入手,07/26/2024,18920,True,正評
CPU,AMD R7 7800X3D,AMD,Ryzen 7,型號(情報),[情報] 蘇媽9900X遊戲偷跑只能摸到7800X3D車尾燈,https://www.ptt.cc/bbs/PC_Shopping/M.1721978139.A.31E.html,推,X3D：打到市場六親不認大義滅親,07/26/2024,18923,True,正評
CPU,AMD R7 7800X3D,AMD,Ryzen 7,型號(情報),[情報] 蘇媽9900X遊戲偷跑只能摸到7800X3D車尾燈,https://www.ptt.cc/bbs/PC_Shopping/M.1721978139.A.31E.html,→,X3D頻率衝不高，所以你的應用是需要高頻,07/26/2024,18927,True,中立
CPU,AMD R7 7800X3D,AMD,Ryzen 7,型號(情報),[情報] 蘇媽9900X遊戲偷跑只能摸到7800X3D車尾燈,https://www.ptt.cc/bbs/PC_Shopping/M.1721978139.A.31E.html,→,率的話非X3D比較強,07/26/2024,18928,True,正評
CPU,AMD R7 7800X3D,AMD,Ryzen 7,型號(情報),[情報] 蘇媽9900X遊戲偷跑只能摸到7800X3D車尾燈,https://www.ptt.cc/bbs/PC_Shopping/M.1721978139.A.31E.html,推,X3D就是遊戲專武 玩遊戲很棒,07/26/2024,18929,True,正評
CPU,AMD R7 7800X3D,AMD,Ryzen 7,型號(情報),[情報] 蘇媽9900X遊戲偷跑只能摸到7800X3D車尾燈,https://www.ptt.cc/bbs/PC_Shopping/M.1721978139.A.31E.html,→,但生產力要求高頻多核可能不太行,07/26/2024,18930,True,中立
CPU,AMD R7 7800X3D,AMD,Ryzen 7,型號(情報),[情報] 蘇媽9900X遊戲偷跑只能摸到7800X3D車尾燈,https://www.ptt.cc/bbs/PC_Shopping/M.1721978139.A.31E.html,→,了解感謝~我這種休閒娛樂應該就考慮X3D,07/26/2024,18935,True,中立
CPU,AMD R7 7800X3D,AMD,Ryzen 7,型號(情報),[情報] 蘇媽9900X遊戲偷跑只能摸到7800X3D車尾燈,https://www.ptt.cc/bbs/PC_Shopping/M.1721978139.A.31E.html,→,感覺X3D版本出了就可以買,07/26/2024,18936,True,正評
CPU,AMD R7 7800X3D,AMD,Ryzen 7,型號(情報),[情報] 蘇媽9900X遊戲偷跑只能摸到7800X3D車尾燈,https://www.ptt.cc/bbs/PC_Shopping/M.1721978139.A.31E.html,→,7700x+D5-6000（CL30），遊戲效能就跟58X3D,07/26/2024,18938,True,中立
CPU,AMD R7 7800X3D,AMD,Ryzen 7,型號(情報),[情報] 蘇媽9900X遊戲偷跑只能摸到7800X3D車尾燈,https://www.ptt.cc/bbs/PC_Shopping/M.1721978139.A.31E.html,推,不過要用到X3D版本 你顯卡也要夠頂才有用吧,07/26/2024,18941,True,中立
CPU,AMD R7 7800X3D,AMD,Ryzen 7,型號(情報),[情報] 蘇媽9900X遊戲偷跑只能摸到7800X3D車尾燈,https://www.ptt.cc/bbs/PC_Shopping/M.1721978139.A.31E.html,推,另外X3D在Low 1%這種表現更強,07/26/2024,18942,True,正評
CPU,AMD R7 7800X3D,AMD,Ryzen 7,型號(情報),[情報] 蘇媽9900X遊戲偷跑只能摸到7800X3D車尾燈,https://www.ptt.cc/bbs/PC_Shopping/M.1721978139.A.31E.html,→,我換了以後原本14900K瞬間卡頓的問,07/26/2024,18943,True,正評
CPU,AMD R7 7800X3D,AMD,Ryzen 7,型號(情報),[情報] 蘇媽9900X遊戲偷跑只能摸到7800X3D車尾燈,https://www.ptt.cc/bbs/PC_Shopping/M.1721978139.A.31E.html,→,X3D連自己人都打 太狠了吧,07/26/2024,18945,True,中立
CPU,AMD R7 7800X3D,AMD,Ryzen 7,型號(情報),[情報] 蘇媽9900X遊戲偷跑只能摸到7800X3D車尾燈,https://www.ptt.cc/bbs/PC_Shopping/M.1721978139.A.31E.html,→,要知道 其實x3d最低low幀也會比較高,07/26/2024,18950,True,正評
CPU,AMD R7 7800X3D,AMD,Ryzen 7,型號(情報),[情報] 蘇媽9900X遊戲偷跑只能摸到7800X3D車尾燈,https://www.ptt.cc/bbs/PC_Shopping/M.1721978139.A.31E.html,→,所以可以降低掉幀的機率,07/26/2024,18951,True,中立
CPU,AMD R7 7800X3D,AMD,Ryzen 7,型號(情報),[情報] 蘇媽9900X遊戲偷跑只能摸到7800X3D車尾燈,https://www.ptt.cc/bbs/PC_Shopping/M.1721978139.A.31E.html,→,可是看到大緩存又很心動 我全都要！,07/26/2024,18956,True,正評
CPU,AMD R7 7800X3D,AMD,Ryzen 7,型號(情報),[情報] 蘇媽9900X遊戲偷跑只能摸到7800X3D車尾燈,https://www.ptt.cc/bbs/PC_Shopping/M.1721978139.A.31E.html,→,遊戲為主就選3D ，工作為主就選X,07/26/2024,18957,True,正評
CPU,AMD R7 7800X3D,AMD,Ryzen 7,型號(情報),[情報] 蘇媽9900X遊戲偷跑只能摸到7800X3D車尾燈,https://www.ptt.cc/bbs/PC_Shopping/M.1721978139.A.31E.html,推,遊戲取向 不用懷疑 X3D是你的好朋友,07/26/2024,18958,True,正評
CPU,AMD R7 7800X3D,AMD,Ryzen 7,型號(情報),[情報] 蘇媽9900X遊戲偷跑只能摸到7800X3D車尾燈,https://www.ptt.cc/bbs/PC_Shopping/M.1721978139.A.31E.html,推,不太懂，為什麼1080輸，4K卻贏？大核,07/26/2024,18959,True,中立
CPU,AMD R7 7800X3D,AMD,Ryzen 7,型號(情報),[情報] 蘇媽9900X遊戲偷跑只能摸到7800X3D車尾燈,https://www.ptt.cc/bbs/PC_Shopping/M.1721978139.A.31E.html,→,度問題 打遊戲也小贏78x3d 多工也ok,07/26/2024,18964,True,正評
CPU,AMD R7 7800X3D,AMD,Ryzen 7,型號(情報),[情報] 蘇媽9900X遊戲偷跑只能摸到7800X3D車尾燈,https://www.ptt.cc/bbs/PC_Shopping/M.1721978139.A.31E.html,→,差距就不明顯了 那個0.幾趴當成誤差,07/26/2024,18969,True,中立
CPU,AMD R7 7800X3D,AMD,Ryzen 7,型號(情報),[情報] 蘇媽9900X遊戲偷跑只能摸到7800X3D車尾燈,https://www.ptt.cc/bbs/PC_Shopping/M.1721978139.A.31E.html,推,2K以上依然沒差太多,07/26/2024,18972,True,中立
CPU,AMD R7 7800X3D,AMD,Ryzen 7,型號(情報),[情報] 蘇媽9900X遊戲偷跑只能摸到7800X3D車尾燈,https://www.ptt.cc/bbs/PC_Shopping/M.1721978139.A.31E.html,→,15Th搞不好還殘廢,07/26/2024,18977,True,負評
CPU,AMD R7 7800X3D,AMD,Ryzen 7,型號(情報),[情報] 蘇媽9900X遊戲偷跑只能摸到7800X3D車尾燈,https://www.ptt.cc/bbs/PC_Shopping/M.1721978139.A.31E.html,推,還好有買7800差3滴,07/26/2024,18980,True,正評
CPU,AMD R7 7800X3D,AMD,Ryzen 7,型號(情報),[情報] 蘇媽9900X遊戲偷跑只能摸到7800X3D車尾燈,https://www.ptt.cc/bbs/PC_Shopping/M.1721978139.A.31E.html,→,用這個的話可能會打不贏58X3D,07/26/2024,18982,True,負評
CPU,AMD R7 7800X3D,AMD,Ryzen 7,型號(情報),[情報] 蘇媽9900X遊戲偷跑只能摸到7800X3D車尾燈,https://www.ptt.cc/bbs/PC_Shopping/M.1721978139.A.31E.html,推,X3D對記憶體頻率比較不要求也是優勢,07/26/2024,18984,True,中立
CPU,AMD R7 7800X3D,AMD,Ryzen 7,型號(情報),[情報] 蘇媽9900X遊戲偷跑只能摸到7800X3D車尾燈,https://www.ptt.cc/bbs/PC_Shopping/M.1721978139.A.31E.html,推,太強大了，看來還是買X3D就好,07/26/2024,18988,True,正評
CPU,AMD R7 7800X3D,AMD,Ryzen 7,型號(情報),[情報] 蘇媽9900X遊戲偷跑只能摸到7800X3D車尾燈,https://www.ptt.cc/bbs/PC_Shopping/M.1721978139.A.31E.html,→,身延遲就很低了 amd是因為zen延遲,07/26/2024,18993,True,中立
CPU,AMD R7 7800X3D,AMD,Ryzen 7,型號(情報),[情報] 蘇媽9900X遊戲偷跑只能摸到7800X3D車尾燈,https://www.ptt.cc/bbs/PC_Shopping/M.1721978139.A.31E.html,→,高 用x3d才會提升這麼多,07/26/2024,18994,True,正評
CPU,AMD R7 7800X3D,AMD,Ryzen 7,型號(情報),[情報] 蘇媽9900X遊戲偷跑只能摸到7800X3D車尾燈,https://www.ptt.cc/bbs/PC_Shopping/M.1721978139.A.31E.html,→,X3D價值在於，用普通便宜的RAM、普通主版甚,07/26/2024,18996,True,正評
CPU,AMD R7 7800X3D,AMD,Ryzen 7,型號(情報),[情報] 蘇媽9900X遊戲偷跑只能摸到7800X3D車尾燈,https://www.ptt.cc/bbs/PC_Shopping/M.1721978139.A.31E.html,推,"考慮功耗,應該是越一代半",07/26/2024,18998,True,中立
CPU,AMD R7 7800X3D,AMD,Ryzen 7,型號(情報),[情報] 蘇媽9900X遊戲偷跑只能摸到7800X3D車尾燈,https://www.ptt.cc/bbs/PC_Shopping/M.1721978139.A.31E.html,推,對ram延遲低也沒有L3$低啊,07/26/2024,18999,True,中立
CPU,AMD R7 7800X3D,AMD,Ryzen 7,型號(情報),[情報] 蘇媽9900X遊戲偷跑只能摸到7800X3D車尾燈,https://www.ptt.cc/bbs/PC_Shopping/M.1721978139.A.31E.html,推,X3D就遊戲特化U,07/26/2024,19000,True,中立
CPU,AMD R7 7800X3D,AMD,Ryzen 7,型號(情報),[情報] 蘇媽9900X遊戲偷跑只能摸到7800X3D車尾燈,https://www.ptt.cc/bbs/PC_Shopping/M.1721978139.A.31E.html,→,X3D真的很不講武德,07/26/2024,19003,True,正評
CPU,AMD R7 7800X3D,AMD,Ryzen 7,型號(情報),[情報] 蘇媽9900X遊戲偷跑只能摸到7800X3D車尾燈,https://www.ptt.cc/bbs/PC_Shopping/M.1721978139.A.31E.html,推,Cache Miss Penalty永遠大於一切XD,07/26/2024,19004,True,中立
CPU,AMD R7 7800X3D,AMD,Ryzen 7,型號(情報),[情報] 蘇媽9900X遊戲偷跑只能摸到7800X3D車尾燈,https://www.ptt.cc/bbs/PC_Shopping/M.1721978139.A.31E.html,推,車尾燈這樣就足夠了,07/27/2024,19011,True,負評
CPU,AMD R7 7800X3D,AMD,Ryzen 7,型號(情報),[情報] 蘇媽9900X遊戲偷跑只能摸到7800X3D車尾燈,https://www.ptt.cc/bbs/PC_Shopping/M.1721978139.A.31E.html,推,上個月買78插3低。特價1萬1，還好有背,07/27/2024,19012,True,正評
CPU,AMD R7 7800X3D,AMD,Ryzen 7,型號(情報),[情報] 蘇媽9900X遊戲偷跑只能摸到7800X3D車尾燈,https://www.ptt.cc/bbs/PC_Shopping/M.1721978139.A.31E.html,推,想多工的買7950x3d啦，78x3d是純遊戲用,07/27/2024,19013,True,中立
CPU,AMD R7 7800X3D,AMD,Ryzen 7,型號(情報),[情報] 蘇媽9900X遊戲偷跑只能摸到7800X3D車尾燈,https://www.ptt.cc/bbs/PC_Shopping/M.1721978139.A.31E.html,推,經典打不贏X3D,07/27/2024,19014,True,負評
CPU,AMD R7 7800X3D,AMD,Ryzen 7,型號(情報),[情報] 蘇媽9900X遊戲偷跑只能摸到7800X3D車尾燈,https://www.ptt.cc/bbs/PC_Shopping/M.1721978139.A.31E.html,推,那不是太好了嗎，7800x3d等著用5年以上,07/29/2024,19017,True,正評
CPU,AMD R7 7800X3D,AMD,Ryzen 7,型號(情報),[情報] 蘇媽9900X遊戲偷跑只能摸到7800X3D車尾燈,https://www.ptt.cc/bbs/PC_Shopping/M.1721978139.A.31E.html,推,笑死 還好我一直都是7800X3D,08/04/2024,19018,True,正評
CPU,AMD R7 7800X3D,AMD,Ryzen 7,型號(情報),[情報] PChome 7800X3D 搭券 10990,https://www.ptt.cc/bbs/PC_Shopping/M.1718602332.A.2CC.html,推,應該是下一代X3D出來前最強遊戲CPU了,06/17/2024,19021,True,正評
CPU,AMD R7 7800X3D,AMD,Ryzen 7,型號(情報),[情報] PChome 7800X3D 搭券 10990,https://www.ptt.cc/bbs/PC_Shopping/M.1718602332.A.2CC.html,推,但其實頻率已經有點緊繃了不是嗎 稍微調一,06/17/2024,19026,True,中立
CPU,AMD R7 7800X3D,AMD,Ryzen 7,型號(情報),[情報] PChome 7800X3D 搭券 10990,https://www.ptt.cc/bbs/PC_Shopping/M.1718602332.A.2CC.html,推,可以了啦，等於之前13600k的價格買到耶,06/17/2024,19030,True,正評
CPU,AMD R7 7800X3D,AMD,Ryzen 7,型號(情報),[情報] PChome 7800X3D 搭券 10990,https://www.ptt.cc/bbs/PC_Shopping/M.1718602332.A.2CC.html,→,7000x剛出也是電爛才會這麼熱,06/17/2024,19035,True,負評
CPU,AMD R7 7800X3D,AMD,Ryzen 7,型號(情報),[情報] PChome 7800X3D 搭券 10990,https://www.ptt.cc/bbs/PC_Shopping/M.1718602332.A.2CC.html,→,搞到後來要自己降壓降頻,06/17/2024,19036,True,負評
CPU,AMD R7 7800X3D,AMD,Ryzen 7,型號(情報),[情報] PChome 7800X3D 搭券 10990,https://www.ptt.cc/bbs/PC_Shopping/M.1718602332.A.2CC.html,推,香爆 配個b650丐板 cp值超高,06/17/2024,19037,True,正評
CPU,AMD R7 7800X3D,AMD,Ryzen 7,型號(情報),[情報] PChome 7800X3D 搭券 10990,https://www.ptt.cc/bbs/PC_Shopping/M.1718602332.A.2CC.html,推,X3D是只有打遊戲比較好而已嗎？,06/17/2024,19038,True,中立
CPU,AMD R7 7800X3D,AMD,Ryzen 7,型號(情報),[情報] PChome 7800X3D 搭券 10990,https://www.ptt.cc/bbs/PC_Shopping/M.1718602332.A.2CC.html,推,一般大眾用途的確只有遊戲強而已,06/17/2024,19039,True,中立
CPU,AMD R7 7800X3D,AMD,Ryzen 7,型號(情報),[情報] PChome 7800X3D 搭券 10990,https://www.ptt.cc/bbs/PC_Shopping/M.1718602332.A.2CC.html,推,同樣核心數和7700X比，有一些用途比較差,06/17/2024,19041,True,中立
CPU,AMD R7 7800X3D,AMD,Ryzen 7,型號(情報),[情報] PChome 7800X3D 搭券 10990,https://www.ptt.cc/bbs/PC_Shopping/M.1718602332.A.2CC.html,推,9系列的TDP比較香,06/17/2024,19042,True,中立
CPU,AMD R7 7800X3D,AMD,Ryzen 7,型號(情報),[情報] PChome 7800X3D 搭券 10990,https://www.ptt.cc/bbs/PC_Shopping/M.1718602332.A.2CC.html,→,其他用途還可能比沒X3D差,06/17/2024,19045,True,中立
CPU,AMD R7 7800X3D,AMD,Ryzen 7,型號(情報),[情報] PChome 7800X3D 搭券 10990,https://www.ptt.cc/bbs/PC_Shopping/M.1718602332.A.2CC.html,→,吃不到大快取的就看頻率 X3D頻率低了300~,06/17/2024,19048,True,負評
CPU,AMD R7 7800X3D,AMD,Ryzen 7,型號(情報),[情報] PChome 7800X3D 搭券 10990,https://www.ptt.cc/bbs/PC_Shopping/M.1718602332.A.2CC.html,→,400MHz 非遊戲用途會輸一點,06/17/2024,19049,True,中立
CPU,AMD R7 7800X3D,AMD,Ryzen 7,型號(情報),[情報] PChome 7800X3D 搭券 10990,https://www.ptt.cc/bbs/PC_Shopping/M.1718602332.A.2CC.html,→,"x3d頻率比一般的低,所以跑一些不吃快",06/17/2024,19050,True,中立
CPU,AMD R7 7800X3D,AMD,Ryzen 7,型號(情報),[情報] PChome 7800X3D 搭券 10990,https://www.ptt.cc/bbs/PC_Shopping/M.1718602332.A.2CC.html,推,說真的，遊戲為主的話，CPU夠用就好，GPU,06/17/2024,19055,True,中立
CPU,AMD R7 7800X3D,AMD,Ryzen 7,型號(情報),[情報] PChome 7800X3D 搭券 10990,https://www.ptt.cc/bbs/PC_Shopping/M.1718602332.A.2CC.html,推,"11K蠻香的,要再低價除非15代i5K遊戲贏它(",06/17/2024,19058,True,正評
CPU,AMD R7 7800X3D,AMD,Ryzen 7,型號(情報),[情報] PChome 7800X3D 搭券 10990,https://www.ptt.cc/bbs/PC_Shopping/M.1718602332.A.2CC.html,推,真香，早買多2000QQ,06/17/2024,19062,True,正評
CPU,AMD R7 7800X3D,AMD,Ryzen 7,型號(情報),[情報] PChome 7800X3D 搭券 10990,https://www.ptt.cc/bbs/PC_Shopping/M.1718602332.A.2CC.html,推,玩遊戲這台可以打到下台x3d出來了,06/17/2024,19063,True,正評
CPU,AMD R7 7800X3D,AMD,Ryzen 7,型號(情報),[情報] PChome 7800X3D 搭券 10990,https://www.ptt.cc/bbs/PC_Shopping/M.1718602332.A.2CC.html,→,系列表現都不如7000呢？ 雖然差距不是很,06/17/2024,19065,True,中立
CPU,AMD R7 7800X3D,AMD,Ryzen 7,型號(情報),[情報] PChome 7800X3D 搭券 10990,https://www.ptt.cc/bbs/PC_Shopping/M.1718602332.A.2CC.html,→,好爽，當初買5600X也要九千..,06/17/2024,19080,True,正評
CPU,AMD R7 7800X3D,AMD,Ryzen 7,型號(情報),[情報] PChome 7800X3D 搭券 10990,https://www.ptt.cc/bbs/PC_Shopping/M.1718602332.A.2CC.html,→,能雙就雙，除非特別的機殼，cpu買這麼貴,06/17/2024,19083,True,中立
CPU,AMD R7 7800X3D,AMD,Ryzen 7,型號(情報),[情報] PChome 7800X3D 搭券 10990,https://www.ptt.cc/bbs/PC_Shopping/M.1718602332.A.2CC.html,推,有點香 但太晚看到了QQ,06/17/2024,19101,True,中立
CPU,AMD R7 7800X3D,AMD,Ryzen 7,型號(情報),[情報] 海鮮原價屋 7800X3D 搭折價卷 10944,https://www.ptt.cc/bbs/PC_Shopping/M.1717254623.A.D6D.html,→,實用給推 兩週前搭一堆券還要價123XX…,06/01/2024,19107,True,中立
CPU,AMD R7 7800X3D,AMD,Ryzen 7,型號(情報),[情報] 海鮮原價屋 7800X3D 搭折價卷 10944,https://www.ptt.cc/bbs/PC_Shopping/M.1717254623.A.D6D.html,→,完全都不怎麼掉價,06/02/2024,19144,True,中立
CPU,AMD R7 7800X3D,AMD,Ryzen 7,型號(情報),[情報] 海鮮原價屋 7800X3D 搭折價卷 10944,https://www.ptt.cc/bbs/PC_Shopping/M.1717254623.A.D6D.html,推,這顆是目前打遊戲最強CPU 記得連當初被電上,06/02/2024,19150,True,正評
CPU,AMD R7 7800X3D,AMD,Ryzen 7,型號(情報),[情報] 海鮮原價屋 7800X3D 搭折價卷 10944,https://www.ptt.cc/bbs/PC_Shopping/M.1717254623.A.D6D.html,→,去的147K都沒這顆強,06/02/2024,19151,True,正評
CPU,AMD R7 7800X3D,AMD,Ryzen 7,型號(情報),[情報] 海鮮原價屋 7800X3D 搭折價卷 10944,https://www.ptt.cc/bbs/PC_Shopping/M.1717254623.A.D6D.html,→,換 我會覺得沒這價值 除非你錢多到很可疑,06/02/2024,19153,True,負評
CPU,AMD R7 7800X3D,AMD,Ryzen 7,型號(情報),[情報] 海鮮原價屋 7800X3D 搭折價卷 10944,https://www.ptt.cc/bbs/PC_Shopping/M.1717254623.A.D6D.html,推,最強有點誇張了，但考慮到價格與效能，這,06/02/2024,19155,True,中立
CPU,AMD R7 7800X3D,AMD,Ryzen 7,型號(情報),[情報] 海鮮原價屋 7800X3D 搭折價卷 10944,https://www.ptt.cc/bbs/PC_Shopping/M.1717254623.A.D6D.html,→,顆對臭打電動的人來說就是最佳解了,06/02/2024,19156,True,正評
CPU,AMD R7 7800X3D,AMD,Ryzen 7,型號(情報),[情報] 海鮮原價屋 7800X3D 搭折價卷 10944,https://www.ptt.cc/bbs/PC_Shopping/M.1717254623.A.D6D.html,→,147k有表現比78x3d好的遊戲，但主要還是,06/02/2024,19157,True,中立
CPU,AMD R7 7800X3D,AMD,Ryzen 7,型號(情報),[情報] 海鮮原價屋 7800X3D 搭折價卷 10944,https://www.ptt.cc/bbs/PC_Shopping/M.1717254623.A.D6D.html,→,多工與親i軟體的使用，拿來打電動太浪費,06/02/2024,19158,True,負評
CPU,AMD R7 7800X3D,AMD,Ryzen 7,型號(情報),[情報] 海鮮原價屋 7800X3D 搭折價卷 10944,https://www.ptt.cc/bbs/PC_Shopping/M.1717254623.A.D6D.html,推,4月才剛買7500F，好像沒必要換,06/17/2024,19163,True,中立
CPU,AMD R7 7800X3D,AMD,Ryzen 7,型號,[菜單] 55K itx遊戲機(不含顯卡 Terra 7800X3D),https://www.ptt.cc/bbs/PC_Shopping/M.1711266460.A.538.html,→,很大的風切聲，我建議你CPU那邊要留多一,03/24/2024,19171,True,負評
CPU,AMD R7 7800X3D,AMD,Ryzen 7,型號,[菜單] 55K itx遊戲機(不含顯卡 Terra 7800X3D),https://www.ptt.cc/bbs/PC_Shopping/M.1711266460.A.538.html,→,7800X3D是功耗低，不是發熱低,03/24/2024,19172,True,中立
CPU,AMD R7 7800X3D,AMD,Ryzen 7,型號,[菜單] 55K itx遊戲機(不含顯卡 Terra 7800X3D),https://www.ptt.cc/bbs/PC_Shopping/M.1711266460.A.538.html,→,用240水冷約在70度，其他空冷約85度,03/24/2024,19173,True,中立
CPU,AMD R7 7800X3D,AMD,Ryzen 7,型號,[菜單] 55K itx遊戲機(不含顯卡 Terra 7800X3D),https://www.ptt.cc/bbs/PC_Shopping/M.1711266460.A.538.html,推,K大說7800x3d 80幾度是燒機嗎？,03/25/2024,19217,True,中立
CPU,AMD R7 7800X3D,AMD,Ryzen 7,型號,[菜單] 55K itx遊戲機(不含顯卡 Terra 7800X3D),https://www.ptt.cc/bbs/PC_Shopping/M.1711266460.A.538.html,→,+axp120+ridge機殼 遊戲溫度也才6x,03/25/2024,19221,True,正評
CPU,AMD R7 7800X3D,AMD,Ryzen 7,型號,[菜單] 55K itx遊戲機(不含顯卡 Terra 7800X3D),https://www.ptt.cc/bbs/PC_Shopping/M.1711266460.A.538.html,→,我是覺得原po不用太擔心溫度問題,03/25/2024,19222,True,中立
CPU,AMD R7 7800X3D,AMD,Ryzen 7,型號,[菜單] 55K itx遊戲機(不含顯卡 Terra 7800X3D),https://www.ptt.cc/bbs/PC_Shopping/M.1711266460.A.538.html,→,"我用A4的itx, 所以溫度比較高",03/25/2024,19224,True,中立
CPU,AMD R7 7800X3D,AMD,Ryzen 7,型號,[菜單] 55K itx遊戲機(不含顯卡 Terra 7800X3D),https://www.ptt.cc/bbs/PC_Shopping/M.1711266460.A.538.html,推,至於cpu溫度喔....L9a一定就夠，但請先去,03/25/2024,19230,True,中立
CPU,AMD R7 7800X3D,AMD,Ryzen 7,型號,[菜單] 55K itx遊戲機(不含顯卡 Terra 7800X3D),https://www.ptt.cc/bbs/PC_Shopping/M.1711266460.A.538.html,→,如果龍族教義可以用47壓在80度左右，,03/25/2024,19234,True,中立
CPU,AMD R7 7800X3D,AMD,Ryzen 7,型號,[閒聊] 請問7800X3D溫度問題,https://www.ptt.cc/bbs/PC_Shopping/M.1705841716.A.09F.html,→,還沒100度還好啊,01/21/2024,19240,True,中立
CPU,AMD R7 7800X3D,AMD,Ryzen 7,型號,[閒聊] 請問7800X3D溫度問題,https://www.ptt.cc/bbs/PC_Shopping/M.1705841716.A.09F.html,→,pbo 本來就會升溫,01/21/2024,19242,True,中立
CPU,AMD R7 7800X3D,AMD,Ryzen 7,型號,[閒聊] 請問7800X3D溫度問題,https://www.ptt.cc/bbs/PC_Shopping/M.1705841716.A.09F.html,推,我用pa120溫度沒有很高大概7x，可能要看,01/21/2024,19243,True,中立
CPU,AMD R7 7800X3D,AMD,Ryzen 7,型號,[閒聊] 請問7800X3D溫度問題,https://www.ptt.cc/bbs/PC_Shopping/M.1705841716.A.09F.html,→,有開PBO的話就不用管太多 溫度一定上去,01/21/2024,19244,True,中立
CPU,AMD R7 7800X3D,AMD,Ryzen 7,型號,[閒聊] 請問7800X3D溫度問題,https://www.ptt.cc/bbs/PC_Shopping/M.1705841716.A.09F.html,推,可以改pbo的溫度上限跟level 還有offse,01/21/2024,19246,True,中立
CPU,AMD R7 7800X3D,AMD,Ryzen 7,型號,[閒聊] 請問7800X3D溫度問題,https://www.ptt.cc/bbs/PC_Shopping/M.1705841716.A.09F.html,→,沒超過100的話不用擔心這樣我了解了,01/21/2024,19247,True,中立
CPU,AMD R7 7800X3D,AMD,Ryzen 7,型號,[閒聊] 請問7800X3D溫度問題,https://www.ptt.cc/bbs/PC_Shopping/M.1705841716.A.09F.html,→,pbo就頂到底 你上限是90度 顯示89很合,01/21/2024,19248,True,中立
CPU,AMD R7 7800X3D,AMD,Ryzen 7,型號,[閒聊] 請問7800X3D溫度問題,https://www.ptt.cc/bbs/PC_Shopping/M.1705841716.A.09F.html,→,pbo2 all core -15,01/21/2024,19251,True,中立
CPU,AMD R7 7800X3D,AMD,Ryzen 7,型號,[閒聊] 請問7800X3D溫度問題,https://www.ptt.cc/bbs/PC_Shopping/M.1705841716.A.09F.html,推,沒有降頻卡頓就不要管他,01/21/2024,19252,True,中立
CPU,AMD R7 7800X3D,AMD,Ryzen 7,型號,[閒聊] 請問7800X3D溫度問題,https://www.ptt.cc/bbs/PC_Shopping/M.1705841716.A.09F.html,→,all core -15或20都挺穩的,01/21/2024,19253,True,正評
CPU,AMD R7 7800X3D,AMD,Ryzen 7,型號,[閒聊] 請問7800X3D溫度問題,https://www.ptt.cc/bbs/PC_Shopping/M.1705841716.A.09F.html,推,PBO就是一直測溫度牆，不然你要手動改了,01/21/2024,19254,True,中立
CPU,AMD R7 7800X3D,AMD,Ryzen 7,型號,[閒聊] 請問7800X3D溫度問題,https://www.ptt.cc/bbs/PC_Shopping/M.1705841716.A.09F.html,推,我沒有開pbo的話都不會太高，你開pbo這,01/21/2024,19255,True,中立
CPU,AMD R7 7800X3D,AMD,Ryzen 7,型號,[閒聊] 請問7800X3D溫度問題,https://www.ptt.cc/bbs/PC_Shopping/M.1705841716.A.09F.html,推,X3D 無解 但實際遊戲不影響,01/21/2024,19256,True,中立
CPU,AMD R7 7800X3D,AMD,Ryzen 7,型號,[閒聊] 請問7800X3D溫度問題,https://www.ptt.cc/bbs/PC_Shopping/M.1705841716.A.09F.html,推,AM5積熱就是長那樣 用水冷也沒差,01/21/2024,19258,True,中立
CPU,AMD R7 7800X3D,AMD,Ryzen 7,型號,[閒聊] 請問7800X3D溫度問題,https://www.ptt.cc/bbs/PC_Shopping/M.1705841716.A.09F.html,推,AMD待機就是熱，無解,01/21/2024,19260,True,負評
CPU,AMD R7 7800X3D,AMD,Ryzen 7,型號,[閒聊] 請問7800X3D溫度問題,https://www.ptt.cc/bbs/PC_Shopping/M.1705841716.A.09F.html,→,我之前用AMD就被這搞得風扇動不動拉轉,01/21/2024,19263,True,負評
CPU,AMD R7 7800X3D,AMD,Ryzen 7,型號,[閒聊] 請問7800X3D溫度問題,https://www.ptt.cc/bbs/PC_Shopping/M.1705841716.A.09F.html,推,PA120 溫度牆80  all core -20 待機溫度大,01/21/2024,19264,True,中立
CPU,AMD R7 7800X3D,AMD,Ryzen 7,型號,[閒聊] 請問7800X3D溫度問題,https://www.ptt.cc/bbs/PC_Shopping/M.1705841716.A.09F.html,→,約40-50度 另外有用fan control 拉曲線,01/21/2024,19265,True,中立
CPU,AMD R7 7800X3D,AMD,Ryzen 7,型號,[閒聊] 請問7800X3D溫度問題,https://www.ptt.cc/bbs/PC_Shopping/M.1705841716.A.09F.html,推,溫度偵測用一段時間平均 防亂跳,01/21/2024,19266,True,中立
CPU,AMD R7 7800X3D,AMD,Ryzen 7,型號,[閒聊] 請問7800X3D溫度問題,https://www.ptt.cc/bbs/PC_Shopping/M.1705841716.A.09F.html,推,沒要大量多核心運用的話ECO mode開,01/22/2024,19269,True,中立
CPU,AMD R7 7800X3D,AMD,Ryzen 7,型號,[閒聊] 請問7800X3D溫度問題,https://www.ptt.cc/bbs/PC_Shopping/M.1705841716.A.09F.html,→,下去幾乎不影響遊戲效能,01/22/2024,19270,True,正評
CPU,AMD R7 7800X3D,AMD,Ryzen 7,型號,[閒聊] 請問7800X3D溫度問題,https://www.ptt.cc/bbs/PC_Shopping/M.1705841716.A.09F.html,→,溫度80 一打開msi center後 溫度馬,01/22/2024,19272,True,負評
CPU,AMD R7 7800X3D,AMD,Ryzen 7,型號,[閒聊] 請問7800X3D溫度問題,https://www.ptt.cc/bbs/PC_Shopping/M.1705841716.A.09F.html,推,這點溫度給cpu 暖身差不多,01/22/2024,19273,True,中立
CPU,AMD R7 7800X3D,AMD,Ryzen 7,型號,[閒聊] 請問7800X3D溫度問題,https://www.ptt.cc/bbs/PC_Shopping/M.1705841716.A.09F.html,推,老實說不熱，但積熱要一些時間才會散,01/22/2024,19274,True,中立
CPU,AMD R7 7800X3D,AMD,Ryzen 7,型號,[閒聊] 請問7800X3D溫度問題,https://www.ptt.cc/bbs/PC_Shopping/M.1705841716.A.09F.html,→,這個是AM5 SoIC通病,01/22/2024,19275,True,負評
CPU,AMD R7 7800X3D,AMD,Ryzen 7,型號,[閒聊] 請問7800X3D溫度問題,https://www.ptt.cc/bbs/PC_Shopping/M.1705841716.A.09F.html,→,PBO不要開  風扇轉速常常高高低低的,01/22/2024,19276,True,中立
CPU,AMD R7 7800X3D,AMD,Ryzen 7,型號,[閒聊] 請問7800X3D溫度問題,https://www.ptt.cc/bbs/PC_Shopping/M.1705841716.A.09F.html,→,H115i，待機36～40度，遊戲看類型約,01/22/2024,19278,True,中立
CPU,AMD R7 7800X3D,AMD,Ryzen 7,型號,[閒聊] 請問7800X3D溫度問題,https://www.ptt.cc/bbs/PC_Shopping/M.1705841716.A.09F.html,→,55～65度；原po待機就60以上，先檢查,01/22/2024,19279,True,中立
CPU,AMD R7 7800X3D,AMD,Ryzen 7,型號,[閒聊] 請問7800X3D溫度問題,https://www.ptt.cc/bbs/PC_Shopping/M.1705841716.A.09F.html,推,PBO的溫度牆。改成80C。效能幾乎沒差。我這,01/22/2024,19280,True,中立
CPU,AMD R7 7800X3D,AMD,Ryzen 7,型號,[閒聊] 請問7800X3D溫度問題,https://www.ptt.cc/bbs/PC_Shopping/M.1705841716.A.09F.html,→,PBO內電壓設定也可以降壓看看,01/22/2024,19281,True,中立
CPU,AMD R7 7800X3D,AMD,Ryzen 7,型號,[閒聊] 請問7800X3D溫度問題,https://www.ptt.cc/bbs/PC_Shopping/M.1705841716.A.09F.html,推,這天氣待機60度不正常,01/22/2024,19283,True,負評
CPU,AMD R7 7800X3D,AMD,Ryzen 7,型號,[閒聊] 請問7800X3D溫度問題,https://www.ptt.cc/bbs/PC_Shopping/M.1705841716.A.09F.html,→,結果是msi center在搞 刪除掉 溫度,01/22/2024,19293,True,中立
CPU,AMD R7 7800X3D,AMD,Ryzen 7,型號,[閒聊] 請問7800X3D溫度問題,https://www.ptt.cc/bbs/PC_Shopping/M.1705841716.A.09F.html,推,5600原廠扇 待機36 原來X3D這麼熱情,01/22/2024,19294,True,負評
CPU,AMD R7 7800X3D,AMD,Ryzen 7,型號,[閒聊] 請問7800X3D溫度問題,https://www.ptt.cc/bbs/PC_Shopping/M.1705841716.A.09F.html,→,待機半小時後CPU也會升溫 關掉直接降20,01/22/2024,19298,True,負評
CPU,AMD R7 7800X3D,AMD,Ryzen 7,型號,[閒聊] 請問7800X3D溫度問題,https://www.ptt.cc/bbs/PC_Shopping/M.1705841716.A.09F.html,推,89就是頂到溫度牆了，很正常,01/22/2024,19299,True,負評
CPU,AMD R7 7800X3D,AMD,Ryzen 7,型號,[閒聊] 請問7800X3D溫度問題,https://www.ptt.cc/bbs/PC_Shopping/M.1705841716.A.09F.html,→,不用理會他，我用的很順,01/22/2024,19304,True,正評
CPU,AMD R7 7800X3D,AMD,Ryzen 7,型號,[閒聊] 請問7800X3D溫度問題,https://www.ptt.cc/bbs/PC_Shopping/M.1705841716.A.09F.html,→,很少超過70度，還是現在天太冷？,01/23/2024,19308,True,中立
CPU,AMD R7 7800X3D,AMD,Ryzen 7,型號,[請益] 7800X3D主機板搭配,https://www.ptt.cc/bbs/PC_Shopping/M.1700908281.A.9A5.html,推,隨便吧，反正也沒啥能超的，走cp值路線散熱,11/25/2023,19326,True,中立
CPU,AMD R7 7800X3D,AMD,Ryzen 7,型號,[請益] 7800X3D主機板搭配,https://www.ptt.cc/bbs/PC_Shopping/M.1700908281.A.9A5.html,噓,耗電88w配crosshair x670e extreme才,11/25/2023,19330,True,中立
CPU,AMD R7 7800X3D,AMD,Ryzen 7,型號,[請益] 7800X3D主機板搭配,https://www.ptt.cc/bbs/PC_Shopping/M.1700908281.A.9A5.html,→,7800x3d的功耗 b650五年保等級的都沒,11/25/2023,19359,True,中立
CPU,AMD R7 7800X3D,AMD,Ryzen 7,型號,[請益] 7800X3D主機板搭配,https://www.ptt.cc/bbs/PC_Shopping/M.1700908281.A.9A5.html,推,B650技嘉 選我就對了 你7800X3D供耗不高,11/25/2023,19361,True,正評
CPU,AMD R7 7800X3D,AMD,Ryzen 7,型號,[請益] 7800X3D主機板搭配,https://www.ptt.cc/bbs/PC_Shopping/M.1700908281.A.9A5.html,→,差不多，甚至便宜點，而且卡況好很多，,11/26/2023,19375,True,正評
CPU,AMD R7 7800X3D,AMD,Ryzen 7,型號,[請益] 7800X3D主機板搭配,https://www.ptt.cc/bbs/PC_Shopping/M.1700908281.A.9A5.html,→,有達到需求就拿吧,11/26/2023,19384,True,中立
CPU,AMD R7 7800X3D,AMD,Ryzen 7,型號,[請益] 7800X3D主機板搭配,https://www.ptt.cc/bbs/PC_Shopping/M.1700908281.A.9A5.html,→,點錢就直上了XD,11/26/2023,19396,True,正評
CPU,AMD R7 7800X3D,AMD,Ryzen 7,型號,[請益] 7800X3D主機板搭配,https://www.ptt.cc/bbs/PC_Shopping/M.1700908281.A.9A5.html,→,32G*2 6000降到1.25V跑起來沒問題,11/26/2023,19399,True,正評
CPU,AMD R7 7800X3D,AMD,Ryzen 7,型號,[請益] 7800X3D主機板搭配,https://www.ptt.cc/bbs/PC_Shopping/M.1700908281.A.9A5.html,→,事實上兩個都開不了 沒辦法穩6000,11/29/2023,19406,True,負評
CPU,AMD R7 7800X3D,AMD,Ryzen 7,型號,Re: [閒聊] AM5 7800X3D 開機檢測記憶體非常緩慢,https://www.ptt.cc/bbs/PC_Shopping/M.1700120398.A.9AC.html,推,開機沒問題但會凍結，這問題一個接一個耶,11/16/2023,19419,True,負評
CPU,AMD R7 7800X3D,AMD,Ryzen 7,型號,Re: [閒聊] AM5 7800X3D 開機檢測記憶體非常緩慢,https://www.ptt.cc/bbs/PC_Shopping/M.1700120398.A.9AC.html,→,開機久了點 之後就都沒問題,11/16/2023,19444,True,中立
CPU,AMD R7 7800X3D,AMD,Ryzen 7,型號,Re: [閒聊] AM5 7800X3D 開機檢測記憶體非常緩慢,https://www.ptt.cc/bbs/PC_Shopping/M.1700120398.A.9AC.html,推,我7800x3d+ROG B650-A 沒遇到什麼問,11/16/2023,19452,True,中立
CPU,AMD R7 7800X3D,AMD,Ryzen 7,型號,Re: [閒聊] AM5 7800X3D 開機檢測記憶體非常緩慢,https://www.ptt.cc/bbs/PC_Shopping/M.1700120398.A.9AC.html,→,有降壓-15 目前都正常 開機速度很也,11/16/2023,19454,True,中立
CPU,AMD R7 7800X3D,AMD,Ryzen 7,型號,[閒聊] AM5 7800X3D 開機檢測記憶體非常緩慢,https://www.ptt.cc/bbs/PC_Shopping/M.1700117129.A.A52.html,推,好慘，2023了開機還要1分鐘...,11/16/2023,19481,True,負評
CPU,AMD R7 7800X3D,AMD,Ryzen 7,型號,[閒聊] AM5 7800X3D 開機檢測記憶體非常緩慢,https://www.ptt.cc/bbs/PC_Shopping/M.1700117129.A.A52.html,→,開的了機 玩什麼遊戲都藍屏 索性預用設,11/16/2023,19489,True,負評
CPU,AMD R7 7800X3D,AMD,Ryzen 7,型號,[閒聊] AM5 7800X3D 開機檢測記憶體非常緩慢,https://www.ptt.cc/bbs/PC_Shopping/M.1700117129.A.A52.html,→,4800跑 開機有機率會卡自檢 要二啟..,11/16/2023,19490,True,負評
CPU,AMD R7 7800X3D,AMD,Ryzen 7,型號,[閒聊] AM5 7800X3D 開機檢測記憶體非常緩慢,https://www.ptt.cc/bbs/PC_Shopping/M.1700117129.A.A52.html,推,我上禮拜也遇到類似的問題 新買的7800x3d,11/16/2023,19491,True,負評
CPU,AMD R7 7800X3D,AMD,Ryzen 7,型號,[閒聊] AM5 7800X3D 開機檢測記憶體非常緩慢,https://www.ptt.cc/bbs/PC_Shopping/M.1700117129.A.A52.html,→,幫我測說第一次開機要很久 現場體感大概5,11/16/2023,19493,True,負評
CPU,AMD R7 7800X3D,AMD,Ryzen 7,型號,[閒聊] AM5 7800X3D 開機檢測記憶體非常緩慢,https://www.ptt.cc/bbs/PC_Shopping/M.1700117129.A.A52.html,→,不開EXPO等等最常大概是3-5分鐘，但不常發,11/16/2023,19526,True,負評
CPU,AMD R7 7800X3D,AMD,Ryzen 7,型號,[閒聊] AM5 7800X3D 開機檢測記憶體非常緩慢,https://www.ptt.cc/bbs/PC_Shopping/M.1700117129.A.A52.html,→,是速度只有3600。只要開EXPO就是死。,11/16/2023,19550,True,負評
CPU,AMD R7 7800X3D,AMD,Ryzen 7,型號,[閒聊] AM5 7800X3D 開機檢測記憶體非常緩慢,https://www.ptt.cc/bbs/PC_Shopping/M.1700117129.A.A52.html,推,我7800x3d+ROG B650-A+ XPG LANCER,11/16/2023,19559,True,中立
CPU,AMD R7 7800X3D,AMD,Ryzen 7,型號,[閒聊] AM5 7800X3D 開機檢測記憶體非常緩慢,https://www.ptt.cc/bbs/PC_Shopping/M.1700117129.A.A52.html,→,開機進桌面都在30秒內,11/16/2023,19570,True,中立
CPU,AMD R7 7800X3D,AMD,Ryzen 7,型號,[閒聊] AM5 7800X3D 開機檢測記憶體非常緩慢,https://www.ptt.cc/bbs/PC_Shopping/M.1700117129.A.A52.html,推,剛剛組玩技嘉b650i+7800X3D 用acer vesta2,11/17/2023,19579,True,中立
CPU,AMD R7 7800X3D,AMD,Ryzen 7,型號,[閒聊] AM5 7800X3D 開機檢測記憶體非常緩慢,https://www.ptt.cc/bbs/PC_Shopping/M.1700117129.A.A52.html,→,好一點是跑不了高頻率，運氣差的話是降速,11/17/2023,19597,True,負評
CPU,AMD R7 7800X3D,AMD,Ryzen 7,型號,[閒聊] AM5 7800X3D 開機檢測記憶體非常緩慢,https://www.ptt.cc/bbs/PC_Shopping/M.1700117129.A.A52.html,→,也無法穩定運作。,11/17/2023,19598,True,負評
CPU,AMD R7 7800X3D,AMD,Ryzen 7,型號(情報),[情報] AMD Ryzen 7 7800X3D 開始降價至 354 美金,https://www.ptt.cc/bbs/PC_Shopping/M.1693324981.A.BE8.html,噓,鬼島奸商加價賣，看看5800X3D,08/30/2023,19620,True,負評
CPU,AMD R7 7800X3D,AMD,Ryzen 7,型號(情報),[情報] AMD Ryzen 7 7800X3D 開始降價至 354 美金,https://www.ptt.cc/bbs/PC_Shopping/M.1693324981.A.BE8.html,推,58X3D 進的少就算了價格還開狗幹高,08/30/2023,19636,True,負評
CPU,AMD R7 7800X3D,AMD,Ryzen 7,型號(情報),[情報] AMD Ryzen 7 7800X3D 開始降價至 354 美金,https://www.ptt.cc/bbs/PC_Shopping/M.1693324981.A.BE8.html,→,這這麼猛 那7950X3D存在的意義是什麼,08/30/2023,19639,True,正評
CPU,AMD R7 7800X3D,AMD,Ryzen 7,型號,[請益] 7500f跟7800x3d的取捨...,https://www.ptt.cc/bbs/PC_Shopping/M.1692709975.A.5CE.html,→,主要感覺7500f跟5700x應該差不多，所以如,08/22/2023,19662,True,中立
CPU,AMD R7 7800X3D,AMD,Ryzen 7,型號,[請益] 7500f跟7800x3d的取捨...,https://www.ptt.cc/bbs/PC_Shopping/M.1692709975.A.5CE.html,推,先買7500F就好 明年的Zen5會有很大提昇,08/22/2023,19677,True,中立
CPU,AMD R7 7800X3D,AMD,Ryzen 7,型號(情報),[情報] AMD 7800X3D 7900X3D 開始特價,https://www.ptt.cc/bbs/PC_Shopping/M.1692633610.A.197.html,推,買X3D就是要臭打game的 誰還跟你生產力,08/22/2023,19682,True,中立
CPU,AMD R7 7800X3D,AMD,Ryzen 7,型號(情報),[情報] AMD 7800X3D 7900X3D 開始特價,https://www.ptt.cc/bbs/PC_Shopping/M.1692633610.A.197.html,推,4k如果能300fps，那x3d就有優勢喔,08/22/2023,19685,True,中立
CPU,AMD R7 7800X3D,AMD,Ryzen 7,型號(情報),[情報] AMD 7800X3D 7900X3D 開始特價,https://www.ptt.cc/bbs/PC_Shopping/M.1692633610.A.197.html,推,沒意義的東西，只適合打遊戲的CPU,08/22/2023,19687,True,負評
CPU,AMD R7 7800X3D,AMD,Ryzen 7,型號(情報),[情報] AMD 7800X3D 7900X3D 開始特價,https://www.ptt.cc/bbs/PC_Shopping/M.1692633610.A.197.html,推,買前生產力，買後愛奇藝,08/22/2023,19690,True,負評
CPU,AMD R7 7800X3D,AMD,Ryzen 7,型號(情報),[情報] AMD 7800X3D 7900X3D 開始特價,https://www.ptt.cc/bbs/PC_Shopping/M.1692633610.A.197.html,推,只適合打遊戲...?,08/22/2023,19692,True,中立
CPU,AMD R7 7800X3D,AMD,Ryzen 7,型號(情報),[情報] AMD 7800X3D 7900X3D 開始特價,https://www.ptt.cc/bbs/PC_Shopping/M.1692633610.A.197.html,→,強遊戲效能差距會拉不開,08/22/2023,19700,True,中立
CPU,AMD R7 7800X3D,AMD,Ryzen 7,型號(情報),[情報] AMD 7800X3D 7900X3D 開始特價,https://www.ptt.cc/bbs/PC_Shopping/M.1692633610.A.197.html,→,79X3D的生產力也不輸對面啊，還爽打遊戲,08/22/2023,19701,True,正評
CPU,AMD R7 7800X3D,AMD,Ryzen 7,型號,[請益] 7800X3D B650(E)主機板選購,https://www.ptt.cc/bbs/PC_Shopping/M.1692626519.A.4E0.html,→,7800X3D又不吃多少電,08/21/2023,19719,True,中立
CPU,AMD R7 7800X3D,AMD,Ryzen 7,型號,[請益] 7800X3D B650(E)主機板選購,https://www.ptt.cc/bbs/PC_Shopping/M.1692626519.A.4E0.html,→,體會只能跑大約CL36的性能,08/21/2023,19721,True,中立
CPU,AMD R7 7800X3D,AMD,Ryzen 7,型號,[請益] 7800X3D B650(E)主機板選購,https://www.ptt.cc/bbs/PC_Shopping/M.1692626519.A.4E0.html,→,DDR5的CL值當參考就好 這代CPU烙塞才是主因,08/21/2023,19728,True,中立
CPU,AMD R7 7800X3D,AMD,Ryzen 7,型號,[請益] 7800X3D B650(E)主機板選購,https://www.ptt.cc/bbs/PC_Shopping/M.1692626519.A.4E0.html,→,供電幾個A不重要吧，78x3d不耗電,08/22/2023,19742,True,中立
CPU,AMD R7 7800X3D,AMD,Ryzen 7,型號,[請益] 7800X3D B650(E)主機板選購,https://www.ptt.cc/bbs/PC_Shopping/M.1692626519.A.4E0.html,→,我覺得也可以是選項 多1.5K但規格提升滿明顯,08/22/2023,19761,True,正評
CPU,AMD R7 7800X3D,AMD,Ryzen 7,型號(情報),[情報] AMD Ryzen 7800X3D和5800X3D在德國熱賣,https://www.ptt.cc/bbs/PC_Shopping/M.1691424209.A.38E.html,推,7800X3D確實是好物阿～,08/09/2023,19776,True,正評
CPU,AMD R7 7800X3D,AMD,Ryzen 7,型號,[請益] 7800x3D 的廢熱用好的散熱器都無解？,https://www.ptt.cc/bbs/PC_Shopping/M.1690451385.A.C63.html,推,打GAME是有熱到降頻喔 不然擔心啥,07/27/2023,19781,True,負評
CPU,AMD R7 7800X3D,AMD,Ryzen 7,型號,[請益] 7800x3D 的廢熱用好的散熱器都無解？,https://www.ptt.cc/bbs/PC_Shopping/M.1690451385.A.C63.html,推,"7800X3D配雙塔跑遊戲應該不太會超過70度,",07/27/2023,19783,True,中立
CPU,AMD R7 7800X3D,AMD,Ryzen 7,型號,[請益] 7800x3D 的廢熱用好的散熱器都無解？,https://www.ptt.cc/bbs/PC_Shopping/M.1690451385.A.C63.html,→,擔心積熱是多慮了,07/27/2023,19784,True,中立
CPU,AMD R7 7800X3D,AMD,Ryzen 7,型號,[請益] 7800x3D 的廢熱用好的散熱器都無解？,https://www.ptt.cc/bbs/PC_Shopping/M.1690451385.A.C63.html,推,還有intel 136k以上隨便都比AMD熱,07/27/2023,19785,True,負評
CPU,AMD R7 7800X3D,AMD,Ryzen 7,型號,[請益] 7800x3D 的廢熱用好的散熱器都無解？,https://www.ptt.cc/bbs/PC_Shopping/M.1690451385.A.C63.html,→,你裝D15一樣上90度,07/27/2023,19786,True,負評
CPU,AMD R7 7800X3D,AMD,Ryzen 7,型號,[請益] 7800x3D 的廢熱用好的散熱器都無解？,https://www.ptt.cc/bbs/PC_Shopping/M.1690451385.A.C63.html,推,只跑遊戲I跟A配雙塔空冷都不太可能超過80,07/27/2023,19789,True,中立
CPU,AMD R7 7800X3D,AMD,Ryzen 7,型號,[請益] 7800x3D 的廢熱用好的散熱器都無解？,https://www.ptt.cc/bbs/PC_Shopping/M.1690451385.A.C63.html,→,7800X3D又不難壓 不知道散熱無解在哪,07/27/2023,19791,True,中立
CPU,AMD R7 7800X3D,AMD,Ryzen 7,型號,[請益] 7800x3D 的廢熱用好的散熱器都無解？,https://www.ptt.cc/bbs/PC_Shopping/M.1690451385.A.C63.html,推,先說結論用pa120+一個順眼機殼即可,07/27/2023,19793,True,正評
CPU,AMD R7 7800X3D,AMD,Ryzen 7,型號,[請益] 7800x3D 的廢熱用好的散熱器都無解？,https://www.ptt.cc/bbs/PC_Shopping/M.1690451385.A.C63.html,推,又要桌電玩家70度熱死想辦法散熱,07/27/2023,19794,True,負評
CPU,AMD R7 7800X3D,AMD,Ryzen 7,型號,[請益] 7800x3D 的廢熱用好的散熱器都無解？,https://www.ptt.cc/bbs/PC_Shopping/M.1690451385.A.C63.html,→,筆電玩家我的電腦95度還沒破百很猛嗎?,07/27/2023,19795,True,中立
CPU,AMD R7 7800X3D,AMD,Ryzen 7,型號,[請益] 7800x3D 的廢熱用好的散熱器都無解？,https://www.ptt.cc/bbs/PC_Shopping/M.1690451385.A.C63.html,→,以前8x度全速都很正常啊,07/27/2023,19800,True,中立
CPU,AMD R7 7800X3D,AMD,Ryzen 7,型號,[請益] 7800x3D 的廢熱用好的散熱器都無解？,https://www.ptt.cc/bbs/PC_Shopping/M.1690451385.A.C63.html,推,廢熱如果無解 cpu會升溫直到降頻,07/27/2023,19806,True,負評
CPU,AMD R7 7800X3D,AMD,Ryzen 7,型號,[請益] 7800x3D 的廢熱用好的散熱器都無解？,https://www.ptt.cc/bbs/PC_Shopping/M.1690451385.A.C63.html,推,7000系的溫度可以透過BIOS設定解決,07/27/2023,19807,True,中立
CPU,AMD R7 7800X3D,AMD,Ryzen 7,型號,[請益] 7800x3D 的廢熱用好的散熱器都無解？,https://www.ptt.cc/bbs/PC_Shopping/M.1690451385.A.C63.html,→,用很少量的性能交換優秀的功耗,07/27/2023,19808,True,中立
CPU,AMD R7 7800X3D,AMD,Ryzen 7,型號,[請益] 7800x3D 的廢熱用好的散熱器都無解？,https://www.ptt.cc/bbs/PC_Shopping/M.1690451385.A.C63.html,→,換來的只有1~3度的溫差,07/27/2023,19810,True,中立
CPU,AMD R7 7800X3D,AMD,Ryzen 7,型號,[請益] 7800x3D 的廢熱用好的散熱器都無解？,https://www.ptt.cc/bbs/PC_Shopping/M.1690451385.A.C63.html,推,除了待機以外 AMD功耗不會比intel高,07/27/2023,19811,True,中立
CPU,AMD R7 7800X3D,AMD,Ryzen 7,型號,[請益] 7800x3D 的廢熱用好的散熱器都無解？,https://www.ptt.cc/bbs/PC_Shopping/M.1690451385.A.C63.html,推,X3D用單塔雙塔好像差不了多少,07/27/2023,19816,True,中立
CPU,AMD R7 7800X3D,AMD,Ryzen 7,型號,[請益] 7800x3D 的廢熱用好的散熱器都無解？,https://www.ptt.cc/bbs/PC_Shopping/M.1690451385.A.C63.html,推,不要熱到降頻哪有差,07/27/2023,19817,True,中立
CPU,AMD R7 7800X3D,AMD,Ryzen 7,型號,[請益] 7800x3D 的廢熱用好的散熱器都無解？,https://www.ptt.cc/bbs/PC_Shopping/M.1690451385.A.C63.html,噓,用fc140連燒機也沒壓力好嗎 我用很久了,07/27/2023,19818,True,正評
CPU,AMD R7 7800X3D,AMD,Ryzen 7,型號,[請益] 7800x3D 的廢熱用好的散熱器都無解？,https://www.ptt.cc/bbs/PC_Shopping/M.1690451385.A.C63.html,推,積熱無解 溫度高就高沒降頻不要看就好,07/27/2023,19821,True,負評
CPU,AMD R7 7800X3D,AMD,Ryzen 7,型號,[請益] 7800x3D 的廢熱用好的散熱器都無解？,https://www.ptt.cc/bbs/PC_Shopping/M.1690451385.A.C63.html,推,正常使用不會降頻都還好，在意的話就去開,07/27/2023,19822,True,中立
CPU,AMD R7 7800X3D,AMD,Ryzen 7,型號,[請益] 7800x3D 的廢熱用好的散熱器都無解？,https://www.ptt.cc/bbs/PC_Shopping/M.1690451385.A.C63.html,→,nt，一般上網聽音樂約45度給你參考,07/27/2023,19824,True,中立
CPU,AMD R7 7800X3D,AMD,Ryzen 7,型號,[請益] 7800x3D 的廢熱用好的散熱器都無解？,https://www.ptt.cc/bbs/PC_Shopping/M.1690451385.A.C63.html,→,本沒溫度問題，我反而怕顯卡先燒,07/27/2023,19826,True,中立
CPU,AMD R7 7800X3D,AMD,Ryzen 7,型號,[請益] 7800x3D 的廢熱用好的散熱器都無解？,https://www.ptt.cc/bbs/PC_Shopping/M.1690451385.A.C63.html,→,136k不是更熱嗎...,07/27/2023,19827,True,中立
CPU,AMD R7 7800X3D,AMD,Ryzen 7,型號,[請益] 7800x3D 的廢熱用好的散熱器都無解？,https://www.ptt.cc/bbs/PC_Shopping/M.1690451385.A.C63.html,→,這一顆溫度很低很穩定，不用擔心,07/27/2023,19829,True,正評
CPU,AMD R7 7800X3D,AMD,Ryzen 7,型號,[請益] 7800x3D 的廢熱用好的散熱器都無解？,https://www.ptt.cc/bbs/PC_Shopping/M.1690451385.A.C63.html,推,7800x3d那麼涼是在擔心啥？,07/27/2023,19830,True,正評
CPU,AMD R7 7800X3D,AMD,Ryzen 7,型號,[請益] 7800x3D 的廢熱用好的散熱器都無解？,https://www.ptt.cc/bbs/PC_Shopping/M.1690451385.A.C63.html,推,X3D比一般版還低溫，顯卡溫度可能還,07/27/2023,19832,True,正評
CPU,AMD R7 7800X3D,AMD,Ryzen 7,型號,[請益] 7800x3D 的廢熱用好的散熱器都無解？,https://www.ptt.cc/bbs/PC_Shopping/M.1690451385.A.C63.html,推,積熱是假議題.jpg,07/27/2023,19834,True,中立
CPU,AMD R7 7800X3D,AMD,Ryzen 7,型號,[請益] 7800x3D 的廢熱用好的散熱器都無解？,https://www.ptt.cc/bbs/PC_Shopping/M.1690451385.A.C63.html,噓,高效還有廢熱？你還是乖乖去用13600K吧,07/27/2023,19835,True,負評
CPU,AMD R7 7800X3D,AMD,Ryzen 7,型號,[請益] 7800x3D 的廢熱用好的散熱器都無解？,https://www.ptt.cc/bbs/PC_Shopping/M.1690451385.A.C63.html,→,雖然積熱但是散熱還是對頻率有差啊，,07/27/2023,19837,True,中立
CPU,AMD R7 7800X3D,AMD,Ryzen 7,型號,[請益] 7800x3D 的廢熱用好的散熱器都無解？,https://www.ptt.cc/bbs/PC_Shopping/M.1690451385.A.C63.html,→,一樣90度散熱好的頻率比較高,07/27/2023,19838,True,中立
CPU,AMD R7 7800X3D,AMD,Ryzen 7,型號,[請益] 7800x3D 的廢熱用好的散熱器都無解？,https://www.ptt.cc/bbs/PC_Shopping/M.1690451385.A.C63.html,→,就散熱膏抹均勻點，真要開蓋也沒幾個敢的,07/27/2023,19840,True,中立
CPU,AMD R7 7800X3D,AMD,Ryzen 7,型號,[請益] 7800x3D 的廢熱用好的散熱器都無解？,https://www.ptt.cc/bbs/PC_Shopping/M.1690451385.A.C63.html,推,intel只能上水冷都沒人提 amd說空冷可能壓,07/27/2023,19841,True,中立
CPU,AMD R7 7800X3D,AMD,Ryzen 7,型號,[請益] 7800x3D 的廢熱用好的散熱器都無解？,https://www.ptt.cc/bbs/PC_Shopping/M.1690451385.A.C63.html,→,不用特地花錢 效果好了好幾倍,07/27/2023,19848,True,正評
CPU,AMD R7 7800X3D,AMD,Ryzen 7,型號,[請益] 7800x3D 的廢熱用好的散熱器都無解？,https://www.ptt.cc/bbs/PC_Shopping/M.1690451385.A.C63.html,→,不會熱當就好，想那麼多幹嘛？,07/27/2023,19853,True,中立
CPU,AMD R7 7800X3D,AMD,Ryzen 7,型號,[請益] 7800x3D 的廢熱用好的散熱器都無解？,https://www.ptt.cc/bbs/PC_Shopping/M.1690451385.A.C63.html,→,我78X3D用利民AXP90壓，玩遊戲都80,07/28/2023,19856,True,負評
CPU,AMD R7 7800X3D,AMD,Ryzen 7,型號,[請益] 7800x3D 的廢熱用好的散熱器都無解？,https://www.ptt.cc/bbs/PC_Shopping/M.1690451385.A.C63.html,→,度，再怎麼熱都不會熱到降頻，你的,07/28/2023,19857,True,正評
CPU,AMD R7 7800X3D,AMD,Ryzen 7,型號,[請益] 7800x3D 的廢熱用好的散熱器都無解？,https://www.ptt.cc/bbs/PC_Shopping/M.1690451385.A.C63.html,→,而且你打算用D15來壓，再怎麼積熱,07/28/2023,19858,True,負評
CPU,AMD R7 7800X3D,AMD,Ryzen 7,型號,[請益] 7800x3D 的廢熱用好的散熱器都無解？,https://www.ptt.cc/bbs/PC_Shopping/M.1690451385.A.C63.html,→,挑熱管多的散熱器就好,07/28/2023,19860,True,中立
CPU,AMD R7 7800X3D,AMD,Ryzen 7,型號,[請益] 7800x3D 的廢熱用好的散熱器都無解？,https://www.ptt.cc/bbs/PC_Shopping/M.1690451385.A.C63.html,推,都有錢買7800X3D不上水冷是？,07/28/2023,19861,True,中立
CPU,AMD R7 7800X3D,AMD,Ryzen 7,型號,[請益] 7800x3D 的廢熱用好的散熱器都無解？,https://www.ptt.cc/bbs/PC_Shopping/M.1690451385.A.C63.html,→,沒有熱當 代表你的散熱還是有在工作的,07/28/2023,19863,True,正評
CPU,AMD R7 7800X3D,AMD,Ryzen 7,型號,[請益] 7800x3D 的廢熱用好的散熱器都無解？,https://www.ptt.cc/bbs/PC_Shopping/M.1690451385.A.C63.html,→,PA120壓上去 不會過熱就沒問題 AMD的PBO,07/28/2023,19864,True,中立
CPU,AMD R7 7800X3D,AMD,Ryzen 7,型號,[請益] 7800x3D 的廢熱用好的散熱器都無解？,https://www.ptt.cc/bbs/PC_Shopping/M.1690451385.A.C63.html,→,機制就是在過熱前盡可能跑高頻 而不像int,07/28/2023,19865,True,中立
CPU,AMD R7 7800X3D,AMD,Ryzen 7,型號,[請益] 7800x3D 的廢熱用好的散熱器都無解？,https://www.ptt.cc/bbs/PC_Shopping/M.1690451385.A.C63.html,→,136K更熱耶Bro 你真夠壕裝一顆D15只要不是,07/28/2023,19867,True,負評
CPU,AMD R7 7800X3D,AMD,Ryzen 7,型號,[請益] 7800x3D 的廢熱用好的散熱器都無解？,https://www.ptt.cc/bbs/PC_Shopping/M.1690451385.A.C63.html,→,沒裝好都不用擔心他過熱,07/28/2023,19868,True,中立
CPU,AMD R7 7800X3D,AMD,Ryzen 7,型號,[請益] 7800x3D 的廢熱用好的散熱器都無解？,https://www.ptt.cc/bbs/PC_Shopping/M.1690451385.A.C63.html,推,玩遊戲而已又不是要幹嘛 是會多熱,07/28/2023,19871,True,中立
CPU,AMD R7 7800X3D,AMD,Ryzen 7,型號,[請益] 7800x3D 的廢熱用好的散熱器都無解？,https://www.ptt.cc/bbs/PC_Shopping/M.1690451385.A.C63.html,→,負載大概連70%都不到是在積熱三小,07/28/2023,19872,True,負評
CPU,AMD R7 7800X3D,AMD,Ryzen 7,型號,[請益] 7800x3D 的廢熱用好的散熱器都無解？,https://www.ptt.cc/bbs/PC_Shopping/M.1690451385.A.C63.html,推,應該要先治好溫度過敏症,07/28/2023,19873,True,中立
CPU,AMD R7 7800X3D,AMD,Ryzen 7,型號,[請益] 7800x3D 的廢熱用好的散熱器都無解？,https://www.ptt.cc/bbs/PC_Shopping/M.1690451385.A.C63.html,→,沒超過95度在那邊擔心，都叫想太多,07/28/2023,19874,True,中立
CPU,AMD R7 7800X3D,AMD,Ryzen 7,型號,[請益] 7800x3D 的廢熱用好的散熱器都無解？,https://www.ptt.cc/bbs/PC_Shopping/M.1690451385.A.C63.html,推,7000系TDP100W以下的不用用單塔到36,07/29/2023,19875,True,中立
CPU,AMD R7 7800X3D,AMD,Ryzen 7,型號,[請益] 7800x3D 的廢熱用好的散熱器都無解？,https://www.ptt.cc/bbs/PC_Shopping/M.1690451385.A.C63.html,→,0水冷都差別不大,07/29/2023,19876,True,中立
CPU,AMD R7 7800X3D,AMD,Ryzen 7,型號(情報),[情報] 7800X3D 在Microcenter售價低至$398美元,https://www.ptt.cc/bbs/PC_Shopping/M.1689091667.A.6F4.html,→,00折完點數不到33k羊入手現已上機真香,08/01/2023,19901,True,正評
CPU,AMD R7 7800X3D,AMD,Ryzen 7,型號,[測試] Ryzen 7 7800X3D / RTX 4070 GAMING ＠D4,https://www.ptt.cc/bbs/PC_Shopping/M.1687355100.A.63D.html,→,7000系列會燒毀的問題，保險起見13700,06/21/2023,19903,True,負評
CPU,AMD R7 7800X3D,AMD,Ryzen 7,型號,[測試] Ryzen 7 7800X3D / RTX 4070 GAMING ＠D4,https://www.ptt.cc/bbs/PC_Shopping/M.1687355100.A.63D.html,推,推，穩定後就是超省電組合,06/21/2023,19906,True,正評
CPU,AMD R7 7800X3D,AMD,Ryzen 7,型號,[菜單] 7800x3D vs 13700k,https://www.ptt.cc/bbs/PC_Shopping/M.1686319397.A.E30.html,推,7800x3d會燒毀 13700k不會 參考,06/09/2023,19912,True,負評
CPU,AMD R7 7800X3D,AMD,Ryzen 7,型號,[菜單] 7800x3D vs 13700k,https://www.ptt.cc/bbs/PC_Shopping/M.1686319397.A.E30.html,→,780X3D的幀數看起來比較穩定,06/09/2023,19917,True,中立
CPU,AMD R7 7800X3D,AMD,Ryzen 7,型號,[菜單] 7800x3D vs 13700k,https://www.ptt.cc/bbs/PC_Shopping/M.1686319397.A.E30.html,推,7800x3D也沒弱到不能剪精華,06/09/2023,19919,True,中立
CPU,AMD R7 7800X3D,AMD,Ryzen 7,型號,[菜單] 7800x3D vs 13700k,https://www.ptt.cc/bbs/PC_Shopping/M.1686319397.A.E30.html,推,7800x3d會燒毀 不要買比較好,06/09/2023,19921,True,負評
CPU,AMD R7 7800X3D,AMD,Ryzen 7,型號,[菜單] 7800x3D vs 13700k,https://www.ptt.cc/bbs/PC_Shopping/M.1686319397.A.E30.html,→,而且生產力超弱 不如買兩者兼顧的,06/09/2023,19922,True,負評
CPU,AMD R7 7800X3D,AMD,Ryzen 7,型號,[菜單] 7800x3D vs 13700k,https://www.ptt.cc/bbs/PC_Shopping/M.1686319397.A.E30.html,推,同價位買7900X就好了,06/09/2023,19923,True,中立
CPU,AMD R7 7800X3D,AMD,Ryzen 7,型號,[菜單] 7800x3D vs 13700k,https://www.ptt.cc/bbs/PC_Shopping/M.1686319397.A.E30.html,推,x3d對你玩的遊戲好像幫助不大,06/09/2023,19924,True,負評
CPU,AMD R7 7800X3D,AMD,Ryzen 7,型號,[菜單] 7800x3D vs 13700k,https://www.ptt.cc/bbs/PC_Shopping/M.1686319397.A.E30.html,→,然後生產力部分 雖然在這代算弱,06/09/2023,19929,True,中立
CPU,AMD R7 7800X3D,AMD,Ryzen 7,型號,[菜單] 7800x3D vs 13700k,https://www.ptt.cc/bbs/PC_Shopping/M.1686319397.A.E30.html,→,但好像還是比11400強,06/09/2023,19930,True,中立
CPU,AMD R7 7800X3D,AMD,Ryzen 7,型號,[菜單] 7800x3D vs 13700k,https://www.ptt.cc/bbs/PC_Shopping/M.1686319397.A.E30.html,推,7800x3D. 但是有bug跟燒毀疑慮,06/09/2023,19933,True,負評
CPU,AMD R7 7800X3D,AMD,Ryzen 7,型號,[菜單] 7800x3D vs 13700k,https://www.ptt.cc/bbs/PC_Shopping/M.1686319397.A.E30.html,推,X3D優勢在那顆很涼,06/09/2023,19934,True,正評
CPU,AMD R7 7800X3D,AMD,Ryzen 7,型號,[菜單] 7800x3D vs 13700k,https://www.ptt.cc/bbs/PC_Shopping/M.1686319397.A.E30.html,→,平均fps差不多 但low 1%多少還是比較強,06/09/2023,19937,True,中立
CPU,AMD R7 7800X3D,AMD,Ryzen 7,型號,[菜單] 7800x3D vs 13700k,https://www.ptt.cc/bbs/PC_Shopping/M.1686319397.A.E30.html,→,均跟Low1% FPS都有高10%左右，但這是在40,06/09/2023,19941,True,中立
CPU,AMD R7 7800X3D,AMD,Ryzen 7,型號,[菜單] 7800x3D vs 13700k,https://www.ptt.cc/bbs/PC_Shopping/M.1686319397.A.E30.html,推,沒否認7800x3d遊戲強阿 但就是有一,06/09/2023,19943,True,中立
CPU,AMD R7 7800X3D,AMD,Ryzen 7,型號,[菜單] 7800x3D vs 13700k,https://www.ptt.cc/bbs/PC_Shopping/M.1686319397.A.E30.html,→,定機率燒毀阿 生產力又遠輸13700k,06/09/2023,19944,True,負評
CPU,AMD R7 7800X3D,AMD,Ryzen 7,型號,[菜單] 7800x3D vs 13700k,https://www.ptt.cc/bbs/PC_Shopping/M.1686319397.A.E30.html,→,有生產力需求就是買intel比較穩,06/09/2023,19945,True,中立
CPU,AMD R7 7800X3D,AMD,Ryzen 7,型號,[菜單] 7800x3D vs 13700k,https://www.ptt.cc/bbs/PC_Shopping/M.1686319397.A.E30.html,推,CSGO用X3D沒有優勢，CPU高頻比較重要,06/09/2023,19948,True,中立
CPU,AMD R7 7800X3D,AMD,Ryzen 7,型號,[菜單] 7800x3D vs 13700k,https://www.ptt.cc/bbs/PC_Shopping/M.1686319397.A.E30.html,→,6000就夠了吧 再上去不穩,06/10/2023,19952,True,負評
CPU,AMD R7 7800X3D,AMD,Ryzen 7,型號,[菜單] 7800x3D vs 13700k,https://www.ptt.cc/bbs/PC_Shopping/M.1686319397.A.E30.html,推,Zen4目前無腦挑6000穩條就好 可調小參玩玩,06/10/2023,19955,True,中立
CPU,AMD R7 7800X3D,AMD,Ryzen 7,型號,[菜單] 7800x3D vs 13700k,https://www.ptt.cc/bbs/PC_Shopping/M.1686319397.A.E30.html,推,7800X3D不太吃記憶體時脈，隨便給,06/10/2023,19956,True,中立
CPU,AMD R7 7800X3D,AMD,Ryzen 7,型號,[菜單] 7800x3D vs 13700k,https://www.ptt.cc/bbs/PC_Shopping/M.1686319397.A.E30.html,→,他一條就可以有不錯的幀數了,06/10/2023,19957,True,中立
CPU,AMD R7 7800X3D,AMD,Ryzen 7,型號,[菜單] 7800x3D vs 13700k,https://www.ptt.cc/bbs/PC_Shopping/M.1686319397.A.E30.html,→,起來相對比較不跟手 這是看帳面的平均,06/10/2023,19960,True,中立
CPU,AMD R7 7800X3D,AMD,Ryzen 7,型號,[菜單] 7800x3D vs 13700k,https://www.ptt.cc/bbs/PC_Shopping/M.1686319397.A.E30.html,推,生產力是能差多少......講的7800X3D比,06/10/2023,19962,True,中立
CPU,AMD R7 7800X3D,AMD,Ryzen 7,型號,[菜單] 7800x3D vs 13700k,https://www.ptt.cc/bbs/PC_Shopping/M.1686319397.A.E30.html,推,要涼跟省電就78X3D 要搞水冷就137K AMD,06/10/2023,19964,True,正評
CPU,AMD R7 7800X3D,AMD,Ryzen 7,型號,[菜單] 7800x3D vs 13700k,https://www.ptt.cc/bbs/PC_Shopping/M.1686319397.A.E30.html,→,燒毀和生產力就是直接屌輸 不用說,06/10/2023,19967,True,正評
CPU,AMD R7 7800X3D,AMD,Ryzen 7,型號,[菜單] 7800x3D vs 13700k,https://www.ptt.cc/bbs/PC_Shopping/M.1686319397.A.E30.html,推,我用240水冷壓得好好的,06/10/2023,19976,True,正評
CPU,AMD R7 7800X3D,AMD,Ryzen 7,型號,[菜單] 7800x3D vs 13700k,https://www.ptt.cc/bbs/PC_Shopping/M.1686319397.A.E30.html,→,換一個好一點的機殼 過熱不會啦 高溫而,06/10/2023,19977,True,中立
CPU,AMD R7 7800X3D,AMD,Ryzen 7,型號,[菜單] 7800x3D vs 13700k,https://www.ptt.cc/bbs/PC_Shopping/M.1686319397.A.E30.html,→,打遊戲60~80度完全正常表現,06/10/2023,19982,True,正評
CPU,AMD R7 7800X3D,AMD,Ryzen 7,型號,[菜單] 7800x3D vs 13700k,https://www.ptt.cc/bbs/PC_Shopping/M.1686319397.A.E30.html,推,如果他你覺得太熱 鎖功耗也可以,06/10/2023,19987,True,中立
CPU,AMD R7 7800X3D,AMD,Ryzen 7,型號,[菜單] 7800x3D vs 13700k,https://www.ptt.cc/bbs/PC_Shopping/M.1686319397.A.E30.html,→,就算鎖170w 生產力還是贏7800x3d,06/10/2023,19988,True,正評
CPU,AMD R7 7800X3D,AMD,Ryzen 7,型號,[菜單] 7800x3D vs 13700k,https://www.ptt.cc/bbs/PC_Shopping/M.1686319397.A.E30.html,→,遊戲也不會輸太多,06/10/2023,19989,True,中立
CPU,AMD R7 7800X3D,AMD,Ryzen 7,型號,[菜單] 7800x3D vs 13700k,https://www.ptt.cc/bbs/PC_Shopping/M.1686319397.A.E30.html,推,水冷改FC140就好吧，然後這個用途拿13,06/10/2023,19995,True,中立
CPU,AMD R7 7800X3D,AMD,Ryzen 7,型號,[菜單] 7800x3D vs 13700k,https://www.ptt.cc/bbs/PC_Shopping/M.1686319397.A.E30.html,→,給原po 如果剪輯比重比較重再選intel 不,06/10/2023,19998,True,中立
CPU,AMD R7 7800X3D,AMD,Ryzen 7,型號,[菜單] 7800x3D vs 13700k,https://www.ptt.cc/bbs/PC_Shopping/M.1686319397.A.E30.html,→,然遊戲功耗都是7800x3d佔優 光散熱就可以,06/10/2023,19999,True,正評
CPU,AMD R7 7800X3D,AMD,Ryzen 7,型號,[菜單] 7800x3D vs 13700k,https://www.ptt.cc/bbs/PC_Shopping/M.1686319397.A.E30.html,→,省錢 而且7800的多工剪輯效能其實也不差,06/10/2023,20000,True,中立
CPU,AMD R7 7800X3D,AMD,Ryzen 7,型號,[菜單] 7800x3D vs 13700k,https://www.ptt.cc/bbs/PC_Shopping/M.1686319397.A.E30.html,→,然是挑比較少出包的,06/10/2023,20005,True,中立
CPU,AMD R7 7800X3D,AMD,Ryzen 7,型號,[菜單] 7800x3D vs 13700k,https://www.ptt.cc/bbs/PC_Shopping/M.1686319397.A.E30.html,推,當然是買13700k然後推7800x3d,06/11/2023,20019,True,負評
CPU,AMD R7 7800X3D,AMD,Ryzen 7,型號,[菜單] 7800x3D vs 13700k,https://www.ptt.cc/bbs/PC_Shopping/M.1686319397.A.E30.html,推,不要相信雲出來的X3D很涼,06/11/2023,20020,True,負評
CPU,AMD R7 7800X3D,AMD,Ryzen 7,型號,[菜單] 7800x3D vs 13700k,https://www.ptt.cc/bbs/PC_Shopping/M.1686319397.A.E30.html,→,AMD功耗低不代表溫度會低,06/11/2023,20021,True,中立
CPU,AMD R7 7800X3D,AMD,Ryzen 7,型號,[請益] 7800x3d溫度問題,https://www.ptt.cc/bbs/PC_Shopping/M.1686291015.A.8A7.html,推,直接送保固了 100度以上就是有問題,06/09/2023,20022,True,負評
CPU,AMD R7 7800X3D,AMD,Ryzen 7,型號,[請益] 7800x3d溫度問題,https://www.ptt.cc/bbs/PC_Shopping/M.1686291015.A.8A7.html,推,沒有燒cpu就不錯了,06/09/2023,20023,True,中立
CPU,AMD R7 7800X3D,AMD,Ryzen 7,型號,[請益] 7800x3d溫度問題,https://www.ptt.cc/bbs/PC_Shopping/M.1686291015.A.8A7.html,推,絕對是某個地方有bug 溫度牆最高就89度,06/09/2023,20024,True,負評
CPU,AMD R7 7800X3D,AMD,Ryzen 7,型號,[請益] 7800x3d溫度問題,https://www.ptt.cc/bbs/PC_Shopping/M.1686291015.A.8A7.html,→,怎可能超過 先去開pbo設定85度max,06/09/2023,20025,True,中立
CPU,AMD R7 7800X3D,AMD,Ryzen 7,型號,[請益] 7800x3d溫度問題,https://www.ptt.cc/bbs/PC_Shopping/M.1686291015.A.8A7.html,推,會不會散熱器膜沒撕,06/09/2023,20026,True,中立
CPU,AMD R7 7800X3D,AMD,Ryzen 7,型號,[請益] 7800x3d溫度問題,https://www.ptt.cc/bbs/PC_Shopping/M.1686291015.A.8A7.html,→,100度了還沒熱風 這樣你還不懂嗎？,06/09/2023,20028,True,負評
CPU,AMD R7 7800X3D,AMD,Ryzen 7,型號,[請益] 7800x3d溫度問題,https://www.ptt.cc/bbs/PC_Shopping/M.1686291015.A.8A7.html,→,熱根本沒導上去吧= =?,06/09/2023,20031,True,負評
CPU,AMD R7 7800X3D,AMD,Ryzen 7,型號,[請益] 7800x3d溫度問題,https://www.ptt.cc/bbs/PC_Shopping/M.1686291015.A.8A7.html,→,pbo 設定過85度溫度牆結果還是會衝超,06/09/2023,20032,True,負評
CPU,AMD R7 7800X3D,AMD,Ryzen 7,型號,[請益] 7800x3d溫度問題,https://www.ptt.cc/bbs/PC_Shopping/M.1686291015.A.8A7.html,→,過 已經全部降頻了還是噴到100,06/09/2023,20033,True,負評
CPU,AMD R7 7800X3D,AMD,Ryzen 7,型號,[請益] 7800x3d溫度問題,https://www.ptt.cc/bbs/PC_Shopping/M.1686291015.A.8A7.html,→,膜有撕 散熱膏也都有上好 因為燒機最,06/09/2023,20034,True,負評
CPU,AMD R7 7800X3D,AMD,Ryzen 7,型號,[請益] 7800x3d溫度問題,https://www.ptt.cc/bbs/PC_Shopping/M.1686291015.A.8A7.html,→,高也才80幾 如果沒弄好肯定直接關機,06/09/2023,20035,True,中立
CPU,AMD R7 7800X3D,AMD,Ryzen 7,型號,[請益] 7800x3d溫度問題,https://www.ptt.cc/bbs/PC_Shopping/M.1686291015.A.8A7.html,→,如果是就是堵住 請送修,06/09/2023,20037,True,負評
CPU,AMD R7 7800X3D,AMD,Ryzen 7,型號,[請益] 7800x3d溫度問題,https://www.ptt.cc/bbs/PC_Shopping/M.1686291015.A.8A7.html,→,CPU不會過熱降頻其實就沒問題～,06/09/2023,20038,True,正評
CPU,AMD R7 7800X3D,AMD,Ryzen 7,型號,[請益] 7800x3d溫度問題,https://www.ptt.cc/bbs/PC_Shopping/M.1686291015.A.8A7.html,→,等 7800X3D不是沒有PBO？ 也不能超頻 你就,06/09/2023,20039,True,中立
CPU,AMD R7 7800X3D,AMD,Ryzen 7,型號,[請益] 7800x3d溫度問題,https://www.ptt.cc/bbs/PC_Shopping/M.1686291015.A.8A7.html,→,可以開的只是原本就很頂了我也沒有要,06/09/2023,20043,True,中立
CPU,AMD R7 7800X3D,AMD,Ryzen 7,型號,[請益] 7800x3d溫度問題,https://www.ptt.cc/bbs/PC_Shopping/M.1686291015.A.8A7.html,→,100度的時候風扇沒吹熱風 是不是沒貼好,06/09/2023,20045,True,負評
CPU,AMD R7 7800X3D,AMD,Ryzen 7,型號,[請益] 7800x3d溫度問題,https://www.ptt.cc/bbs/PC_Shopping/M.1686291015.A.8A7.html,→,水冷送修 或先買一個空冷頂著用,06/09/2023,20046,True,中立
CPU,AMD R7 7800X3D,AMD,Ryzen 7,型號,[請益] 7800x3d溫度問題,https://www.ptt.cc/bbs/PC_Shopping/M.1686291015.A.8A7.html,→,跑分88也有點高了，這顆很涼,06/09/2023,20051,True,正評
CPU,AMD R7 7800X3D,AMD,Ryzen 7,型號,[請益] 7800x3d溫度問題,https://www.ptt.cc/bbs/PC_Shopping/M.1686291015.A.8A7.html,推,很涼的是想太多吧 祖傳積熱眾生平等,06/09/2023,20052,True,中立
CPU,AMD R7 7800X3D,AMD,Ryzen 7,型號,[請益] 7800x3d溫度問題,https://www.ptt.cc/bbs/PC_Shopping/M.1686291015.A.8A7.html,→,確定是水冷問題了 換了pa120馬上正常l,06/14/2023,20053,True,中立
CPU,AMD R7 7800X3D,AMD,Ryzen 7,型號(情報),[情報] AMD R7 7800X3D 開始跌價,https://www.ptt.cc/bbs/PC_Shopping/M.1685980881.A.43C.html,→,bug一堆，等下一代,06/06/2023,20054,True,負評
CPU,AMD R7 7800X3D,AMD,Ryzen 7,型號(情報),[情報] AMD R7 7800X3D 開始跌價,https://www.ptt.cc/bbs/PC_Shopping/M.1685980881.A.43C.html,→,也還好 價差2-3k 對於前期品不算很有感,06/06/2023,20056,True,中立
CPU,AMD R7 7800X3D,AMD,Ryzen 7,型號(情報),[情報] AMD R7 7800X3D 開始跌價,https://www.ptt.cc/bbs/PC_Shopping/M.1685980881.A.43C.html,→,對於末代產品 品質穩定 價差2-3k比較有,06/06/2023,20057,True,正評
CPU,AMD R7 7800X3D,AMD,Ryzen 7,型號(情報),[情報] AMD R7 7800X3D 開始跌價,https://www.ptt.cc/bbs/PC_Shopping/M.1685980881.A.43C.html,推,所以燒毀問題修好了喔？,06/06/2023,20064,True,中立
CPU,AMD R7 7800X3D,AMD,Ryzen 7,型號(情報),[情報] AMD R7 7800X3D 開始跌價,https://www.ptt.cc/bbs/PC_Shopping/M.1685980881.A.43C.html,→,連58X3D都不動如山了，78X3D看看就好,06/06/2023,20065,True,負評
CPU,AMD R7 7800X3D,AMD,Ryzen 7,型號(情報),[情報] AMD R7 7800X3D 開始跌價,https://www.ptt.cc/bbs/PC_Shopping/M.1685980881.A.43C.html,→,鬼島的便宜AMD還在喊上,06/06/2023,20066,True,中立
CPU,AMD R7 7800X3D,AMD,Ryzen 7,型號(情報),[情報] AMD R7 7800X3D 開始跌價,https://www.ptt.cc/bbs/PC_Shopping/M.1685980881.A.43C.html,→,賣太貴了，Intel真香,06/06/2023,20067,True,負評
CPU,AMD R7 7800X3D,AMD,Ryzen 7,型號(情報),[情報] 7800X3D在德國狂賣近5800X3D的兩倍,https://www.ptt.cc/bbs/PC_Shopping/M.1684643732.A.A33.html,→,當然會在意那1.2萬元cpu後續產出的好幾萬塊電費差距吧,05/21/2023,20103,True,負評
CPU,AMD R7 7800X3D,AMD,Ryzen 7,型號(情報),[情報] 7800X3D在德國狂賣近5800X3D的兩倍,https://www.ptt.cc/bbs/PC_Shopping/M.1684643732.A.A33.html,推,功耗高代表容易讓整個房間熱死冷氣就要一直開也會影,05/21/2023,20119,True,負評
CPU,AMD R7 7800X3D,AMD,Ryzen 7,型號(情報),[情報] 7800X3D在德國狂賣近5800X3D的兩倍,https://www.ptt.cc/bbs/PC_Shopping/M.1684643732.A.A33.html,→,"醒醒,沒開你房間還是熱死",05/21/2023,20120,True,負評
CPU,AMD R7 7800X3D,AMD,Ryzen 7,型號(情報),[情報] 7800X3D在德國狂賣近5800X3D的兩倍,https://www.ptt.cc/bbs/PC_Shopping/M.1684643732.A.A33.html,推,Beta測試後穩了可以買了 x3d跟賴清德一樣穩,05/21/2023,20133,True,正評
CPU,AMD R7 7800X3D,AMD,Ryzen 7,型號(情報),[情報] 7800X3D在德國狂賣近5800X3D的兩倍,https://www.ptt.cc/bbs/PC_Shopping/M.1684643732.A.A33.html,噓,八卦94GG是吃電巨獸   EUV超爆幹耗電,05/22/2023,20161,True,負評
CPU,AMD R7 7800X3D,AMD,Ryzen 7,型號(情報),[情報] 7800X3D在德國狂賣近5800X3D的兩倍,https://www.ptt.cc/bbs/PC_Shopping/M.1684643732.A.A33.html,推,說省電就跟環保團體一樣，用電用的比別人兇，笑掉大牙。,05/22/2023,20163,True,負評
CPU,AMD R7 7800X3D,AMD,Ryzen 7,型號,[菜單] 7800X3D遊戲機,https://www.ptt.cc/bbs/PC_Shopping/M.1682311015.A.590.html,推,78X3D不用水冷 也可以壓 板子B650他媽好客 有多wifi,04/24/2023,20167,True,中立
CPU,AMD R7 7800X3D,AMD,Ryzen 7,型號,[菜單] 7800X3D遊戲機,https://www.ptt.cc/bbs/PC_Shopping/M.1682311015.A.590.html,→,信仰牌 硬是比別人貴一點,04/24/2023,20181,True,中立
CPU,AMD R7 7800X3D,AMD,Ryzen 7,型號,[菜單] 7800X3D遊戲機,https://www.ptt.cc/bbs/PC_Shopping/M.1682311015.A.590.html,→,不過你這種配法我是覺得上喜歡的就好 畢竟已經接近頂配了,04/24/2023,20182,True,中立
CPU,AMD R7 7800X3D,AMD,Ryzen 7,型號,[菜單] 7800X3D遊戲機,https://www.ptt.cc/bbs/PC_Shopping/M.1682311015.A.590.html,→,7800x3D功耗溫度都不高 不用買水冷,04/24/2023,20185,True,正評
CPU,AMD R7 7800X3D,AMD,Ryzen 7,型號,[菜單] 7800X3D遊戲機,https://www.ptt.cc/bbs/PC_Shopping/M.1682311015.A.590.html,→,如果是為了造型就拿,04/24/2023,20186,True,中立
CPU,AMD R7 7800X3D,AMD,Ryzen 7,型號,[菜單] 7800X3D遊戲機,https://www.ptt.cc/bbs/PC_Shopping/M.1682311015.A.590.html,→,可以啦～ 喜歡水冷就拿吧,04/24/2023,20188,True,正評
CPU,AMD R7 7800X3D,AMD,Ryzen 7,型號,[菜單] 7800X3D遊戲機,https://www.ptt.cc/bbs/PC_Shopping/M.1682311015.A.590.html,推,我 win11 chrome 開效能模式，64G 也能吃到 90% = =,05/15/2023,20193,True,正評
CPU,AMD R7 7800X3D,AMD,Ryzen 7,型號,Re: [心得] 升級AM5+7800X3D被雷爆小感想(RMA...),https://www.ptt.cc/bbs/PC_Shopping/M.1681883106.A.4BB.html,推,辛苦了 這幾天我用7800X3D最明顯的缺點就是開啟exp,04/19/2023,20204,True,負評
CPU,AMD R7 7800X3D,AMD,Ryzen 7,型號,Re: [心得] 升級AM5+7800X3D被雷爆小感想(RMA...),https://www.ptt.cc/bbs/PC_Shopping/M.1681883106.A.4BB.html,→,裝好囉  換一顆就正常惹，終於舒服了..,04/19/2023,20207,True,正評
CPU,AMD R7 7800X3D,AMD,Ryzen 7,型號,Re: [心得] 升級AM5+7800X3D被雷爆小感想(RMA...),https://www.ptt.cc/bbs/PC_Shopping/M.1681883106.A.4BB.html,推,開機1分鐘我受不了耶,04/19/2023,20208,True,負評
CPU,AMD R7 7800X3D,AMD,Ryzen 7,型號,Re: [心得] 升級AM5+7800X3D被雷爆小感想(RMA...),https://www.ptt.cc/bbs/PC_Shopping/M.1681883106.A.4BB.html,→,用MCR，不過有穩定性的疑慮）,04/19/2023,20213,True,負評
CPU,AMD R7 7800X3D,AMD,Ryzen 7,型號,Re: [心得] 升級AM5+7800X3D被雷爆小感想,https://www.ptt.cc/bbs/PC_Shopping/M.1681481875.A.3AD.html,→,能遇到的除錯都遇到了 從頭到尾 連系統都有問題,04/14/2023,20244,True,負評
CPU,AMD R7 7800X3D,AMD,Ryzen 7,型號,Re: [心得] 升級AM5+7800X3D被雷爆小感想,https://www.ptt.cc/bbs/PC_Shopping/M.1681481875.A.3AD.html,→,不過有出現另一個問題 就是它會卡在10/100的速度,04/14/2023,20250,True,負評
CPU,AMD R7 7800X3D,AMD,Ryzen 7,型號,Re: [心得] 升級AM5+7800X3D被雷爆小感想,https://www.ptt.cc/bbs/PC_Shopping/M.1681481875.A.3AD.html,→,中華過來換個線才正常 但之前用起來完全沒這些問題= =,04/14/2023,20251,True,中立
CPU,AMD R7 7800X3D,AMD,Ryzen 7,型號,Re: [心得] 升級AM5+7800X3D被雷爆小感想,https://www.ptt.cc/bbs/PC_Shopping/M.1681481875.A.3AD.html,推,萬中選一天選之人 給你拍拍手,04/14/2023,20267,True,正評
CPU,AMD R7 7800X3D,AMD,Ryzen 7,型號,[心得] 升級AM5+7800X3D被雷爆小感想,https://www.ptt.cc/bbs/PC_Shopping/M.1681472605.A.62A.html,→,好慘，良率也太低了,04/14/2023,20287,True,負評
CPU,AMD R7 7800X3D,AMD,Ryzen 7,型號,[心得] 升級AM5+7800X3D被雷爆小感想,https://www.ptt.cc/bbs/PC_Shopping/M.1681472605.A.62A.html,推,多謝踩雷，蘇媽搞屁,04/14/2023,20288,True,負評
CPU,AMD R7 7800X3D,AMD,Ryzen 7,型號,[心得] 升級AM5+7800X3D被雷爆小感想,https://www.ptt.cc/bbs/PC_Shopping/M.1681472605.A.62A.html,→,沒調度問題啊 重點是硬體問題 壞一張主板加上CPU掉通道,04/14/2023,20290,True,負評
CPU,AMD R7 7800X3D,AMD,Ryzen 7,型號,[心得] 升級AM5+7800X3D被雷爆小感想,https://www.ptt.cc/bbs/PC_Shopping/M.1681472605.A.62A.html,→,主要是掉通道這個在家裡跟原價屋都是一樣= = 原價屋測試,04/14/2023,20298,True,中立
CPU,AMD R7 7800X3D,AMD,Ryzen 7,型號,[心得] 升級AM5+7800X3D被雷爆小感想,https://www.ptt.cc/bbs/PC_Shopping/M.1681472605.A.62A.html,→,連LTT都能拿到壞U CPU現在良率沒以前好了,04/14/2023,20308,True,負評
CPU,AMD R7 7800X3D,AMD,Ryzen 7,型號,[心得] 升級AM5+7800X3D被雷爆小感想,https://www.ptt.cc/bbs/PC_Shopping/M.1681472605.A.62A.html,推,AMD首發問題都比較多 等步進更新後比較穩 或起碼等批次,04/14/2023,20320,True,中立
CPU,AMD R7 7800X3D,AMD,Ryzen 7,型號,[心得] 升級AM5+7800X3D被雷爆小感想,https://www.ptt.cc/bbs/PC_Shopping/M.1681472605.A.62A.html,推,AMD嚐鮮代價高，3系列最慘烈，越後期U的體質越好，辛,04/14/2023,20331,True,負評
CPU,AMD R7 7800X3D,AMD,Ryzen 7,型號,[心得] 升級AM5+7800X3D被雷爆小感想,https://www.ptt.cc/bbs/PC_Shopping/M.1681472605.A.62A.html,→,to54F那不叫Bug 單純不穩罷了 全預設如果會斷電重啟可以,04/14/2023,20342,True,負評
CPU,AMD R7 7800X3D,AMD,Ryzen 7,型號,[心得] 升級AM5+7800X3D被雷爆小感想,https://www.ptt.cc/bbs/PC_Shopping/M.1681472605.A.62A.html,推,全新 故障 CPU,04/14/2023,20347,True,負評
CPU,AMD R7 7800X3D,AMD,Ryzen 7,型號,[心得] 升級AM5+7800X3D被雷爆小感想,https://www.ptt.cc/bbs/PC_Shopping/M.1681472605.A.62A.html,推,那個就是bug喔，剛剛查新的bios修正了,04/14/2023,20348,True,中立
CPU,AMD R7 7800X3D,AMD,Ryzen 7,型號,[心得] 升級AM5+7800X3D被雷爆小感想,https://www.ptt.cc/bbs/PC_Shopping/M.1681472605.A.62A.html,推,重點是只發生在輕度使用或待機狀態，你玩遊戲就不會遇,04/14/2023,20350,True,中立
CPU,AMD R7 7800X3D,AMD,Ryzen 7,型號,[心得] 升級AM5+7800X3D被雷爆小感想,https://www.ptt.cc/bbs/PC_Shopping/M.1681472605.A.62A.html,推,買AMD戰未來(X) 幫以後的消費者除BUG(O),04/14/2023,20354,True,正評
CPU,AMD R7 7800X3D,AMD,Ryzen 7,型號,[心得] 升級AM5+7800X3D被雷爆小感想,https://www.ptt.cc/bbs/PC_Shopping/M.1681472605.A.62A.html,→,蛤？？輕度重啟就是不穩啊 什麼Bug…,04/14/2023,20357,True,負評
CPU,AMD R7 7800X3D,AMD,Ryzen 7,型號,[心得] 升級AM5+7800X3D被雷爆小感想,https://www.ptt.cc/bbs/PC_Shopping/M.1681472605.A.62A.html,推,全預設還會不穩喔，那這平台沒救了,04/14/2023,20358,True,負評
CPU,AMD R7 7800X3D,AMD,Ryzen 7,型號,[心得] 升級AM5+7800X3D被雷爆小感想,https://www.ptt.cc/bbs/PC_Shopping/M.1681472605.A.62A.html,→,硬體都換過一輪了還是凍結 換intel12代就不會了 笑死,04/14/2023,20361,True,負評
CPU,AMD R7 7800X3D,AMD,Ryzen 7,型號,[心得] 升級AM5+7800X3D被雷爆小感想,https://www.ptt.cc/bbs/PC_Shopping/M.1681472605.A.62A.html,推,換平台的最後一根稻草是某日直接開不了機，通通送修期,04/14/2023,20362,True,負評
CPU,AMD R7 7800X3D,AMD,Ryzen 7,型號,[心得] 升級AM5+7800X3D被雷爆小感想,https://www.ptt.cc/bbs/PC_Shopping/M.1681472605.A.62A.html,→,之後，不然連遊戲都無法玩，RMA的過程倒是很滿意，技嘉換,04/14/2023,20367,True,中立
CPU,AMD R7 7800X3D,AMD,Ryzen 7,型號,[心得] 升級AM5+7800X3D被雷爆小感想,https://www.ptt.cc/bbs/PC_Shopping/M.1681472605.A.62A.html,推,我凍結倒是更新bios就好了，但斷電問題一直修不好,04/14/2023,20373,True,負評
CPU,AMD R7 7800X3D,AMD,Ryzen 7,型號,[心得] 升級AM5+7800X3D被雷爆小感想,https://www.ptt.cc/bbs/PC_Shopping/M.1681472605.A.62A.html,推,首發真的不要衝，寧願等之後的幾批出再買,04/14/2023,20376,True,負評
CPU,AMD R7 7800X3D,AMD,Ryzen 7,型號,[心得] 升級AM5+7800X3D被雷爆小感想,https://www.ptt.cc/bbs/PC_Shopping/M.1681472605.A.62A.html,推,AMD千萬不要衝首發,04/14/2023,20377,True,負評
CPU,AMD R7 7800X3D,AMD,Ryzen 7,型號,[心得] 升級AM5+7800X3D被雷爆小感想,https://www.ptt.cc/bbs/PC_Shopping/M.1681472605.A.62A.html,→,不夠力就轉個視角跟多物件區域掉幀 我是有誇張一點,04/14/2023,20378,True,中立
CPU,AMD R7 7800X3D,AMD,Ryzen 7,型號,[心得] 升級AM5+7800X3D被雷爆小感想,https://www.ptt.cc/bbs/PC_Shopping/M.1681472605.A.62A.html,→,不過每一代都是蠻有感的77K換3000 小部分差大部分好,04/14/2023,20379,True,正評
CPU,AMD R7 7800X3D,AMD,Ryzen 7,型號,[心得] 升級AM5+7800X3D被雷爆小感想,https://www.ptt.cc/bbs/PC_Shopping/M.1681472605.A.62A.html,→,39換58 一整個感覺超明顯 78X3D也是XD 進步很快,04/14/2023,20380,True,正評
CPU,AMD R7 7800X3D,AMD,Ryzen 7,型號,[心得] 升級AM5+7800X3D被雷爆小感想,https://www.ptt.cc/bbs/PC_Shopping/M.1681472605.A.62A.html,→,對 應該類似 還有一些優化爛 靠IPC或者堆緩存來救=.=,04/14/2023,20382,True,中立
CPU,AMD R7 7800X3D,AMD,Ryzen 7,型號,[心得] 升級AM5+7800X3D被雷爆小感想,https://www.ptt.cc/bbs/PC_Shopping/M.1681472605.A.62A.html,→,負載重開問題，一台實驗室新買的電腦，調整電源計劃就解,04/15/2023,20399,True,負評
CPU,AMD R7 7800X3D,AMD,Ryzen 7,型號,[心得] 升級AM5+7800X3D被雷爆小感想,https://www.ptt.cc/bbs/PC_Shopping/M.1681472605.A.62A.html,→,自此相信AMD的良率有大問題,04/15/2023,20400,True,負評
CPU,AMD R7 7800X3D,AMD,Ryzen 7,型號(情報),[情報] Ryzen 7 7800X3D 台灣現貨上市,https://www.ptt.cc/bbs/PC_Shopping/M.1681145594.A.94B.html,推,這價格很不錯啊，和當初7950x3d的匯率一樣,04/11/2023,20404,True,正評
CPU,AMD R7 7800X3D,AMD,Ryzen 7,型號(情報),[情報] Ryzen 7 7800X3D 台灣現貨上市,https://www.ptt.cc/bbs/PC_Shopping/M.1681145594.A.94B.html,推,不會，3D封裝系列時脈比較低，遊戲用途居多再買，不然,04/11/2023,20411,True,負評
CPU,AMD R7 7800X3D,AMD,Ryzen 7,型號(情報),[情報] Ryzen 7 7800X3D 台灣現貨上市,https://www.ptt.cc/bbs/PC_Shopping/M.1681145594.A.94B.html,→,也不意外 X3D比其他7000戲好賣太多 不送也會買QQ,04/11/2023,20424,True,正評
CPU,AMD R7 7800X3D,AMD,Ryzen 7,型號(情報),[情報] 7800x3D首週銷售量 (德國MF),https://www.ptt.cc/bbs/PC_Shopping/M.1681092976.A.B3D.html,推,整天吵生產力 遊戲神U才是大家最需要的,04/10/2023,20430,True,正評
CPU,AMD R7 7800X3D,AMD,Ryzen 7,型號(情報),[情報] 7800x3D首週銷售量 (德國MF),https://www.ptt.cc/bbs/PC_Shopping/M.1681092976.A.B3D.html,→,能打遊戲的神u，生產力也不會太差。,04/10/2023,20439,True,正評
CPU,AMD R7 7800X3D,AMD,Ryzen 7,型號(情報),[情報] 7800x3D首週銷售量 (德國MF),https://www.ptt.cc/bbs/PC_Shopping/M.1681092976.A.B3D.html,推,一代遊戲神U出世,04/10/2023,20448,True,正評
CPU,AMD R7 7800X3D,AMD,Ryzen 7,型號(情報),[情報] 7800x3D首週銷售量 (德國MF),https://www.ptt.cc/bbs/PC_Shopping/M.1681092976.A.B3D.html,→,樓上吧 這算二代遊戲神u吧,04/10/2023,20450,True,正評
CPU,AMD R7 7800X3D,AMD,Ryzen 7,型號(情報),[情報] 7800x3D首週銷售量 (德國MF),https://www.ptt.cc/bbs/PC_Shopping/M.1681092976.A.B3D.html,推,7800X3D 平均遊戲功耗49W 開啟PBO後平均遊戲功耗為51W,04/10/2023,20458,True,中立
CPU,AMD R7 7800X3D,AMD,Ryzen 7,型號(情報),[情報] 7800x3D首週銷售量 (德國MF),https://www.ptt.cc/bbs/PC_Shopping/M.1681092976.A.B3D.html,→,確實遊戲神U INTEL要追上要多很多瓦,04/10/2023,20459,True,正評
CPU,AMD R7 7800X3D,AMD,Ryzen 7,型號(情報),[情報] 7800x3D首週銷售量 (德國MF),https://www.ptt.cc/bbs/PC_Shopping/M.1681092976.A.B3D.html,推,78X3D的功耗真的很神,04/10/2023,20460,True,正評
CPU,AMD R7 7800X3D,AMD,Ryzen 7,型號(情報),[情報] 7800x3D首週銷售量 (德國MF),https://www.ptt.cc/bbs/PC_Shopping/M.1681092976.A.B3D.html,推,"都要頂規了, 買139k 還要考慮散熱/電供, 不如買X3D",04/10/2023,20463,True,負評
CPU,AMD R7 7800X3D,AMD,Ryzen 7,型號(情報),[情報] 7800X3D配主機板單核差1%,https://www.ptt.cc/bbs/PC_Shopping/M.1681088641.A.06F.html,→,沒差~我需要所有的M2洞~所以還是會選X670,04/10/2023,20475,True,中立
CPU,AMD R7 7800X3D,AMD,Ryzen 7,型號(情報),[情報] 7800X3D配主機板單核差1%,https://www.ptt.cc/bbs/PC_Shopping/M.1681088641.A.06F.html,推,花錢買插槽的 誰管你效能,04/10/2023,20479,True,中立
CPU,AMD R7 7800X3D,AMD,Ryzen 7,型號(情報),[情報] 7800X3D配主機板單核差1%,https://www.ptt.cc/bbs/PC_Shopping/M.1681088641.A.06F.html,推,單核本來就不會差多少 重點是多核發揮吧,04/10/2023,20480,True,中立
CPU,AMD R7 7800X3D,AMD,Ryzen 7,型號(情報),[情報] 7800X3D配主機板單核差1%,https://www.ptt.cc/bbs/PC_Shopping/M.1681088641.A.06F.html,→,看別的測試有差到5%,04/10/2023,20482,True,中立
CPU,AMD R7 7800X3D,AMD,Ryzen 7,型號(情報),[情報] 7800X3D配主機板單核差1%,https://www.ptt.cc/bbs/PC_Shopping/M.1681088641.A.06F.html,推,1%根本是測試誤差吧,04/10/2023,20485,True,中立
CPU,AMD R7 7800X3D,AMD,Ryzen 7,型號,Re: [菜單] 30k 遊戲機升級7800X3D,https://www.ptt.cc/bbs/PC_Shopping/M.1680933292.A.3FA.html,→,不要太低階的板子推7800x3D都夠用,04/08/2023,20489,True,正評
CPU,AMD R7 7800X3D,AMD,Ryzen 7,型號,Re: [菜單] 30k 遊戲機升級7800X3D,https://www.ptt.cc/bbs/PC_Shopping/M.1680933292.A.3FA.html,→,可以啦 功耗才多少,04/08/2023,20498,True,正評
CPU,AMD R7 7800X3D,AMD,Ryzen 7,型號,Re: [菜單] 30k 遊戲機升級7800X3D,https://www.ptt.cc/bbs/PC_Shopping/M.1680933292.A.3FA.html,→,b650等級的基本上都夠7800x3d吧 不用擔心可以直上了,04/09/2023,20499,True,正評
CPU,AMD R7 7800X3D,AMD,Ryzen 7,型號,Re: [菜單] 30k 遊戲機升級7800X3D,https://www.ptt.cc/bbs/PC_Shopping/M.1680933292.A.3FA.html,→,Ok啊，可以上了,04/09/2023,20501,True,正評
CPU,AMD R7 7800X3D,AMD,Ryzen 7,型號,[菜單] 升級7800X3D 主要挑主板,https://www.ptt.cc/bbs/PC_Shopping/M.1680913489.A.E85.html,→,7800x3D不會太吃電 不要太差的板子都夠用,04/08/2023,20527,True,中立
CPU,AMD R7 7800X3D,AMD,Ryzen 7,型號,[菜單] 升級7800X3D 主要挑主板,https://www.ptt.cc/bbs/PC_Shopping/M.1680913489.A.E85.html,推,7800x3D功耗很低 供電不要太丐都可以，買貴就是為升級做,04/08/2023,20528,True,正評
CPU,AMD R7 7800X3D,AMD,Ryzen 7,型號,[菜單] 升級7800X3D 主要挑主板,https://www.ptt.cc/bbs/PC_Shopping/M.1680913489.A.E85.html,→,超不到指定頻率的，官網那個列表,04/08/2023,20541,True,負評
CPU,AMD R7 7800X3D,AMD,Ryzen 7,型號,[菜單] 升級7800X3D 主要挑主板,https://www.ptt.cc/bbs/PC_Shopping/M.1680913489.A.E85.html,→,是確定能跑到指定頻率,04/08/2023,20542,True,中立
CPU,AMD R7 7800X3D,AMD,Ryzen 7,型號(情報),[情報] 7800X3D的中國實際價格,https://www.ptt.cc/bbs/PC_Shopping/M.1680888363.A.E80.html,推,這顆就打電動和低功耗itx超好用 其他需求你要查一下,04/08/2023,20567,True,正評
CPU,AMD R7 7800X3D,AMD,Ryzen 7,型號(情報),[情報] 7800X3D的中國實際價格,https://www.ptt.cc/bbs/PC_Shopping/M.1680888363.A.E80.html,推,這顆就無預算上限和顯卡已攻頂玩家用，其他人價差省下來,04/08/2023,20572,True,正評
CPU,AMD R7 7800X3D,AMD,Ryzen 7,型號,[菜單] 30k 遊戲機升級7800X3D,https://www.ptt.cc/bbs/PC_Shopping/M.1680859803.A.0CA.html,→,7800x3D遊戲效能挺不錯的,04/07/2023,20651,True,正評
CPU,AMD R7 7800X3D,AMD,Ryzen 7,型號,Re: [情報] 台灣7800X3D 價格出來了,https://www.ptt.cc/bbs/PC_Shopping/M.1680855961.A.383.html,推,這價格還算不錯 難得沒有鬼島價,04/07/2023,20667,True,正評
CPU,AMD R7 7800X3D,AMD,Ryzen 7,型號,Re: [情報] 台灣7800X3D 價格出來了,https://www.ptt.cc/bbs/PC_Shopping/M.1680855961.A.383.html,→,這功耗你拿A620都行阿,04/07/2023,20672,True,中立
CPU,AMD R7 7800X3D,AMD,Ryzen 7,型號,Re: [情報] 台灣7800X3D 價格出來了,https://www.ptt.cc/bbs/PC_Shopping/M.1680855961.A.383.html,→,板子同代都可以搭啊 這開PBO玩遊戲不到100w供電都嘛夠,04/07/2023,20674,True,中立
CPU,AMD R7 7800X3D,AMD,Ryzen 7,型號,Re: [情報] 台灣7800X3D 價格出來了,https://www.ptt.cc/bbs/PC_Shopping/M.1680855961.A.383.html,推,14750很佛給推,04/07/2023,20677,True,正評
CPU,AMD R7 7800X3D,AMD,Ryzen 7,型號,Re: [情報] 台灣7800X3D 價格出來了,https://www.ptt.cc/bbs/PC_Shopping/M.1680855961.A.383.html,→,x3d還要boost幹嘛,04/07/2023,20683,True,中立
CPU,AMD R7 7800X3D,AMD,Ryzen 7,型號,Re: [情報] 台灣7800X3D 價格出來了,https://www.ptt.cc/bbs/PC_Shopping/M.1680855961.A.383.html,推,這樣是不是136k還是挺划算的 整套裝下來,04/07/2023,20685,True,正評
CPU,AMD R7 7800X3D,AMD,Ryzen 7,型號,Re: [情報] 台灣7800X3D 價格出來了,https://www.ptt.cc/bbs/PC_Shopping/M.1680855961.A.383.html,→,"如果不追求極致高fps, 7600X或13600K整組更便宜 （手頭很",04/07/2023,20686,True,中立
CPU,AMD R7 7800X3D,AMD,Ryzen 7,型號,Re: [情報] 台灣7800X3D 價格出來了,https://www.ptt.cc/bbs/PC_Shopping/M.1680855961.A.383.html,推,不打遊戲的話 還是降價的 7950x比較香?,04/07/2023,20688,True,中立
CPU,AMD R7 7800X3D,AMD,Ryzen 7,型號,Re: [情報] 台灣7800X3D 價格出來了,https://www.ptt.cc/bbs/PC_Shopping/M.1680855961.A.383.html,推,好猛的價格 現在D5也有變便宜 應該能組AM5了,04/07/2023,20695,True,中立
CPU,AMD R7 7800X3D,AMD,Ryzen 7,型號,Re: [情報] 台灣7800X3D 價格出來了,https://www.ptt.cc/bbs/PC_Shopping/M.1680855961.A.383.html,→,價錢還可以，畢竟供電不須高，主機板搭張4990的就夠了,04/07/2023,20698,True,中立
CPU,AMD R7 7800X3D,AMD,Ryzen 7,型號,Re: [情報] 台灣7800X3D 價格出來了,https://www.ptt.cc/bbs/PC_Shopping/M.1680855961.A.383.html,→,且單塔扇甚至原廠扇就可應付，總花甚至費不會比13700K高,04/07/2023,20700,True,正評
CPU,AMD R7 7800X3D,AMD,Ryzen 7,型號,Re: [情報] 台灣7800X3D 價格出來了,https://www.ptt.cc/bbs/PC_Shopping/M.1680855961.A.383.html,推,沒辦法  價格不香  沒人買就變庫存,04/07/2023,20702,True,負評
CPU,AMD R7 7800X3D,AMD,Ryzen 7,型號,Re: [情報] 台灣7800X3D 價格出來了,https://www.ptt.cc/bbs/PC_Shopping/M.1680855961.A.383.html,推,算了 不要升級好了 136k省多了,04/07/2023,20705,True,負評
CPU,AMD R7 7800X3D,AMD,Ryzen 7,型號,Re: [情報] 台灣7800X3D 價格出來了,https://www.ptt.cc/bbs/PC_Shopping/M.1680855961.A.383.html,推,5800x3d還要12k傻眼,04/07/2023,20707,True,負評
CPU,AMD R7 7800X3D,AMD,Ryzen 7,型號,Re: [情報] 台灣7800X3D 價格出來了,https://www.ptt.cc/bbs/PC_Shopping/M.1680855961.A.383.html,推,以打遊戲的角度 等5800X3D降價的確是好選擇,04/07/2023,20711,True,正評
CPU,AMD R7 7800X3D,AMD,Ryzen 7,型號,Re: [情報] 台灣7800X3D 價格出來了,https://www.ptt.cc/bbs/PC_Shopping/M.1680855961.A.383.html,→,預算有限7600cp值最高不到6k,04/07/2023,20713,True,中立
CPU,AMD R7 7800X3D,AMD,Ryzen 7,型號,Re: [情報] 台灣7800X3D 價格出來了,https://www.ptt.cc/bbs/PC_Shopping/M.1680855961.A.383.html,推,以為會破15K，結果沒有，給推,04/07/2023,20717,True,正評
CPU,AMD R7 7800X3D,AMD,Ryzen 7,型號,Re: [情報] 台灣7800X3D 價格出來了,https://www.ptt.cc/bbs/PC_Shopping/M.1680855961.A.383.html,推,突然變又省又強了 板子電源散熱全省,04/07/2023,20719,True,正評
CPU,AMD R7 7800X3D,AMD,Ryzen 7,型號,Re: [情報] 台灣7800X3D 價格出來了,https://www.ptt.cc/bbs/PC_Shopping/M.1680855961.A.383.html,推,這邊組電腦第一選擇都13600k 還敢開鬼島價也不用賣了,04/07/2023,20726,True,負評
CPU,AMD R7 7800X3D,AMD,Ryzen 7,型號,Re: [情報] 台灣7800X3D 價格出來了,https://www.ptt.cc/bbs/PC_Shopping/M.1680855961.A.383.html,→,可是剛剛翻影片才發現2K下58X3D也只比56X好些而已...,04/07/2023,20729,True,中立
CPU,AMD R7 7800X3D,AMD,Ryzen 7,型號,Re: [情報] 台灣7800X3D 價格出來了,https://www.ptt.cc/bbs/PC_Shopping/M.1680855961.A.383.html,→,遊戲王者出來了 全都都得降 管你是I還是A 降多降少而已,04/07/2023,20732,True,正評
CPU,AMD R7 7800X3D,AMD,Ryzen 7,型號,Re: [情報] 台灣7800X3D 價格出來了,https://www.ptt.cc/bbs/PC_Shopping/M.1680855961.A.383.html,推,不如買intel. 省下來的錢夠付電費好幾年,04/07/2023,20733,True,負評
CPU,AMD R7 7800X3D,AMD,Ryzen 7,型號(情報),[情報] 除台灣 AMD 7800X3D 全球通路正式上市,https://www.ptt.cc/bbs/PC_Shopping/M.1680788237.A.8E9.html,→,買水貨三思 找原廠RMA會逼瘋你,04/06/2023,20744,True,負評
CPU,AMD R7 7800X3D,AMD,Ryzen 7,型號(情報),[情報] 除台灣 AMD 7800X3D 全球通路正式上市,https://www.ptt.cc/bbs/PC_Shopping/M.1680788237.A.8E9.html,推,光數框框都感覺超值惹 原本7系是有賣那麼爛嗎= =,04/06/2023,20762,True,正評
CPU,AMD R7 7800X3D,AMD,Ryzen 7,型號(情報),[情報] 除台灣 AMD 7800X3D 全球通路正式上市,https://www.ptt.cc/bbs/PC_Shopping/M.1680788237.A.8E9.html,推,降壓超頻弄一下 不用用到水冷,04/07/2023,20767,True,中立
CPU,AMD R7 7800X3D,AMD,Ryzen 7,型號(情報),[情報] 除台灣 AMD 7800X3D 全球通路正式上市,https://www.ptt.cc/bbs/PC_Shopping/M.1680788237.A.8E9.html,→,X3D不適用吧 倒是7950X這樣真的蠻香的,04/07/2023,20770,True,負評
CPU,AMD R7 7800X3D,AMD,Ryzen 7,型號(情報),[情報] 除台灣 AMD 7800X3D 全球通路正式上市,https://www.ptt.cc/bbs/PC_Shopping/M.1680788237.A.8E9.html,推,"15K的7950X真香，7800x3d沒這麼香了, 至於7950X3D.....",04/07/2023,20776,True,負評
CPU,AMD R7 7800X3D,AMD,Ryzen 7,型號(情報),[情報] 除台灣 AMD 7800X3D 全球通路正式上市,https://www.ptt.cc/bbs/PC_Shopping/M.1680788237.A.8E9.html,→,又強又比牙膏便宜,04/07/2023,20789,True,正評
CPU,AMD R7 7800X3D,AMD,Ryzen 7,型號(情報),[情報] 除台灣 AMD 7800X3D 全球通路正式上市,https://www.ptt.cc/bbs/PC_Shopping/M.1680788237.A.8E9.html,推,看起來比較像7000系賣太差先促銷一波清庫存,04/07/2023,20790,True,負評
CPU,AMD R7 7800X3D,AMD,Ryzen 7,型號(情報),[情報] 除台灣 AMD 7800X3D 全球通路正式上市,https://www.ptt.cc/bbs/PC_Shopping/M.1680788237.A.8E9.html,→,不要在叫人買X了 一直頂到95度,04/07/2023,20805,True,負評
CPU,AMD R7 7800X3D,AMD,Ryzen 7,型號(情報),[情報] 除台灣 AMD 7800X3D 全球通路正式上市,https://www.ptt.cc/bbs/PC_Shopping/M.1680788237.A.8E9.html,→,x可以不頂95度啊...,04/07/2023,20806,True,負評
CPU,AMD R7 7800X3D,AMD,Ryzen 7,型號(情報),[情報] 除台灣 AMD 7800X3D 全球通路正式上市,https://www.ptt.cc/bbs/PC_Shopping/M.1680788237.A.8E9.html,推,設溫度牆就好了，少超那一點除了跑分大概都無感,04/07/2023,20809,True,中立
CPU,AMD R7 7800X3D,AMD,Ryzen 7,型號(情報),[情報] 除台灣 AMD 7800X3D 全球通路正式上市,https://www.ptt.cc/bbs/PC_Shopping/M.1680788237.A.8E9.html,→,不過7800X3D價格還沒出來結果7950X殺到15K,04/07/2023,20810,True,中立
CPU,AMD R7 7800X3D,AMD,Ryzen 7,型號(情報),[情報] 除台灣 AMD 7800X3D 全球通路正式上市,https://www.ptt.cc/bbs/PC_Shopping/M.1680788237.A.8E9.html,推,設個溫度牆就不會頂95度了啊==,04/07/2023,20812,True,中立
CPU,AMD R7 7800X3D,AMD,Ryzen 7,型號(情報),[情報] 除台灣 AMD 7800X3D 全球通路正式上市,https://www.ptt.cc/bbs/PC_Shopping/M.1680788237.A.8E9.html,→,就是不買溫度牆直接調到89度的產品，笑死我了（7系列95度,04/07/2023,20813,True,負評
CPU,AMD R7 7800X3D,AMD,Ryzen 7,型號(情報),[情報] 除台灣 AMD 7800X3D 全球通路正式上市,https://www.ptt.cc/bbs/PC_Shopping/M.1680788237.A.8E9.html,→,溫度牆已經夠低還要調下降喔）,04/07/2023,20814,True,中立
CPU,AMD R7 7800X3D,AMD,Ryzen 7,型號(情報),[情報] 除台灣 AMD 7800X3D 全球通路正式上市,https://www.ptt.cc/bbs/PC_Shopping/M.1680788237.A.8E9.html,推,如果以純打遊戲的話15000的7950X還要考慮嗎 還是就78X3D,04/07/2023,20825,True,中立
CPU,AMD R7 7800X3D,AMD,Ryzen 7,型號(情報),[情報] 除台灣 AMD 7800X3D 全球通路正式上市,https://www.ptt.cc/bbs/PC_Shopping/M.1680788237.A.8E9.html,推,這個價格7950有點香…,04/07/2023,20826,True,正評
CPU,AMD R7 7800X3D,AMD,Ryzen 7,型號(情報),[情報] 台灣7800X3D出貨日出來了,https://www.ptt.cc/bbs/PC_Shopping/M.1680786809.A.F9F.html,噓,溫度牆調到89度就是買不下去，先往上調至少20度再出來談,04/07/2023,20843,True,負評
CPU,AMD R7 7800X3D,AMD,Ryzen 7,型號,Re: [情報] TPU評測7800X3D 2k/FHD/功耗輕鬆打13900k,https://www.ptt.cc/bbs/PC_Shopping/M.1680756024.A.B66.html,推,遊戲沒有辦法用到16核心以上 7800X3D 就不會輸？,04/06/2023,20844,True,中立
CPU,AMD R7 7800X3D,AMD,Ryzen 7,型號,Re: [情報] TPU評測7800X3D 2k/FHD/功耗輕鬆打13900k,https://www.ptt.cc/bbs/PC_Shopping/M.1680756024.A.B66.html,→,講功耗就對了 拿1080p遊戲幀數提升當賣點真的沒意義,04/06/2023,20846,True,中立
CPU,AMD R7 7800X3D,AMD,Ryzen 7,型號,Re: [情報] TPU評測7800X3D 2k/FHD/功耗輕鬆打13900k,https://www.ptt.cc/bbs/PC_Shopping/M.1680756024.A.B66.html,推,i家1080p贏：屌打,04/06/2023,20847,True,正評
CPU,AMD R7 7800X3D,AMD,Ryzen 7,型號,Re: [情報] TPU評測7800X3D 2k/FHD/功耗輕鬆打13900k,https://www.ptt.cc/bbs/PC_Shopping/M.1680756024.A.B66.html,→,1080p輸：沒意義,04/06/2023,20848,True,中立
CPU,AMD R7 7800X3D,AMD,Ryzen 7,型號,Re: [情報] TPU評測7800X3D 2k/FHD/功耗輕鬆打13900k,https://www.ptt.cc/bbs/PC_Shopping/M.1680756024.A.B66.html,推,還是有low1%比較高一點的優勢啦,04/06/2023,20850,True,中立
CPU,AMD R7 7800X3D,AMD,Ryzen 7,型號,Re: [情報] TPU評測7800X3D 2k/FHD/功耗輕鬆打13900k,https://www.ptt.cc/bbs/PC_Shopping/M.1680756024.A.B66.html,推,比1080p只有對用XL2566K之類的人有用吧,04/06/2023,20853,True,中立
CPU,AMD R7 7800X3D,AMD,Ryzen 7,型號,Re: [情報] TPU評測7800X3D 2k/FHD/功耗輕鬆打13900k,https://www.ptt.cc/bbs/PC_Shopping/M.1680756024.A.B66.html,→,4090又想要涼涼 搭78X3D 也很OK呀,04/06/2023,20854,True,正評
CPU,AMD R7 7800X3D,AMD,Ryzen 7,型號,Re: [情報] TPU評測7800X3D 2k/FHD/功耗輕鬆打13900k,https://www.ptt.cc/bbs/PC_Shopping/M.1680756024.A.B66.html,推,136k大概適合工作遊戲55開 價格也能低一點 不過78X3D,04/06/2023,20859,True,中立
CPU,AMD R7 7800X3D,AMD,Ryzen 7,型號,Re: [情報] TPU評測7800X3D 2k/FHD/功耗輕鬆打13900k,https://www.ptt.cc/bbs/PC_Shopping/M.1680756024.A.B66.html,→,的功耗真的很鬼神 U的瓦數直接2/3甚至砍半...,04/06/2023,20860,True,正評
CPU,AMD R7 7800X3D,AMD,Ryzen 7,型號,Re: [情報] TPU評測7800X3D 2k/FHD/功耗輕鬆打13900k,https://www.ptt.cc/bbs/PC_Shopping/M.1680756024.A.B66.html,推,7800X3D標TDP120W結果多數評測功耗都在90W內,04/06/2023,20862,True,中立
CPU,AMD R7 7800X3D,AMD,Ryzen 7,型號,Re: [情報] TPU評測7800X3D 2k/FHD/功耗輕鬆打13900k,https://www.ptt.cc/bbs/PC_Shopping/M.1680756024.A.B66.html,→,差距大概就1顆多1點的20w省電燈泡,04/06/2023,20866,True,中立
CPU,AMD R7 7800X3D,AMD,Ryzen 7,型號,Re: [情報] TPU評測7800X3D 2k/FHD/功耗輕鬆打13900k,https://www.ptt.cc/bbs/PC_Shopping/M.1680756024.A.B66.html,→,雙烤不到90瓦玩遊戲40瓦出頭而已,04/06/2023,20867,True,正評
CPU,AMD R7 7800X3D,AMD,Ryzen 7,型號,Re: [情報] TPU評測7800X3D 2k/FHD/功耗輕鬆打13900k,https://www.ptt.cc/bbs/PC_Shopping/M.1680756024.A.B66.html,推,吃多核的遊戲真的不多 單核居多,04/06/2023,20869,True,中立
CPU,AMD R7 7800X3D,AMD,Ryzen 7,型號,Re: [情報] TPU評測7800X3D 2k/FHD/功耗輕鬆打13900k,https://www.ptt.cc/bbs/PC_Shopping/M.1680756024.A.B66.html,→,即便多核 能吃到5 6核就已經很不錯了,04/06/2023,20870,True,中立
CPU,AMD R7 7800X3D,AMD,Ryzen 7,型號,Re: [情報] TPU評測7800X3D 2k/FHD/功耗輕鬆打13900k,https://www.ptt.cc/bbs/PC_Shopping/M.1680756024.A.B66.html,→,7800x3d確實標120w 但實際不知道amd是不是有刻意限制只,04/06/2023,20872,True,中立
CPU,AMD R7 7800X3D,AMD,Ryzen 7,型號,Re: [情報] TPU評測7800X3D 2k/FHD/功耗輕鬆打13900k,https://www.ptt.cc/bbs/PC_Shopping/M.1680756024.A.B66.html,→,這個也有評測提到 很嚴謹的功耗限制,04/06/2023,20873,True,中立
CPU,AMD R7 7800X3D,AMD,Ryzen 7,型號,Re: [情報] TPU評測7800X3D 2k/FHD/功耗輕鬆打13900k,https://www.ptt.cc/bbs/PC_Shopping/M.1680756024.A.B66.html,→,4k純遊戲大部分情況就算拿個7700都不會差多遠吧 壓力都,04/06/2023,20875,True,中立
CPU,AMD R7 7800X3D,AMD,Ryzen 7,型號,Re: [情報] TPU評測7800X3D 2k/FHD/功耗輕鬆打13900k,https://www.ptt.cc/bbs/PC_Shopping/M.1680756024.A.B66.html,→,功耗低溫度自然也會低啊 對於主板供電要求也沒那麼高阿,04/06/2023,20876,True,正評
CPU,AMD R7 7800X3D,AMD,Ryzen 7,型號,Re: [情報] TPU評測7800X3D 2k/FHD/功耗輕鬆打13900k,https://www.ptt.cc/bbs/PC_Shopping/M.1680756024.A.B66.html,→,怎麼會覺得功耗低是沒意義,04/06/2023,20877,True,中立
CPU,AMD R7 7800X3D,AMD,Ryzen 7,型號,Re: [情報] TPU評測7800X3D 2k/FHD/功耗輕鬆打13900k,https://www.ptt.cc/bbs/PC_Shopping/M.1680756024.A.B66.html,→,40系列倒是挺涼的吧,04/06/2023,20879,True,正評
CPU,AMD R7 7800X3D,AMD,Ryzen 7,型號,Re: [情報] TPU評測7800X3D 2k/FHD/功耗輕鬆打13900k,https://www.ptt.cc/bbs/PC_Shopping/M.1680756024.A.B66.html,→,今年組itx應該是個不錯的選擇,04/06/2023,20880,True,正評
CPU,AMD R7 7800X3D,AMD,Ryzen 7,型號,Re: [情報] TPU評測7800X3D 2k/FHD/功耗輕鬆打13900k,https://www.ptt.cc/bbs/PC_Shopping/M.1680756024.A.B66.html,→,大作全開也都在65上下跳 待機30幾度,04/06/2023,20883,True,正評
CPU,AMD R7 7800X3D,AMD,Ryzen 7,型號,Re: [情報] TPU評測7800X3D 2k/FHD/功耗輕鬆打13900k,https://www.ptt.cc/bbs/PC_Shopping/M.1680756024.A.B66.html,推,重點是低發熱你就少一個呼呼叫的,04/06/2023,20885,True,正評
CPU,AMD R7 7800X3D,AMD,Ryzen 7,型號,Re: [情報] TPU評測7800X3D 2k/FHD/功耗輕鬆打13900k,https://www.ptt.cc/bbs/PC_Shopping/M.1680756024.A.B66.html,推,低發熱風扇也不會一直在那邊起飛,04/06/2023,20886,True,中立
CPU,AMD R7 7800X3D,AMD,Ryzen 7,型號,Re: [情報] TPU評測7800X3D 2k/FHD/功耗輕鬆打13900k,https://www.ptt.cc/bbs/PC_Shopping/M.1680756024.A.B66.html,→,兩顆CCD都有vcache確實會減少這種問題 但貴啊 製程良率,04/06/2023,20890,True,中立
CPU,AMD R7 7800X3D,AMD,Ryzen 7,型號,Re: [情報] TPU評測7800X3D 2k/FHD/功耗輕鬆打13900k,https://www.ptt.cc/bbs/PC_Shopping/M.1680756024.A.B66.html,→,64K縮回32K IPC反而更好,04/06/2023,20896,True,負評
CPU,AMD R7 7800X3D,AMD,Ryzen 7,型號,Re: [情報] TPU評測7800X3D 2k/FHD/功耗輕鬆打13900k,https://www.ptt.cc/bbs/PC_Shopping/M.1680756024.A.B66.html,→,不過說實在的，這種低功高能的cpu拿去長期負載真的很安心,04/06/2023,20897,True,正評
CPU,AMD R7 7800X3D,AMD,Ryzen 7,型號,Re: [情報] TPU評測7800X3D 2k/FHD/功耗輕鬆打13900k,https://www.ptt.cc/bbs/PC_Shopping/M.1680756024.A.B66.html,→,成了這麼優異的結果，真期待以後能每顆ccd都上v cache，,04/06/2023,20898,True,正評
CPU,AMD R7 7800X3D,AMD,Ryzen 7,型號,Re: [情報] TPU評測7800X3D 2k/FHD/功耗輕鬆打13900k,https://www.ptt.cc/bbs/PC_Shopping/M.1680756024.A.B66.html,推,3D快取是對遊戲比較有利而已，要對工作產能有利要上HB,04/06/2023,20900,True,中立
CPU,AMD R7 7800X3D,AMD,Ryzen 7,型號(情報),[情報] 7800X3D Gamers Nexus評測,https://www.ptt.cc/bbs/PC_Shopping/M.1680705065.A.E02.html,推,用到這麼高階的處理器，卻只能跑1080P，是會被天下英雄,04/05/2023,20903,True,負評
CPU,AMD R7 7800X3D,AMD,Ryzen 7,型號(情報),[情報] 7800X3D Gamers Nexus評測,https://www.ptt.cc/bbs/PC_Shopping/M.1680705065.A.E02.html,推,1440P也是贏一截，看完整再來酸,04/05/2023,20905,True,中立
CPU,AMD R7 7800X3D,AMD,Ryzen 7,型號(情報),[情報] 7800X3D Gamers Nexus評測,https://www.ptt.cc/bbs/PC_Shopping/M.1680705065.A.E02.html,→,現在就拿去對付那些今年爛優化又加密的遊戲剛好..,04/05/2023,20907,True,正評
CPU,AMD R7 7800X3D,AMD,Ryzen 7,型號(情報),[情報] 7800X3D Gamers Nexus評測,https://www.ptt.cc/bbs/PC_Shopping/M.1680705065.A.E02.html,推,在2K下13代和zen4差異也不大，畢竟高解析度下，瓶頸不,04/05/2023,20910,True,中立
CPU,AMD R7 7800X3D,AMD,Ryzen 7,型號(情報),[情報] 7800X3D Gamers Nexus評測,https://www.ptt.cc/bbs/PC_Shopping/M.1680705065.A.E02.html,→,測1080P是能拉大處理器效能的間距 不懂的不要在那邊吵1080P,04/05/2023,20913,True,中立
CPU,AMD R7 7800X3D,AMD,Ryzen 7,型號(情報),[情報] 7800X3D Gamers Nexus評測,https://www.ptt.cc/bbs/PC_Shopping/M.1680705065.A.E02.html,推,CS到頭來極端點連1080都不會開 沒差啦,04/05/2023,20920,True,負評
CPU,AMD R7 7800X3D,AMD,Ryzen 7,型號(情報),[情報] 7800X3D Gamers Nexus評測,https://www.ptt.cc/bbs/PC_Shopping/M.1680705065.A.E02.html,推,Amd當初說的遊戲處理器甜蜜點在八核是真的,04/05/2023,20923,True,正評
CPU,AMD R7 7800X3D,AMD,Ryzen 7,型號(情報),[情報] 7800X3D Gamers Nexus評測,https://www.ptt.cc/bbs/PC_Shopping/M.1680705065.A.E02.html,推,10nm牙膏爛貨看了就礙眼,04/05/2023,20924,True,負評
CPU,AMD R7 7800X3D,AMD,Ryzen 7,型號(情報),[情報] 7800X3D Gamers Nexus評測,https://www.ptt.cc/bbs/PC_Shopping/M.1680705065.A.E02.html,推,CPU早就效能過剩了，所以功耗跟能耗比才是重點，7800X,04/05/2023,20925,True,中立
CPU,AMD R7 7800X3D,AMD,Ryzen 7,型號(情報),[情報] 7800X3D Gamers Nexus評測,https://www.ptt.cc/bbs/PC_Shopping/M.1680705065.A.E02.html,→,3D應該用原廠扇跟$4990的B650主機板就可以駕馭了,04/05/2023,20926,True,中立
CPU,AMD R7 7800X3D,AMD,Ryzen 7,型號(情報),[情報] 7800X3D Gamers Nexus評測,https://www.ptt.cc/bbs/PC_Shopping/M.1680705065.A.E02.html,推,牙膏製程真的需要跟上了，不然一直用功耗拉不是辦法,04/05/2023,20928,True,負評
CPU,AMD R7 7800X3D,AMD,Ryzen 7,型號(情報),[情報] 7800X3D Gamers Nexus評測,https://www.ptt.cc/bbs/PC_Shopping/M.1680705065.A.E02.html,推,這功耗真的贏太多,04/05/2023,20929,True,正評
CPU,AMD R7 7800X3D,AMD,Ryzen 7,型號(情報),[情報] 7800X3D Gamers Nexus評測,https://www.ptt.cc/bbs/PC_Shopping/M.1680705065.A.E02.html,→,cpu哪有效能過剩?都會讓4090碰上瓶頸了,04/05/2023,20932,True,中立
CPU,AMD R7 7800X3D,AMD,Ryzen 7,型號(情報),[情報] 7800X3D Gamers Nexus評測,https://www.ptt.cc/bbs/PC_Shopping/M.1680705065.A.E02.html,推,推個 X3D 跟純數字比 有X的涼超多,04/05/2023,20943,True,正評
CPU,AMD R7 7800X3D,AMD,Ryzen 7,型號(情報),[情報] 7800X3D Gamers Nexus評測,https://www.ptt.cc/bbs/PC_Shopping/M.1680705065.A.E02.html,→,看起來這顆才是真的7000系列 之前那些就當半殘品了,04/05/2023,20947,True,正評
CPU,AMD R7 7800X3D,AMD,Ryzen 7,型號(情報),[情報] 7800X3D Gamers Nexus評測,https://www.ptt.cc/bbs/PC_Shopping/M.1680705065.A.E02.html,推,這個價錢貴貴啊...450鎂＊最低匯率應該也要15K惹,04/05/2023,20949,True,中立
CPU,AMD R7 7800X3D,AMD,Ryzen 7,型號(情報),[情報] 7800X3D Gamers Nexus評測,https://www.ptt.cc/bbs/PC_Shopping/M.1680705065.A.E02.html,→,3D價位還是不親民,04/05/2023,20951,True,負評
CPU,AMD R7 7800X3D,AMD,Ryzen 7,型號(情報),[情報] 7800X3D Gamers Nexus評測,https://www.ptt.cc/bbs/PC_Shopping/M.1680705065.A.E02.html,→,近15K的CPU，就算遊戲最強但客群感覺還是很有限…,04/06/2023,20952,True,負評
CPU,AMD R7 7800X3D,AMD,Ryzen 7,型號(情報),[情報] 7800X3D Gamers Nexus評測,https://www.ptt.cc/bbs/PC_Shopping/M.1680705065.A.E02.html,→,價格不夠好吧 開4k那提升沒讓我多花五千塊覺得值得,04/06/2023,20953,True,負評
CPU,AMD R7 7800X3D,AMD,Ryzen 7,型號(情報),[情報] 7800X3D Gamers Nexus評測,https://www.ptt.cc/bbs/PC_Shopping/M.1680705065.A.E02.html,→,這顆最大受益者是ITX,04/06/2023,20957,True,中立
CPU,AMD R7 7800X3D,AMD,Ryzen 7,型號(情報),[情報] 7800X3D Gamers Nexus評測,https://www.ptt.cc/bbs/PC_Shopping/M.1680705065.A.E02.html,推,說只能跑1080P遊戲的 大概不知道DLSS/FSR在做啥吧,04/06/2023,20960,True,中立
CPU,AMD R7 7800X3D,AMD,Ryzen 7,型號(情報),[情報] 7800X3D Gamers Nexus評測,https://www.ptt.cc/bbs/PC_Shopping/M.1680705065.A.E02.html,→,該不會把寶貴的X3D cache做成中低階便宜賣,04/06/2023,20962,True,中立
CPU,AMD R7 7800X3D,AMD,Ryzen 7,型號(情報),[情報] 7800X3D Gamers Nexus評測,https://www.ptt.cc/bbs/PC_Shopping/M.1680705065.A.E02.html,→,可惜不出7600X3D 隱藏版中高階遊戲cp王,04/06/2023,20963,True,正評
CPU,AMD R7 7800X3D,AMD,Ryzen 7,型號(情報),[情報] 7800X3D Gamers Nexus評測,https://www.ptt.cc/bbs/PC_Shopping/M.1680705065.A.E02.html,→,產能就沒那麼多，把X3D用在R5，反而打到自家R7、R9更多,04/06/2023,20966,True,中立
CPU,AMD R7 7800X3D,AMD,Ryzen 7,型號(情報),[情報] 7800X3D Gamers Nexus評測,https://www.ptt.cc/bbs/PC_Shopping/M.1680705065.A.E02.html,→,模擬器 會建議7800x3d 還是13700k,04/06/2023,20968,True,正評
CPU,AMD R7 7800X3D,AMD,Ryzen 7,型號(情報),[情報] 7800X3D Gamers Nexus評測,https://www.ptt.cc/bbs/PC_Shopping/M.1680705065.A.E02.html,推,多開模擬器就13700 x3d應該對於這些工作幫助不大,04/06/2023,20973,True,中立
CPU,AMD R7 7800X3D,AMD,Ryzen 7,型號(情報),[情報] 7800X3D Gamers Nexus評測,https://www.ptt.cc/bbs/PC_Shopping/M.1680705065.A.E02.html,推,真香 希望價格也香(沒意外只能夢裡見,04/06/2023,20976,True,正評
CPU,AMD R7 7800X3D,AMD,Ryzen 7,型號(情報),[情報] 7800X3D Gamers Nexus評測,https://www.ptt.cc/bbs/PC_Shopping/M.1680705065.A.E02.html,推,4K 跟13900k不相上下 但是 功耗只有一半,04/06/2023,20982,True,正評
CPU,AMD R7 7800X3D,AMD,Ryzen 7,型號(情報),[情報] 7800X3D Gamers Nexus評測,https://www.ptt.cc/bbs/PC_Shopping/M.1680705065.A.E02.html,→,多開模擬器應該找不是X3D的R9吧,04/06/2023,20984,True,中立
CPU,AMD R7 7800X3D,AMD,Ryzen 7,型號(情報),[情報] 7800X3D Gamers Nexus評測,https://www.ptt.cc/bbs/PC_Shopping/M.1680705065.A.E02.html,→,那個game power consumption對比I家真的是顆顆...,04/06/2023,20988,True,中立
CPU,AMD R7 7800X3D,AMD,Ryzen 7,型號(情報),[情報] 7800X3D Gamers Nexus評測,https://www.ptt.cc/bbs/PC_Shopping/M.1680705065.A.E02.html,推,小核還要吃調度 模擬器還是直上R9省心,04/06/2023,20991,True,負評
CPU,AMD R7 7800X3D,AMD,Ryzen 7,型號(情報),[情報] 7800X3D Gamers Nexus評測,https://www.ptt.cc/bbs/PC_Shopping/M.1680705065.A.E02.html,→,78X3D至少也是真8核，多開模擬器也不至於推不動，除非一次1,04/06/2023,20992,True,中立
CPU,AMD R7 7800X3D,AMD,Ryzen 7,型號(情報),[情報] 7800X3D Gamers Nexus評測,https://www.ptt.cc/bbs/PC_Shopping/M.1680705065.A.E02.html,→,因為老實說看到fps 300 400這種的 覺得沒什麼差XD,04/06/2023,20996,True,中立
CPU,AMD R7 7800X3D,AMD,Ryzen 7,型號(情報),[情報] 7800X3D Gamers Nexus評測,https://www.ptt.cc/bbs/PC_Shopping/M.1680705065.A.E02.html,推,要不是40顯卡價格太臭 不然跟這78X3D搭起來應該很舒服,04/06/2023,20997,True,正評
CPU,AMD R7 7800X3D,AMD,Ryzen 7,型號(情報),[情報] 7800X3D Gamers Nexus評測,https://www.ptt.cc/bbs/PC_Shopping/M.1680705065.A.E02.html,→,二到 不得不說1080P打遊戲 那個FPS有感提升 打LOL原本200多,04/06/2023,21009,True,正評
CPU,AMD R7 7800X3D,AMD,Ryzen 7,型號(情報),[情報] 7800X3D Gamers Nexus評測,https://www.ptt.cc/bbs/PC_Shopping/M.1680705065.A.E02.html,→,變400多 PUBG原本畫質全低才144 現在可以畫質全部最高,04/06/2023,21010,True,正評
CPU,AMD R7 7800X3D,AMD,Ryzen 7,型號(情報),[情報] 7800X3D Gamers Nexus評測,https://www.ptt.cc/bbs/PC_Shopping/M.1680705065.A.E02.html,→,但組新機 這個價格還是不建議了,04/06/2023,21012,True,負評
CPU,AMD R7 7800X3D,AMD,Ryzen 7,型號(情報),[情報] 7800X3D Gamers Nexus評測,https://www.ptt.cc/bbs/PC_Shopping/M.1680705065.A.E02.html,推,能耗比也狂贏5800x3d 性能幾乎和7950x3d相同,04/06/2023,21013,True,正評
CPU,AMD R7 7800X3D,AMD,Ryzen 7,型號(情報),[情報] 7800X3D Gamers Nexus評測,https://www.ptt.cc/bbs/PC_Shopping/M.1680705065.A.E02.html,推,遊戲優勢只出現在1080p，這是垃圾第四台解析度欸,04/06/2023,21014,True,負評
CPU,AMD R7 7800X3D,AMD,Ryzen 7,型號(情報),[情報] 7800X3D Gamers Nexus評測,https://www.ptt.cc/bbs/PC_Shopping/M.1680705065.A.E02.html,推,1080 性能輸了 跳針扯 4K 只要你不尷尬 尷尬的就是別人,04/06/2023,21020,True,中立
CPU,AMD R7 7800X3D,AMD,Ryzen 7,型號(情報),[情報] 7800X3D Gamers Nexus評測,https://www.ptt.cc/bbs/PC_Shopping/M.1680705065.A.E02.html,推,遊戲50瓦很屌阿,04/06/2023,21025,True,正評
CPU,AMD R7 7800X3D,AMD,Ryzen 7,型號(情報),[情報] 7800X3D Gamers Nexus評測,https://www.ptt.cc/bbs/PC_Shopping/M.1680705065.A.E02.html,→,現在X3D就要4K還要打爆…,04/06/2023,21027,True,負評
CPU,AMD R7 7800X3D,AMD,Ryzen 7,型號(情報),[情報] 7800X3D Gamers Nexus評測,https://www.ptt.cc/bbs/PC_Shopping/M.1680705065.A.E02.html,→,是給有4090的人選擇吧  不然價差還不如升級顯卡,04/06/2023,21028,True,中立
CPU,AMD R7 7800X3D,AMD,Ryzen 7,型號(情報),[情報] 7800X3D Gamers Nexus評測,https://www.ptt.cc/bbs/PC_Shopping/M.1680705065.A.E02.html,→,78X3D能在4K摸到139K的邊邊就很值得欣慰了,04/06/2023,21029,True,正評
CPU,AMD R7 7800X3D,AMD,Ryzen 7,型號(情報),[情報] 7800X3D Gamers Nexus評測,https://www.ptt.cc/bbs/PC_Shopping/M.1680705065.A.E02.html,推,這遊戲能耗好猛 完全itx 救星,04/06/2023,21032,True,正評
CPU,AMD R7 7800X3D,AMD,Ryzen 7,型號(情報),[情報] 7800X3D Gamers Nexus評測,https://www.ptt.cc/bbs/PC_Shopping/M.1680705065.A.E02.html,→,這顆要15K.一點都不便宜好嗎....,04/06/2023,21040,True,中立
CPU,AMD R7 7800X3D,AMD,Ryzen 7,型號(情報),[情報] 7800X3D Gamers Nexus評測,https://www.ptt.cc/bbs/PC_Shopping/M.1680705065.A.E02.html,→,2K則升到20%，然後4K還是不到3%,04/06/2023,21042,True,中立
CPU,AMD R7 7800X3D,AMD,Ryzen 7,型號(情報),[情報] 7800X3D Gamers Nexus評測,https://www.ptt.cc/bbs/PC_Shopping/M.1680705065.A.E02.html,→,看Steam沒用啊，會買這顆CPU的人除了電競類的之外都不會,04/06/2023,21044,True,中立
CPU,AMD R7 7800X3D,AMD,Ryzen 7,型號(情報),[情報] 7800X3D Gamers Nexus評測,https://www.ptt.cc/bbs/PC_Shopping/M.1680705065.A.E02.html,推,或者是為了最佳化做不好的遊戲捏著鼻子買下去...,04/06/2023,21048,True,負評
CPU,AMD R7 7800X3D,AMD,Ryzen 7,型號(情報),[情報] 7800X3D Gamers Nexus評測,https://www.ptt.cc/bbs/PC_Shopping/M.1680705065.A.E02.html,推,一堆大作在PC都做不好最佳化 當然要買最頂的遊戲CPU才,04/06/2023,21049,True,正評
CPU,AMD R7 7800X3D,AMD,Ryzen 7,型號(情報),[情報] 7800X3D Gamers Nexus評測,https://www.ptt.cc/bbs/PC_Shopping/M.1680705065.A.E02.html,→,個萬元上下的U就夠了，這五千多花下去提升也不大。情況,04/06/2023,21053,True,中立
CPU,AMD R7 7800X3D,AMD,Ryzen 7,型號(情報),[情報] 7800X3D Gamers Nexus評測,https://www.ptt.cc/bbs/PC_Shopping/M.1680705065.A.E02.html,→,最大的問題我覺得還是15k這價錢…值得嗎？,04/06/2023,21056,True,負評
CPU,AMD R7 7800X3D,AMD,Ryzen 7,型號(情報),[情報] 7800X3D Gamers Nexus評測,https://www.ptt.cc/bbs/PC_Shopping/M.1680705065.A.E02.html,→,就價錢還是太高 沒辦法 1080P就主打CP值 價錢又不漂亮,04/06/2023,21057,True,負評
CPU,AMD R7 7800X3D,AMD,Ryzen 7,型號(情報),[情報] 7800X3D Gamers Nexus評測,https://www.ptt.cc/bbs/PC_Shopping/M.1680705065.A.E02.html,推,7800X3D以定價來看8c16t當然貴，但他就是跟13900,04/06/2023,21058,True,中立
CPU,AMD R7 7800X3D,AMD,Ryzen 7,型號(情報),[情報] 7800X3D Gamers Nexus評測,https://www.ptt.cc/bbs/PC_Shopping/M.1680705065.A.E02.html,→,對打的遊戲特化U，給玩家一個低溫低能耗的選擇,04/06/2023,21059,True,正評
CPU,AMD R7 7800X3D,AMD,Ryzen 7,型號(情報),[情報] 7800X3D Gamers Nexus評測,https://www.ptt.cc/bbs/PC_Shopping/M.1680705065.A.E02.html,→,4090+4k 你要低溫拿個7700 7600，跟7800X3D有差距大到,04/06/2023,21065,True,正評
CPU,AMD R7 7800X3D,AMD,Ryzen 7,型號(情報),[情報] 7800X3D Gamers Nexus評測,https://www.ptt.cc/bbs/PC_Shopping/M.1680705065.A.E02.html,→,7800X3D未來還是有降價空間，如果他想搶13600市場,04/06/2023,21067,True,中立
CPU,AMD R7 7800X3D,AMD,Ryzen 7,型號(情報),[情報] 7800X3D Gamers Nexus評測,https://www.ptt.cc/bbs/PC_Shopping/M.1680705065.A.E02.html,推,問就是生產力拉 這個價格買8C16T 都不能好好幹事了(反串,04/06/2023,21071,True,負評
CPU,AMD R7 7800X3D,AMD,Ryzen 7,型號(情報),[情報] 7800X3D Gamers Nexus評測,https://www.ptt.cc/bbs/PC_Shopping/M.1680705065.A.E02.html,→,花大錢那怎麼不直上7950X3D,04/06/2023,21072,True,中立
CPU,AMD R7 7800X3D,AMD,Ryzen 7,型號(情報),[情報] 7800X3D Gamers Nexus評測,https://www.ptt.cc/bbs/PC_Shopping/M.1680705065.A.E02.html,→,問題點就在 7800X3D不夠頂 也不夠經濟型,04/06/2023,21074,True,負評
CPU,AMD R7 7800X3D,AMD,Ryzen 7,型號(情報),[情報] 7800X3D Gamers Nexus評測,https://www.ptt.cc/bbs/PC_Shopping/M.1680705065.A.E02.html,→,價格貴不買等新U出就會降，但他就現在最好的遊戲U,04/06/2023,21077,True,正評
CPU,AMD R7 7800X3D,AMD,Ryzen 7,型號(情報),[情報] 7800X3D Gamers Nexus評測,https://www.ptt.cc/bbs/PC_Shopping/M.1680705065.A.E02.html,→,說真的X3D對我來說能耗跟溫度才是最亮眼的,04/06/2023,21078,True,正評
CPU,AMD R7 7800X3D,AMD,Ryzen 7,型號(情報),[情報] 7800X3D Gamers Nexus評測,https://www.ptt.cc/bbs/PC_Shopping/M.1680705065.A.E02.html,→,省電或者常常升級U的玩家會考慮吧，畢竟AM5還能用很久,04/06/2023,21080,True,中立
CPU,AMD R7 7800X3D,AMD,Ryzen 7,型號(情報),[情報] 7800X3D Gamers Nexus評測,https://www.ptt.cc/bbs/PC_Shopping/M.1680705065.A.E02.html,→,等降價就很有空間了  現在嚐鮮稅太貴不適合,04/06/2023,21082,True,負評
CPU,AMD R7 7800X3D,AMD,Ryzen 7,型號(情報),[情報] 7800X3D Gamers Nexus評測,https://www.ptt.cc/bbs/PC_Shopping/M.1680705065.A.E02.html,→,這顆評測看下來要組高階ITX遊戲機很適合阿  散熱好搞很多,04/06/2023,21085,True,正評
CPU,AMD R7 7800X3D,AMD,Ryzen 7,型號(情報),[情報] 7800X3D Gamers Nexus評測,https://www.ptt.cc/bbs/PC_Shopping/M.1680705065.A.E02.html,推,會搞ITX遊戲機的也不差這些錢,04/06/2023,21087,True,中立
CPU,AMD R7 7800X3D,AMD,Ryzen 7,型號(情報),[情報] 7800X3D Gamers Nexus評測,https://www.ptt.cc/bbs/PC_Shopping/M.1680705065.A.E02.html,→,重點是7950X3D遊戲效能並沒有贏過7800X3D 兩顆CCD調度,04/06/2023,21092,True,中立
CPU,AMD R7 7800X3D,AMD,Ryzen 7,型號(情報),[情報] 7800X3D Gamers Nexus評測,https://www.ptt.cc/bbs/PC_Shopping/M.1680705065.A.E02.html,→,3D V Cache 有效率問題。所以不是直上7950X3D就解決了,04/06/2023,21093,True,中立
CPU,AMD R7 7800X3D,AMD,Ryzen 7,型號(情報),[情報] 7800X3D Gamers Nexus評測,https://www.ptt.cc/bbs/PC_Shopping/M.1680705065.A.E02.html,推,要生產力的話我覺得沒必要拿到7950X3D 效益太低,04/06/2023,21095,True,中立
CPU,AMD R7 7800X3D,AMD,Ryzen 7,型號(情報),[情報] 7800X3D Gamers Nexus評測,https://www.ptt.cc/bbs/PC_Shopping/M.1680705065.A.E02.html,→,7950X還能降壓超頻調適一下 X3D沒得調(對懶人來說很方便,04/06/2023,21096,True,中立
CPU,AMD R7 7800X3D,AMD,Ryzen 7,型號(情報),[情報] 7800X3D Gamers Nexus評測,https://www.ptt.cc/bbs/PC_Shopping/M.1680705065.A.E02.html,→,專打遊戲 目前7800X3D>13900K>7950X3D,04/06/2023,21098,True,正評
CPU,AMD R7 7800X3D,AMD,Ryzen 7,型號(情報),[情報] 7800X3D Gamers Nexus評測,https://www.ptt.cc/bbs/PC_Shopping/M.1680705065.A.E02.html,→,這個價，不要遲疑立刻下單就對了，機會不再有,04/06/2023,21102,True,正評
CPU,AMD R7 7800X3D,AMD,Ryzen 7,型號(情報),[情報] 7800X3D Gamers Nexus評測,https://www.ptt.cc/bbs/PC_Shopping/M.1680705065.A.E02.html,推,贏13900k 3% 夠了啦 最強遊戲u取得,04/06/2023,21104,True,正評
CPU,AMD R7 7800X3D,AMD,Ryzen 7,型號(情報),[情報] 7800X3D Gamers Nexus評測,https://www.ptt.cc/bbs/PC_Shopping/M.1680705065.A.E02.html,→,"分 （同7950X預設）, 還可以再降一點電壓",04/06/2023,21108,True,中立
CPU,AMD R7 7800X3D,AMD,Ryzen 7,型號(情報),[情報] 7800X3D Gamers Nexus評測,https://www.ptt.cc/bbs/PC_Shopping/M.1680705065.A.E02.html,推,功耗不說，散熱器可以用風冷就壓的住吸引力還是差很多的,04/06/2023,21114,True,中立
CPU,AMD R7 7800X3D,AMD,Ryzen 7,型號(情報),[情報] 7800X3D Gamers Nexus評測,https://www.ptt.cc/bbs/PC_Shopping/M.1680705065.A.E02.html,推,生產力mac 打遊戲7800x3d，不過還是要看一下價格,04/06/2023,21115,True,中立
CPU,AMD R7 7800X3D,AMD,Ryzen 7,型號(情報),[情報] 7800X3D Gamers Nexus評測,https://www.ptt.cc/bbs/PC_Shopping/M.1680705065.A.E02.html,→,我覺得功耗高低影響主要在溫度跟廢熱 至少以台灣電費便宜,04/06/2023,21118,True,中立
CPU,AMD R7 7800X3D,AMD,Ryzen 7,型號(情報),[情報] 7800X3D Gamers Nexus評測,https://www.ptt.cc/bbs/PC_Shopping/M.1680705065.A.E02.html,→,來說 大家在意的應該不是那幾塊電費 而是散熱好不好壓 以,04/06/2023,21119,True,中立
CPU,AMD R7 7800X3D,AMD,Ryzen 7,型號(情報),[情報] 7800X3D Gamers Nexus評測,https://www.ptt.cc/bbs/PC_Shopping/M.1680705065.A.E02.html,→,及遊戲玩久了房間會變熱 尤其台灣很多租屋族房間小 高階,04/06/2023,21120,True,中立
CPU,AMD R7 7800X3D,AMD,Ryzen 7,型號(情報),[情報] 7800X3D Gamers Nexus評測,https://www.ptt.cc/bbs/PC_Shopping/M.1680705065.A.E02.html,→,CPU功耗低主要可以省一條買高階散熱器的費用,04/06/2023,21122,True,正評
CPU,AMD R7 7800X3D,AMD,Ryzen 7,型號(情報),[情報] 7800X3D Gamers Nexus評測,https://www.ptt.cc/bbs/PC_Shopping/M.1680705065.A.E02.html,推,看那個能耗害我都想出掉58x3d買來裝我的itx 了 換換病上,04/06/2023,21125,True,正評
CPU,AMD R7 7800X3D,AMD,Ryzen 7,型號(情報),[情報] 7800X3D Gamers Nexus評測,https://www.ptt.cc/bbs/PC_Shopping/M.1680705065.A.E02.html,推,多工就買7950x3d阿  組兩台幹嘛=  =,04/06/2023,21129,True,負評
CPU,AMD R7 7800X3D,AMD,Ryzen 7,型號(情報),[情報] 7800X3D Gamers Nexus評測,https://www.ptt.cc/bbs/PC_Shopping/M.1680705065.A.E02.html,→,要工作用的自然不會省,04/06/2023,21132,True,中立
CPU,AMD R7 7800X3D,AMD,Ryzen 7,型號(情報),[情報] 7800X3D Gamers Nexus評測,https://www.ptt.cc/bbs/PC_Shopping/M.1680705065.A.E02.html,→,這顆U就專為打電動而生，就讓它做擅長的事並無不妥,04/06/2023,21133,True,正評
CPU,AMD R7 7800X3D,AMD,Ryzen 7,型號(情報),[情報] 7800X3D Gamers Nexus評測,https://www.ptt.cc/bbs/PC_Shopping/M.1680705065.A.E02.html,→,這樣看下來136K還是兼具生產力和遊戲都最CP值的U,04/06/2023,21136,True,正評
CPU,AMD R7 7800X3D,AMD,Ryzen 7,型號(情報),[情報] 7800X3D Gamers Nexus評測,https://www.ptt.cc/bbs/PC_Shopping/M.1680705065.A.E02.html,→,136本來就最有CP花15000買顆u純跑game?,04/06/2023,21137,True,中立
CPU,AMD R7 7800X3D,AMD,Ryzen 7,型號(情報),[情報] 7800X3D Gamers Nexus評測,https://www.ptt.cc/bbs/PC_Shopping/M.1680705065.A.E02.html,→,價格如果跟58x3d差不多那就很有競爭力,04/06/2023,21138,True,中立
CPU,AMD R7 7800X3D,AMD,Ryzen 7,型號(情報),[情報] 7800X3D Gamers Nexus評測,https://www.ptt.cc/bbs/PC_Shopping/M.1680705065.A.E02.html,推,15K的價格帶就是比13700K多1千左右，少了生產力，多了遊,04/06/2023,21140,True,中立
CPU,AMD R7 7800X3D,AMD,Ryzen 7,型號(情報),[情報] 7800X3D Gamers Nexus評測,https://www.ptt.cc/bbs/PC_Shopping/M.1680705065.A.E02.html,→,戲效能，讓你花i7左右的錢享受i9的效能,04/06/2023,21141,True,正評
CPU,AMD R7 7800X3D,AMD,Ryzen 7,型號(情報),[情報] 7800X3D Gamers Nexus評測,https://www.ptt.cc/bbs/PC_Shopping/M.1680705065.A.E02.html,→,如果只是用來打電動的話，i7 i9是不用考慮了,04/06/2023,21142,True,中立
CPU,AMD R7 7800X3D,AMD,Ryzen 7,型號(情報),[情報] 7800X3D Gamers Nexus評測,https://www.ptt.cc/bbs/PC_Shopping/M.1680705065.A.E02.html,→,總之有一好沒兩好，你想要涼、省電、效能上打i9，就只能,04/06/2023,21143,True,正評
CPU,AMD R7 7800X3D,AMD,Ryzen 7,型號(情報),[情報] 7800X3D Gamers Nexus評測,https://www.ptt.cc/bbs/PC_Shopping/M.1680705065.A.E02.html,→,接受他除了打電動這點以外沒有更強的功能,04/06/2023,21144,True,中立
CPU,AMD R7 7800X3D,AMD,Ryzen 7,型號(情報),[情報] 7800X3D Gamers Nexus評測,https://www.ptt.cc/bbs/PC_Shopping/M.1680705065.A.E02.html,推,以個人電腦而言，純跑game機率高,04/06/2023,21147,True,中立
CPU,AMD R7 7800X3D,AMD,Ryzen 7,型號(情報),[情報] 7800X3D Gamers Nexus評測,https://www.ptt.cc/bbs/PC_Shopping/M.1680705065.A.E02.html,→,功耗這問題其實很微妙  AMD待機的時候功耗高蠻多的  你,04/06/2023,21157,True,中立
CPU,AMD R7 7800X3D,AMD,Ryzen 7,型號(情報),[情報] 7800X3D Gamers Nexus評測,https://www.ptt.cc/bbs/PC_Shopping/M.1680705065.A.E02.html,→,是台很強的工作機了，選擇能耗比高的可能是比較好的選擇,04/06/2023,21160,True,正評
CPU,AMD R7 7800X3D,AMD,Ryzen 7,型號(情報),[情報] 7800X3D Gamers Nexus評測,https://www.ptt.cc/bbs/PC_Shopping/M.1680705065.A.E02.html,推,可能剛升過40系顯卡 CPU還是舊的人可考慮,04/06/2023,21161,True,正評
CPU,AMD R7 7800X3D,AMD,Ryzen 7,型號(情報),[情報] 7800X3D Gamers Nexus評測,https://www.ptt.cc/bbs/PC_Shopping/M.1680705065.A.E02.html,→,可能要等降價 + DDR5也降比較香,04/06/2023,21163,True,中立
CPU,AMD R7 7800X3D,AMD,Ryzen 7,型號(情報),[情報] 7800X3D Gamers Nexus評測,https://www.ptt.cc/bbs/PC_Shopping/M.1680705065.A.E02.html,→,電沒差溫度也有差 連帶噪音也會比較低 差很多,04/06/2023,21164,True,正評
CPU,AMD R7 7800X3D,AMD,Ryzen 7,型號(情報),[情報] 7800X3D Gamers Nexus評測,https://www.ptt.cc/bbs/PC_Shopping/M.1680705065.A.E02.html,→,在120W以內就只是多幾條LED的耗電量，信仰比較重要,04/06/2023,21168,True,中立
CPU,AMD R7 7800X3D,AMD,Ryzen 7,型號(情報),[情報] 7800X3D Gamers Nexus評測,https://www.ptt.cc/bbs/PC_Shopping/M.1680705065.A.E02.html,→,ff14連13600k都輸 跟當初58x3d ff14暴打眾生也差太多,04/07/2023,21169,True,負評
CPU,AMD R7 7800X3D,AMD,Ryzen 7,型號(情報),[情報] 6 繁中媒體 7800X3D 性能解禁,https://www.ptt.cc/bbs/PC_Shopping/M.1680703697.A.746.html,推,滿適合組itx小鋼砲..,04/05/2023,21173,True,正評
CPU,AMD R7 7800X3D,AMD,Ryzen 7,型號(情報),[情報] 6 繁中媒體 7800X3D 性能解禁,https://www.ptt.cc/bbs/PC_Shopping/M.1680703697.A.746.html,推,遊戲支援DLSS/FSR的話 X3D還是有助益的,04/06/2023,21176,True,中立
CPU,AMD R7 7800X3D,AMD,Ryzen 7,型號(情報),[情報] TPU評測7800X3D 2k/FHD/功耗輕鬆打13900k,https://www.ptt.cc/bbs/PC_Shopping/M.1680703384.A.88F.html,推,直接爆打全部 5800X3D也是被打爆,04/05/2023,21184,True,正評
CPU,AMD R7 7800X3D,AMD,Ryzen 7,型號(情報),[情報] TPU評測7800X3D 2k/FHD/功耗輕鬆打13900k,https://www.ptt.cc/bbs/PC_Shopping/M.1680703384.A.88F.html,推,打爆58X3D剛好而已 沒打爆58X3D才真的會被笑,04/05/2023,21186,True,中立
CPU,AMD R7 7800X3D,AMD,Ryzen 7,型號(情報),[情報] TPU評測7800X3D 2k/FHD/功耗輕鬆打13900k,https://www.ptt.cc/bbs/PC_Shopping/M.1680703384.A.88F.html,推,4K這樣也夠強了...除了13代 海放其他都5%起了=.=...,04/05/2023,21187,True,正評
CPU,AMD R7 7800X3D,AMD,Ryzen 7,型號(情報),[情報] TPU評測7800X3D 2k/FHD/功耗輕鬆打13900k,https://www.ptt.cc/bbs/PC_Shopping/M.1680703384.A.88F.html,→,海放5%.jpg,04/05/2023,21189,True,正評
CPU,AMD R7 7800X3D,AMD,Ryzen 7,型號(情報),[情報] TPU評測7800X3D 2k/FHD/功耗輕鬆打13900k,https://www.ptt.cc/bbs/PC_Shopping/M.1680703384.A.88F.html,推,單烤FPU才100W有點猛,04/05/2023,21194,True,正評
CPU,AMD R7 7800X3D,AMD,Ryzen 7,型號(情報),[情報] TPU評測7800X3D 2k/FHD/功耗輕鬆打13900k,https://www.ptt.cc/bbs/PC_Shopping/M.1680703384.A.88F.html,推,這個耗電量是真的猛,04/05/2023,21198,True,正評
CPU,AMD R7 7800X3D,AMD,Ryzen 7,型號(情報),[情報] TPU評測7800X3D 2k/FHD/功耗輕鬆打13900k,https://www.ptt.cc/bbs/PC_Shopping/M.1680703384.A.88F.html,推,比較可惜的是7000x3d對4090沒有明顯增幅，表示瓶頸可,04/05/2023,21205,True,中立
CPU,AMD R7 7800X3D,AMD,Ryzen 7,型號(情報),[情報] TPU評測7800X3D 2k/FHD/功耗輕鬆打13900k,https://www.ptt.cc/bbs/PC_Shopping/M.1680703384.A.88F.html,推,也算有了吧 1080/2K贏不少 雖然買4090的應該蠻多...,04/05/2023,21207,True,正評
CPU,AMD R7 7800X3D,AMD,Ryzen 7,型號(情報),[情報] TPU評測7800X3D 2k/FHD/功耗輕鬆打13900k,https://www.ptt.cc/bbs/PC_Shopping/M.1680703384.A.88F.html,→,實測是連幽靈散熱器都能壓,04/05/2023,21209,True,正評
CPU,AMD R7 7800X3D,AMD,Ryzen 7,型號(情報),[情報] TPU評測7800X3D 2k/FHD/功耗輕鬆打13900k,https://www.ptt.cc/bbs/PC_Shopping/M.1680703384.A.88F.html,推,OPPO沒截到溫度 用U14S 跑遊戲預設65度 PBO67度,04/05/2023,21210,True,中立
CPU,AMD R7 7800X3D,AMD,Ryzen 7,型號(情報),[情報] TPU評測7800X3D 2k/FHD/功耗輕鬆打13900k,https://www.ptt.cc/bbs/PC_Shopping/M.1680703384.A.88F.html,→,最大問題還是單價 7600 6k不到 遊戲機價差投資顯卡最合理,04/05/2023,21211,True,中立
CPU,AMD R7 7800X3D,AMD,Ryzen 7,型號(情報),[情報] TPU評測7800X3D 2k/FHD/功耗輕鬆打13900k,https://www.ptt.cc/bbs/PC_Shopping/M.1680703384.A.88F.html,推,沒贏15%都不算,04/05/2023,21215,True,正評
CPU,AMD R7 7800X3D,AMD,Ryzen 7,型號(情報),[情報] TPU評測7800X3D 2k/FHD/功耗輕鬆打13900k,https://www.ptt.cc/bbs/PC_Shopping/M.1680703384.A.88F.html,→,7800X3D沒有這個問題,04/05/2023,21217,True,中立
CPU,AMD R7 7800X3D,AMD,Ryzen 7,型號(情報),[情報] TPU評測7800X3D 2k/FHD/功耗輕鬆打13900k,https://www.ptt.cc/bbs/PC_Shopping/M.1680703384.A.88F.html,→,所以平均FPS 7800X3D好看很多,04/05/2023,21218,True,正評
CPU,AMD R7 7800X3D,AMD,Ryzen 7,型號(情報),[情報] TPU評測7800X3D 2k/FHD/功耗輕鬆打13900k,https://www.ptt.cc/bbs/PC_Shopping/M.1680703384.A.88F.html,推,這功耗跟效能…..,04/05/2023,21222,True,中立
CPU,AMD R7 7800X3D,AMD,Ryzen 7,型號(情報),[情報] TPU評測7800X3D 2k/FHD/功耗輕鬆打13900k,https://www.ptt.cc/bbs/PC_Shopping/M.1680703384.A.88F.html,推,AMD幫你省電費，反觀i家,04/05/2023,21223,True,正評
CPU,AMD R7 7800X3D,AMD,Ryzen 7,型號(情報),[情報] TPU評測7800X3D 2k/FHD/功耗輕鬆打13900k,https://www.ptt.cc/bbs/PC_Shopping/M.1680703384.A.88F.html,推,LTT算7800X3D和13600k相比，用五年加州電費差70美金，英國,04/05/2023,21230,True,中立
CPU,AMD R7 7800X3D,AMD,Ryzen 7,型號(情報),[情報] TPU評測7800X3D 2k/FHD/功耗輕鬆打13900k,https://www.ptt.cc/bbs/PC_Shopping/M.1680703384.A.88F.html,→,電費差110美金,04/05/2023,21231,True,中立
CPU,AMD R7 7800X3D,AMD,Ryzen 7,型號(情報),[情報] TPU評測7800X3D 2k/FHD/功耗輕鬆打13900k,https://www.ptt.cc/bbs/PC_Shopping/M.1680703384.A.88F.html,推,"無K 鎖SA電壓,有K 功耗難看.13代仍是失敗品",04/05/2023,21232,True,中立
CPU,AMD R7 7800X3D,AMD,Ryzen 7,型號(情報),[情報] TPU評測7800X3D 2k/FHD/功耗輕鬆打13900k,https://www.ptt.cc/bbs/PC_Shopping/M.1680703384.A.88F.html,推,太猛了吧 便宜的哀皇還在海上嗎QQ,04/05/2023,21235,True,正評
CPU,AMD R7 7800X3D,AMD,Ryzen 7,型號(情報),[情報] TPU評測7800X3D 2k/FHD/功耗輕鬆打13900k,https://www.ptt.cc/bbs/PC_Shopping/M.1680703384.A.88F.html,推,真的遊戲神U 360水冷那什麼麻煩東西 肥宅我不認識,04/05/2023,21243,True,正評
CPU,AMD R7 7800X3D,AMD,Ryzen 7,型號(情報),[情報] TPU評測7800X3D 2k/FHD/功耗輕鬆打13900k,https://www.ptt.cc/bbs/PC_Shopping/M.1680703384.A.88F.html,推,在那邊超RAM調PBO或者Boost真的很煩了 這顆就是無腦用,04/05/2023,21246,True,正評
CPU,AMD R7 7800X3D,AMD,Ryzen 7,型號(情報),[情報] TPU評測7800X3D 2k/FHD/功耗輕鬆打13900k,https://www.ptt.cc/bbs/PC_Shopping/M.1680703384.A.88F.html,→,78X3D目前最強遊戲U沒錯，13600K一樣還是高CP值，信徒承,04/05/2023,21251,True,正評
CPU,AMD R7 7800X3D,AMD,Ryzen 7,型號(情報),[情報] TPU評測7800X3D 2k/FHD/功耗輕鬆打13900k,https://www.ptt.cc/bbs/PC_Shopping/M.1680703384.A.88F.html,推,看到4k下跟13600k沒啥差就好了 1080p與我無關,04/05/2023,21252,True,中立
CPU,AMD R7 7800X3D,AMD,Ryzen 7,型號(情報),[情報] TPU評測7800X3D 2k/FHD/功耗輕鬆打13900k,https://www.ptt.cc/bbs/PC_Shopping/M.1680703384.A.88F.html,→,(但5600看起來是搶不贏)，13600K就獨佔中價位遊戲機，780,04/05/2023,21254,True,中立
CPU,AMD R7 7800X3D,AMD,Ryzen 7,型號(情報),[情報] TPU評測7800X3D 2k/FHD/功耗輕鬆打13900k,https://www.ptt.cc/bbs/PC_Shopping/M.1680703384.A.88F.html,→,0X3D可以包中高到高價位遊戲機,04/05/2023,21255,True,正評
CPU,AMD R7 7800X3D,AMD,Ryzen 7,型號(情報),[情報] TPU評測7800X3D 2k/FHD/功耗輕鬆打13900k,https://www.ptt.cc/bbs/PC_Shopping/M.1680703384.A.88F.html,推,組起來除了CPU，其他都超省啊，節能溫度低，A620也能跑，只,04/05/2023,21257,True,正評
CPU,AMD R7 7800X3D,AMD,Ryzen 7,型號(情報),[情報] TPU評測7800X3D 2k/FHD/功耗輕鬆打13900k,https://www.ptt.cc/bbs/PC_Shopping/M.1680703384.A.88F.html,→,要低階風冷也行，D5普通條就好，省爆,04/05/2023,21258,True,正評
CPU,AMD R7 7800X3D,AMD,Ryzen 7,型號(情報),[情報] TPU評測7800X3D 2k/FHD/功耗輕鬆打13900k,https://www.ptt.cc/bbs/PC_Shopping/M.1680703384.A.88F.html,推,嘴1080p的乾脆都去買13100就好啊  還可以用原廠扇幫,04/05/2023,21261,True,負評
CPU,AMD R7 7800X3D,AMD,Ryzen 7,型號(情報),[情報] TPU評測7800X3D 2k/FHD/功耗輕鬆打13900k,https://www.ptt.cc/bbs/PC_Shopping/M.1680703384.A.88F.html,→,你省大錢  而且測試也有丟2k跟4k現在是都選擇性忽略,04/05/2023,21262,True,正評
CPU,AMD R7 7800X3D,AMD,Ryzen 7,型號(情報),[情報] TPU評測7800X3D 2k/FHD/功耗輕鬆打13900k,https://www.ptt.cc/bbs/PC_Shopping/M.1680703384.A.88F.html,推,13600k很棒啊，78X3D遊戲更棒 吵啥,04/05/2023,21270,True,正評
CPU,AMD R7 7800X3D,AMD,Ryzen 7,型號(情報),[情報] TPU評測7800X3D 2k/FHD/功耗輕鬆打13900k,https://www.ptt.cc/bbs/PC_Shopping/M.1680703384.A.88F.html,推,用不到4K的玩家預算也不到這U吧,04/05/2023,21272,True,中立
CPU,AMD R7 7800X3D,AMD,Ryzen 7,型號(情報),[情報] TPU評測7800X3D 2k/FHD/功耗輕鬆打13900k,https://www.ptt.cc/bbs/PC_Shopping/M.1680703384.A.88F.html,推,感覺低溫省電不錯 但三件套組起來好像比13600K貴不少,04/05/2023,21273,True,中立
CPU,AMD R7 7800X3D,AMD,Ryzen 7,型號(情報),[情報] TPU評測7800X3D 2k/FHD/功耗輕鬆打13900k,https://www.ptt.cc/bbs/PC_Shopping/M.1680703384.A.88F.html,推,遊戲功耗只有13900k的三分之一  真香,04/05/2023,21274,True,正評
CPU,AMD R7 7800X3D,AMD,Ryzen 7,型號(情報),[情報] TPU評測7800X3D 2k/FHD/功耗輕鬆打13900k,https://www.ptt.cc/bbs/PC_Shopping/M.1680703384.A.88F.html,→,真的要跑4K也不太需要X3D FPS差異很小  2K以下才是主戰場,04/05/2023,21276,True,中立
CPU,AMD R7 7800X3D,AMD,Ryzen 7,型號(情報),[情報] TPU評測7800X3D 2k/FHD/功耗輕鬆打13900k,https://www.ptt.cc/bbs/PC_Shopping/M.1680703384.A.88F.html,推,4K遊戲效益在跑DLSS/FSR時比較容易顯現,04/05/2023,21278,True,中立
CPU,AMD R7 7800X3D,AMD,Ryzen 7,型號(情報),[情報] TPU評測7800X3D 2k/FHD/功耗輕鬆打13900k,https://www.ptt.cc/bbs/PC_Shopping/M.1680703384.A.88F.html,推,90W組ITX遊戲機不錯 用利民axp應該就能壓,04/05/2023,21280,True,正評
CPU,AMD R7 7800X3D,AMD,Ryzen 7,型號(情報),[情報] TPU評測7800X3D 2k/FHD/功耗輕鬆打13900k,https://www.ptt.cc/bbs/PC_Shopping/M.1680703384.A.88F.html,推,15k的話光U就差快5K了吧 AM5主板又偏貴+DDR5價差 8K以上?,04/05/2023,21281,True,中立
CPU,AMD R7 7800X3D,AMD,Ryzen 7,型號(情報),[情報] TPU評測7800X3D 2k/FHD/功耗輕鬆打13900k,https://www.ptt.cc/bbs/PC_Shopping/M.1680703384.A.88F.html,→,樣把13700K抓來比才對，10k價位13600K真的就沒對手,04/06/2023,21283,True,正評
CPU,AMD R7 7800X3D,AMD,Ryzen 7,型號(情報),[情報] TPU評測7800X3D 2k/FHD/功耗輕鬆打13900k,https://www.ptt.cc/bbs/PC_Shopping/M.1680703384.A.88F.html,推,看起來比較適合1080P跟2k玩家，4k玩家就不用買到這顆,04/06/2023,21287,True,中立
CPU,AMD R7 7800X3D,AMD,Ryzen 7,型號(情報),[情報] TPU評測7800X3D 2k/FHD/功耗輕鬆打13900k,https://www.ptt.cc/bbs/PC_Shopping/M.1680703384.A.88F.html,推,跟137K比就是遊戲方面贏，但是生產力和其他用途就137K比,04/06/2023,21288,True,中立
CPU,AMD R7 7800X3D,AMD,Ryzen 7,型號(情報),[情報] TPU評測7800X3D 2k/FHD/功耗輕鬆打13900k,https://www.ptt.cc/bbs/PC_Shopping/M.1680703384.A.88F.html,→,較優勢，同價位帶選擇就看需求用途,04/06/2023,21289,True,中立
CPU,AMD R7 7800X3D,AMD,Ryzen 7,型號(情報),[情報] TPU評測7800X3D 2k/FHD/功耗輕鬆打13900k,https://www.ptt.cc/bbs/PC_Shopping/M.1680703384.A.88F.html,推,這樣來看7950x3D真的尬，遊戲沒比78x3D明顯強，生產力,04/06/2023,21290,True,中立
CPU,AMD R7 7800X3D,AMD,Ryzen 7,型號(情報),[情報] TPU評測7800X3D 2k/FHD/功耗輕鬆打13900k,https://www.ptt.cc/bbs/PC_Shopping/M.1680703384.A.88F.html,→,也沒強於純7950，定位有點不明,04/06/2023,21291,True,中立
CPU,AMD R7 7800X3D,AMD,Ryzen 7,型號(情報),[情報] TPU評測7800X3D 2k/FHD/功耗輕鬆打13900k,https://www.ptt.cc/bbs/PC_Shopping/M.1680703384.A.88F.html,推,只玩4k遊戲的話 要比較1% low fps為主  看平均沒有用,04/06/2023,21292,True,中立
CPU,AMD R7 7800X3D,AMD,Ryzen 7,型號(情報),[情報] TPU評測7800X3D 2k/FHD/功耗輕鬆打13900k,https://www.ptt.cc/bbs/PC_Shopping/M.1680703384.A.88F.html,推,如果4K遊戲有開DLSS/FSR的話 結果應該會往2K/1080P趨近,04/06/2023,21293,True,中立
CPU,AMD R7 7800X3D,AMD,Ryzen 7,型號(情報),[情報] TPU評測7800X3D 2k/FHD/功耗輕鬆打13900k,https://www.ptt.cc/bbs/PC_Shopping/M.1680703384.A.88F.html,推,但如果我就是遊戲專用 兩邊的首選就是這兩顆吧,04/06/2023,21294,True,正評
CPU,AMD R7 7800X3D,AMD,Ryzen 7,型號(情報),[情報] TPU評測7800X3D 2k/FHD/功耗輕鬆打13900k,https://www.ptt.cc/bbs/PC_Shopping/M.1680703384.A.88F.html,推,7950X3D需要微軟幫忙在OS優化吧 理論上要大於等於7800X3D,04/06/2023,21296,True,中立
CPU,AMD R7 7800X3D,AMD,Ryzen 7,型號(情報),[情報] TPU評測7800X3D 2k/FHD/功耗輕鬆打13900k,https://www.ptt.cc/bbs/PC_Shopping/M.1680703384.A.88F.html,推,這cpu打遊戲不會變暖爐主機了,04/06/2023,21299,True,正評
CPU,AMD R7 7800X3D,AMD,Ryzen 7,型號(情報),[情報] TPU評測7800X3D 2k/FHD/功耗輕鬆打13900k,https://www.ptt.cc/bbs/PC_Shopping/M.1680703384.A.88F.html,推,intel 200w打不贏50w,04/06/2023,21300,True,正評
CPU,AMD R7 7800X3D,AMD,Ryzen 7,型號(情報),[情報] TPU評測7800X3D 2k/FHD/功耗輕鬆打13900k,https://www.ptt.cc/bbs/PC_Shopping/M.1680703384.A.88F.html,→,沒什麼差 要是之後價格接近就真的屌打了,04/06/2023,21306,True,中立
CPU,AMD R7 7800X3D,AMD,Ryzen 7,型號(情報),[情報] TPU評測7800X3D 2k/FHD/功耗輕鬆打13900k,https://www.ptt.cc/bbs/PC_Shopping/M.1680703384.A.88F.html,推,只要解析度超過1080p就廢了,04/06/2023,21307,True,中立
CPU,AMD R7 7800X3D,AMD,Ryzen 7,型號(情報),[情報] TPU評測7800X3D 2k/FHD/功耗輕鬆打13900k,https://www.ptt.cc/bbs/PC_Shopping/M.1680703384.A.88F.html,推,功耗這麼低希望能放到筆電上,04/06/2023,21309,True,中立
CPU,AMD R7 7800X3D,AMD,Ryzen 7,型號(情報),[情報] TPU評測7800X3D 2k/FHD/功耗輕鬆打13900k,https://www.ptt.cc/bbs/PC_Shopping/M.1680703384.A.88F.html,推,這顆就玩遊戲最強的的選擇，溫度又低,04/06/2023,21311,True,正評
CPU,AMD R7 7800X3D,AMD,Ryzen 7,型號(情報),[情報] TPU評測7800X3D 2k/FHD/功耗輕鬆打13900k,https://www.ptt.cc/bbs/PC_Shopping/M.1680703384.A.88F.html,推,臭打遊戲兼一定生產力,04/06/2023,21313,True,正評
CPU,AMD R7 7800X3D,AMD,Ryzen 7,型號(情報),[情報] TPU評測7800X3D 2k/FHD/功耗輕鬆打13900k,https://www.ptt.cc/bbs/PC_Shopping/M.1680703384.A.88F.html,→,這顆低溫才是最大賣點，再也不用買個三小水冷,04/06/2023,21314,True,正評
CPU,AMD R7 7800X3D,AMD,Ryzen 7,型號(情報),[情報] TPU評測7800X3D 2k/FHD/功耗輕鬆打13900k,https://www.ptt.cc/bbs/PC_Shopping/M.1680703384.A.88F.html,推,這種好U搭A620不會太丐嗎,04/06/2023,21318,True,中立
CPU,AMD R7 7800X3D,AMD,Ryzen 7,型號(情報),[情報] TPU評測7800X3D 2k/FHD/功耗輕鬆打13900k,https://www.ptt.cc/bbs/PC_Shopping/M.1680703384.A.88F.html,推,ITX救星！錢拿去，快開賣吧,04/06/2023,21319,True,正評
CPU,AMD R7 7800X3D,AMD,Ryzen 7,型號(情報),[情報] TPU評測7800X3D 2k/FHD/功耗輕鬆打13900k,https://www.ptt.cc/bbs/PC_Shopping/M.1680703384.A.88F.html,→,筆電用40系顯卡加7800x3d大概就是我們等了十年以上的優,04/06/2023,21322,True,正評
CPU,AMD R7 7800X3D,AMD,Ryzen 7,型號(情報),[情報] 7800X3D評測,https://www.ptt.cc/bbs/PC_Shopping/M.1680702932.A.338.html,推,有贏13900KS 15%?,04/05/2023,21327,True,中立
CPU,AMD R7 7800X3D,AMD,Ryzen 7,型號(情報),[情報] 7800X3D評測,https://www.ptt.cc/bbs/PC_Shopping/M.1680702932.A.338.html,推,https://imgur.com/LyksrYE 功耗有贏超過15%,04/05/2023,21328,True,正評
CPU,AMD R7 7800X3D,AMD,Ryzen 7,型號(情報),[情報] 7800X3D評測,https://www.ptt.cc/bbs/PC_Shopping/M.1680702932.A.338.html,→,這顆配張B板+幽靈散熱器就壓住了,04/05/2023,21330,True,中立
CPU,AMD R7 7800X3D,AMD,Ryzen 7,型號(情報),[情報] 7800X3D評測,https://www.ptt.cc/bbs/PC_Shopping/M.1680702932.A.338.html,推,別的不說 功耗還真的屌虐 GG 5nm+AMD特地調教 能效比超,04/05/2023,21333,True,正評
CPU,AMD R7 7800X3D,AMD,Ryzen 7,型號(情報),[情報] 7800X3D評測,https://www.ptt.cc/bbs/PC_Shopping/M.1680702932.A.338.html,推,和7950x3d關掉CCD1的成績差不多，今年以玩遊戲為主的,04/05/2023,21335,True,中立
CPU,AMD R7 7800X3D,AMD,Ryzen 7,型號(情報),[情報] 7800X3D評測,https://www.ptt.cc/bbs/PC_Shopping/M.1680702932.A.338.html,→,消費者，15k以上的CPU都不用考慮了,04/05/2023,21336,True,中立
CPU,AMD R7 7800X3D,AMD,Ryzen 7,型號(情報),[情報] 7800X3D評測,https://www.ptt.cc/bbs/PC_Shopping/M.1680702932.A.338.html,推,身為Factorio 500小時的玩家表示讚,04/05/2023,21340,True,正評
CPU,AMD R7 7800X3D,AMD,Ryzen 7,型號(情報),[情報] 7800X3D評測,https://www.ptt.cc/bbs/PC_Shopping/M.1680702932.A.338.html,推,滿載80W 真的強,04/05/2023,21343,True,正評
CPU,AMD R7 7800X3D,AMD,Ryzen 7,型號(情報),[情報] 7800X3D評測,https://www.ptt.cc/bbs/PC_Shopping/M.1680702932.A.338.html,推,80W這數字太扯了，三分之一的功耗就能打贏13900K,04/05/2023,21344,True,正評
CPU,AMD R7 7800X3D,AMD,Ryzen 7,型號(情報),[情報] 7800X3D評測,https://www.ptt.cc/bbs/PC_Shopping/M.1680702932.A.338.html,推,滿載80W 已經外星科技了吧,04/05/2023,21350,True,正評
CPU,AMD R7 7800X3D,AMD,Ryzen 7,型號(情報),[情報] 7800X3D評測,https://www.ptt.cc/bbs/PC_Shopping/M.1680702932.A.338.html,推,這功耗真的太鬼了...,04/06/2023,21364,True,正評
CPU,AMD R7 7800X3D,AMD,Ryzen 7,型號(情報),[情報] 7800X3D評測,https://www.ptt.cc/bbs/PC_Shopping/M.1680702932.A.338.html,推,因為X3D的快取對電壓敏感  又不太能超頻率  自然就省電吧？,04/06/2023,21365,True,中立
CPU,AMD R7 7800X3D,AMD,Ryzen 7,型號(情報),[情報] 7800X3D評測,https://www.ptt.cc/bbs/PC_Shopping/M.1680702932.A.338.html,推,滿載80w...好鬼,04/06/2023,21368,True,中立
CPU,AMD R7 7800X3D,AMD,Ryzen 7,型號(情報),[情報] 7800X3D評測,https://www.ptt.cc/bbs/PC_Shopping/M.1680702932.A.338.html,→,AMD能耗比本來就好蠻多的 只是這代發瘋為了跑分贏去電,04/06/2023,21370,True,中立
CPU,AMD R7 7800X3D,AMD,Ryzen 7,型號(情報),[情報] 7800X3D評測,https://www.ptt.cc/bbs/PC_Shopping/M.1680702932.A.338.html,→,爛掉而已 不然電上去多50~100W提升超少的,04/06/2023,21371,True,負評
CPU,AMD R7 7800X3D,AMD,Ryzen 7,型號(情報),[情報] 7800X3D加拿大開價15k 比上一代貴10%,https://www.ptt.cc/bbs/PC_Shopping/M.1680618949.A.80A.html,推,多3k就有13900k 除非低幀贏15% 不然不如買13900k,04/04/2023,21374,True,負評
CPU,AMD R7 7800X3D,AMD,Ryzen 7,型號(情報),[情報] 7800X3D加拿大開價15k 比上一代貴10%,https://www.ptt.cc/bbs/PC_Shopping/M.1680618949.A.80A.html,→,沒貴15％都算輸,04/04/2023,21378,True,負評
CPU,AMD R7 7800X3D,AMD,Ryzen 7,型號(情報),[情報] 7800X3D加拿大開價15k 比上一代貴10%,https://www.ptt.cc/bbs/PC_Shopping/M.1680618949.A.80A.html,→,"如今也好, 旗艦買 AM5, 中低階買 AM4, 效能也不錯!^_^",04/04/2023,21380,True,中立
CPU,AMD R7 7800X3D,AMD,Ryzen 7,型號(情報),[情報] 7800X3D加拿大開價15k 比上一代貴10%,https://www.ptt.cc/bbs/PC_Shopping/M.1680618949.A.80A.html,推,X3D是拿來提升競技遊戲的1%low的 有多個5~10%就達成,04/04/2023,21387,True,中立
CPU,AMD R7 7800X3D,AMD,Ryzen 7,型號(情報),[情報] 7800X3D加拿大開價15k 比上一代貴10%,https://www.ptt.cc/bbs/PC_Shopping/M.1680618949.A.80A.html,→,價位跟79x接近 感覺就難,04/04/2023,21390,True,負評
CPU,AMD R7 7800X3D,AMD,Ryzen 7,型號(情報),[情報] 7800X3D加拿大開價15k 比上一代貴10%,https://www.ptt.cc/bbs/PC_Shopping/M.1680618949.A.80A.html,推,15K很便宜了，蘇嬤雖然是為了練手，但肯下放真的很佛,04/04/2023,21393,True,正評
CPU,AMD R7 7800X3D,AMD,Ryzen 7,型號(情報),[情報] 7800X3D加拿大開價15k 比上一代貴10%,https://www.ptt.cc/bbs/PC_Shopping/M.1680618949.A.80A.html,→,只能說臭打遊戲了 CP值就輸7950X/139K惹,04/04/2023,21394,True,負評
CPU,AMD R7 7800X3D,AMD,Ryzen 7,型號(情報),[情報] 7800X3D加拿大開價15k 比上一代貴10%,https://www.ptt.cc/bbs/PC_Shopping/M.1680618949.A.80A.html,→,13700k在這顆面前沒什麼競爭力，有降價壓力,04/04/2023,21395,True,正評
CPU,AMD R7 7800X3D,AMD,Ryzen 7,型號(情報),[情報] 7800X3D加拿大開價15k 比上一代貴10%,https://www.ptt.cc/bbs/PC_Shopping/M.1680618949.A.80A.html,→,當初5800x3D也是被嫌貴 後來突然變成神U,04/04/2023,21397,True,中立
CPU,AMD R7 7800X3D,AMD,Ryzen 7,型號(情報),[情報] 7800X3D加拿大開價15k 比上一代貴10%,https://www.ptt.cc/bbs/PC_Shopping/M.1680618949.A.80A.html,推,5800X3D是9970才變神U，所以價錢決定一切，這顆賣超過15K就,04/05/2023,21398,True,負評
CPU,AMD R7 7800X3D,AMD,Ryzen 7,型號(情報),[情報] 7800X3D加拿大開價15k 比上一代貴10%,https://www.ptt.cc/bbs/PC_Shopping/M.1680618949.A.80A.html,→,就算效能高15% 價格貴30%的話接受度應該還是不高,04/05/2023,21403,True,負評
CPU,AMD R7 7800X3D,AMD,Ryzen 7,型號(情報),[情報] 7800X3D加拿大開價15k 比上一代貴10%,https://www.ptt.cc/bbs/PC_Shopping/M.1680618949.A.80A.html,噓,7800x3d跟5800x3d同價誰要買58x3d,04/05/2023,21409,True,負評
CPU,AMD R7 7800X3D,AMD,Ryzen 7,型號(情報),[情報] 7800X3D加拿大開價15k 比上一代貴10%,https://www.ptt.cc/bbs/PC_Shopping/M.1680618949.A.80A.html,推,12k+送遊戲就買 應該不用等太久(?,04/05/2023,21415,True,正評
CPU,AMD R7 7800X3D,AMD,Ryzen 7,型號(情報),[情報] 7800X3D加拿大開價15k 比上一代貴10%,https://www.ptt.cc/bbs/PC_Shopping/M.1680618949.A.80A.html,推,5800x3d變神U是因為大降價，不降價的話一樣是屎,04/05/2023,21416,True,負評
CPU,AMD R7 7800X3D,AMD,Ryzen 7,型號(情報),[情報] 7800X3D加拿大開價15k 比上一代貴10%,https://www.ptt.cc/bbs/PC_Shopping/M.1680618949.A.80A.html,→,5800X3d變神應該是13代出來 遊戲效能一樣強才價格10K,04/05/2023,21417,True,中立
CPU,AMD R7 7800X3D,AMD,Ryzen 7,型號(情報),[情報] 7800X3D加拿大開價15k 比上一代貴10%,https://www.ptt.cc/bbs/PC_Shopping/M.1680618949.A.80A.html,→,馬上搶光 再有貨就是現在這種鬼島價格了,04/05/2023,21418,True,中立
CPU,AMD R7 7800X3D,AMD,Ryzen 7,型號(情報),[情報] 7800X3D加拿大開價15k 比上一代貴10%,https://www.ptt.cc/bbs/PC_Shopping/M.1680618949.A.80A.html,推,這訂價就是和i7對打的啊,04/05/2023,21419,True,中立
CPU,AMD R7 7800X3D,AMD,Ryzen 7,型號(情報),[情報] 7800X3D加拿大開價15k 比上一代貴10%,https://www.ptt.cc/bbs/PC_Shopping/M.1680618949.A.80A.html,推,15K可以摸到20K的邊邊   好像也不賴喔,04/05/2023,21421,True,正評
CPU,AMD R7 7800X3D,AMD,Ryzen 7,型號(情報),[情報] 7800X3D加拿大開價15k 比上一代貴10%,https://www.ptt.cc/bbs/PC_Shopping/M.1680618949.A.80A.html,推,如果看前面兩顆X3D的表現，那不是摸到邊邊，是大部份遊戲,04/05/2023,21422,True,中立
CPU,AMD R7 7800X3D,AMD,Ryzen 7,型號(情報),[情報] 7800X3D加拿大開價15k 比上一代貴10%,https://www.ptt.cc/bbs/PC_Shopping/M.1680618949.A.80A.html,→,https://i.imgur.com/rhgjvaG.jpg 趕快買一顆壓壓驚,04/06/2023,21426,True,正評
CPU,AMD R7 7800X3D,AMD,Ryzen 7,型號(情報),[情報] 7星開啟優化設定後讓7800X3D最高強12%,https://www.ptt.cc/bbs/PC_Shopping/M.1680612962.A.BA1.html,→,說是對CPU效能異常敏感的異類，保守而言不確定4080及,04/04/2023,21436,True,中立
CPU,AMD R7 7800X3D,AMD,Ryzen 7,型號(情報),[情報] 7星開啟優化設定後讓7800X3D最高強12%,https://www.ptt.cc/bbs/PC_Shopping/M.1680612962.A.BA1.html,→,以下能否有如此差異。再來看這幀率，完全有能力跑在4k,04/04/2023,21437,True,中立
CPU,AMD R7 7800X3D,AMD,Ryzen 7,型號(情報),[情報] 7星開啟優化設定後讓7800X3D最高強12%,https://www.ptt.cc/bbs/PC_Shopping/M.1680612962.A.BA1.html,推,不過微星還是幹得好，選X3D的就不是太看重CP的消費者,04/04/2023,21441,True,中立
CPU,AMD R7 7800X3D,AMD,Ryzen 7,型號(情報),[情報] 7星開啟優化設定後讓7800X3D最高強12%,https://www.ptt.cc/bbs/PC_Shopping/M.1680612962.A.BA1.html,推,你要經常多開還是13900k比較好，其他是7800X3d比較好,04/04/2023,21443,True,中立
CPU,AMD R7 7800X3D,AMD,Ryzen 7,型號(情報),[情報] 7星開啟優化設定後讓7800X3D最高強12%,https://www.ptt.cc/bbs/PC_Shopping/M.1680612962.A.BA1.html,→,跑FF14的benchmark 7950X3D min140 13900K 131....,04/04/2023,21446,True,中立
CPU,AMD R7 7800X3D,AMD,Ryzen 7,型號(情報),[情報] 7星開啟優化設定後讓7800X3D最高強12%,https://www.ptt.cc/bbs/PC_Shopping/M.1680612962.A.BA1.html,推,星星板子真的值得推,04/07/2023,21452,True,正評
CPU,AMD R7 7800X3D,AMD,Ryzen 7,型號(情報),[情報] 7800X3D 最新公布的遊戲表現,https://www.ptt.cc/bbs/PC_Shopping/M.1680449666.A.5EC.html,→,139K的快取也足夠大惹，疊快取優勢跟前一代差距就沒那麼大,04/02/2023,21453,True,中立
CPU,AMD R7 7800X3D,AMD,Ryzen 7,型號(情報),[情報] 7800X3D 最新公布的遊戲表現,https://www.ptt.cc/bbs/PC_Shopping/M.1680449666.A.5EC.html,噓,R7 打i9 看i7 沒有，可憐那,04/02/2023,21454,True,負評
CPU,AMD R7 7800X3D,AMD,Ryzen 7,型號(情報),[情報] 7800X3D 最新公布的遊戲表現,https://www.ptt.cc/bbs/PC_Shopping/M.1680449666.A.5EC.html,→,7800x3d這提升幅度遠不如當時,04/02/2023,21457,True,負評
CPU,AMD R7 7800X3D,AMD,Ryzen 7,型號(情報),[情報] 7800X3D 最新公布的遊戲表現,https://www.ptt.cc/bbs/PC_Shopping/M.1680449666.A.5EC.html,→,牙膏比較挑ram超 3d就比較隨便,04/02/2023,21464,True,中立
CPU,AMD R7 7800X3D,AMD,Ryzen 7,型號(情報),[情報] 7800X3D 最新公布的遊戲表現,https://www.ptt.cc/bbs/PC_Shopping/M.1680449666.A.5EC.html,→,官方往往都是呈現最好的出來 所以實際上高機率更糟,04/02/2023,21468,True,負評
CPU,AMD R7 7800X3D,AMD,Ryzen 7,型號(情報),[情報] 7800X3D 最新公布的遊戲表現,https://www.ptt.cc/bbs/PC_Shopping/M.1680449666.A.5EC.html,推,怎麼不打價格帶差不多的13700k,04/02/2023,21469,True,中立
CPU,AMD R7 7800X3D,AMD,Ryzen 7,型號(情報),[情報] 7800X3D 最新公布的遊戲表現,https://www.ptt.cc/bbs/PC_Shopping/M.1680449666.A.5EC.html,→,生產力比13600k弱 那遊戲要跟比13900k強很合理吧,04/02/2023,21470,True,中立
CPU,AMD R7 7800X3D,AMD,Ryzen 7,型號(情報),[情報] 7800X3D 最新公布的遊戲表現,https://www.ptt.cc/bbs/PC_Shopping/M.1680449666.A.5EC.html,→,還能贏快10%，這樣有沒有香香的，CP值就出來惹。贏同價位,04/03/2023,21473,True,正評
CPU,AMD R7 7800X3D,AMD,Ryzen 7,型號(情報),[情報] 7800X3D 最新公布的遊戲表現,https://www.ptt.cc/bbs/PC_Shopping/M.1680449666.A.5EC.html,→,現在的問題就是贏不夠多 因為amd的低幀表現是弱點,04/03/2023,21475,True,負評
CPU,AMD R7 7800X3D,AMD,Ryzen 7,型號(情報),[情報] 7800X3D 最新公布的遊戲表現,https://www.ptt.cc/bbs/PC_Shopping/M.1680449666.A.5EC.html,→,平均幀都這樣了 低幀會贏更少,04/03/2023,21476,True,中立
CPU,AMD R7 7800X3D,AMD,Ryzen 7,型號(情報),[情報] 7800X3D 最新公布的遊戲表現,https://www.ptt.cc/bbs/PC_Shopping/M.1680449666.A.5EC.html,推,不過打一個貴3000元13900k還能有這樣的成果，花這,04/03/2023,21480,True,正評
CPU,AMD R7 7800X3D,AMD,Ryzen 7,型號(情報),[情報] 7800X3D 最新公布的遊戲表現,https://www.ptt.cc/bbs/PC_Shopping/M.1680449666.A.5EC.html,→,個錢打遊戲也不錯，選這顆就是要犧牲生產力專攻遊,04/03/2023,21481,True,正評
CPU,AMD R7 7800X3D,AMD,Ryzen 7,型號(情報),[情報] 7800X3D 最新公布的遊戲表現,https://www.ptt.cc/bbs/PC_Shopping/M.1680449666.A.5EC.html,噓,不是愛講贏15%喔,04/03/2023,21482,True,中立
CPU,AMD R7 7800X3D,AMD,Ryzen 7,型號(情報),[情報] 7800X3D 最新公布的遊戲表現,https://www.ptt.cc/bbs/PC_Shopping/M.1680449666.A.5EC.html,→,沒贏15%那我就沒理由買了 我猜1%幀只贏3-4%,04/03/2023,21483,True,中立
CPU,AMD R7 7800X3D,AMD,Ryzen 7,型號(情報),[情報] 7800X3D 最新公布的遊戲表現,https://www.ptt.cc/bbs/PC_Shopping/M.1680449666.A.5EC.html,→,800X3D賣15K,04/03/2023,21486,True,中立
CPU,AMD R7 7800X3D,AMD,Ryzen 7,型號(情報),[情報] 7800X3D 最新公布的遊戲表現,https://www.ptt.cc/bbs/PC_Shopping/M.1680449666.A.5EC.html,→,平均低幀贏15%我就買阿 這算是對他們的肯定吧 可是,04/03/2023,21490,True,正評
CPU,AMD R7 7800X3D,AMD,Ryzen 7,型號(情報),[情報] 7800X3D 最新公布的遊戲表現,https://www.ptt.cc/bbs/PC_Shopping/M.1680449666.A.5EC.html,推,少5000元還能贏不覺得很厲害了嗎？ 我才不要為用不,04/03/2023,21493,True,正評
CPU,AMD R7 7800X3D,AMD,Ryzen 7,型號(情報),[情報] 7800X3D 最新公布的遊戲表現,https://www.ptt.cc/bbs/PC_Shopping/M.1680449666.A.5EC.html,→,因為沒預期好 當初5800x3d可是提升15% 結果這次x3d,04/03/2023,21496,True,負評
CPU,AMD R7 7800X3D,AMD,Ryzen 7,型號(情報),[情報] 7800X3D 最新公布的遊戲表現,https://www.ptt.cc/bbs/PC_Shopping/M.1680449666.A.5EC.html,→,沒有這種幅度的提升,04/03/2023,21497,True,中立
CPU,AMD R7 7800X3D,AMD,Ryzen 7,型號(情報),[情報] 7800X3D 最新公布的遊戲表現,https://www.ptt.cc/bbs/PC_Shopping/M.1680449666.A.5EC.html,→,會買到15K的U，幾乎都是少數頂級玩家在買，A黑是在急啥,04/03/2023,21505,True,中立
CPU,AMD R7 7800X3D,AMD,Ryzen 7,型號(情報),[情報] 7800X3D 最新公布的遊戲表現,https://www.ptt.cc/bbs/PC_Shopping/M.1680449666.A.5EC.html,→,我預期好我當然給肯定,04/03/2023,21509,True,正評
CPU,AMD R7 7800X3D,AMD,Ryzen 7,型號(情報),[情報] 7800X3D 最新公布的遊戲表現,https://www.ptt.cc/bbs/PC_Shopping/M.1680449666.A.5EC.html,→,amd現在才是擠牙膏的那方 每代出來都只提升一點點,04/03/2023,21535,True,負評
CPU,AMD R7 7800X3D,AMD,Ryzen 7,型號(情報),[情報] 7800X3D 最新公布的遊戲表現,https://www.ptt.cc/bbs/PC_Shopping/M.1680449666.A.5EC.html,→,花兩年時間結果只進步這麼一點,04/03/2023,21548,True,負評
CPU,AMD R7 7800X3D,AMD,Ryzen 7,型號(情報),[情報] 7800X3D 最新公布的遊戲表現,https://www.ptt.cc/bbs/PC_Shopping/M.1680449666.A.5EC.html,噓,i9等級CPU遊戲表現輸一顆R7等級，I皇是不是該去撞牆了,04/03/2023,21551,True,中立
CPU,AMD R7 7800X3D,AMD,Ryzen 7,型號(情報),[情報] 7800X3D 最新公布的遊戲表現,https://www.ptt.cc/bbs/PC_Shopping/M.1680449666.A.5EC.html,→,更別說這顆R7等級還沒把i7的13700k當成對手,04/03/2023,21553,True,正評
CPU,AMD R7 7800X3D,AMD,Ryzen 7,型號(情報),[情報] 7800X3D 最新公布的遊戲表現,https://www.ptt.cc/bbs/PC_Shopping/M.1680449666.A.5EC.html,推,L1最重要，但L1太貴，所以疊L3的CP值最高，因為L3時脈,04/03/2023,21570,True,中立
CPU,AMD R7 7800X3D,AMD,Ryzen 7,型號,Re: [情報] 7800X3D 預計在4月6日推出,https://www.ptt.cc/bbs/PC_Shopping/M.1680018549.A.134.html,推,這臉打的啪啪響 太狠了,03/29/2023,21606,True,正評
CPU,AMD R7 7800X3D,AMD,Ryzen 7,型號,Re: [情報] 7800X3D 預計在4月6日推出,https://www.ptt.cc/bbs/PC_Shopping/M.1680018549.A.134.html,→,說實話這代兩邊都差不多 選喜歡(便宜)的就好...,03/29/2023,21615,True,中立
CPU,AMD R7 7800X3D,AMD,Ryzen 7,型號,Re: [情報] 7800X3D 預計在4月6日推出,https://www.ptt.cc/bbs/PC_Shopping/M.1680018549.A.134.html,→,在等著買了，遊戲性能擺在那，買的人,03/29/2023,21624,True,正評
CPU,AMD R7 7800X3D,AMD,Ryzen 7,型號,Re: [情報] 7800X3D 預計在4月6日推出,https://www.ptt.cc/bbs/PC_Shopping/M.1680018549.A.134.html,→,也沒差很多，但遊戲肯定贏不少，功耗,03/29/2023,21627,True,正評
CPU,AMD R7 7800X3D,AMD,Ryzen 7,型號,Re: [情報] 7800X3D 預計在4月6日推出,https://www.ptt.cc/bbs/PC_Shopping/M.1680018549.A.134.html,→,到底有什麼理由不買這顆去買13代,03/29/2023,21629,True,正評
CPU,AMD R7 7800X3D,AMD,Ryzen 7,型號,Re: [情報] 7800X3D 預計在4月6日推出,https://www.ptt.cc/bbs/PC_Shopping/M.1680018549.A.134.html,推,CPU預算有15K應該就全推這顆了，10K一樣推13600k,03/29/2023,21632,True,正評
CPU,AMD R7 7800X3D,AMD,Ryzen 7,型號,Re: [情報] 7800X3D 預計在4月6日推出,https://www.ptt.cc/bbs/PC_Shopping/M.1680018549.A.134.html,→,要生產力也有降很大的79跟7950X 遊戲也輸沒太多,03/29/2023,21635,True,中立
CPU,AMD R7 7800X3D,AMD,Ryzen 7,型號,Re: [情報] 7800X3D 預計在4月6日推出,https://www.ptt.cc/bbs/PC_Shopping/M.1680018549.A.134.html,推,X3d很香啊…等災情，沒災情要換了,03/30/2023,21639,True,正評
CPU,AMD R7 7800X3D,AMD,Ryzen 7,型號,Re: [情報] 7800X3D 預計在4月6日推出,https://www.ptt.cc/bbs/PC_Shopping/M.1680003097.A.7F9.html,推,買3D不就是為了遊戲 不用挑東挑西就很強…,03/28/2023,21641,True,正評
CPU,AMD R7 7800X3D,AMD,Ryzen 7,型號,Re: [情報] 7800X3D 預計在4月6日推出,https://www.ptt.cc/bbs/PC_Shopping/M.1680003097.A.7F9.html,推,這顆在價格上打的不是139k而是137k，你還要1%low贏15%是,03/28/2023,21647,True,中立
CPU,AMD R7 7800X3D,AMD,Ryzen 7,型號,Re: [情報] 7800X3D 預計在4月6日推出,https://www.ptt.cc/bbs/PC_Shopping/M.1680003097.A.7F9.html,噓,笑死 要買就買 還在那邊唧唧歪歪設一堆條件 結果根本沒人,03/28/2023,21667,True,正評
CPU,AMD R7 7800X3D,AMD,Ryzen 7,型號,Re: [情報] 7800X3D 預計在4月6日推出,https://www.ptt.cc/bbs/PC_Shopping/M.1680003097.A.7F9.html,噓,根本沒人care生產力，買這顆是來打遊戲的,03/28/2023,21670,True,中立
CPU,AMD R7 7800X3D,AMD,Ryzen 7,型號,Re: [情報] 7800X3D 預計在4月6日推出,https://www.ptt.cc/bbs/PC_Shopping/M.1680003097.A.7F9.html,噓,這顆價錢可以打平13900k就已經很誇張了，還贏的話那I皇乾,03/28/2023,21681,True,正評
CPU,AMD R7 7800X3D,AMD,Ryzen 7,型號,Re: [情報] 7800X3D 預計在4月6日推出,https://www.ptt.cc/bbs/PC_Shopping/M.1680003097.A.7F9.html,噓,買X3D要生產力 是頭撞到嗎,03/28/2023,21687,True,負評
CPU,AMD R7 7800X3D,AMD,Ryzen 7,型號,Re: [情報] 7800X3D 預計在4月6日推出,https://www.ptt.cc/bbs/PC_Shopping/M.1680003097.A.7F9.html,→,"然後5000元換得的低幀改善,那個醬汁,那個測試到底在哪裡?",03/29/2023,21735,True,中立
CPU,AMD R7 7800X3D,AMD,Ryzen 7,型號,Re: [情報] 7800X3D 預計在4月6日推出,https://www.ptt.cc/bbs/PC_Shopping/M.1680003097.A.7F9.html,→,他就覺得多花5000不值得，太貴,03/29/2023,21740,True,負評
CPU,AMD R7 7800X3D,AMD,Ryzen 7,型號,Re: [情報] 7800X3D 預計在4月6日推出,https://www.ptt.cc/bbs/PC_Shopping/M.1680003097.A.7F9.html,→,"但低幀測試,從官方看起來就是沒有吧,",03/29/2023,21746,True,負評
CPU,AMD R7 7800X3D,AMD,Ryzen 7,型號,Re: [情報] 7800X3D 預計在4月6日推出,https://www.ptt.cc/bbs/PC_Shopping/M.1680003097.A.7F9.html,→,"官方都不放出來了,根據邏輯,大概沒優勢",03/29/2023,21754,True,負評
CPU,AMD R7 7800X3D,AMD,Ryzen 7,型號,Re: [情報] 7800X3D 預計在4月6日推出,https://www.ptt.cc/bbs/PC_Shopping/M.1680003097.A.7F9.html,→,"低幀多15% 就買得起啦,明明就回答了,只是,可能提到15%...",03/29/2023,21812,True,正評
CPU,AMD R7 7800X3D,AMD,Ryzen 7,型號,Re: [情報] 7800X3D 預計在4月6日推出,https://www.ptt.cc/bbs/PC_Shopping/M.1680003097.A.7F9.html,→,"跟 13600K 比起來,原Po 15% 值5000啊,",03/29/2023,21822,True,中立
CPU,AMD R7 7800X3D,AMD,Ryzen 7,型號,Re: [情報] 7800X3D 預計在4月6日推出,https://www.ptt.cc/bbs/PC_Shopping/M.1680003097.A.7F9.html,→,"到底低幀改善多少? 值得用5000來換,看起來裝死這字眼",03/29/2023,21828,True,負評
CPU,AMD R7 7800X3D,AMD,Ryzen 7,型號,Re: [情報] 7800X3D 預計在4月6日推出,https://www.ptt.cc/bbs/PC_Shopping/M.1680003097.A.7F9.html,→,"出個 X3D,靠名字就可以賣了??",03/29/2023,21835,True,中立
CPU,AMD R7 7800X3D,AMD,Ryzen 7,型號,Re: [情報] 7800X3D 預計在4月6日推出,https://www.ptt.cc/bbs/PC_Shopping/M.1680003097.A.7F9.html,→,13600k + 多出5000預算的顯卡  VS  7800X3D +臭臭DDR5,03/29/2023,21842,True,中立
CPU,AMD R7 7800X3D,AMD,Ryzen 7,型號,Re: [情報] 7800X3D 預計在4月6日推出,https://www.ptt.cc/bbs/PC_Shopping/M.1680003097.A.7F9.html,→,大概贏1%的直條圖特別長吧,03/29/2023,21889,True,中立
CPU,AMD R7 7800X3D,AMD,Ryzen 7,型號,Re: [情報] 7800X3D 預計在4月6日推出,https://www.ptt.cc/bbs/PC_Shopping/M.1680003097.A.7F9.html,→,的Library 寫出來的，11700都可以屌虐7800x，但如果不是,03/29/2023,21892,True,負評
CPU,AMD R7 7800X3D,AMD,Ryzen 7,型號,Re: [情報] 7800X3D 預計在4月6日推出,https://www.ptt.cc/bbs/PC_Shopping/M.1680003097.A.7F9.html,→,這可能是大小核優勢，或是滿載的時候還可以很順看網頁,03/29/2023,21896,True,中立
CPU,AMD R7 7800X3D,AMD,Ryzen 7,型號,Re: [情報] 7800X3D 預計在4月6日推出,https://www.ptt.cc/bbs/PC_Shopping/M.1680003097.A.7F9.html,→,到底多花 5000 + 臭臭 DDR5能改善多少低幀呢?期待高人測試啊,03/29/2023,21904,True,負評
CPU,AMD R7 7800X3D,AMD,Ryzen 7,型號,Re: [情報] 7800X3D 預計在4月6日推出,https://www.ptt.cc/bbs/PC_Shopping/M.1680003097.A.7F9.html,→,"多花5000+臭臭DDR5的那些錢,值不值得,每個人自然有一把尺",03/29/2023,21910,True,中立
CPU,AMD R7 7800X3D,AMD,Ryzen 7,型號,Re: [情報] 7800X3D 預計在4月6日推出,https://www.ptt.cc/bbs/PC_Shopping/M.1680003097.A.7F9.html,→,同價位的整台主機  13600K+DDR4 vs 7800X3D + 臭臭DDR5,03/29/2023,21919,True,中立
CPU,AMD R7 7800X3D,AMD,Ryzen 7,型號,Re: [情報] 7800X3D 預計在4月6日推出,https://www.ptt.cc/bbs/PC_Shopping/M.1680003097.A.7F9.html,→,贏過比較多  贏過比較多  贏過比較多  贏過比較多,03/29/2023,21933,True,正評
CPU,AMD R7 7800X3D,AMD,Ryzen 7,型號,Re: [情報] 7800X3D 預計在4月6日推出,https://www.ptt.cc/bbs/PC_Shopping/M.1680003097.A.7F9.html,→,還說遊戲這塊肯定就是要選X3D系列處理器,03/29/2023,21936,True,正評
CPU,AMD R7 7800X3D,AMD,Ryzen 7,型號,Re: [情報] 7800X3D 預計在4月6日推出,https://www.ptt.cc/bbs/PC_Shopping/M.1680003097.A.7F9.html,→,「CrossMark 生產力綜合評比 R7 全勝」,03/29/2023,21950,True,正評
CPU,AMD R7 7800X3D,AMD,Ryzen 7,型號(情報),[情報] 7800X3D 預計在4月6日推出,https://www.ptt.cc/bbs/PC_Shopping/M.1679984760.A.83D.html,推,連7700x都輸 毫無生產力可言,03/28/2023,22096,True,負評
CPU,AMD R7 7800X3D,AMD,Ryzen 7,型號(情報),[情報] 7800X3D 預計在4月6日推出,https://www.ptt.cc/bbs/PC_Shopping/M.1679984760.A.83D.html,→,呵，戰力就這種程度?,03/28/2023,22108,True,負評
CPU,AMD R7 7800X3D,AMD,Ryzen 7,型號(情報),[情報] 7800X3D 預計在4月6日推出,https://www.ptt.cc/bbs/PC_Shopping/M.1679984760.A.83D.html,推,他沒有弄出什麼生產力出來吧,03/28/2023,22113,True,中立
CPU,AMD R7 7800X3D,AMD,Ryzen 7,型號(情報),[情報] AMD Ryzen 7 7800X3D 歐洲的售價出爐,https://www.ptt.cc/bbs/PC_Shopping/M.1679414653.A.957.html,推,太貴了吧 不如買13700k,03/22/2023,22119,True,負評
CPU,AMD R7 7800X3D,AMD,Ryzen 7,型號(情報),[情報] AMD Ryzen 7 7800X3D 歐洲的售價出爐,https://www.ptt.cc/bbs/PC_Shopping/M.1679414653.A.957.html,→,生產力沒贏 價錢沒贏 只有遊戲贏一些 最低幀沒贏10,03/22/2023,22120,True,負評
CPU,AMD R7 7800X3D,AMD,Ryzen 7,型號(情報),[情報] AMD Ryzen 7 7800X3D 歐洲的售價出爐,https://www.ptt.cc/bbs/PC_Shopping/M.1679414653.A.957.html,→,%以上就不值得買,03/22/2023,22121,True,負評
CPU,AMD R7 7800X3D,AMD,Ryzen 7,型號(情報),[情報] AMD Ryzen 7 7800X3D 歐洲的售價出爐,https://www.ptt.cc/bbs/PC_Shopping/M.1679414653.A.957.html,→,因為按目前系統調度 玩遊戲會把沒疊快取的CCD關掉,03/22/2023,22123,True,中立
CPU,AMD R7 7800X3D,AMD,Ryzen 7,型號(情報),[情報] AMD Ryzen 7 7800X3D 歐洲的售價出爐,https://www.ptt.cc/bbs/PC_Shopping/M.1679414653.A.957.html,→,7800x3d才八核賣這個價錢真的別想要大家買單 intel,03/22/2023,22126,True,負評
CPU,AMD R7 7800X3D,AMD,Ryzen 7,型號(情報),[情報] AMD Ryzen 7 7800X3D 歐洲的售價出爐,https://www.ptt.cc/bbs/PC_Shopping/M.1679414653.A.957.html,→,將會繼續稱霸這市場,03/22/2023,22127,True,正評
CPU,AMD R7 7800X3D,AMD,Ryzen 7,型號(情報),[情報] AMD Ryzen 7 7800X3D 歐洲的售價出爐,https://www.ptt.cc/bbs/PC_Shopping/M.1679414653.A.957.html,→,10000是5800X3D 的位子,03/22/2023,22131,True,中立
CPU,AMD R7 7800X3D,AMD,Ryzen 7,型號(情報),[情報] AMD Ryzen 7 7800X3D 歐洲的售價出爐,https://www.ptt.cc/bbs/PC_Shopping/M.1679414653.A.957.html,推,10K不如買13600K，不過7800x3d只賣15K真的便宜,03/22/2023,22136,True,中立
CPU,AMD R7 7800X3D,AMD,Ryzen 7,型號(情報),[情報] AMD Ryzen 7 7800X3D 歐洲的售價出爐,https://www.ptt.cc/bbs/PC_Shopping/M.1679414653.A.957.html,→,成影響 只有a粉會買單而已,03/22/2023,22138,True,負評
CPU,AMD R7 7800X3D,AMD,Ryzen 7,型號(情報),[情報] AMD Ryzen 7 7800X3D 歐洲的售價出爐,https://www.ptt.cc/bbs/PC_Shopping/M.1679414653.A.957.html,推,就遊戲CPU第一選擇,03/22/2023,22143,True,正評
CPU,AMD R7 7800X3D,AMD,Ryzen 7,型號(情報),[情報] AMD Ryzen 7 7800X3D 歐洲的售價出爐,https://www.ptt.cc/bbs/PC_Shopping/M.1679414653.A.957.html,推,7800X就贏在記憶體啥都不用管 無腦上無腦玩,03/22/2023,22146,True,正評
CPU,AMD R7 7800X3D,AMD,Ryzen 7,型號(情報),[情報] AMD Ryzen 7 7800X3D 歐洲的售價出爐,https://www.ptt.cc/bbs/PC_Shopping/M.1679414653.A.957.html,→,牙膏能打3D 是把D5隨便超8000 又大小核又超..穩定度測到,03/22/2023,22148,True,正評
CPU,AMD R7 7800X3D,AMD,Ryzen 7,型號(情報),[情報] AMD Ryzen 7 7800X3D 歐洲的售價出爐,https://www.ptt.cc/bbs/PC_Shopping/M.1679414653.A.957.html,→,只是這個定價本來就有點貴了,03/22/2023,22151,True,負評
CPU,AMD R7 7800X3D,AMD,Ryzen 7,型號(情報),[情報] AMD Ryzen 7 7800X3D 歐洲的售價出爐,https://www.ptt.cc/bbs/PC_Shopping/M.1679414653.A.957.html,推,並沒有符合市場預期。單純沒競品卻又不是主打商品，,03/22/2023,22155,True,中立
CPU,AMD R7 7800X3D,AMD,Ryzen 7,型號(情報),[情報] AMD Ryzen 7 7800X3D 歐洲的售價出爐,https://www.ptt.cc/bbs/PC_Shopping/M.1679414653.A.957.html,推,有什麼理由不買136k ？,03/22/2023,22159,True,正評
CPU,AMD R7 7800X3D,AMD,Ryzen 7,型號(情報),[情報] AMD Ryzen 7 7800X3D 歐洲的售價出爐,https://www.ptt.cc/bbs/PC_Shopping/M.1679414653.A.957.html,→,預算只有3-4萬根本不用考慮這一顆,03/22/2023,22161,True,負評
CPU,AMD R7 7800X3D,AMD,Ryzen 7,型號(情報),[情報] AMD Ryzen 7 7800X3D 歐洲的售價出爐,https://www.ptt.cc/bbs/PC_Shopping/M.1679414653.A.957.html,推,這價位應該是 對13700K兼打13900K,03/22/2023,22163,True,中立
CPU,AMD R7 7800X3D,AMD,Ryzen 7,型號(情報),[情報] AMD Ryzen 7 7800X3D 歐洲的售價出爐,https://www.ptt.cc/bbs/PC_Shopping/M.1679414653.A.957.html,推,15K遊戲專武還可以，畢竟小贏13900K也是贏。不過總預算4,03/22/2023,22164,True,正評
CPU,AMD R7 7800X3D,AMD,Ryzen 7,型號(情報),[情報] AMD Ryzen 7 7800X3D 歐洲的售價出爐,https://www.ptt.cc/bbs/PC_Shopping/M.1679414653.A.957.html,→,萬以下應該不會考慮，136K + 3060 ti (或更新的4060）整,03/22/2023,22165,True,中立
CPU,AMD R7 7800X3D,AMD,Ryzen 7,型號(情報),[情報] AMD Ryzen 7 7800X3D 歐洲的售價出爐,https://www.ptt.cc/bbs/PC_Shopping/M.1679414653.A.957.html,推,78x3d這價格讓5800x3d又香起來了,03/22/2023,22167,True,中立
CPU,AMD R7 7800X3D,AMD,Ryzen 7,型號(情報),[情報] AMD Ryzen 7 7800X3D 歐洲的售價出爐,https://www.ptt.cc/bbs/PC_Shopping/M.1679414653.A.957.html,→,16核不能有cache八核打遊戲，剩下八核開實況或是做其,03/22/2023,22171,True,中立
CPU,AMD R7 7800X3D,AMD,Ryzen 7,型號(情報),[情報] AMD Ryzen 7 7800X3D 歐洲的售價出爐,https://www.ptt.cc/bbs/PC_Shopping/M.1679414653.A.957.html,推,58X3D應該是沒必要降價，intel都眼給你看過了,03/22/2023,22173,True,正評
CPU,AMD R7 7800X3D,AMD,Ryzen 7,型號(情報),[情報] AMD 7800x3D效能,https://www.ptt.cc/bbs/PC_Shopping/M.1678627042.A.E1A.html,推,檔案壓縮那根多50%我沒看錯吧@@!?,03/12/2023,22185,True,中立
CPU,AMD R7 7800X3D,AMD,Ryzen 7,型號(情報),[情報] AMD 7800x3D效能,https://www.ptt.cc/bbs/PC_Shopping/M.1678627042.A.E1A.html,→,難怪不敢讓7800X3D先出來 嚇死人的性能,03/12/2023,22188,True,正評
CPU,AMD R7 7800X3D,AMD,Ryzen 7,型號(情報),[情報] AMD 7800x3D效能,https://www.ptt.cc/bbs/PC_Shopping/M.1678627042.A.E1A.html,→,如果數據是準的 難怪蘇媽要藏到4月 78X3D這麼屌誰會想買7,03/12/2023,22192,True,正評
CPU,AMD R7 7800X3D,AMD,Ryzen 7,型號(情報),[情報] AMD 7800x3D效能,https://www.ptt.cc/bbs/PC_Shopping/M.1678627042.A.E1A.html,推,效能好加價賣，加到不香為止,03/12/2023,22194,True,中立
CPU,AMD R7 7800X3D,AMD,Ryzen 7,型號(情報),[情報] AMD 7800x3D效能,https://www.ptt.cc/bbs/PC_Shopping/M.1678627042.A.E1A.html,→,好像遊戲比7950x3d稍弱，但差別不大,03/12/2023,22195,True,中立
CPU,AMD R7 7800X3D,AMD,Ryzen 7,型號(情報),[情報] AMD 7800x3D效能,https://www.ptt.cc/bbs/PC_Shopping/M.1678627042.A.E1A.html,→,特定用途比較強不奇怪吧,03/12/2023,22203,True,中立
CPU,AMD R7 7800X3D,AMD,Ryzen 7,型號(情報),[情報] AMD 7800x3D效能,https://www.ptt.cc/bbs/PC_Shopping/M.1678627042.A.E1A.html,→,腦選這顆。或者下一階GPU貴太多捏不上去，再來考慮這,03/12/2023,22205,True,正評
CPU,AMD R7 7800X3D,AMD,Ryzen 7,型號(情報),[情報] AMD 7800x3D效能,https://www.ptt.cc/bbs/PC_Shopping/M.1678627042.A.E1A.html,推,話說怎麼都很驚訝的樣子==其實就低0.2GHz,03/12/2023,22208,True,中立
CPU,AMD R7 7800X3D,AMD,Ryzen 7,型號(情報),[情報] AMD 7800x3D效能,https://www.ptt.cc/bbs/PC_Shopping/M.1678627042.A.E1A.html,推,沒有甚麼好觀望的78x3d效能絕對是大於等於7950x3d,03/12/2023,22214,True,正評
CPU,AMD R7 7800X3D,AMD,Ryzen 7,型號(情報),[情報] AMD 7800x3D效能,https://www.ptt.cc/bbs/PC_Shopping/M.1678627042.A.E1A.html,推,這會不會才是遊戲玩家該組的啊 低耗能楨數又高,03/12/2023,22218,True,正評
CPU,AMD R7 7800X3D,AMD,Ryzen 7,型號(情報),[情報] AMD 7800x3D效能,https://www.ptt.cc/bbs/PC_Shopping/M.1678627042.A.E1A.html,→,那個長條圖多快三倍長。笑死...兩家東西沒出來前都是先吹,03/12/2023,22220,True,負評
CPU,AMD R7 7800X3D,AMD,Ryzen 7,型號(情報),[情報] AMD 7800x3D效能,https://www.ptt.cc/bbs/PC_Shopping/M.1678627042.A.E1A.html,推,gaming的king 還得是你,03/13/2023,22228,True,正評
CPU,AMD R7 7800X3D,AMD,Ryzen 7,型號(情報),[情報] AMD 7800x3D效能,https://www.ptt.cc/bbs/PC_Shopping/M.1678627042.A.E1A.html,推,up to看看就好 7950X3D關1個CCD都有結果 除非有什麽,03/13/2023,22237,True,中立
CPU,AMD R7 7800X3D,AMD,Ryzen 7,型號(情報),[情報] AMD 7800x3D效能,https://www.ptt.cc/bbs/PC_Shopping/M.1678627042.A.E1A.html,推,之前還有傳這顆功耗很低,03/13/2023,22239,True,中立
CPU,AMD R7 7800X3D,AMD,Ryzen 7,型號(情報),[情報] AMD 7800x3D效能,https://www.ptt.cc/bbs/PC_Shopping/M.1678627042.A.E1A.html,推,依照7950x3d的鬼島匯率看是32，是不到15k啦,03/13/2023,22245,True,中立
CPU,AMD R7 7800X3D,AMD,Ryzen 7,型號(情報),[情報] AMD 7800x3D效能,https://www.ptt.cc/bbs/PC_Shopping/M.1678627042.A.E1A.html,→,核心數是兩倍，價格應該賣一半吧,03/13/2023,22246,True,中立
CPU,AMD R7 7800X3D,AMD,Ryzen 7,型號(情報),[情報] AMD 7800x3D效能,https://www.ptt.cc/bbs/PC_Shopping/M.1678627042.A.E1A.html,推,一萬五的話有點貴，而且還要換板子..5800x3d不再降價,03/13/2023,22249,True,負評
CPU,AMD R7 7800X3D,AMD,Ryzen 7,型號(情報),[情報] 7900X3D小部份遊戲性能可能會反輸7800X3D,https://www.ptt.cc/bbs/PC_Shopping/M.1677670821.A.7B5.html,→,組成的7950X3D，有預算一次衝到頂，遊戲為主7800X3D，,03/01/2023,22257,True,中立
CPU,AMD R7 7800X3D,AMD,Ryzen 7,型號(情報),[情報] 7900X3D小部份遊戲性能可能會反輸7800X3D,https://www.ptt.cc/bbs/PC_Shopping/M.1677670821.A.7B5.html,→,但老實說等7800X3D就好了，這代最好的X3D配置,03/01/2023,22269,True,正評
CPU,AMD R7 7800X3D,AMD,Ryzen 7,型號(情報),[情報] 7900X3D小部份遊戲性能可能會反輸7800X3D,https://www.ptt.cc/bbs/PC_Shopping/M.1677670821.A.7B5.html,→,結果兩家表現最好的都是比較中階的U 13600X 7800X3D,03/01/2023,22274,True,中立
CPU,AMD R7 7800X3D,AMD,Ryzen 7,型號(情報),[情報] 7900X3D小部份遊戲性能可能會反輸7800X3D,https://www.ptt.cc/bbs/PC_Shopping/M.1677670821.A.7B5.html,推,7950x3d表現也很好啊，工作兼娛樂用，7800x3d就臭打電動,03/01/2023,22275,True,負評
CPU,AMD R7 7800X3D,AMD,Ryzen 7,型號(情報),[情報] 7900X3D小部份遊戲性能可能會反輸7800X3D,https://www.ptt.cc/bbs/PC_Shopping/M.1677670821.A.7B5.html,→,但用2k 4k解析的話其實沒必要選這麼貴的cpu,03/01/2023,22276,True,中立
CPU,AMD R7 7800X3D,AMD,Ryzen 7,型號(情報),[情報] 7900X3D小部份遊戲性能可能會反輸7800X3D,https://www.ptt.cc/bbs/PC_Shopping/M.1677670821.A.7B5.html,→,反正7800X3D有上的話價格也一定臭死,03/01/2023,22279,True,負評
CPU,AMD R7 7800X3D,AMD,Ryzen 7,型號(情報),[情報] 7900X3D小部份遊戲性能可能會反輸7800X3D,https://www.ptt.cc/bbs/PC_Shopping/M.1677670821.A.7B5.html,→,78X3D其實就很萬用了吧,03/01/2023,22283,True,正評
CPU,AMD R7 7800X3D,AMD,Ryzen 7,型號(情報),[情報] 7900X3D小部份遊戲性能可能會反輸7800X3D,https://www.ptt.cc/bbs/PC_Shopping/M.1677670821.A.7B5.html,推,7800x3d就是7950x3d拿掉沒有v cache的ccd 7900x反而變,03/01/2023,22284,True,中立
CPU,AMD R7 7800X3D,AMD,Ryzen 7,型號(情報),[情報] 7900X3D小部份遊戲性能可能會反輸7800X3D,https://www.ptt.cc/bbs/PC_Shopping/M.1677670821.A.7B5.html,推,不意外 純遊戲 7800X3D就夠了 遊戲根本不會用到那麼多,03/02/2023,22288,True,正評
CPU,AMD R7 7800X3D,AMD,Ryzen 7,型號(情報),[情報] 7900X3D小部份遊戲性能可能會反輸7800X3D,https://www.ptt.cc/bbs/PC_Shopping/M.1677670821.A.7B5.html,→,然後堆了一堆用不到的核心  能耗比就不好看,03/02/2023,22294,True,負評
CPU,AMD R7 7800X3D,AMD,Ryzen 7,型號(情報),[情報] 7900X3D小部份遊戲性能可能會反輸7800X3D,https://www.ptt.cc/bbs/PC_Shopping/M.1677670821.A.7B5.html,推,7800X3D單CCD不用game bar去調度 用win10就ok了 真,03/02/2023,22295,True,中立
CPU,AMD R7 7800X3D,AMD,Ryzen 7,型號(情報),[情報] 7900X3D小部份遊戲性能可能會反輸7800X3D,https://www.ptt.cc/bbs/PC_Shopping/M.1677670821.A.7B5.html,推,未必，若快取貼一樣大，給六核分單核會比八核分到更多,03/03/2023,22298,True,中立
CPU,AMD R7 7800X3D,AMD,Ryzen 7,型號,Re: [情報] 7950X3D模擬7800X3D遊戲功耗僅有44W,https://www.ptt.cc/bbs/PC_Shopping/M.1677600771.A.E7B.html,推,沒啥理由買I 高耗能溫度高 其他零件也比較早死,03/01/2023,22480,True,負評
CPU,AMD R7 7800X3D,AMD,Ryzen 7,型號,Re: [情報] 7950X3D模擬7800X3D遊戲功耗僅有44W,https://www.ptt.cc/bbs/PC_Shopping/M.1677600771.A.E7B.html,→,省電很涼就很有賣點了，現在不比k6和pentium的年代，整體,03/01/2023,22502,True,正評
CPU,AMD R7 7800X3D,AMD,Ryzen 7,型號,Re: [情報] 7950X3D模擬7800X3D遊戲功耗僅有44W,https://www.ptt.cc/bbs/PC_Shopping/M.1677600771.A.E7B.html,→,不過7800x3d出來再換比較好,03/01/2023,22526,True,中立
CPU,AMD R7 7800X3D,AMD,Ryzen 7,型號,Re: [情報] 7950X3D模擬7800X3D遊戲功耗僅有44W,https://www.ptt.cc/bbs/PC_Shopping/M.1677600771.A.E7B.html,推,等7800X3D出來，跟7900X3D系列的差價拿去補顯卡，正解選我,03/01/2023,22527,True,正評
CPU,AMD R7 7800X3D,AMD,Ryzen 7,型號,Re: [情報] 7950X3D模擬7800X3D遊戲功耗僅有44W,https://www.ptt.cc/bbs/PC_Shopping/M.1677575013.A.10E.html,推,如果7800x3d遊戲1%低幀平均贏13900k 15%以上 我就買,02/28/2023,22586,True,正評
CPU,AMD R7 7800X3D,AMD,Ryzen 7,型號,Re: [情報] 7950X3D模擬7800X3D遊戲功耗僅有44W,https://www.ptt.cc/bbs/PC_Shopping/M.1677575013.A.10E.html,→,如果7800x3d 平均1%低幀贏13900k 15%以上 但我沒買,02/28/2023,22599,True,中立
CPU,AMD R7 7800X3D,AMD,Ryzen 7,型號,Re: [情報] 7950X3D模擬7800X3D遊戲功耗僅有44W,https://www.ptt.cc/bbs/PC_Shopping/M.1677565618.A.17E.html,→,現在X3D就是比較強阿，但純玩遊戲應該等7800X3D,02/28/2023,22740,True,正評
CPU,AMD R7 7800X3D,AMD,Ryzen 7,型號,Re: [情報] 7950X3D模擬7800X3D遊戲功耗僅有44W,https://www.ptt.cc/bbs/PC_Shopping/M.1677565618.A.17E.html,→,一個300W一個150W我選150W那個,02/28/2023,22741,True,正評
CPU,AMD R7 7800X3D,AMD,Ryzen 7,型號,Re: [情報] 7950X3D模擬7800X3D遊戲功耗僅有44W,https://www.ptt.cc/bbs/PC_Shopping/M.1677565618.A.17E.html,推,符合效能需求內選相較低溫  夏天冷氣全開當我沒說(逃,02/28/2023,22905,True,正評
CPU,AMD R7 7800X3D,AMD,Ryzen 7,型號,Re: [情報] 7950X3D模擬7800X3D遊戲功耗僅有44W,https://www.ptt.cc/bbs/PC_Shopping/M.1677565618.A.17E.html,推,當然是性價比高的那個阿= =,02/28/2023,22977,True,正評
CPU,AMD R7 7800X3D,AMD,Ryzen 7,型號,Re: [情報] 7950X3D模擬7800X3D遊戲功耗僅有44W,https://www.ptt.cc/bbs/PC_Shopping/M.1677565618.A.17E.html,噓,省電低溫的體驗很好啊，誰喜歡夏天放個烤箱在那邊烤,02/28/2023,23003,True,正評
CPU,AMD R7 7800X3D,AMD,Ryzen 7,型號,Re: [情報] 7950X3D模擬7800X3D遊戲功耗僅有44W,https://www.ptt.cc/bbs/PC_Shopping/M.1677565618.A.17E.html,推,我會選AMD…因為省電，而且不用一直換主機板,02/28/2023,23010,True,正評
CPU,AMD R7 7800X3D,AMD,Ryzen 7,型號,Re: [情報] 7950X3D模擬7800X3D遊戲功耗僅有44W,https://www.ptt.cc/bbs/PC_Shopping/M.1677565618.A.17E.html,推,這樣很好。不要跟我搶7800x3D,02/28/2023,23022,True,正評
CPU,AMD R7 7800X3D,AMD,Ryzen 7,型號,Re: [情報] 7950X3D模擬7800X3D遊戲功耗僅有44W,https://www.ptt.cc/bbs/PC_Shopping/M.1677565618.A.17E.html,推,同樣價格當然選省電的  又不是阿呆,03/01/2023,23024,True,正評
CPU,AMD R7 7800X3D,AMD,Ryzen 7,型號,Re: [情報] 7950X3D模擬7800X3D遊戲功耗僅有44W,https://www.ptt.cc/bbs/PC_Shopping/M.1677565618.A.17E.html,→,我自組電腦  有一半是用AMD  CP值就是高,03/01/2023,23027,True,正評
CPU,AMD R7 7800X3D,AMD,Ryzen 7,型號(情報),[情報] 7950X3D模擬7800X3D遊戲功耗僅有44W,https://www.ptt.cc/bbs/PC_Shopping/M.1677520908.A.5A5.html,推,7950X3D定位就很尷尬，要生產力買7950X，要遊戲7800X3D就,02/28/2023,23034,True,中立
CPU,AMD R7 7800X3D,AMD,Ryzen 7,型號(情報),[情報] 7950X3D模擬7800X3D遊戲功耗僅有44W,https://www.ptt.cc/bbs/PC_Shopping/M.1677520908.A.5A5.html,推,單CCD8核＋大快取 目前看來最適合一般人娛樂用途了,02/28/2023,23038,True,正評
CPU,AMD R7 7800X3D,AMD,Ryzen 7,型號(情報),[情報] 7950X3D模擬7800X3D遊戲功耗僅有44W,https://www.ptt.cc/bbs/PC_Shopping/M.1677520908.A.5A5.html,噓,這東西本來就很尷尬  上面貼一顆cache->頻率降低,02/28/2023,23039,True,負評
CPU,AMD R7 7800X3D,AMD,Ryzen 7,型號(情報),[情報] 7950X3D模擬7800X3D遊戲功耗僅有44W,https://www.ptt.cc/bbs/PC_Shopping/M.1677520908.A.5A5.html,推,7800X3d感覺適合組itx遊戲小鋼炮。,02/28/2023,23074,True,中立
CPU,AMD R7 7800X3D,AMD,Ryzen 7,型號(情報),[情報] 7950X3D模擬7800X3D遊戲功耗僅有44W,https://www.ptt.cc/bbs/PC_Shopping/M.1677520908.A.5A5.html,→,我不需要反駁什麼，我只提我的觀點說他是顆神U,02/28/2023,23163,True,正評
CPU,AMD R7 7800X3D,AMD,Ryzen 7,型號(情報),[情報] 7950X3D模擬7800X3D遊戲功耗僅有44W,https://www.ptt.cc/bbs/PC_Shopping/M.1677520908.A.5A5.html,→,另類甜蜜點吧 上或下不是太弱 就是太耗能太熱比較難壓,02/28/2023,23225,True,負評
CPU,AMD R7 7800X3D,AMD,Ryzen 7,型號(情報),[情報] 7950X3D模擬7800X3D遊戲功耗僅有44W,https://www.ptt.cc/bbs/PC_Shopping/M.1677520908.A.5A5.html,→,就是13代最有CP值的一顆,02/28/2023,23241,True,正評
CPU,AMD R7 7800X3D,AMD,Ryzen 7,型號(情報),[情報] 7950X3D模擬7800X3D遊戲功耗僅有44W,https://www.ptt.cc/bbs/PC_Shopping/M.1677520908.A.5A5.html,→,這點可以手動降壓解決，amd的7000X系列也是熱到爆,02/28/2023,23257,True,負評
CPU,AMD R7 7800X3D,AMD,Ryzen 7,型號(情報),[情報] 7950X3D模擬7800X3D遊戲功耗僅有44W,https://www.ptt.cc/bbs/PC_Shopping/M.1677520908.A.5A5.html,推,看來7800X3D最香,02/28/2023,23264,True,正評
CPU,AMD R7 7800X3D,AMD,Ryzen 7,型號(情報),[情報] 7950X3D模擬7800X3D遊戲功耗僅有44W,https://www.ptt.cc/bbs/PC_Shopping/M.1677520908.A.5A5.html,推,希望我捏到7800X3D的決定是對的,02/28/2023,23287,True,正評
CPU,AMD R7 7800X3D,AMD,Ryzen 7,型號(情報),[情報] 7950X3D模擬7800X3D遊戲功耗僅有44W,https://www.ptt.cc/bbs/PC_Shopping/M.1677520908.A.5A5.html,推,3D堆疊有積熱問題，自然不能電壓太高,02/28/2023,23313,True,負評
CPU,AMD R7 7800X3D,AMD,Ryzen 7,型號(情報),[情報] 7950X3D模擬7800X3D遊戲功耗僅有44W,https://www.ptt.cc/bbs/PC_Shopping/M.1677520908.A.5A5.html,推,5800X3D 現在9700，7800X3D大概落在14000到15000感覺還,02/28/2023,23327,True,中立
CPU,AMD R7 7800X3D,AMD,Ryzen 7,型號(情報),[情報] 7950X3D模擬7800X3D遊戲功耗僅有44W,https://www.ptt.cc/bbs/PC_Shopping/M.1677520908.A.5A5.html,→,不會太費電，價錢公道又可以用DDR4,03/01/2023,23341,True,正評
CPU,AMD R7 7800X3D,AMD,Ryzen 7,型號(情報),[情報] AMD 7800X3D 7900XD 7950X3D有價格出現,https://www.ptt.cc/bbs/PC_Shopping/M.1674986775.A.F49.html,→,3299x5=16500 貴,01/29/2023,23343,True,負評
CPU,AMD R7 7800X3D,AMD,Ryzen 7,型號(情報),[情報] AMD 7800X3D 7900XD 7950X3D有價格出現,https://www.ptt.cc/bbs/PC_Shopping/M.1674986775.A.F49.html,推,這價格賣不動 明年對折再買,01/29/2023,23348,True,負評
CPU,AMD R7 7800X3D,AMD,Ryzen 7,型號(情報),[情報] AMD 7800X3D 7900XD 7950X3D有價格出現,https://www.ptt.cc/bbs/PC_Shopping/M.1674986775.A.F49.html,→,價格太近 誰要買最低的,01/29/2023,23359,True,中立
CPU,AMD R7 7800X3D,AMD,Ryzen 7,型號(情報),[情報] AMD 7800X3D 7900XD 7950X3D有價格出現,https://www.ptt.cc/bbs/PC_Shopping/M.1674986775.A.F49.html,推,差4k好像有點佛，是要人直上7950x3d逆,01/29/2023,23360,True,中立
CPU,AMD R7 7800X3D,AMD,Ryzen 7,型號(情報),[情報] AMD 7800X3D 7900XD 7950X3D有價格出現,https://www.ptt.cc/bbs/PC_Shopping/M.1674986775.A.F49.html,→,遊戲強又怎樣 d5貴死人 生產力又被i屌打,01/29/2023,23364,True,中立
CPU,AMD R7 7800X3D,AMD,Ryzen 7,型號(情報),[情報] AMD 7800X3D 7900XD 7950X3D有價格出現,https://www.ptt.cc/bbs/PC_Shopping/M.1674986775.A.F49.html,→,學老黃嗎 最貴的cp值最高,01/29/2023,23369,True,正評
CPU,AMD R7 7800X3D,AMD,Ryzen 7,型號(情報),[情報] AMD 7800X3D 7900XD 7950X3D有價格出現,https://www.ptt.cc/bbs/PC_Shopping/M.1674986775.A.F49.html,推,X3D好像不太用管記憶體頻率，也許可以省一筆,01/29/2023,23376,True,中立
CPU,AMD R7 7800X3D,AMD,Ryzen 7,型號(情報),[情報] AMD 7800X3D 7900XD 7950X3D有價格出現,https://www.ptt.cc/bbs/PC_Shopping/M.1674986775.A.F49.html,→,最貴的最香...,01/29/2023,23377,True,正評
CPU,AMD R7 7800X3D,AMD,Ryzen 7,型號(情報),[情報] AMD 7800X3D 7900XD 7950X3D有價格出現,https://www.ptt.cc/bbs/PC_Shopping/M.1674986775.A.F49.html,推,理論上遊戲用途買單CCD的7800X3D就夠了,01/29/2023,23385,True,正評
CPU,AMD R7 7800X3D,AMD,Ryzen 7,型號(情報),[情報] AMD 7800X3D 7900XD 7950X3D有價格出現,https://www.ptt.cc/bbs/PC_Shopping/M.1674986775.A.F49.html,推,7800x3D 18k穩了,01/29/2023,23386,True,正評
CPU,AMD R7 7800X3D,AMD,Ryzen 7,型號(情報),[情報] AMD 7800X3D 7900XD 7950X3D有價格出現,https://www.ptt.cc/bbs/PC_Shopping/M.1674986775.A.F49.html,推,1080P遊戲大概比無印版強一~兩成，生產力方面由於時脈,01/30/2023,23389,True,中立
CPU,AMD R7 7800X3D,AMD,Ryzen 7,型號(情報),[情報] AMD 7800X3D 7900XD 7950X3D有價格出現,https://www.ptt.cc/bbs/PC_Shopping/M.1674986775.A.F49.html,推,如果真這價格 7800X3D貴 7900X3D普通 7950X3D便宜,01/30/2023,23395,True,中立
CPU,AMD R7 7800X3D,AMD,Ryzen 7,型號(情報),[情報] AMD 7800X3D 7900XD 7950X3D有價格出現,https://www.ptt.cc/bbs/PC_Shopping/M.1674986775.A.F49.html,推,只會想買7800X3D來玩遊戲,01/30/2023,23397,True,正評
CPU,AMD R7 7800X3D,AMD,Ryzen 7,型號(情報),[情報] AMD 7800X3D 7900XD 7950X3D有價格出現,https://www.ptt.cc/bbs/PC_Shopping/M.1674986775.A.F49.html,→,綜合用途大快取絕對是首選，我也是有次不小心才發現這差,01/31/2023,23399,True,正評
CPU,AMD R7 7800X3D,AMD,Ryzen 7,型號(情報),[情報] AMD 7800X3D 7900XD 7950X3D有價格出現,https://www.ptt.cc/bbs/PC_Shopping/M.1674986775.A.F49.html,→,還是彌補不了cache miss的損失。,01/31/2023,23406,True,負評
CPU,AMD R7 7800X3D,AMD,Ryzen 7,型號(情報),[情報] AMD 7800X3D 7900XD 7950X3D有價格出現,https://www.ptt.cc/bbs/PC_Shopping/M.1674986775.A.F49.html,推,有點香耶 這CACHE...當初買5950X 真的不便宜,02/07/2023,23407,True,正評
CPU,AMD R7 8700G,AMD,Ryzen 7,型號,[菜單] 8700G為基底的20K輕度遊戲機,https://www.ptt.cc/bbs/PC_Shopping/M.1740711536.A.B9D.html,→,隨手超都可低延遲62-6400,02/28/2025,23417,True,中立
CPU,AMD R7 8700G,AMD,Ryzen 7,型號,[菜單] 8700G為基底的20K輕度遊戲機,https://www.ptt.cc/bbs/PC_Shopping/M.1740711536.A.B9D.html,→,美光原生稍弱一些 Pro版超不動體質最差,02/28/2025,23418,True,負評
CPU,AMD R7 8700G,AMD,Ryzen 7,型號,[菜單] 8700G為基底的20K輕度遊戲機,https://www.ptt.cc/bbs/PC_Shopping/M.1740711536.A.B9D.html,噓,很丐，然後處理器挑了一個很盤,02/28/2025,23419,True,負評
CPU,AMD R7 8700G,AMD,Ryzen 7,型號,[菜單] 8700G為基底的20K輕度遊戲機,https://www.ptt.cc/bbs/PC_Shopping/M.1740711536.A.B9D.html,推,8700G打遊戲只比9600G強10%吧還貴3000,02/28/2025,23420,True,負評
CPU,AMD R7 8700G,AMD,Ryzen 7,型號,[菜單] 8700G為基底的20K輕度遊戲機,https://www.ptt.cc/bbs/PC_Shopping/M.1740711536.A.B9D.html,→,"挑86g,其他升級，一定吊打你的87g配置",02/28/2025,23421,True,正評
CPU,AMD R7 8700G,AMD,Ryzen 7,型號,[菜單] 8700G為基底的20K輕度遊戲機,https://www.ptt.cc/bbs/PC_Shopping/M.1740711536.A.B9D.html,推,86G的CP值更高點 散熱也更好搞,02/28/2025,23425,True,正評
CPU,AMD R7 8700G,AMD,Ryzen 7,型號,[菜單] 8700G為基底的20K輕度遊戲機,https://www.ptt.cc/bbs/PC_Shopping/M.1740711536.A.B9D.html,→,反正是比你拿聖武士划算。,02/28/2025,23432,True,正評
CPU,AMD R7 8700G,AMD,Ryzen 7,型號,[菜單] 8700G為基底的20K輕度遊戲機,https://www.ptt.cc/bbs/PC_Shopping/M.1740711536.A.B9D.html,→,沒有模擬器10開這種需求的話，CPU可,02/28/2025,23434,True,中立
CPU,AMD R7 8700G,AMD,Ryzen 7,型號,[菜單] 8700G為基底的20K輕度遊戲機,https://www.ptt.cc/bbs/PC_Shopping/M.1740711536.A.B9D.html,→,以降成8600G，把預算留給機殼或週邊,02/28/2025,23435,True,中立
CPU,AMD R7 8700G,AMD,Ryzen 7,型號,[菜單] 8700G為基底的20K輕度遊戲機,https://www.ptt.cc/bbs/PC_Shopping/M.1740711536.A.B9D.html,推,780M開switch模擬器順跑,02/28/2025,23436,True,正評
CPU,AMD R7 8700G,AMD,Ryzen 7,型號,[菜單] 8700G為基底的20K輕度遊戲機,https://www.ptt.cc/bbs/PC_Shopping/M.1740711536.A.B9D.html,→,少2核多少還是有差。,02/28/2025,23439,True,中立
CPU,AMD R7 8700G,AMD,Ryzen 7,型號,[菜單] 8700G為基底的20K輕度遊戲機,https://www.ptt.cc/bbs/PC_Shopping/M.1740711536.A.B9D.html,→,除非不多開，那少2核就沒有差。,02/28/2025,23440,True,中立
CPU,AMD R7 8700G,AMD,Ryzen 7,型號,[菜單] 8700G為基底的20K輕度遊戲機,https://www.ptt.cc/bbs/PC_Shopping/M.1740711536.A.B9D.html,→,不考慮升級的話，其實8500G更划算一點,02/28/2025,23441,True,負評
CPU,AMD R7 8700G,AMD,Ryzen 7,型號,[菜單] 8700G為基底的20K輕度遊戲機,https://www.ptt.cc/bbs/PC_Shopping/M.1740711536.A.B9D.html,→,其實就內顯來說這三顆半斤八兩。,02/28/2025,23444,True,中立
CPU,AMD R7 8700G,AMD,Ryzen 7,型號,[菜單] 8700G為基底的20K輕度遊戲機,https://www.ptt.cc/bbs/PC_Shopping/M.1740711536.A.B9D.html,→,除了不適合玩老遊戲。,02/28/2025,23449,True,中立
CPU,AMD R7 8700G,AMD,Ryzen 7,型號,[菜單] 8700G為基底的20K輕度遊戲機,https://www.ptt.cc/bbs/PC_Shopping/M.1740711536.A.B9D.html,→,比較不會有優化的問題。,02/28/2025,23453,True,中立
CPU,AMD R7 8700G,AMD,Ryzen 7,型號,[菜單] 8700G為基底的20K輕度遊戲機,https://www.ptt.cc/bbs/PC_Shopping/M.1740711536.A.B9D.html,→,才是性價比之王，比12400F划算多了，光,02/28/2025,23455,True,正評
CPU,AMD R7 8700G,AMD,Ryzen 7,型號,[菜單] 8700G為基底的20K輕度遊戲機,https://www.ptt.cc/bbs/PC_Shopping/M.1740711536.A.B9D.html,→,比我的4790k+1080還涼...,03/01/2025,23477,True,正評
CPU,AMD R7 8700G,AMD,Ryzen 7,型號,[菜單] 8700G為基底的20K輕度遊戲機,https://www.ptt.cc/bbs/PC_Shopping/M.1740711536.A.B9D.html,推,這代APU記憶體超好超 挑個A-die 隨隨便便,03/01/2025,23478,True,正評
CPU,AMD R7 8700G,AMD,Ryzen 7,型號,[菜單] 8700G為基底的20K輕度遊戲機,https://www.ptt.cc/bbs/PC_Shopping/M.1740711536.A.B9D.html,→,就8000C34了還可以FCLK=UCLK 帥翻了,03/01/2025,23479,True,正評
CPU,AMD R7 8700G,AMD,Ryzen 7,型號,[菜單] 8700G為基底的20K輕度遊戲機,https://www.ptt.cc/bbs/PC_Shopping/M.1740711536.A.B9D.html,推,對 接內顯不開機或黑畫面 換板子也一,03/05/2025,23483,True,負評
CPU,AMD R7 8700G,AMD,Ryzen 7,型號,[請益] 8700g+deskmini或者ROG ally,https://www.ptt.cc/bbs/PC_Shopping/M.1726451306.A.86C.html,推,z1內顯比筆電的1060應該沒差多少，U的部,09/16/2024,23489,True,中立
CPU,AMD R7 8700G,AMD,Ryzen 7,型號,[請益] 8700g+deskmini或者ROG ally,https://www.ptt.cc/bbs/PC_Shopping/M.1726451306.A.86C.html,推,光是功耗就差多了==,09/16/2024,23490,True,中立
CPU,AMD R7 8700G,AMD,Ryzen 7,型號,[請益] 8700g+deskmini或者ROG ally,https://www.ptt.cc/bbs/PC_Shopping/M.1726451306.A.86C.html,推,不好意思 8700g的內顯跟1060卡是同性能,09/16/2024,23491,True,負評
CPU,AMD R7 8700G,AMD,Ryzen 7,型號,[請益] 8700g+deskmini或者ROG ally,https://www.ptt.cc/bbs/PC_Shopping/M.1726451306.A.86C.html,推,8700g的cpu部分強不少（畢竟是桌面版,09/16/2024,23496,True,中立
CPU,AMD R7 8700G,AMD,Ryzen 7,型號,[請益] 8700g+deskmini或者ROG ally,https://www.ptt.cc/bbs/PC_Shopping/M.1726451306.A.86C.html,推,87G一樣要注意散熱問題 相較之下86G溫度,09/16/2024,23504,True,中立
CPU,AMD R7 8700G,AMD,Ryzen 7,型號,[請益] 8700g+deskmini或者ROG ally,https://www.ptt.cc/bbs/PC_Shopping/M.1726451306.A.86C.html,→,0hs 的小主機性價比滿高的 跟 8845h,09/16/2024,23506,True,正評
CPU,AMD R7 8700G,AMD,Ryzen 7,型號,[請益] 8700g+deskmini或者ROG ally,https://www.ptt.cc/bbs/PC_Shopping/M.1726451306.A.86C.html,→,散熱問題，如果可以自己改造加強散熱,09/16/2024,23509,True,負評
CPU,AMD R7 8700G,AMD,Ryzen 7,型號,[菜單] 8700G，特戰英豪itx機,https://www.ptt.cc/bbs/PC_Shopping/M.1712244670.A.070.html,推,很微妙 你這樣組起來比拿6650還貴,04/04/2024,23521,True,負評
CPU,AMD R7 8700G,AMD,Ryzen 7,型號,[菜單] 8700G，特戰英豪itx機,https://www.ptt.cc/bbs/PC_Shopping/M.1712244670.A.070.html,→,除了保固乾脆，產品本身並不優。,04/04/2024,23524,True,負評
CPU,AMD R7 8700G,AMD,Ryzen 7,型號,[菜單] 8700G，特戰英豪itx機,https://www.ptt.cc/bbs/PC_Shopping/M.1712244670.A.070.html,→,要是拿來當遊戲碟就算了。,04/04/2024,23528,True,負評
CPU,AMD R7 8700G,AMD,Ryzen 7,型號,[菜單] 8700G，特戰英豪itx機,https://www.ptt.cc/bbs/PC_Shopping/M.1712244670.A.070.html,推,8700G目前有些溢價 如果以後要加顯卡那拿8,04/04/2024,23529,True,中立
CPU,AMD R7 8700G,AMD,Ryzen 7,型號,[菜單] 8700G，特戰英豪itx機,https://www.ptt.cc/bbs/PC_Shopping/M.1712244670.A.070.html,→,超，而且價錢上也算CP值不差。,04/04/2024,23535,True,正評
CPU,AMD R7 8700G,AMD,Ryzen 7,型號,[菜單] 8700G，特戰英豪itx機,https://www.ptt.cc/bbs/PC_Shopping/M.1712244670.A.070.html,推,Era的擴充性很差 散熱也不是很好,04/04/2024,23538,True,負評
CPU,AMD R7 8700G,AMD,Ryzen 7,型號,[菜單] 8700G，特戰英豪itx機,https://www.ptt.cc/bbs/PC_Shopping/M.1712244670.A.070.html,→,成Gen4的垃圾,04/05/2024,23542,True,負評
CPU,AMD R7 8700G,AMD,Ryzen 7,型號,[菜單] 8700G，特戰英豪itx機,https://www.ptt.cc/bbs/PC_Shopping/M.1712244670.A.070.html,→,atx電源，為啥硬要裝apu、下壓風冷、,04/05/2024,23548,True,負評
CPU,AMD R7 8700G,AMD,Ryzen 7,型號,[菜單] 8700G，特戰英豪itx機,https://www.ptt.cc/bbs/PC_Shopping/M.1712244670.A.070.html,→,6000/CL30算是CP值較高的選擇,04/05/2024,23561,True,正評
CPU,AMD R7 8700G,AMD,Ryzen 7,型號,[菜單] 8700G，特戰英豪itx機,https://www.ptt.cc/bbs/PC_Shopping/M.1712244670.A.070.html,推,最後，8700G目前的價格確實頗尷尬，無尺寸,04/05/2024,23565,True,中立
CPU,AMD R7 8700G,AMD,Ryzen 7,型號,[菜單] 8700G，特戰英豪itx機,https://www.ptt.cc/bbs/PC_Shopping/M.1712244670.A.070.html,→,強上很多，所以才會那麼多人勸你別買APU,04/05/2024,23567,True,負評
CPU,AMD R7 8700G,AMD,Ryzen 7,型號,Re: [閒聊] 8600G/8700G AV1解碼性能？,https://www.ptt.cc/bbs/PC_Shopping/M.1708856140.A.EFC.html,→,我講的是沒支援8k硬解啦 CPU不會吃,02/25/2024,23590,True,中立
CPU,AMD R7 8700G,AMD,Ryzen 7,型號,Re: [閒聊] 8600G/8700G AV1解碼性能？,https://www.ptt.cc/bbs/PC_Shopping/M.1708856140.A.EFC.html,→,我用4K軟解 CPU才20%以內,02/25/2024,23608,True,中立
CPU,AMD R7 8700G,AMD,Ryzen 7,型號,Re: [閒聊] 8600G/8700G AV1解碼性能？,https://www.ptt.cc/bbs/PC_Shopping/M.1708856140.A.EFC.html,→,CPU跑不滿還會降速,02/25/2024,23609,True,負評
CPU,AMD R7 8700G,AMD,Ryzen 7,型號,Re: [閒聊] 8600G/8700G AV1解碼性能？,https://www.ptt.cc/bbs/PC_Shopping/M.1708856140.A.EFC.html,→,8K直接CPU100%吃滿不降速 還會卡禎,02/25/2024,23610,True,負評
CPU,AMD R7 8700G,AMD,Ryzen 7,型號,Re: [閒聊] 8600G/8700G AV1解碼性能？,https://www.ptt.cc/bbs/PC_Shopping/M.1708856140.A.EFC.html,→,45HX的那小2CU內顯 遇到8K60 AV1都,02/25/2024,23616,True,中立
CPU,AMD R7 8700G,AMD,Ryzen 7,型號,Re: [閒聊] 8600G/8700G AV1解碼性能？,https://www.ptt.cc/bbs/PC_Shopping/M.1708856140.A.EFC.html,→,8k 會被拒絕。AV1 8k 沒擋但是fps個位數,02/26/2024,23624,True,負評
CPU,AMD R7 8700G,AMD,Ryzen 7,型號,Re: [閒聊] 8600G/8700G AV1解碼性能？,https://www.ptt.cc/bbs/PC_Shopping/M.1708856140.A.EFC.html,推,推實測 看來rdna3離8K60 AV1完美還差一步,02/26/2024,23625,True,中立
CPU,AMD R7 8700G,AMD,Ryzen 7,型號,[閒聊] 8700G IHS下改成液態金屬可降25度,https://www.ptt.cc/bbs/PC_Shopping/M.1707672499.A.2D4.html,推,88瓦80度算差不多嗎,02/12/2024,23649,True,中立
CPU,AMD R7 8700G,AMD,Ryzen 7,型號,[閒聊] 8700G IHS下改成液態金屬可降25度,https://www.ptt.cc/bbs/PC_Shopping/M.1707672499.A.2D4.html,推,讚   這在猶豫要不要買,02/12/2024,23651,True,正評
CPU,AMD R7 8700G,AMD,Ryzen 7,型號,[閒聊] 8700G IHS下改成液態金屬可降25度,https://www.ptt.cc/bbs/PC_Shopping/M.1707672499.A.2D4.html,→,才100W上下隨便一個小塔都壓得住，散熱,02/12/2024,23655,True,正評
CPU,AMD R7 8700G,AMD,Ryzen 7,型號,[閒聊] 8700G IHS下改成液態金屬可降25度,https://www.ptt.cc/bbs/PC_Shopping/M.1707672499.A.2D4.html,→,瓶頸都在頂蓋底下了,02/12/2024,23656,True,中立
CPU,AMD R7 8700G,AMD,Ryzen 7,型號,[閒聊] 8700G IHS下改成液態金屬可降25度,https://www.ptt.cc/bbs/PC_Shopping/M.1707672499.A.2D4.html,推,用水冷還在75度應該算AMD的積熱問題吧,02/12/2024,23657,True,負評
CPU,AMD R7 8700G,AMD,Ryzen 7,型號,[閒聊] 8700G IHS下改成液態金屬可降25度,https://www.ptt.cc/bbs/PC_Shopping/M.1707672499.A.2D4.html,→,不是錫銲的，PASS(看來撞溫度牆撞好撞滿),02/12/2024,23658,True,負評
CPU,AMD R7 8700G,AMD,Ryzen 7,型號,[閒聊] 8700G IHS下改成液態金屬可降25度,https://www.ptt.cc/bbs/PC_Shopping/M.1707672499.A.2D4.html,→,溫度 實際的效能測試沒看到,02/12/2024,23660,True,中立
CPU,AMD R7 8700G,AMD,Ryzen 7,型號,[閒聊] 8700G IHS下改成液態金屬可降25度,https://www.ptt.cc/bbs/PC_Shopping/M.1707672499.A.2D4.html,推,20000多分484贏7700x了,02/12/2024,23664,True,正評
CPU,AMD R7 8700G,AMD,Ryzen 7,型號,[閒聊] 8700G IHS下改成液態金屬可降25度,https://www.ptt.cc/bbs/PC_Shopping/M.1707672499.A.2D4.html,推,這個價格，這個阻熱膏,02/13/2024,23667,True,負評
CPU,AMD R7 8700G,AMD,Ryzen 7,型號(情報),[情報] 8700G超頻3.3G+7800MT/s最高強60%@177W,https://www.ptt.cc/bbs/PC_Shopping/M.1707574767.A.C7A.html,推,效能跟12600K差不多 內顯值得多花5千嗎？,02/11/2024,23686,True,中立
CPU,AMD R7 8700G,AMD,Ryzen 7,型號(情報),[情報] 8700G超頻3.3G+7800MT/s最高強60%@177W,https://www.ptt.cc/bbs/PC_Shopping/M.1707574767.A.C7A.html,推,"等降價, 1650合理價2990, 所以同級只值3K",02/11/2024,23687,True,負評
CPU,AMD R7 8700G,AMD,Ryzen 7,型號(情報),[情報] 8700G超頻3.3G+7800MT/s最高強60%@177W,https://www.ptt.cc/bbs/PC_Shopping/M.1707574767.A.C7A.html,→,"不, 應該更低, 因為沒有內建記憶體, 只值",02/11/2024,23688,True,負評
CPU,AMD R7 8700G,AMD,Ryzen 7,型號(情報),[情報] 8700G超頻3.3G+7800MT/s最高強60%@177W,https://www.ptt.cc/bbs/PC_Shopping/M.1707574767.A.C7A.html,→,都穩不住，只能降3600,02/11/2024,23691,True,負評
CPU,AMD R7 8700G,AMD,Ryzen 7,型號(情報),[情報] 8700G超頻3.3G+7800MT/s最高強60%@177W,https://www.ptt.cc/bbs/PC_Shopping/M.1707574767.A.C7A.html,推,要超額定價就沒意義了,02/11/2024,23692,True,負評
CPU,AMD R7 8700G,AMD,Ryzen 7,型號(情報),[情報] AMD忘記關閉STAPM限制導致8700G/8600G效,https://www.ptt.cc/bbs/PC_Shopping/M.1706815070.A.B7A.html,推,讚  越用越省電,02/02/2024,23702,True,正評
CPU,AMD R7 8700G,AMD,Ryzen 7,型號(情報),[情報] AMD忘記關閉STAPM限制導致8700G/8600G效,https://www.ptt.cc/bbs/PC_Shopping/M.1706815070.A.B7A.html,推,就是忘記啊 這是功耗長時間跑後被壓下來,02/02/2024,23710,True,負評
CPU,AMD R7 8700G,AMD,Ryzen 7,型號(情報),[情報] AMD忘記關閉STAPM限制導致8700G/8600G效,https://www.ptt.cc/bbs/PC_Shopping/M.1706815070.A.B7A.html,→,的問題 是不該在桌面端啟用的功能沒關掉,02/02/2024,23712,True,中立
CPU,AMD R7 8700G,AMD,Ryzen 7,型號(情報),[情報] AMD忘記關閉STAPM限制導致8700G/8600G效,https://www.ptt.cc/bbs/PC_Shopping/M.1706815070.A.B7A.html,→,這個更新BIOS就沒事了,02/02/2024,23716,True,中立
CPU,AMD R7 8700G,AMD,Ryzen 7,型號(情報),[情報] AMD忘記關閉STAPM限制導致8700G/8600G效,https://www.ptt.cc/bbs/PC_Shopping/M.1706815070.A.B7A.html,推,沒解除還是有5800x的效能,02/02/2024,23725,True,中立
CPU,AMD R7 8700G,AMD,Ryzen 7,型號,Re: [情報] 8600G $7600 8700G $10900 送D5 6000 16,https://www.ptt.cc/bbs/PC_Shopping/M.1706624168.A.278.html,推,信仰披風料子超差的。不要期待,01/30/2024,23733,True,負評
CPU,AMD R7 8700G,AMD,Ryzen 7,型號(情報),[情報] 8600G $7600 8700G $10900 送D5 6000 16,https://www.ptt.cc/bbs/PC_Shopping/M.1706620027.A.740.html,→,不過86G/87G價格不錯,01/30/2024,23745,True,中立
CPU,AMD R7 8700G,AMD,Ryzen 7,型號(情報),[情報] 8600G $7600 8700G $10900 送D5 6000 16,https://www.ptt.cc/bbs/PC_Shopping/M.1706620027.A.740.html,推,反了吧 內顯就是吃system ram的 參數影響,01/30/2024,23750,True,中立
CPU,AMD R7 8700G,AMD,Ryzen 7,型號(情報),[情報] 8600G $7600 8700G $10900 送D5 6000 16,https://www.ptt.cc/bbs/PC_Shopping/M.1706620027.A.740.html,→,家機的那顆SOC直接吃GDDR 延遲其實很高,01/30/2024,23753,True,負評
CPU,AMD R7 8700G,AMD,Ryzen 7,型號(情報),[情報] 8600G $7600 8700G $10900 送D5 6000 16,https://www.ptt.cc/bbs/PC_Shopping/M.1706620027.A.740.html,→,你主要是內顯CL36跟cl30沒有大差別吧,01/30/2024,23756,True,中立
CPU,AMD R7 8700G,AMD,Ryzen 7,型號(情報),[情報] 8600G $7600 8700G $10900 送D5 6000 16,https://www.ptt.cc/bbs/PC_Shopping/M.1706620027.A.740.html,推,GPU對延遲不敏感，記憶體高時脈比較有,01/30/2024,23759,True,中立
CPU,AMD R7 8700G,AMD,Ryzen 7,型號(情報),[情報] 8600G $7600 8700G $10900 送D5 6000 16,https://www.ptt.cc/bbs/PC_Shopping/M.1706620027.A.740.html,推,除了5700這顆型號根本詐欺以外都不錯,01/30/2024,23761,True,中立
CPU,AMD R7 8700G,AMD,Ryzen 7,型號(情報),[情報] 8600G $7600 8700G $10900 送D5 6000 16,https://www.ptt.cc/bbs/PC_Shopping/M.1706620027.A.740.html,→,2021年的BIOS就能夠點亮 但到現在才下放零售,01/31/2024,23777,True,中立
CPU,AMD R7 8700G,AMD,Ryzen 7,型號,[閒聊] 評測8600G輸1050ti 8%、8700G輸1650 18%,https://www.ptt.cc/bbs/PC_Shopping/M.1706539082.A.74E.html,推,8700G的內顯跟570差不多強的話也是很猛,01/29/2024,23798,True,正評
CPU,AMD R7 8700G,AMD,Ryzen 7,型號,[閒聊] 評測8600G輸1050ti 8%、8700G輸1650 18%,https://www.ptt.cc/bbs/PC_Shopping/M.1706539082.A.74E.html,推,內顯這麼強很猛了吧,01/29/2024,23799,True,正評
CPU,AMD R7 8700G,AMD,Ryzen 7,型號,[閒聊] 評測8600G輸1050ti 8%、8700G輸1650 18%,https://www.ptt.cc/bbs/PC_Shopping/M.1706539082.A.74E.html,推,買這apu 不如直接買迷你主機,01/29/2024,23813,True,負評
CPU,AMD R7 8700G,AMD,Ryzen 7,型號,[閒聊] 評測8600G輸1050ti 8%、8700G輸1650 18%,https://www.ptt.cc/bbs/PC_Shopping/M.1706539082.A.74E.html,→,8700G完美對應SteamOS 只缺週邊相容了,01/29/2024,23822,True,正評
CPU,AMD R7 8700G,AMD,Ryzen 7,型號,[閒聊] 評測8600G輸1050ti 8%、8700G輸1650 18%,https://www.ptt.cc/bbs/PC_Shopping/M.1706539082.A.74E.html,→,不看對岸評測預估 內顯還可以再超 dram,01/29/2024,23826,True,中立
CPU,AMD R7 8700G,AMD,Ryzen 7,型號,[閒聊] 評測8600G輸1050ti 8%、8700G輸1650 18%,https://www.ptt.cc/bbs/PC_Shopping/M.1706539082.A.74E.html,→,不追新遊戲的話 這很好用阿,01/29/2024,23834,True,正評
CPU,AMD R7 8700G,AMD,Ryzen 7,型號,[閒聊] 評測8600G輸1050ti 8%、8700G輸1650 18%,https://www.ptt.cc/bbs/PC_Shopping/M.1706539082.A.74E.html,→,用這開模擬器玩老遊戲應該很爽,01/29/2024,23835,True,正評
CPU,AMD R7 8700G,AMD,Ryzen 7,型號,[閒聊] 評測8600G輸1050ti 8%、8700G輸1650 18%,https://www.ptt.cc/bbs/PC_Shopping/M.1706539082.A.74E.html,→,那這樣在1080P下多數遊戲都能順玩了,01/29/2024,23840,True,正評
CPU,AMD R7 8700G,AMD,Ryzen 7,型號,[閒聊] 評測8600G輸1050ti 8%、8700G輸1650 18%,https://www.ptt.cc/bbs/PC_Shopping/M.1706539082.A.74E.html,推,這顆就一樣780M 然後功耗牆解放而已啊 效,01/30/2024,23843,True,中立
CPU,AMD R7 8700G,AMD,Ryzen 7,型號,[閒聊] 評測8600G輸1050ti 8%、8700G輸1650 18%,https://www.ptt.cc/bbs/PC_Shopping/M.1706539082.A.74E.html,→,G實際上持平或險勝1050 Ti,01/30/2024,23846,True,中立
CPU,AMD R7 8700G,AMD,Ryzen 7,型號(情報),[情報] 86/8700G單核強上代30%+ 多核50%+但輸7700,https://www.ptt.cc/bbs/PC_Shopping/M.1706362295.A.B11.html,推,這效能 打intel搞不好夠了XD,01/27/2024,23865,True,中立
CPU,AMD R7 8700G,AMD,Ryzen 7,型號(情報),[情報] 86/8700G單核強上代30%+ 多核50%+但輸7700,https://www.ptt.cc/bbs/PC_Shopping/M.1706362295.A.B11.html,→,可以省下內顯的錢的話真的不錯，滿期待這,01/27/2024,23868,True,正評
CPU,AMD R7 8700G,AMD,Ryzen 7,型號(情報),[情報] 86/8700G單核強上代30%+ 多核50%+但輸7700,https://www.ptt.cc/bbs/PC_Shopping/M.1706362295.A.B11.html,推,感覺不如7500F+3050,01/27/2024,23879,True,負評
CPU,AMD R7 8700G,AMD,Ryzen 7,型號(情報),[情報] 86/8700G單核強上代30%+ 多核50%+但輸7700,https://www.ptt.cc/bbs/PC_Shopping/M.1706362295.A.B11.html,→,如果8700G開價到12000附近的話,01/27/2024,23880,True,中立
CPU,AMD R7 8700G,AMD,Ryzen 7,型號(情報),[情報] 86/8700G單核強上代30%+ 多核50%+但輸7700,https://www.ptt.cc/bbs/PC_Shopping/M.1706362295.A.B11.html,推,現在7700賣10950，8700G=7700砍快取+1650,01/27/2024,23888,True,中立
CPU,AMD R7 8700G,AMD,Ryzen 7,型號(情報),[情報] 86/8700G單核強上代30%+ 多核50%+但輸7700,https://www.ptt.cc/bbs/PC_Shopping/M.1706362295.A.B11.html,推,這性能超乎預期的強吧，沒弱7700多少,01/28/2024,23893,True,正評
CPU,AMD R7 8700G,AMD,Ryzen 7,型號(情報),[情報] 86/8700G單核強上代30%+ 多核50%+但輸7700,https://www.ptt.cc/bbs/PC_Shopping/M.1706362295.A.B11.html,→,也是值得買來配顯卡使用的,01/28/2024,23897,True,正評
CPU,AMD R7 8700G,AMD,Ryzen 7,型號(情報),[情報] 86/8700G單核強上代30%+ 多核50%+但輸7700,https://www.ptt.cc/bbs/PC_Shopping/M.1706362295.A.B11.html,推,"看評測R5-5500輸5600約7%, 推估8700G配獨",01/28/2024,23911,True,中立
CPU,AMD R7 8700G,AMD,Ryzen 7,型號(情報),[情報] 86/8700G單核強上代30%+ 多核50%+但輸7700,https://www.ptt.cc/bbs/PC_Shopping/M.1706362295.A.B11.html,→,顯約等於13500或12600K不超頻,01/28/2024,23912,True,中立
CPU,AMD R7 8700G,AMD,Ryzen 7,型號(情報),[情報] 86/8700G單核強上代30%+ 多核50%+但輸7700,https://www.ptt.cc/bbs/PC_Shopping/M.1706362295.A.B11.html,→,8700G賣340鎂?台灣會賣10750?如果是還不錯,01/28/2024,23914,True,中立
CPU,AMD R7 8700G,AMD,Ryzen 7,型號(情報),[情報] 86/8700G單核強上代30%+ 多核50%+但輸7700,https://www.ptt.cc/bbs/PC_Shopping/M.1706362295.A.B11.html,→,拿來steam或XGP開FHD特效開中大部分都可玩,01/28/2024,23915,True,正評
CPU,AMD R7 8700G,AMD,Ryzen 7,型號(情報),[情報] 86/8700G單核強上代30%+ 多核50%+但輸7700,https://www.ptt.cc/bbs/PC_Shopping/M.1706362295.A.B11.html,推,可以順跑雙點醫院的內顯ㄟ,01/28/2024,23917,True,正評
CPU,AMD R7 8700G,AMD,Ryzen 7,型號(情報),[情報] 86/8700G單核強上代30%+ 多核50%+但輸7700,https://www.ptt.cc/bbs/PC_Shopping/M.1706362295.A.B11.html,→,再上去不如買7800x3d了,01/28/2024,23920,True,負評
CPU,AMD R7 8700G,AMD,Ryzen 7,型號(情報),[情報] 86/8700G單核強上代30%+ 多核50%+但輸7700,https://www.ptt.cc/bbs/PC_Shopping/M.1706362295.A.B11.html,推,蠻不錯的 覺得甚至cpu可以再弱一點 來增加g,01/28/2024,23922,True,正評
CPU,AMD R7 8700G,AMD,Ryzen 7,型號(情報),[情報] 86/8700G單核強上代30%+ 多核50%+但輸7700,https://www.ptt.cc/bbs/PC_Shopping/M.1706362295.A.B11.html,推,這代內顯就780M，若對1650效能不清楚，,01/28/2024,23923,True,中立
CPU,AMD R7 8700G,AMD,Ryzen 7,型號(情報),[情報] 86/8700G單核強上代30%+ 多核50%+但輸7700,https://www.ptt.cc/bbs/PC_Shopping/M.1706362295.A.B11.html,→,所以內顯就能屌打我RX570  現在科技進步真,01/28/2024,23926,True,正評
CPU,AMD R7 8700G,AMD,Ryzen 7,型號(情報),[情報] 86/8700G單核強上代30%+ 多核50%+但輸7700,https://www.ptt.cc/bbs/PC_Shopping/M.1706362295.A.B11.html,→,大約等效Pascal的1030個CUDA 比1152個少一些,01/28/2024,23936,True,中立
CPU,AMD R7 8700G,AMD,Ryzen 7,型號(情報),[情報] 86/8700G單核強上代30%+ 多核50%+但輸7700,https://www.ptt.cc/bbs/PC_Shopping/M.1706362295.A.B11.html,→,系打的不要不要的  再多給他一拳也是,01/29/2024,23950,True,正評
CPU,AMD R7 8700G,AMD,Ryzen 7,型號(情報),[情報] 8700G 12CU遊戲最高強5700G 3倍,https://www.ptt.cc/bbs/PC_Shopping/M.1701092362.A.AC9.html,推,780M在筆電就打平RX570了,11/27/2023,23962,True,中立
CPU,AMD R7 8700G,AMD,Ryzen 7,型號(情報),[情報] 8700G 12CU遊戲最高強5700G 3倍,https://www.ptt.cc/bbs/PC_Shopping/M.1701092362.A.AC9.html,推,8500G這顆大約是接替5600G 內顯效能差不多,11/28/2023,23967,True,中立
CPU,AMD R7 8700G,AMD,Ryzen 7,型號(情報),[情報] 8700G 12CU遊戲最高強5700G 3倍,https://www.ptt.cc/bbs/PC_Shopping/M.1701092362.A.AC9.html,→,2大4小核設計 對比5600G的CPU小提昇一些,11/28/2023,23968,True,中立
CPU,AMD R7 8700G,AMD,Ryzen 7,型號(情報),[情報] 8700G 12CU遊戲最高強5700G 3倍,https://www.ptt.cc/bbs/PC_Shopping/M.1701092362.A.AC9.html,推,如果是這樣還蠻強的，等評測看能不能贏過,11/28/2023,23971,True,中立
CPU,AMD R7 8700G,AMD,Ryzen 7,型號(情報),[情報] 8700G 12CU遊戲最高強5700G 3倍,https://www.ptt.cc/bbs/PC_Shopping/M.1701092362.A.AC9.html,推,太久沒買APU 1060上下了阿 好猛毆,11/28/2023,23973,True,正評
CPU,AMD R7 8700G,AMD,Ryzen 7,型號(情報),[情報] 8700G 12CU遊戲最高強5700G 3倍,https://www.ptt.cc/bbs/PC_Shopping/M.1701092362.A.AC9.html,推,哇靠 屌打欸 怕,11/28/2023,23974,True,正評
CPU,AMD R7 8700G,AMD,Ryzen 7,型號(情報),[情報] 8700G 12CU遊戲最高強5700G 3倍,https://www.ptt.cc/bbs/PC_Shopping/M.1701092362.A.AC9.html,推,香到不行 衝首發了,11/28/2023,23975,True,正評
CPU,AMD R7 9700X,AMD,Ryzen 7,型號,[閒聊] 100K組9700X和5070Ti會很盤嗎?,https://www.ptt.cc/bbs/PC_Shopping/M.1768884173.A.6D4.html,推,拿9700x不如拿9800x3d,01/20/2026,23981,True,負評
CPU,AMD R7 9700X,AMD,Ryzen 7,型號,[閒聊] 100K組9700X和5070Ti會很盤嗎?,https://www.ptt.cc/bbs/PC_Shopping/M.1768884173.A.6D4.html,推,省電源錢，我覺得不行,01/20/2026,24026,True,負評
CPU,AMD R7 9700X,AMD,Ryzen 7,型號,[閒聊] 100K組9700X和5070Ti會很盤嗎?,https://www.ptt.cc/bbs/PC_Shopping/M.1768884173.A.6D4.html,推,有錢願意盤，那這配備太低了,01/21/2026,24049,True,負評
CPU,AMD R7 9700X,AMD,Ryzen 7,型號,[閒聊] 100K組9700X和5070Ti會很盤嗎?,https://www.ptt.cc/bbs/PC_Shopping/M.1768884173.A.6D4.html,推,9700X還算好的 至少效能是真的有強 同樣,01/21/2026,24063,True,正評
CPU,AMD R7 9700X,AMD,Ryzen 7,型號,[閒聊] 100K組9700X和5070Ti會很盤嗎?,https://www.ptt.cc/bbs/PC_Shopping/M.1768884173.A.6D4.html,→,除非不得已，不然超盤,01/22/2026,24069,True,負評
CPU,AMD R7 9700X,AMD,Ryzen 7,型號,Re: [情報] 京東 9800X3D 13024元 9700X 7063元,https://www.ptt.cc/bbs/PC_Shopping/M.1762874550.A.3BC.html,→,盒裝是2326。散片價格非常有競爭力,11/11/2025,24071,True,中立
CPU,AMD R7 9700X,AMD,Ryzen 7,型號,Re: [情報] 京東 9800X3D 13024元 9700X 7063元,https://www.ptt.cc/bbs/PC_Shopping/M.1762874550.A.3BC.html,→,不好沒感覺。想想還是買別的吧XD,11/12/2025,24084,True,負評
CPU,AMD R7 9700X,AMD,Ryzen 7,型號,Re: [情報] 京東 9800X3D 13024元 9700X 7063元,https://www.ptt.cc/bbs/PC_Shopping/M.1762874550.A.3BC.html,→,認還撐得住（3900X+64G RAM，顯卡是20,11/12/2025,24099,True,中立
CPU,AMD R7 9700X,AMD,Ryzen 7,型號,Re: [情報] 京東 9800X3D 13024元 9700X 7063元,https://www.ptt.cc/bbs/PC_Shopping/M.1762874550.A.3BC.html,推,沒壞繼續用，現在D5這麼鬼，買到撞到，,11/12/2025,24114,True,中立
CPU,AMD R7 9700X,AMD,Ryzen 7,型號(情報),[情報] 京東 9800X3D 13024元 9700X 7063元,https://www.ptt.cc/bbs/PC_Shopping/M.1762729322.A.362.html,→,9700X價差也不少，越低階的價差越大。,11/10/2025,24128,True,中立
CPU,AMD R7 9700X,AMD,Ryzen 7,型號(情報),[情報] 京東 9800X3D 13024元 9700X 7063元,https://www.ptt.cc/bbs/PC_Shopping/M.1762729322.A.362.html,→,5.7Ghz也夠用了，主要是PCIe通道不夠用,11/10/2025,24136,True,中立
CPU,AMD R7 9700X,AMD,Ryzen 7,型號(情報),[情報] 京東 9800X3D 13024元 9700X 7063元,https://www.ptt.cc/bbs/PC_Shopping/M.1762729322.A.362.html,推,7K的97X還真香,11/10/2025,24174,True,正評
CPU,AMD R7 9700X,AMD,Ryzen 7,型號(情報),[情報] 京東 9800X3D 13024元 9700X 7063元,https://www.ptt.cc/bbs/PC_Shopping/M.1762729322.A.362.html,→,9700X再搭個PA120可以再折，這樣只要6850,11/10/2025,24195,True,中立
CPU,AMD R7 9700X,AMD,Ryzen 7,型號(情報),[情報] 京東 9800X3D 13024元 9700X 7063元,https://www.ptt.cc/bbs/PC_Shopping/M.1762729322.A.362.html,→,9700X好像沒省電容性能不勞賽，能買,11/10/2025,24204,True,中立
CPU,AMD R7 9700X,AMD,Ryzen 7,型號(情報),[情報] 京東 9800X3D 13024元 9700X 7063元,https://www.ptt.cc/bbs/PC_Shopping/M.1762729322.A.362.html,→,限額的活動不說 這兩個折掉後應該算OK,11/10/2025,24215,True,中立
CPU,AMD R7 9700X,AMD,Ryzen 7,型號(情報),[情報] 9700X京東自營刷卡不用7500元,https://www.ptt.cc/bbs/PC_Shopping/M.1761923067.A.BFA.html,→,要淘肯定選9700X吧，9600X價差太少了，,11/01/2025,24260,True,正評
CPU,AMD R7 9700X,AMD,Ryzen 7,型號(情報),[情報] 9700X京東自營刷卡不用7500元,https://www.ptt.cc/bbs/PC_Shopping/M.1761923067.A.BFA.html,推,"真香價, 基本上8核心賣7990就非常值得入手",11/01/2025,24264,True,正評
CPU,AMD R7 9700X,AMD,Ryzen 7,型號,[心得] 9700X 啟動/HR-09/貓扇 ITX 風流心得,https://www.ptt.cc/bbs/PC_Shopping/M.1753641577.A.A02.html,→,再配合降一點電壓溫度就應該不是問題了,07/28/2025,24294,True,中立
CPU,AMD R7 9700X,AMD,Ryzen 7,型號,[心得] 9700X 啟動/HR-09/貓扇 ITX 風流心得,https://www.ptt.cc/bbs/PC_Shopping/M.1753641577.A.A02.html,→,你捨不得換掉的L9x65才是CPU溫度降,07/28/2025,24299,True,中立
CPU,AMD R7 9700X,AMD,Ryzen 7,型號,[心得] 9700X 啟動/HR-09/貓扇 ITX 風流心得,https://www.ptt.cc/bbs/PC_Shopping/M.1753641577.A.A02.html,→,"不下來的主因,這顆只有2支熱管解熱",07/28/2025,24300,True,負評
CPU,AMD R7 9700X,AMD,Ryzen 7,型號,[心得] 9700X 啟動/HR-09/貓扇 ITX 風流心得,https://www.ptt.cc/bbs/PC_Shopping/M.1753641577.A.A02.html,→,"很差,隨便一個AXP90-X53都比他好,淘",07/28/2025,24301,True,負評
CPU,AMD R7 9700X,AMD,Ryzen 7,型號,[心得] 9700X 啟動/HR-09/貓扇 ITX 風流心得,https://www.ptt.cc/bbs/PC_Shopping/M.1753641577.A.A02.html,→,"問題直接下吹就好,這咖本來就是個大",07/28/2025,24304,True,負評
CPU,AMD R7 9700X,AMD,Ryzen 7,型號,[心得] 9700X 啟動/HR-09/貓扇 ITX 風流心得,https://www.ptt.cc/bbs/PC_Shopping/M.1753641577.A.A02.html,→,其實怎麼擺都無法排掉積熱,07/28/2025,24306,True,負評
CPU,AMD R7 9700X,AMD,Ryzen 7,型號,[閒聊] 日亞9700X MSI 240水冷 55K羊,https://www.ptt.cc/bbs/PC_Shopping/M.1752813420.A.8CB.html,→,沒有便宜到覺得水冷是多送的就不要碰,07/18/2025,24316,True,負評
CPU,AMD R7 9700X,AMD,Ryzen 7,型號,[心得] 京東啟動!AMD yes! 9700x+9070XT,https://www.ptt.cc/bbs/PC_Shopping/M.1751766055.A.292.html,→,50M版燒雞只有這張會供電過熱降頻,07/08/2025,24356,True,負評
CPU,AMD R7 9700X,AMD,Ryzen 7,型號,[心得] 京東啟動!AMD yes! 9700x+9070XT,https://www.ptt.cc/bbs/PC_Shopping/M.1751766055.A.292.html,→,雖然9700吃電不多，但主板溫度就是比,07/08/2025,24357,True,中立
CPU,AMD R7 9700X,AMD,Ryzen 7,型號,[心得] 啟動！JD 9700X 全白背插主機,https://www.ptt.cc/bbs/PC_Shopping/M.1749378098.A.14D.html,推,對岸9700x這價格真的太香了,06/08/2025,24366,True,正評
CPU,AMD R7 9700X,AMD,Ryzen 7,型號(情報),[情報] 京東9700x不用7700元！,https://www.ptt.cc/bbs/PC_Shopping/M.1748526918.A.783.html,推,前幾個月買了 爽用,05/29/2025,24394,True,正評
CPU,AMD R7 9700X,AMD,Ryzen 7,型號(情報),[情報] 京東9700x不用7700元！,https://www.ptt.cc/bbs/PC_Shopping/M.1748526918.A.783.html,推,B650EM供電偏丐 但看到帶個995溫度也還好,05/29/2025,24401,True,中立
CPU,AMD R7 9700X,AMD,Ryzen 7,型號(情報),[情報] 京東9700x不用7700元！,https://www.ptt.cc/bbs/PC_Shopping/M.1748526918.A.783.html,→,7800X3D與9700X我寧可選7800X3D,05/30/2025,24407,True,負評
CPU,AMD R7 9700X,AMD,Ryzen 7,型號(情報),[情報] 京東9700x不用7700元！,https://www.ptt.cc/bbs/PC_Shopping/M.1748526918.A.783.html,→,核效能還是9700X比較好。,05/30/2025,24411,True,正評
CPU,AMD R7 9700X,AMD,Ryzen 7,型號,[請益] 台灣通路7700 vs. JD 9700X抉擇,https://www.ptt.cc/bbs/PC_Shopping/M.1747990221.A.7B5.html,→,效能差距不值得賭那個,05/23/2025,24425,True,負評
CPU,AMD R7 9700X,AMD,Ryzen 7,型號,[請益] 台灣通路7700 vs. JD 9700X抉擇,https://www.ptt.cc/bbs/PC_Shopping/M.1747990221.A.7B5.html,→,2顆差在積熱，等618看價差吧,05/23/2025,24427,True,中立
CPU,AMD R7 9700X,AMD,Ryzen 7,型號,[請益] 台灣通路7700 vs. JD 9700X抉擇,https://www.ptt.cc/bbs/PC_Shopping/M.1747990221.A.7B5.html,推,效能差沒多少相信你也很清楚，只是價格,05/23/2025,24437,True,中立
CPU,AMD R7 9700X,AMD,Ryzen 7,型號,[請益] 台灣通路7700 vs. JD 9700X抉擇,https://www.ptt.cc/bbs/PC_Shopping/M.1747990221.A.7B5.html,推,看你有沒有散熱器 有就買9700,05/23/2025,24445,True,正評
CPU,AMD R7 9700X,AMD,Ryzen 7,型號,[請益] 台灣通路7700 vs. JD 9700X抉擇,https://www.ptt.cc/bbs/PC_Shopping/M.1747990221.A.7B5.html,推,9700x 現在遊戲至少強7700 10 %以上,05/23/2025,24464,True,正評
CPU,AMD R7 9700X,AMD,Ryzen 7,型號,[請益] 台灣通路7700 vs. JD 9700X抉擇,https://www.ptt.cc/bbs/PC_Shopping/M.1747990221.A.7B5.html,→,買到的CPU就這四款，9700x就是沒有積熱的,05/23/2025,24484,True,負評
CPU,AMD R7 9700X,AMD,Ryzen 7,型號,[請益] 台灣通路7700 vs. JD 9700X抉擇,https://www.ptt.cc/bbs/PC_Shopping/M.1747990221.A.7B5.html,→,"9700X遊戲贏6%, 不過2K/4K差距更小",05/23/2025,24491,True,中立
CPU,AMD R7 9700X,AMD,Ryzen 7,型號,[請益] 台灣通路7700 vs. JD 9700X抉擇,https://www.ptt.cc/bbs/PC_Shopping/M.1747990221.A.7B5.html,推,有溫度焦慮的選9700x CPU很少看到壞的,05/23/2025,24494,True,正評
CPU,AMD R7 9700X,AMD,Ryzen 7,型號,[請益] 台灣通路7700 vs. JD 9700X抉擇,https://www.ptt.cc/bbs/PC_Shopping/M.1747990221.A.7B5.html,→,價差不夠大的就不值得買，如果是像AM4,05/24/2025,24517,True,中立
CPU,AMD R7 9700X,AMD,Ryzen 7,型號,[請益] 台灣通路7700 vs. JD 9700X抉擇,https://www.ptt.cc/bbs/PC_Shopping/M.1747990221.A.7B5.html,推,淘寶7700散片 4000-4500台幣 不如選這個吧,05/24/2025,24523,True,負評
CPU,AMD R7 9700X,AMD,Ryzen 7,型號,[請益] 台灣通路7700 vs. JD 9700X抉擇,https://www.ptt.cc/bbs/PC_Shopping/M.1747990221.A.7B5.html,推,價差沒多少當然選JD 多花一點點錢可以就,05/24/2025,24528,True,正評
CPU,AMD R7 9700X,AMD,Ryzen 7,型號,[請益] 台灣通路7700 vs. JD 9700X抉擇,https://www.ptt.cc/bbs/PC_Shopping/M.1747990221.A.7B5.html,→,秒選9700X，GG,05/24/2025,24531,True,正評
CPU,AMD R7 9700X,AMD,Ryzen 7,型號,[測試] Intel 245K搭載MSI Z890 0x114 vs 9700X,https://www.ptt.cc/bbs/PC_Shopping/M.1741170489.A.655.html,推,板子貴太多 台灣U價格搭板265K跟9700X差,03/05/2025,24532,True,中立
CPU,AMD R7 9700X,AMD,Ryzen 7,型號,[測試] Intel 245K搭載MSI Z890 0x114 vs 9700X,https://www.ptt.cc/bbs/PC_Shopping/M.1741170489.A.655.html,→,記得AMD跑6000以上差別不大 CL低比較好,03/05/2025,24543,True,中立
CPU,AMD R7 9700X,AMD,Ryzen 7,型號,[測試] Intel 245K搭載MSI Z890 0x114 vs 9700X,https://www.ptt.cc/bbs/PC_Shopping/M.1741170489.A.655.html,→,所以245K基本算搶救成功 ? 接近9700X全預,03/06/2025,24557,True,中立
CPU,AMD R7 9700X,AMD,Ryzen 7,型號,Re: [情報] 拼多多 AMD 9700X 台幣7600元 - 到貨啦,https://www.ptt.cc/bbs/PC_Shopping/M.1739036000.A.285.html,推,實付7600台幣左右 就算兩個都無保固也太香了,02/09/2025,24560,True,正評
CPU,AMD R7 9700X,AMD,Ryzen 7,型號,Re: [情報] 拼多多 AMD 9700X 台幣7600元 - 到貨啦,https://www.ptt.cc/bbs/PC_Shopping/M.1739036000.A.285.html,推,等等 你先燒雞跑分 別開香檳,02/09/2025,24561,True,中立
CPU,AMD R7 9700X,AMD,Ryzen 7,型號,Re: [情報] 拼多多 AMD 9700X 台幣7600元 - 到貨啦,https://www.ptt.cc/bbs/PC_Shopping/M.1739036000.A.285.html,→,先跑個分就知道尊督假督,02/09/2025,24565,True,中立
CPU,AMD R7 9700X,AMD,Ryzen 7,型號,Re: [情報] 拼多多 AMD 9700X 台幣7600元 - 到貨啦,https://www.ptt.cc/bbs/PC_Shopping/M.1739036000.A.285.html,推,9700x賣這個價格真的香，中國人真幸福,02/09/2025,24574,True,正評
CPU,AMD R7 9700X,AMD,Ryzen 7,型號,Re: [情報] 拼多多 AMD 9700X 台幣7600元 - 到貨啦,https://www.ptt.cc/bbs/PC_Shopping/M.1739036000.A.285.html,→,灣9600X的價格買9700X,02/09/2025,24587,True,中立
CPU,AMD R7 9700X,AMD,Ryzen 7,型號,Re: [情報] 拼多多 AMD 9700X 台幣7600元 - 到貨啦,https://www.ptt.cc/bbs/PC_Shopping/M.1739036000.A.285.html,推,9700X 搶不到98X3D 拿來當備胎也不錯,02/09/2025,24590,True,中立
CPU,AMD R7 9700X,AMD,Ryzen 7,型號,Re: [情報] 拼多多 AMD 9700X 台幣7600元 - 到貨啦,https://www.ptt.cc/bbs/PC_Shopping/M.1739036000.A.285.html,推,結果我被勸退退貨退款，血虧,02/10/2025,24598,True,負評
CPU,AMD R7 9700X,AMD,Ryzen 7,型號(情報),[情報] 拼多多 AMD 9700X 台幣7600元,https://www.ptt.cc/bbs/PC_Shopping/M.1737402407.A.035.html,推,台灣AMD好黑 成本抓7K賣12K溢價70%,01/21/2025,24614,True,中立
CPU,AMD R7 9700X,AMD,Ryzen 7,型號(情報),[情報] 拼多多 AMD 9700X 台幣7600元,https://www.ptt.cc/bbs/PC_Shopping/M.1737402407.A.035.html,→,變貴啊 瘋狂割韭菜,01/21/2025,24617,True,負評
CPU,AMD R7 9700X,AMD,Ryzen 7,型號(情報),[情報] 拼多多 AMD 9700X 台幣7600元,https://www.ptt.cc/bbs/PC_Shopping/M.1737402407.A.035.html,推,97x這價格 好香  但拼多多沒買過,01/21/2025,24627,True,正評
CPU,AMD R7 9700X,AMD,Ryzen 7,型號(情報),[情報] 拼多多 AMD 9700X 台幣7600元,https://www.ptt.cc/bbs/PC_Shopping/M.1737402407.A.035.html,推,拼多多哦  要拼人品夠多才敢買 我pass,01/21/2025,24631,True,負評
CPU,AMD R7 9700X,AMD,Ryzen 7,型號(情報),[情報] 拼多多 AMD 9700X 台幣7600元,https://www.ptt.cc/bbs/PC_Shopping/M.1737402407.A.035.html,→,高價物，拼多多不推薦,01/21/2025,24664,True,負評
CPU,AMD R7 9700X,AMD,Ryzen 7,型號(情報),[情報] 拼多多 AMD 9700X 台幣7600元,https://www.ptt.cc/bbs/PC_Shopping/M.1737402407.A.035.html,推,真的不要買，買鬼島盤子價比較安心,01/21/2025,24668,True,負評
CPU,AMD R7 9700X,AMD,Ryzen 7,型號,Re: [情報] ICU全系遊戲沒一個打贏9700x/14700k,https://www.ptt.cc/bbs/PC_Shopping/M.1736781883.A.6DB.html,推,便宜文書幾用，不夠便宜就是浪費沙子,01/13/2025,24675,True,中立
CPU,AMD R7 9700X,AMD,Ryzen 7,型號,Re: [情報] ICU全系遊戲沒一個打贏9700x/14700k,https://www.ptt.cc/bbs/PC_Shopping/M.1736781883.A.6DB.html,推,全E核就N150啊，可是很廢,01/14/2025,24681,True,負評
CPU,AMD R7 9700X,AMD,Ryzen 7,型號,Re: [情報] ICU全系遊戲沒一個打贏9700x/14700k,https://www.ptt.cc/bbs/PC_Shopping/M.1736781883.A.6DB.html,→,賣2490 不能再多了,01/14/2025,24685,True,中立
CPU,AMD R7 9700X,AMD,Ryzen 7,型號,Re: [情報] ICU全系遊戲沒一個打贏9700x/14700k,https://www.ptt.cc/bbs/PC_Shopping/M.1736781883.A.6DB.html,推,i的全E核做成單板PC反而能鶴立雞群,01/14/2025,24686,True,中立
CPU,AMD R7 9700X,AMD,Ryzen 7,型號(情報),[情報] ICU全系遊戲沒一個打贏9700x/14700k,https://www.ptt.cc/bbs/PC_Shopping/M.1736777754.A.D30.html,推,比14代還熱是要怎樣...,01/13/2025,24694,True,負評
CPU,AMD R7 9700X,AMD,Ryzen 7,型號(情報),[情報] ICU全系遊戲沒一個打贏9700x/14700k,https://www.ptt.cc/bbs/PC_Shopping/M.1736777754.A.D30.html,推,這代砍HT也沒辦法吹多工了,01/13/2025,24695,True,負評
CPU,AMD R7 9700X,AMD,Ryzen 7,型號(情報),[情報] ICU全系遊戲沒一個打贏9700x/14700k,https://www.ptt.cc/bbs/PC_Shopping/M.1736777754.A.D30.html,推,四個字才對，還沒吹NPU啦,01/13/2025,24698,True,正評
CPU,AMD R7 9700X,AMD,Ryzen 7,型號(情報),[情報] ICU全系遊戲沒一個打贏9700x/14700k,https://www.ptt.cc/bbs/PC_Shopping/M.1736777754.A.D30.html,推,GG製程本來就有積熱問題，TDP沒影響就,01/13/2025,24701,True,負評
CPU,AMD R7 9700X,AMD,Ryzen 7,型號(情報),[情報] ICU全系遊戲沒一個打贏9700x/14700k,https://www.ptt.cc/bbs/PC_Shopping/M.1736777754.A.D30.html,推,保留HT可能還不會這麼慘,01/13/2025,24706,True,負評
CPU,AMD R7 9700X,AMD,Ryzen 7,型號(情報),[情報] ICU全系遊戲沒一個打贏9700x/14700k,https://www.ptt.cc/bbs/PC_Shopping/M.1736777754.A.D30.html,推,只能靠i粉努力支持了,01/13/2025,24708,True,負評
CPU,AMD R7 9700X,AMD,Ryzen 7,型號(情報),[情報] ICU全系遊戲沒一個打贏9700x/14700k,https://www.ptt.cc/bbs/PC_Shopping/M.1736777754.A.D30.html,→,早就知道那個破產版星空大師aka低配版oo,01/13/2025,24712,True,負評
CPU,AMD R7 9700X,AMD,Ryzen 7,型號(情報),[情報] ICU全系遊戲沒一個打贏9700x/14700k,https://www.ptt.cc/bbs/PC_Shopping/M.1736777754.A.D30.html,→,怎麼溫度比14代高？,01/13/2025,24718,True,中立
CPU,AMD R7 9700X,AMD,Ryzen 7,型號(情報),[情報] ICU全系遊戲沒一個打贏9700x/14700k,https://www.ptt.cc/bbs/PC_Shopping/M.1736777754.A.D30.html,→,11代都沒這麼難看,01/13/2025,24720,True,正評
CPU,AMD R7 9700X,AMD,Ryzen 7,型號(情報),[情報] ICU全系遊戲沒一個打贏9700x/14700k,https://www.ptt.cc/bbs/PC_Shopping/M.1736777754.A.D30.html,推,不用送ICU了，白布蓋一蓋放一邊去吧,01/13/2025,24721,True,正評
CPU,AMD R7 9700X,AMD,Ryzen 7,型號(情報),[情報] ICU全系遊戲沒一個打贏9700x/14700k,https://www.ptt.cc/bbs/PC_Shopping/M.1736777754.A.D30.html,推,這評測9700x還略強於9900x，不太可信吧,01/13/2025,24722,True,中立
CPU,AMD R7 9700X,AMD,Ryzen 7,型號(情報),[情報] ICU全系遊戲沒一個打贏9700x/14700k,https://www.ptt.cc/bbs/PC_Shopping/M.1736777754.A.D30.html,→,9700X比9900X遊戲還強的評測不少喔,01/13/2025,24724,True,正評
CPU,AMD R7 9700X,AMD,Ryzen 7,型號(情報),[情報] ICU全系遊戲沒一個打贏9700x/14700k,https://www.ptt.cc/bbs/PC_Shopping/M.1736777754.A.D30.html,推,9700X比9900X強一點很難理解嗎,01/13/2025,24725,True,中立
CPU,AMD R7 9700X,AMD,Ryzen 7,型號(情報),[情報] ICU全系遊戲沒一個打贏9700x/14700k,https://www.ptt.cc/bbs/PC_Shopping/M.1736777754.A.D30.html,推,是 所以板上才沒人在推9900X3D,01/13/2025,24730,True,中立
CPU,AMD R7 9700X,AMD,Ryzen 7,型號(情報),[情報] ICU全系遊戲沒一個打贏9700x/14700k,https://www.ptt.cc/bbs/PC_Shopping/M.1736777754.A.D30.html,→,時脈大提升 或許有改善,01/13/2025,24734,True,中立
CPU,AMD R7 9700X,AMD,Ryzen 7,型號(情報),[情報] ICU全系遊戲沒一個打贏9700x/14700k,https://www.ptt.cc/bbs/PC_Shopping/M.1736777754.A.D30.html,→,上一代7900X3D就沒人推了,01/13/2025,24736,True,中立
CPU,AMD R7 9700X,AMD,Ryzen 7,型號(情報),[情報] ICU全系遊戲沒一個打贏9700x/14700k,https://www.ptt.cc/bbs/PC_Shopping/M.1736777754.A.D30.html,→,那是因為zen4 x3d雙ccd一開始驅動表現太,01/13/2025,24737,True,中立
CPU,AMD R7 9700X,AMD,Ryzen 7,型號(情報),[情報] ICU全系遊戲沒一個打贏9700x/14700k,https://www.ptt.cc/bbs/PC_Shopping/M.1736777754.A.D30.html,→,這代兩頭抓 是能預期比7900x/7950x3d來,01/13/2025,24738,True,中立
CPU,AMD R7 9700X,AMD,Ryzen 7,型號(情報),[情報] ICU全系遊戲沒一個打贏9700x/14700k,https://www.ptt.cc/bbs/PC_Shopping/M.1736777754.A.D30.html,→,98真的好用 可以選擇純降壓換溫度,01/13/2025,24742,True,正評
CPU,AMD R7 9700X,AMD,Ryzen 7,型號(情報),[情報] ICU全系遊戲沒一個打贏9700x/14700k,https://www.ptt.cc/bbs/PC_Shopping/M.1736777754.A.D30.html,→,也可以小超一下 反正很容易壓得住,01/13/2025,24743,True,中立
CPU,AMD R7 9700X,AMD,Ryzen 7,型號(情報),[情報] ICU全系遊戲沒一個打贏9700x/14700k,https://www.ptt.cc/bbs/PC_Shopping/M.1736777754.A.D30.html,推,這功耗跟溫度怎麼那麼慘 把3nm做成跟7n,01/13/2025,24747,True,負評
CPU,AMD R7 9700X,AMD,Ryzen 7,型號(情報),[情報] ICU全系遊戲沒一個打贏9700x/14700k,https://www.ptt.cc/bbs/PC_Shopping/M.1736777754.A.D30.html,→,AMD：我連x3d都不用派出來了,01/13/2025,24749,True,正評
CPU,AMD R7 9700X,AMD,Ryzen 7,型號(情報),[情報] ICU全系遊戲沒一個打贏9700x/14700k,https://www.ptt.cc/bbs/PC_Shopping/M.1736777754.A.D30.html,推,不如回去把12代改個名字拿來賣…,01/13/2025,24750,True,負評
CPU,AMD R7 9700X,AMD,Ryzen 7,型號(情報),[情報] ICU全系遊戲沒一個打贏9700x/14700k,https://www.ptt.cc/bbs/PC_Shopping/M.1736777754.A.D30.html,→,積熱是GG的特性 那哀的特性是什麼,01/13/2025,24755,True,負評
CPU,AMD R7 9700X,AMD,Ryzen 7,型號(情報),[情報] ICU全系遊戲沒一個打贏9700x/14700k,https://www.ptt.cc/bbs/PC_Shopping/M.1736777754.A.D30.html,噓,特性是牙膏倒吸阿,01/13/2025,24756,True,負評
CPU,AMD R7 9700X,AMD,Ryzen 7,型號(情報),[情報] ICU全系遊戲沒一個打贏9700x/14700k,https://www.ptt.cc/bbs/PC_Shopping/M.1736777754.A.D30.html,→,版之流 比水桶裡那隻還不如,01/13/2025,24765,True,負評
CPU,AMD R7 9700X,AMD,Ryzen 7,型號(情報),[情報] ICU全系遊戲沒一個打贏9700x/14700k,https://www.ptt.cc/bbs/PC_Shopping/M.1736777754.A.D30.html,推,AMD:我沒說錯吧,01/13/2025,24766,True,正評
CPU,AMD R7 9700X,AMD,Ryzen 7,型號(情報),[情報] ICU全系遊戲沒一個打贏9700x/14700k,https://www.ptt.cc/bbs/PC_Shopping/M.1736777754.A.D30.html,→,只有筆電版能戰省電 但太貴,01/13/2025,24769,True,中立
CPU,AMD R7 9700X,AMD,Ryzen 7,型號(情報),[情報] ICU全系遊戲沒一個打贏9700x/14700k,https://www.ptt.cc/bbs/PC_Shopping/M.1736777754.A.D30.html,推,台積電爛死了 英特爾應該用18A才對,01/13/2025,24770,True,中立
CPU,AMD R7 9700X,AMD,Ryzen 7,型號(情報),[情報] ICU全系遊戲沒一個打贏9700x/14700k,https://www.ptt.cc/bbs/PC_Shopping/M.1736777754.A.D30.html,推,9700x默秒全,01/13/2025,24771,True,正評
CPU,AMD R7 9700X,AMD,Ryzen 7,型號(情報),[情報] ICU全系遊戲沒一個打贏9700x/14700k,https://www.ptt.cc/bbs/PC_Shopping/M.1736777754.A.D30.html,推,75意外的猛欸，再看價錢  ICU沒救了,01/14/2025,24773,True,正評
CPU,AMD R7 9700X,AMD,Ryzen 7,型號(情報),[情報] ICU全系遊戲沒一個打贏9700x/14700k,https://www.ptt.cc/bbs/PC_Shopping/M.1736777754.A.D30.html,→,會吃積熱？難道不是CPU設計有問題導致,01/14/2025,24775,True,負評
CPU,AMD R7 9700X,AMD,Ryzen 7,型號(情報),[情報] ICU全系遊戲沒一個打贏9700x/14700k,https://www.ptt.cc/bbs/PC_Shopping/M.1736777754.A.D30.html,→,9000系設計沒問題就不積熱了,01/14/2025,24776,True,中立
CPU,AMD R7 9700X,AMD,Ryzen 7,型號(情報),[情報] ICU全系遊戲沒一個打贏9700x/14700k,https://www.ptt.cc/bbs/PC_Shopping/M.1736777754.A.D30.html,→,"漲價只能說哪來的自信, 如果U9賣U7價,",01/14/2025,24778,True,中立
CPU,AMD R7 9700X,AMD,Ryzen 7,型號(情報),[情報] ICU全系遊戲沒一個打贏9700x/14700k,https://www.ptt.cc/bbs/PC_Shopping/M.1736777754.A.D30.html,推,a就說對手產品太爛,01/14/2025,24785,True,中立
CPU,AMD R7 9700X,AMD,Ryzen 7,型號(情報),[情報] ICU全系遊戲沒一個打贏9700x/14700k,https://www.ptt.cc/bbs/PC_Shopping/M.1736777754.A.D30.html,→,3D進步這麼小 躺著不動你還會退步,01/14/2025,24788,True,中立
CPU,AMD R7 9700X,AMD,Ryzen 7,型號(情報),[情報] ICU全系遊戲沒一個打贏9700x/14700k,https://www.ptt.cc/bbs/PC_Shopping/M.1736777754.A.D30.html,推,溫度部分還好，都50以下無感，重點還是,01/14/2025,24789,True,中立
CPU,AMD R7 9700X,AMD,Ryzen 7,型號(情報),[情報] ICU全系遊戲沒一個打贏9700x/14700k,https://www.ptt.cc/bbs/PC_Shopping/M.1736777754.A.D30.html,→,GG積熱 那三星不就,01/14/2025,24798,True,負評
CPU,AMD R7 9700X,AMD,Ryzen 7,型號(情報),[情報] ICU全系遊戲沒一個打贏9700x/14700k,https://www.ptt.cc/bbs/PC_Shopping/M.1736777754.A.D30.html,推,把這款當真正的13代就能釋懷了，至少不用,01/14/2025,24802,True,中立
CPU,AMD R7 9700X,AMD,Ryzen 7,型號(情報),[情報] ICU全系遊戲沒一個打贏9700x/14700k,https://www.ptt.cc/bbs/PC_Shopping/M.1736777754.A.D30.html,→,擔心會縮缸(?),01/14/2025,24803,True,負評
CPU,AMD R7 9700X,AMD,Ryzen 7,型號(情報),[情報] ICU全系遊戲沒一個打贏9700x/14700k,https://www.ptt.cc/bbs/PC_Shopping/M.1736777754.A.D30.html,推,真的要進ICU了,01/14/2025,24807,True,負評
CPU,AMD R7 9700X,AMD,Ryzen 7,型號(情報),[情報] ICU全系遊戲沒一個打贏9700x/14700k,https://www.ptt.cc/bbs/PC_Shopping/M.1736777754.A.D30.html,推,AMD可以開始擠牙膏了 或成新一代牙膏,01/14/2025,24811,True,負評
CPU,AMD R7 9700X,AMD,Ryzen 7,型號(情報),[情報] ICU全系遊戲沒一個打贏9700x/14700k,https://www.ptt.cc/bbs/PC_Shopping/M.1736777754.A.D30.html,推,2家都台gg是在積熱啥阿,01/14/2025,24812,True,負評
CPU,AMD R7 9700X,AMD,Ryzen 7,型號(情報),[情報] ICU全系遊戲沒一個打贏9700x/14700k,https://www.ptt.cc/bbs/PC_Shopping/M.1736777754.A.D30.html,推,有沒有K好像根本沒差,01/14/2025,24814,True,中立
CPU,AMD R7 9700X,AMD,Ryzen 7,型號(情報),[情報] ICU全系遊戲沒一個打贏9700x/14700k,https://www.ptt.cc/bbs/PC_Shopping/M.1736777754.A.D30.html,推,GG積熱那三星就是反應爐了,01/14/2025,24817,True,負評
CPU,AMD R7 9700X,AMD,Ryzen 7,型號(情報),[情報] ICU全系遊戲沒一個打贏9700x/14700k,https://www.ptt.cc/bbs/PC_Shopping/M.1736777754.A.D30.html,推,完蛋了，換AMD上演當年I7四核擺爛6年了X,01/15/2025,24820,True,負評
CPU,AMD R7 9700X,AMD,Ryzen 7,型號,[請益] 癢到受不了 7500f想換 該選7700還9700X?,https://www.ptt.cc/bbs/PC_Shopping/M.1736405888.A.4DA.html,推,7700無感9700可能比較有昇級的feel,01/09/2025,24833,True,中立
CPU,AMD R7 9700X,AMD,Ryzen 7,型號,[請益] 癢到受不了 7500f想換 該選7700還9700X?,https://www.ptt.cc/bbs/PC_Shopping/M.1736405888.A.4DA.html,→,一步到位省得夜長夢多,01/09/2025,24837,True,正評
CPU,AMD R7 9700X,AMD,Ryzen 7,型號,[請益] 癢到受不了 7500f想換 該選7700還9700X?,https://www.ptt.cc/bbs/PC_Shopping/M.1736405888.A.4DA.html,→,直接攻頂 最省事 癢也臭不起來,01/09/2025,24838,True,正評
CPU,AMD R7 9700X,AMD,Ryzen 7,型號,[請益] 癢到受不了 7500f想換 該選7700還9700X?,https://www.ptt.cc/bbs/PC_Shopping/M.1736405888.A.4DA.html,→,溫度到達上限嗡嗡叫 不換散熱換CPU?,01/09/2025,24840,True,負評
CPU,AMD R7 9700X,AMD,Ryzen 7,型號,[請益] 癢到受不了 7500f想換 該選7700還9700X?,https://www.ptt.cc/bbs/PC_Shopping/M.1736405888.A.4DA.html,→,要就攻頂 或好一點的不會痛,01/09/2025,24844,True,中立
CPU,AMD R7 9700X,AMD,Ryzen 7,型號,[請益] 癢到受不了 7500f想換 該選7700還9700X?,https://www.ptt.cc/bbs/PC_Shopping/M.1736405888.A.4DA.html,→,同樣開expo 待機功耗低10w,01/09/2025,24852,True,中立
CPU,AMD R7 9700X,AMD,Ryzen 7,型號,[請益] 癢到受不了 7500f想換 該選7700還9700X?,https://www.ptt.cc/bbs/PC_Shopping/M.1736405888.A.4DA.html,→,如果你溫度高 平常別開pbo就行 那顆本來,01/09/2025,24857,True,中立
CPU,AMD R7 9700X,AMD,Ryzen 7,型號,[請益] 癢到受不了 7500f想換 該選7700還9700X?,https://www.ptt.cc/bbs/PC_Shopping/M.1736405888.A.4DA.html,推,便宜治百病，當然換阿,01/09/2025,24877,True,正評
CPU,AMD R7 9700X,AMD,Ryzen 7,型號,[請益] 癢到受不了 7500f想換 該選7700還9700X?,https://www.ptt.cc/bbs/PC_Shopping/M.1736405888.A.4DA.html,→,"9700X吧,至少單核提升及溫度下降這是有感的",01/09/2025,24881,True,正評
CPU,AMD R7 9700X,AMD,Ryzen 7,型號,[請益] 癢到受不了 7500f想換 該選7700還9700X?,https://www.ptt.cc/bbs/PC_Shopping/M.1736405888.A.4DA.html,→,9系列跟7系列 堆疊封裝改了 溫度差較多,01/09/2025,24884,True,中立
CPU,AMD R7 9700X,AMD,Ryzen 7,型號,[請益] 癢到受不了 7500f想換 該選7700還9700X?,https://www.ptt.cc/bbs/PC_Shopping/M.1736405888.A.4DA.html,→,效能就是PBO2 降溫就是定頻定壓,01/09/2025,24886,True,中立
CPU,AMD R7 9700X,AMD,Ryzen 7,型號,[請益] 癢到受不了 7500f想換 該選7700還9700X?,https://www.ptt.cc/bbs/PC_Shopping/M.1736405888.A.4DA.html,→,7700不然就9700，別選一樣六核的9600,01/09/2025,24888,True,中立
CPU,AMD R7 9700X,AMD,Ryzen 7,型號,[請益] 癢到受不了 7500f想換 該選7700還9700X?,https://www.ptt.cc/bbs/PC_Shopping/M.1736405888.A.4DA.html,→,97玩POE2大概30多% 但你要開虛擬機,01/09/2025,24894,True,中立
CPU,AMD R7 9700X,AMD,Ryzen 7,型號,[請益] 癢到受不了 7500f想換 該選7700還9700X?,https://www.ptt.cc/bbs/PC_Shopping/M.1736405888.A.4DA.html,推,只要確定有多工的需求，買了不會浪費，,01/09/2025,24915,True,中立
CPU,AMD R7 9700X,AMD,Ryzen 7,型號,[請益] 癢到受不了 7500f想換 該選7700還9700X?,https://www.ptt.cc/bbs/PC_Shopping/M.1736405888.A.4DA.html,→,兩者我會選9700x。如果只是換換病發作,01/09/2025,24916,True,中立
CPU,AMD R7 9700X,AMD,Ryzen 7,型號,[請益] 癢到受不了 7500f想換 該選7700還9700X?,https://www.ptt.cc/bbs/PC_Shopping/M.1736405888.A.4DA.html,推,在多工環境下 核心數就是有差 怎會沒差,01/09/2025,24926,True,中立
CPU,AMD R7 9700X,AMD,Ryzen 7,型號,[請益] 癢到受不了 7500f想換 該選7700還9700X?,https://www.ptt.cc/bbs/PC_Shopping/M.1736405888.A.4DA.html,推,9700x遊戲強很多,01/10/2025,24951,True,正評
CPU,AMD R7 9700X,AMD,Ryzen 7,型號,[閒聊] 9700X 還是 7800X3D?,https://www.ptt.cc/bbs/PC_Shopping/M.1726879118.A.D59.html,→,5幀內，根本無感，還省8千,09/21/2024,24967,True,中立
CPU,AMD R7 9700X,AMD,Ryzen 7,型號,[閒聊] 9700X 還是 7800X3D?,https://www.ptt.cc/bbs/PC_Shopping/M.1726879118.A.D59.html,→,些需要大量運算或低延遲時才有明顯的差,09/21/2024,24977,True,中立
CPU,AMD R7 9700X,AMD,Ryzen 7,型號,[閒聊] 9700X 還是 7800X3D?,https://www.ptt.cc/bbs/PC_Shopping/M.1726879118.A.D59.html,→,雖然是目前最強遊戲U,09/21/2024,24981,True,正評
CPU,AMD R7 9700X,AMD,Ryzen 7,型號,[閒聊] 9700X 還是 7800X3D?,https://www.ptt.cc/bbs/PC_Shopping/M.1726879118.A.D59.html,推,會電死的別買不要搞自己,09/21/2024,24984,True,負評
CPU,AMD R7 9700X,AMD,Ryzen 7,型號,[閒聊] 9700X 還是 7800X3D?,https://www.ptt.cc/bbs/PC_Shopping/M.1726879118.A.D59.html,→,全新的就買78x3d吧,09/21/2024,24999,True,負評
CPU,AMD R7 9700X,AMD,Ryzen 7,型號,[閒聊] 9700X 還是 7800X3D?,https://www.ptt.cc/bbs/PC_Shopping/M.1726879118.A.D59.html,推,買78吧，說實在4K 環境CPU能影響的有,09/21/2024,25002,True,中立
CPU,AMD R7 9700X,AMD,Ryzen 7,型號,[閒聊] 9700X 還是 7800X3D?,https://www.ptt.cc/bbs/PC_Shopping/M.1726879118.A.D59.html,→,無須考慮會縮缸的，除非用1年就換,09/21/2024,25003,True,中立
CPU,AMD R7 9700X,AMD,Ryzen 7,型號,[閒聊] 9700X 還是 7800X3D?,https://www.ptt.cc/bbs/PC_Shopping/M.1726879118.A.D59.html,推,標題兩顆跑3A4K 差距應該不明顯,09/21/2024,25011,True,中立
CPU,AMD R7 9700X,AMD,Ryzen 7,型號,[閒聊] 9700X 還是 7800X3D?,https://www.ptt.cc/bbs/PC_Shopping/M.1726879118.A.D59.html,→,競級fps，但gpu性能撐不到那麼fps,09/21/2024,25017,True,中立
CPU,AMD R7 9700X,AMD,Ryzen 7,型號,[閒聊] 9700X 還是 7800X3D?,https://www.ptt.cc/bbs/PC_Shopping/M.1726879118.A.D59.html,推,9700X服役中 寫code編譯速度起飛,09/21/2024,25031,True,正評
CPU,AMD R7 9700X,AMD,Ryzen 7,型號,[閒聊] 9700X 還是 7800X3D?,https://www.ptt.cc/bbs/PC_Shopping/M.1726879118.A.D59.html,→,牙膏都被擠爆了 I還是別吧,09/21/2024,25034,True,負評
CPU,AMD R7 9700X,AMD,Ryzen 7,型號,[閒聊] 9700X 還是 7800X3D?,https://www.ptt.cc/bbs/PC_Shopping/M.1726879118.A.D59.html,→,同等級的選AMD更好更安全,09/21/2024,25037,True,正評
CPU,AMD R7 9700X,AMD,Ryzen 7,型號,[閒聊] 9700X 還是 7800X3D?,https://www.ptt.cc/bbs/PC_Shopping/M.1726879118.A.D59.html,→,"可以買, 畢竟便宜治百病，也沒什麼災情",09/21/2024,25040,True,正評
CPU,AMD R7 9700X,AMD,Ryzen 7,型號,[閒聊] 9700X 還是 7800X3D?,https://www.ptt.cc/bbs/PC_Shopping/M.1726879118.A.D59.html,推,明知有問題的產品還要去買，那別人也,09/21/2024,25045,True,負評
CPU,AMD R7 9700X,AMD,Ryzen 7,型號,[閒聊] 9700X 還是 7800X3D?,https://www.ptt.cc/bbs/PC_Shopping/M.1726879118.A.D59.html,推,149K很猛啊 只是隨時會燒XD,09/21/2024,25049,True,負評
CPU,AMD R7 9700X,AMD,Ryzen 7,型號,[閒聊] 9700X 還是 7800X3D?,https://www.ptt.cc/bbs/PC_Shopping/M.1726879118.A.D59.html,推,86g改阻熱膏了，長久使用覺得有疑慮,09/22/2024,25067,True,負評
CPU,AMD R7 9700X,AMD,Ryzen 7,型號,[閒聊] 9700X 還是 7800X3D?,https://www.ptt.cc/bbs/PC_Shopping/M.1726879118.A.D59.html,→,買來不打算裝顯卡，未來也不會裝的買ok,09/22/2024,25069,True,中立
CPU,AMD R7 9700X,AMD,Ryzen 7,型號,[菜單] 40K? AMD 9700x 沿用升級,https://www.ptt.cc/bbs/PC_Shopping/M.1725013254.A.E44.html,→,可4條 頻率變3600,08/30/2024,25081,True,中立
CPU,AMD R7 9700X,AMD,Ryzen 7,型號,[菜單] 40K? AMD 9700x 沿用升級,https://www.ptt.cc/bbs/PC_Shopping/M.1725013254.A.E44.html,→,不能超頻，浪費錢,08/30/2024,25083,True,負評
CPU,AMD R7 9700X,AMD,Ryzen 7,型號,[菜單] 40K? AMD 9700x 沿用升級,https://www.ptt.cc/bbs/PC_Shopping/M.1725013254.A.E44.html,→,超貴 要嘛不穩定 要嘛頻率慘,08/30/2024,25087,True,負評
CPU,AMD R7 9700X,AMD,Ryzen 7,型號,[菜單] 40K? AMD 9700x 沿用升級,https://www.ptt.cc/bbs/PC_Shopping/M.1725013254.A.E44.html,推,除非你很愛G.SKILL 不然不用拿這個吧,08/30/2024,25091,True,負評
CPU,AMD R7 9700X,AMD,Ryzen 7,型號,[菜單] 40K? AMD 9700x 沿用升級,https://www.ptt.cc/bbs/PC_Shopping/M.1725013254.A.E44.html,→,好，配9000CPU頻率應該可以更高,08/30/2024,25095,True,中立
CPU,AMD R7 9700X,AMD,Ryzen 7,型號,[菜單] 40K? AMD 9700x 沿用升級,https://www.ptt.cc/bbs/PC_Shopping/M.1725013254.A.E44.html,→,話 就算9700X可以電上去增加性能 但性,08/30/2024,25098,True,中立
CPU,AMD R7 9700X,AMD,Ryzen 7,型號,[菜單] 40K? AMD 9700x 沿用升級,https://www.ptt.cc/bbs/PC_Shopping/M.1725013254.A.E44.html,→,價比還是輸7950X,08/30/2024,25099,True,負評
CPU,AMD R7 9700X,AMD,Ryzen 7,型號,[菜單] 40K? AMD 9700x 沿用升級,https://www.ptt.cc/bbs/PC_Shopping/M.1725013254.A.E44.html,→,就算再高也沒啥實質效益了吧,08/30/2024,25111,True,負評
CPU,AMD R7 9700X,AMD,Ryzen 7,型號(情報),[情報] 京東、美亞AMD 9600X 9700X價格出爐,https://www.ptt.cc/bbs/PC_Shopping/M.1723123124.A.716.html,→,算上保固的成本划不來 台灣買一買就好了,08/08/2024,25121,True,負評
CPU,AMD R7 9700X,AMD,Ryzen 7,型號(情報),[情報] 京東、美亞AMD 9600X 9700X價格出爐,https://www.ptt.cc/bbs/PC_Shopping/M.1723123124.A.716.html,推,難說，某哀連兩代都縮缸，打破之前別亂超CP,08/08/2024,25122,True,負評
CPU,AMD R7 9700X,AMD,Ryzen 7,型號(情報),[情報] 京東、美亞AMD 9600X 9700X價格出爐,https://www.ptt.cc/bbs/PC_Shopping/M.1723123124.A.716.html,→,U就不會壞的印象,08/08/2024,25123,True,正評
CPU,AMD R7 9700X,AMD,Ryzen 7,型號(情報),[情報] 京東、美亞AMD 9600X 9700X價格出爐,https://www.ptt.cc/bbs/PC_Shopping/M.1723123124.A.716.html,推,哀皇的cpu 穩定 相容性高,08/08/2024,25124,True,正評
CPU,AMD R7 9700X,AMD,Ryzen 7,型號(情報),[情報] 京東、美亞AMD 9600X 9700X價格出爐,https://www.ptt.cc/bbs/PC_Shopping/M.1723123124.A.716.html,推,這價格還不夠有吸引人買水貨,08/08/2024,25140,True,負評
CPU,AMD R7 9700X,AMD,Ryzen 7,型號(情報),[情報] 京東、美亞AMD 9600X 9700X價格出爐,https://www.ptt.cc/bbs/PC_Shopping/M.1723123124.A.716.html,推,價格不對而已，雙11大券扣幾百就真香,08/09/2024,25145,True,正評
CPU,AMD R7 9700X,AMD,Ryzen 7,型號(情報),[情報] 京東、美亞AMD 9600X 9700X價格出爐,https://www.ptt.cc/bbs/PC_Shopping/M.1723123124.A.716.html,噓,東西比人家貴 個人用戶2024了報修還,08/09/2024,25156,True,負評
CPU,AMD R7 9700X,AMD,Ryzen 7,型號(情報),[情報] 京東、美亞AMD 9600X 9700X價格出爐,https://www.ptt.cc/bbs/PC_Shopping/M.1723123124.A.716.html,推,不要不信邪 其中一次首購我拿到會當機,08/09/2024,25166,True,負評
CPU,AMD R7 9700X,AMD,Ryzen 7,型號(情報),[情報] 原價屋 9600X 9700X晚上九點開賣,https://www.ptt.cc/bbs/PC_Shopping/M.1723113556.A.FFD.html,→,打遊戲7800X3D還是比這兩顆強,08/08/2024,25177,True,負評
CPU,AMD R7 9700X,AMD,Ryzen 7,型號(情報),[情報] 原價屋 9600X 9700X晚上九點開賣,https://www.ptt.cc/bbs/PC_Shopping/M.1723113556.A.FFD.html,噓,9700X這價格 直接買78000X3D,08/08/2024,25193,True,負評
CPU,AMD R7 9700X,AMD,Ryzen 7,型號(情報),[情報] 原價屋 9600X 9700X晚上九點開賣,https://www.ptt.cc/bbs/PC_Shopping/M.1723113556.A.FFD.html,推,不會有買氣吧，有更便宜更好的產品,08/08/2024,25201,True,負評
CPU,AMD R7 9700X,AMD,Ryzen 7,型號(情報),[情報] 原價屋 9600X 9700X晚上九點開賣,https://www.ptt.cc/bbs/PC_Shopping/M.1723113556.A.FFD.html,→,剛開賣就熱賣 剛更新就省電 略懂,08/08/2024,25206,True,正評
CPU,AMD R7 9700X,AMD,Ryzen 7,型號(情報),[情報] 原價屋 9600X 9700X晚上九點開賣,https://www.ptt.cc/bbs/PC_Shopping/M.1723113556.A.FFD.html,→,要修幾版才穩定  白老鼠給人家當,08/08/2024,25214,True,負評
CPU,AMD R7 9700X,AMD,Ryzen 7,型號(情報),[情報] 原價屋 9600X 9700X晚上九點開賣,https://www.ptt.cc/bbs/PC_Shopping/M.1723113556.A.FFD.html,→,這價格的話 4070TiS以上買7800X3D,08/08/2024,25218,True,中立
CPU,AMD R7 9700X,AMD,Ryzen 7,型號(情報),[情報] 原價屋 9600X 9700X晚上九點開賣,https://www.ptt.cc/bbs/PC_Shopping/M.1723113556.A.FFD.html,→,對效能沒這麼需求的去買7500F便宜很多,08/08/2024,25222,True,中立
CPU,AMD R7 9700X,AMD,Ryzen 7,型號(情報),[情報] 原價屋 9600X 9700X晚上九點開賣,https://www.ptt.cc/bbs/PC_Shopping/M.1723113556.A.FFD.html,→,對效能需求高的人 9700X這階應該也不能滿足,08/08/2024,25223,True,負評
CPU,AMD R7 9700X,AMD,Ryzen 7,型號(情報),[情報] 原價屋 9600X 9700X晚上九點開賣,https://www.ptt.cc/bbs/PC_Shopping/M.1723113556.A.FFD.html,→,有強力促銷的話實在沒吸引力去買9系R5 R7,08/08/2024,25229,True,負評
CPU,AMD R7 9700X,AMD,Ryzen 7,型號(情報),[情報] 原價屋 9600X 9700X晚上九點開賣,https://www.ptt.cc/bbs/PC_Shopping/M.1723113556.A.FFD.html,推,比預期便宜，1:35是公定價了,08/08/2024,25231,True,中立
CPU,AMD R7 9700X,AMD,Ryzen 7,型號(情報),[情報] 原價屋 9600X 9700X晚上九點開賣,https://www.ptt.cc/bbs/PC_Shopping/M.1723113556.A.FFD.html,推,貴就算了，至少產品是好的，現在原價,08/08/2024,25245,True,正評
CPU,AMD R7 9700X,AMD,Ryzen 7,型號(情報),[情報] 原價屋 9600X 9700X晚上九點開賣,https://www.ptt.cc/bbs/PC_Shopping/M.1723113556.A.FFD.html,推,不買7800X3D真傻了,08/08/2024,25255,True,負評
CPU,AMD R7 9700X,AMD,Ryzen 7,型號(情報),[情報] 原價屋 9600X 9700X晚上九點開賣,https://www.ptt.cc/bbs/PC_Shopping/M.1723113556.A.FFD.html,推,7700X上市時還貴500 這次不錯喔,08/08/2024,25262,True,正評
CPU,AMD R7 9700X,AMD,Ryzen 7,型號(情報),[情報] 原價屋 9600X 9700X晚上九點開賣,https://www.ptt.cc/bbs/PC_Shopping/M.1723113556.A.FFD.html,推,打遊戲還是買7800X3D比較好,08/09/2024,25282,True,負評
CPU,AMD R7 9700X,AMD,Ryzen 7,型號(情報),[情報] 原價屋 9600X 9700X晚上九點開賣,https://www.ptt.cc/bbs/PC_Shopping/M.1723113556.A.FFD.html,→,30跟32比就差了6%,08/09/2024,25297,True,中立
CPU,AMD R7 9700X,AMD,Ryzen 7,型號,[閒聊] 9700x其實是9700?,https://www.ptt.cc/bbs/PC_Shopping/M.1723075957.A.BDB.html,推,調個PBO enable就有的效能又不像另,08/08/2024,25302,True,中立
CPU,AMD R7 9700X,AMD,Ryzen 7,型號,[閒聊] 9700x其實是9700?,https://www.ptt.cc/bbs/PC_Shopping/M.1723075957.A.BDB.html,→,一家調半天還是縮缸,08/08/2024,25303,True,負評
CPU,AMD R7 9700X,AMD,Ryzen 7,型號,[閒聊] 9700x其實是9700?,https://www.ptt.cc/bbs/PC_Shopping/M.1723075957.A.BDB.html,→,看吃電量我會懷疑這顆原本是9600....,08/08/2024,25308,True,中立
CPU,AMD R7 9700X,AMD,Ryzen 7,型號(情報),[情報] GN評測9700X: 能效很棒 效能差強人意,https://www.ptt.cc/bbs/PC_Shopping/M.1723051719.A.C3B.html,推,GN之前的Ryzen就知道要開PBO怎麼這次就,08/08/2024,25317,True,負評
CPU,AMD R7 9700X,AMD,Ryzen 7,型號(情報),[情報] GN評測9700X: 能效很棒 效能差強人意,https://www.ptt.cc/bbs/PC_Shopping/M.1723051719.A.C3B.html,→,9700X預設給太低了，解除限制會多15%,08/08/2024,25319,True,負評
CPU,AMD R7 9700X,AMD,Ryzen 7,型號(情報),[情報] GN評測9700X: 能效很棒 效能差強人意,https://www.ptt.cc/bbs/PC_Shopping/M.1723051719.A.C3B.html,推,看極客灣的測試影片也是說功耗太保守,08/08/2024,25323,True,負評
CPU,AMD R7 9700X,AMD,Ryzen 7,型號(情報),[情報] GN評測9700X: 能效很棒 效能差強人意,https://www.ptt.cc/bbs/PC_Shopping/M.1723051719.A.C3B.html,推,但極客灣有提到功耗設定的保守也許是為,08/08/2024,25328,True,中立
CPU,AMD R7 9700X,AMD,Ryzen 7,型號(情報),[情報] GN評測9700X: 能效很棒 效能差強人意,https://www.ptt.cc/bbs/PC_Shopping/M.1723051719.A.C3B.html,→,多工拚r9 遊戲拚X3D 其他就順手出而已XD,08/08/2024,25329,True,負評
CPU,AMD R7 9700X,AMD,Ryzen 7,型號(情報),[情報] GN評測9700X: 能效很棒 效能差強人意,https://www.ptt.cc/bbs/PC_Shopping/M.1723051719.A.C3B.html,→,了讓原廠散熱器也能壓住9700X,08/08/2024,25330,True,中立
CPU,AMD R7 9700X,AMD,Ryzen 7,型號(情報),[情報] GN評測9700X: 能效很棒 效能差強人意,https://www.ptt.cc/bbs/PC_Shopping/M.1723051719.A.C3B.html,推,除了X3D，其餘PASS～,08/08/2024,25337,True,負評
CPU,AMD R7 9700X,AMD,Ryzen 7,型號(情報),[情報] GN評測9700X: 能效很棒 效能差強人意,https://www.ptt.cc/bbs/PC_Shopping/M.1723051719.A.C3B.html,→,只能期待X3D惹==,08/08/2024,25339,True,負評
CPU,AMD R7 9700X,AMD,Ryzen 7,型號(情報),[情報] GN評測9700X: 能效很棒 效能差強人意,https://www.ptt.cc/bbs/PC_Shopping/M.1723051719.A.C3B.html,→,GN應該沒開PBO 用預設去測,08/08/2024,25342,True,中立
CPU,AMD R7 9700X,AMD,Ryzen 7,型號(情報),[情報] GN評測9700X: 能效很棒 效能差強人意,https://www.ptt.cc/bbs/PC_Shopping/M.1723051719.A.C3B.html,推,感覺預設保守就是準備好要給人電了 希望電,08/08/2024,25343,True,負評
CPU,AMD R7 9700X,AMD,Ryzen 7,型號(情報),[情報] GN評測9700X: 能效很棒 效能差強人意,https://www.ptt.cc/bbs/PC_Shopping/M.1723051719.A.C3B.html,→,所以是預設auto的對比 但9700X的auto功,08/08/2024,25345,True,負評
CPU,AMD R7 9700X,AMD,Ryzen 7,型號(情報),[情報] GN評測9700X: 能效很棒 效能差強人意,https://www.ptt.cc/bbs/PC_Shopping/M.1723051719.A.C3B.html,→,耗太保守 所以看起來進步不大,08/08/2024,25346,True,負評
CPU,AMD R7 9700X,AMD,Ryzen 7,型號(情報),[情報] GN評測9700X: 能效很棒 效能差強人意,https://www.ptt.cc/bbs/PC_Shopping/M.1723051719.A.C3B.html,推,是物理瓶頸到了嗎，大家都擠牙膏，當然,08/08/2024,25348,True,負評
CPU,AMD R7 9700X,AMD,Ryzen 7,型號(情報),[情報] GN評測9700X: 能效很棒 效能差強人意,https://www.ptt.cc/bbs/PC_Shopping/M.1723051719.A.C3B.html,→,至少比擠爆了的好,08/08/2024,25349,True,負評
CPU,AMD R7 9700X,AMD,Ryzen 7,型號(情報),[情報] GN評測9700X: 能效很棒 效能差強人意,https://www.ptt.cc/bbs/PC_Shopping/M.1723051719.A.C3B.html,→,應該是隔壁太刺激了 所以出廠就設低一點,08/08/2024,25350,True,中立
CPU,AMD R7 9700X,AMD,Ryzen 7,型號(情報),[情報] GN評測9700X: 能效很棒 效能差強人意,https://www.ptt.cc/bbs/PC_Shopping/M.1723051719.A.C3B.html,→,給想玩的自己去調吧,08/08/2024,25351,True,負評
CPU,AMD R7 9700X,AMD,Ryzen 7,型號(情報),[情報] GN評測9700X: 能效很棒 效能差強人意,https://www.ptt.cc/bbs/PC_Shopping/M.1723051719.A.C3B.html,推,所以簡單來說是省電版的7000系列嗎 那,08/08/2024,25352,True,中立
CPU,AMD R7 9700X,AMD,Ryzen 7,型號(情報),[情報] GN評測9700X: 能效很棒 效能差強人意,https://www.ptt.cc/bbs/PC_Shopping/M.1723051719.A.C3B.html,推,要效能不就自己開PBO 可開可不開自己選,08/08/2024,25354,True,中立
CPU,AMD R7 9700X,AMD,Ryzen 7,型號(情報),[情報] GN評測9700X: 能效很棒 效能差強人意,https://www.ptt.cc/bbs/PC_Shopping/M.1723051719.A.C3B.html,推,PBO2，開下去,08/08/2024,25356,True,負評
CPU,AMD R7 9700X,AMD,Ryzen 7,型號(情報),[情報] GN評測9700X: 能效很棒 效能差強人意,https://www.ptt.cc/bbs/PC_Shopping/M.1723051719.A.C3B.html,推,結論 原廠預設太低 pbo給他開下去,08/08/2024,25360,True,負評
CPU,AMD R7 9700X,AMD,Ryzen 7,型號(情報),[情報] GN評測9700X: 能效很棒 效能差強人意,https://www.ptt.cc/bbs/PC_Shopping/M.1723051719.A.C3B.html,→,回到類似5950X的做法：預設頻率不高，要p,08/08/2024,25361,True,負評
CPU,AMD R7 9700X,AMD,Ryzen 7,型號(情報),[情報] GN評測9700X: 能效很棒 效能差強人意,https://www.ptt.cc/bbs/PC_Shopping/M.1723051719.A.C3B.html,推,彷彿有老黃3000系到4000系的既視感,08/08/2024,25362,True,負評
CPU,AMD R7 9700X,AMD,Ryzen 7,型號(情報),[情報] GN評測9700X: 能效很棒 效能差強人意,https://www.ptt.cc/bbs/PC_Shopping/M.1723051719.A.C3B.html,推,伺服器挑剩的邊角料隨便賣 沒對手,08/08/2024,25365,True,負評
CPU,AMD R7 9700X,AMD,Ryzen 7,型號(情報),[情報] GN評測9700X: 能效很棒 效能差強人意,https://www.ptt.cc/bbs/PC_Shopping/M.1723051719.A.C3B.html,推,之前就一直覺得intel那種拿能耗換效能,08/08/2024,25368,True,負評
CPU,AMD R7 9700X,AMD,Ryzen 7,型號(情報),[情報] GN評測9700X: 能效很棒 效能差強人意,https://www.ptt.cc/bbs/PC_Shopping/M.1723051719.A.C3B.html,推,可是超過160W之後 好像就超過甜蜜點 功耗,08/08/2024,25371,True,負評
CPU,AMD R7 9700X,AMD,Ryzen 7,型號(情報),[情報] GN評測9700X: 能效很棒 效能差強人意,https://www.ptt.cc/bbs/PC_Shopping/M.1723051719.A.C3B.html,→,遽增 效能增加不大,08/08/2024,25372,True,負評
CPU,AMD R7 9700X,AMD,Ryzen 7,型號(情報),[情報] GN評測9700X: 能效很棒 效能差強人意,https://www.ptt.cc/bbs/PC_Shopping/M.1723051719.A.C3B.html,→,義缺點又很明顯 這代就算有大概也很少,08/08/2024,25374,True,負評
CPU,AMD R7 9700X,AMD,Ryzen 7,型號(情報),[情報] GN評測9700X: 能效很棒 效能差強人意,https://www.ptt.cc/bbs/PC_Shopping/M.1723051719.A.C3B.html,→,圖上也是寫9700x,08/08/2024,25376,True,負評
CPU,AMD R7 9700X,AMD,Ryzen 7,型號(情報),[情報] GN評測9700X: 能效很棒 效能差強人意,https://www.ptt.cc/bbs/PC_Shopping/M.1723051719.A.C3B.html,推,省電降溫，其實對台灣這種氣候悶熱加,08/08/2024,25377,True,正評
CPU,AMD R7 9700X,AMD,Ryzen 7,型號(情報),[情報] GN評測9700X: 能效很棒 效能差強人意,https://www.ptt.cc/bbs/PC_Shopping/M.1723051719.A.C3B.html,→,上電費看漲的環境，很適合。,08/08/2024,25378,True,正評
CPU,AMD R7 9700X,AMD,Ryzen 7,型號(情報),[情報] GN評測9700X: 能效很棒 效能差強人意,https://www.ptt.cc/bbs/PC_Shopping/M.1723051719.A.C3B.html,推,注重能耗才不會電死,08/08/2024,25384,True,負評
CPU,AMD R7 9700X,AMD,Ryzen 7,型號(情報),[情報] GN評測9700X: 能效很棒 效能差強人意,https://www.ptt.cc/bbs/PC_Shopping/M.1723051719.A.C3B.html,推,能效很棒=靠台積電的，amd也在擠牙膏,08/08/2024,25386,True,負評
CPU,AMD R7 9700X,AMD,Ryzen 7,型號(情報),[情報] GN評測9700X: 能效很棒 效能差強人意,https://www.ptt.cc/bbs/PC_Shopping/M.1723051719.A.C3B.html,→,這代就是PBO Auto變保守 Enable一樣拉,08/08/2024,25388,True,中立
CPU,AMD R7 9700X,AMD,Ryzen 7,型號(情報),[情報] GN評測9700X: 能效很棒 效能差強人意,https://www.ptt.cc/bbs/PC_Shopping/M.1723051719.A.C3B.html,推,對手太爛 不壞就是贏 效能多一點就屌虐,08/08/2024,25389,True,負評
CPU,AMD R7 9700X,AMD,Ryzen 7,型號(情報),[情報] GN評測9700X: 能效很棒 效能差強人意,https://www.ptt.cc/bbs/PC_Shopping/M.1723051719.A.C3B.html,→,這代體驗更好，普通人用起來感覺就是 低,08/08/2024,25390,True,負評
CPU,AMD R7 9700X,AMD,Ryzen 7,型號(情報),[情報] GN評測9700X: 能效很棒 效能差強人意,https://www.ptt.cc/bbs/PC_Shopping/M.1723051719.A.C3B.html,→,信心，打算轉去AMD,08/08/2024,25394,True,正評
CPU,AMD R7 9700X,AMD,Ryzen 7,型號(情報),[情報] GN評測9700X: 能效很棒 效能差強人意,https://www.ptt.cc/bbs/PC_Shopping/M.1723051719.A.C3B.html,→,打遊戲有預算能等就等9X3D 不然就買7X3D,08/08/2024,25397,True,負評
CPU,AMD R7 9700X,AMD,Ryzen 7,型號(情報),[情報] GN評測9700X: 能效很棒 效能差強人意,https://www.ptt.cc/bbs/PC_Shopping/M.1723051719.A.C3B.html,→,吧 太強了 不講武德,08/08/2024,25399,True,正評
CPU,AMD R7 9700X,AMD,Ryzen 7,型號(情報),[情報] GN評測9700X: 能效很棒 效能差強人意,https://www.ptt.cc/bbs/PC_Shopping/M.1723051719.A.C3B.html,推,amd也開始擠牙膏了,08/08/2024,25402,True,負評
CPU,AMD R7 9700X,AMD,Ryzen 7,型號(情報),[情報] GN評測9700X: 能效很棒 效能差強人意,https://www.ptt.cc/bbs/PC_Shopping/M.1723051719.A.C3B.html,→,cpu這樣 給我的感覺是apu有機會大,08/08/2024,25404,True,負評
CPU,AMD R7 9700X,AMD,Ryzen 7,型號(情報),[情報] GN評測9700X: 能效很棒 效能差強人意,https://www.ptt.cc/bbs/PC_Shopping/M.1723051719.A.C3B.html,→,單元為主 靠加電壓 拉時脈的日子要過了,08/08/2024,25406,True,負評
CPU,AMD R7 9700X,AMD,Ryzen 7,型號(情報),[情報] GN評測9700X: 能效很棒 效能差強人意,https://www.ptt.cc/bbs/PC_Shopping/M.1723051719.A.C3B.html,推,不過R5的X3D就跟日本製的壓縮機一樣,08/08/2024,25408,True,負評
CPU,AMD R7 9700X,AMD,Ryzen 7,型號(情報),[情報] GN評測9700X: 能效很棒 效能差強人意,https://www.ptt.cc/bbs/PC_Shopping/M.1723051719.A.C3B.html,→,想要X3D 就是捏一下 直上R7 不然就乖乖用,08/08/2024,25409,True,中立
CPU,AMD R7 9700X,AMD,Ryzen 7,型號(情報),[情報] GN評測9700X: 能效很棒 效能差強人意,https://www.ptt.cc/bbs/PC_Shopping/M.1723051719.A.C3B.html,推,低溫這點，小白就是買9系列了,08/08/2024,25412,True,負評
CPU,AMD R7 9700X,AMD,Ryzen 7,型號(情報),[情報] GN評測9700X: 能效很棒 效能差強人意,https://www.ptt.cc/bbs/PC_Shopping/M.1723051719.A.C3B.html,→,感覺9x3d 應該也是低溫省電版,08/08/2024,25413,True,中立
CPU,AMD R7 9700X,AMD,Ryzen 7,型號(情報),[情報] GN評測9700X: 能效很棒 效能差強人意,https://www.ptt.cc/bbs/PC_Shopping/M.1723051719.A.C3B.html,推,看來下一代才是完全體,08/08/2024,25415,True,負評
CPU,AMD R7 9700X,AMD,Ryzen 7,型號(情報),[情報] GN評測9700X: 能效很棒 效能差強人意,https://www.ptt.cc/bbs/PC_Shopping/M.1723051719.A.C3B.html,推,在效能過剩時代 追求能效比是正確的,08/08/2024,25416,True,中立
CPU,AMD R7 9700X,AMD,Ryzen 7,型號(情報),[情報] GN評測9700X: 能效很棒 效能差強人意,https://www.ptt.cc/bbs/PC_Shopping/M.1723051719.A.C3B.html,→,排除掉跨CCX延遲就很強,08/08/2024,25419,True,中立
CPU,AMD R7 9700X,AMD,Ryzen 7,型號(情報),[情報] GN評測9700X: 能效很棒 效能差強人意,https://www.ptt.cc/bbs/PC_Shopping/M.1723051719.A.C3B.html,推,他也許再加測同power下7000 vs 9000的效,08/08/2024,25421,True,中立
CPU,AMD R7 9700X,AMD,Ryzen 7,型號(情報),[情報] GN評測9700X: 能效很棒 效能差強人意,https://www.ptt.cc/bbs/PC_Shopping/M.1723051719.A.C3B.html,→,但ai300那個死樣子我覺得不太樂觀,08/08/2024,25425,True,負評
CPU,AMD R7 9700X,AMD,Ryzen 7,型號(情報),[情報] GN評測9700X: 能效很棒 效能差強人意,https://www.ptt.cc/bbs/PC_Shopping/M.1723051719.A.C3B.html,推,很棒啊 我是買電腦不是買暖爐,08/08/2024,25432,True,正評
CPU,AMD R7 9700X,AMD,Ryzen 7,型號(情報),[情報] GN評測9700X: 能效很棒 效能差強人意,https://www.ptt.cc/bbs/PC_Shopping/M.1723051719.A.C3B.html,推,9000X策略挺好的，想要效能開個PBO,08/08/2024,25433,True,中立
CPU,AMD R7 9700X,AMD,Ryzen 7,型號(情報),[情報] GN評測9700X: 能效很棒 效能差強人意,https://www.ptt.cc/bbs/PC_Shopping/M.1723051719.A.C3B.html,→,這代相對於Zen4 IPC提升官宣16%,08/08/2024,25440,True,中立
CPU,AMD R7 9700X,AMD,Ryzen 7,型號(情報),[情報] GN評測9700X: 能效很棒 效能差強人意,https://www.ptt.cc/bbs/PC_Shopping/M.1723051719.A.C3B.html,→,極客灣測試也是差不多16%以上,08/08/2024,25441,True,負評
CPU,AMD R7 9700X,AMD,Ryzen 7,型號(情報),[情報] GN評測9700X: 能效很棒 效能差強人意,https://www.ptt.cc/bbs/PC_Shopping/M.1723051719.A.C3B.html,→,這代88W打上代150W我覺得很可以了,08/08/2024,25442,True,正評
CPU,AMD R7 9700X,AMD,Ryzen 7,型號(情報),[情報] GN評測9700X: 能效很棒 效能差強人意,https://www.ptt.cc/bbs/PC_Shopping/M.1723051719.A.C3B.html,→,大部分都靠IPC好吧 不是時脈,08/08/2024,25446,True,中立
CPU,AMD R7 9700X,AMD,Ryzen 7,型號(情報),[情報] GN評測9700X: 能效很棒 效能差強人意,https://www.ptt.cc/bbs/PC_Shopping/M.1723051719.A.C3B.html,→,5G之後每提升0.1~0.2G都很困難,08/08/2024,25447,True,負評
CPU,AMD R7 9700X,AMD,Ryzen 7,型號(情報),[情報] GN評測9700X: 能效很棒 效能差強人意,https://www.ptt.cc/bbs/PC_Shopping/M.1723051719.A.C3B.html,→,假設IPC提升10% 對手想靠頻率撐要提升0.5,08/08/2024,25448,True,中立
CPU,AMD R7 9700X,AMD,Ryzen 7,型號(情報),[情報] GN評測9700X: 能效很棒 效能差強人意,https://www.ptt.cc/bbs/PC_Shopping/M.1723051719.A.C3B.html,推,餘裕出來了就學nv走節能路線？反正沒有對手,08/08/2024,25449,True,中立
CPU,AMD R7 9700X,AMD,Ryzen 7,型號(情報),[情報] GN評測9700X: 能效很棒 效能差強人意,https://www.ptt.cc/bbs/PC_Shopping/M.1723051719.A.C3B.html,推,靠時脈提升效能這件事讓我想到P4那時期畫,08/08/2024,25451,True,負評
CPU,AMD R7 9700X,AMD,Ryzen 7,型號(情報),[情報] GN評測9700X: 能效很棒 效能差強人意,https://www.ptt.cc/bbs/PC_Shopping/M.1723051719.A.C3B.html,→,大餅的10G時脈,08/08/2024,25452,True,負評
CPU,AMD R7 9700X,AMD,Ryzen 7,型號(情報),[情報] GN評測9700X: 能效很棒 效能差強人意,https://www.ptt.cc/bbs/PC_Shopping/M.1723051719.A.C3B.html,→,他不是測幀數是測跑固定工作要多久,08/08/2024,25455,True,中立
CPU,AMD R7 9700X,AMD,Ryzen 7,型號(情報),[情報] GN評測9700X: 能效很棒 效能差強人意,https://www.ptt.cc/bbs/PC_Shopping/M.1723051719.A.C3B.html,→,像遊戲中單位一個工作指令要跑多久,08/08/2024,25457,True,負評
CPU,AMD R7 9700X,AMD,Ryzen 7,型號(情報),[情報] GN評測9700X: 能效很棒 效能差強人意,https://www.ptt.cc/bbs/PC_Shopping/M.1723051719.A.C3B.html,推,就遊戲中的日期需要多少時間跑完,08/08/2024,25458,True,負評
CPU,AMD R7 9700X,AMD,Ryzen 7,型號(情報),[情報] GN評測9700X: 能效很棒 效能差強人意,https://www.ptt.cc/bbs/PC_Shopping/M.1723051719.A.C3B.html,推,這代就回到給超頻派一個可以自行超頻的,08/08/2024,25460,True,負評
CPU,AMD R7 9700X,AMD,Ryzen 7,型號(情報),[情報] GN評測9700X: 能效很棒 效能差強人意,https://www.ptt.cc/bbs/PC_Shopping/M.1723051719.A.C3B.html,→,對於不想多花預算在散熱器上的人來說算,08/08/2024,25462,True,中立
CPU,AMD R7 9700X,AMD,Ryzen 7,型號(情報),[情報] GN評測9700X: 能效很棒 效能差強人意,https://www.ptt.cc/bbs/PC_Shopping/M.1723051719.A.C3B.html,→,是福音了吧，也一改上代的「出廠即灰燼,08/08/2024,25463,True,負評
CPU,AMD R7 9700X,AMD,Ryzen 7,型號(情報),[情報] GN評測9700X: 能效很棒 效能差強人意,https://www.ptt.cc/bbs/PC_Shopping/M.1723051719.A.C3B.html,推,IOD沒換差很多 這代一大缺點 IPC很多提,08/08/2024,25464,True,負評
CPU,AMD R7 9700X,AMD,Ryzen 7,型號(情報),[情報] GN評測9700X: 能效很棒 效能差強人意,https://www.ptt.cc/bbs/PC_Shopping/M.1723051719.A.C3B.html,→,升方面遊戲吃不到,08/08/2024,25465,True,負評
CPU,AMD R7 9700X,AMD,Ryzen 7,型號(情報),[情報] GN評測9700X: 能效很棒 效能差強人意,https://www.ptt.cc/bbs/PC_Shopping/M.1723051719.A.C3B.html,→,然後又沒提升多少效能,08/08/2024,25470,True,負評
CPU,AMD R7 9700X,AMD,Ryzen 7,型號(情報),[情報] GN評測9700X: 能效很棒 效能差強人意,https://www.ptt.cc/bbs/PC_Shopping/M.1723051719.A.C3B.html,推,我還蠻喜歡低能耗低溫的 省電少發熱,08/08/2024,25475,True,正評
CPU,AMD R7 9700X,AMD,Ryzen 7,型號(情報),[情報] GN評測9700X: 能效很棒 效能差強人意,https://www.ptt.cc/bbs/PC_Shopping/M.1723051719.A.C3B.html,→,看你的遊戲會打到什麼程度來決定就可以了,08/08/2024,25482,True,中立
CPU,AMD R7 9700X,AMD,Ryzen 7,型號(情報),[情報] GN評測9700X: 能效很棒 效能差強人意,https://www.ptt.cc/bbs/PC_Shopping/M.1723051719.A.C3B.html,推,差強人意就是滿意的最低分 沒啥好怨的,08/08/2024,25487,True,中立
CPU,AMD R7 9700X,AMD,Ryzen 7,型號(情報),[情報] GN評測9700X: 能效很棒 效能差強人意,https://www.ptt.cc/bbs/PC_Shopping/M.1723051719.A.C3B.html,推,能效比很重要啊 不然風散很吵,08/08/2024,25488,True,正評
CPU,AMD R7 9700X,AMD,Ryzen 7,型號(情報),[情報] GN評測9700X: 能效很棒 效能差強人意,https://www.ptt.cc/bbs/PC_Shopping/M.1723051719.A.C3B.html,→,"看了各方評測其實還不錯,單核多1X%",08/09/2024,25489,True,中立
CPU,AMD R7 9700X,AMD,Ryzen 7,型號(情報),[情報] GN評測9700X: 能效很棒 效能差強人意,https://www.ptt.cc/bbs/PC_Shopping/M.1723051719.A.C3B.html,→,"多核預設打平上代,但開PBO一樣多1X%",08/09/2024,25490,True,中立
CPU,AMD R7 9700X,AMD,Ryzen 7,型號(情報),[情報] GN評測9700X: 能效很棒 效能差強人意,https://www.ptt.cc/bbs/PC_Shopping/M.1723051719.A.C3B.html,推,這感覺更好了 用風冷穩穩壓了吧,08/09/2024,25491,True,負評
CPU,AMD R7 9700X,AMD,Ryzen 7,型號(情報),[情報] GN評測9700X: 能效很棒 效能差強人意,https://www.ptt.cc/bbs/PC_Shopping/M.1723051719.A.C3B.html,推,這兩顆風冷解功耗都能爽爽壓沒問題,08/09/2024,25492,True,正評
CPU,AMD R7 9700X,AMD,Ryzen 7,型號(情報),[情報] GN評測9700X: 能效很棒 效能差強人意,https://www.ptt.cc/bbs/PC_Shopping/M.1723051719.A.C3B.html,→,只不過臭打遊戲真的只能是X3D,08/09/2024,25493,True,負評
CPU,AMD R7 9700X,AMD,Ryzen 7,型號(情報),[情報] GN評測9700X: 能效很棒 效能差強人意,https://www.ptt.cc/bbs/PC_Shopping/M.1723051719.A.C3B.html,→,感覺是物理極限了,08/09/2024,25497,True,負評
CPU,AMD R7 9700X,AMD,Ryzen 7,型號(情報),[情報] GN評測9700X: 能效很棒 效能差強人意,https://www.ptt.cc/bbs/PC_Shopping/M.1723051719.A.C3B.html,→,9700x 鎖88w溫度就跟147k一樣了,08/09/2024,25498,True,負評
CPU,AMD R7 9700X,AMD,Ryzen 7,型號(情報),[情報] GN評測9700X: 能效很棒 效能差強人意,https://www.ptt.cc/bbs/PC_Shopping/M.1723051719.A.C3B.html,推,PBO打開就噴上去了,08/10/2024,25499,True,負評
CPU,AMD R7 9700X,AMD,Ryzen 7,型號(情報),[情報] GN評測9700X: 能效很棒 效能差強人意,https://www.ptt.cc/bbs/PC_Shopping/M.1723051719.A.C3B.html,推,看評測97、9600X開PBO後，在遊戲表現上,08/10/2024,25500,True,負評
CPU,AMD R7 9700X,AMD,Ryzen 7,型號(情報),[情報] GN評測9700X: 能效很棒 效能差強人意,https://www.ptt.cc/bbs/PC_Shopping/M.1723051719.A.C3B.html,→,沒提升多少。生產力表現倒是好了10~20%,08/10/2024,25501,True,負評
CPU,AMD R7 9700X,AMD,Ryzen 7,型號(情報),[情報] AMD Ryzn 9000 9600X 9700X 評測解禁,https://www.ptt.cc/bbs/PC_Shopping/M.1723038964.A.4F7.html,推,功耗上限給太保守，多核成績反而沒啥進步,08/07/2024,25502,True,中立
CPU,AMD R7 9700X,AMD,Ryzen 7,型號(情報),[情報] AMD Ryzn 9000 9600X 9700X 評測解禁,https://www.ptt.cc/bbs/PC_Shopping/M.1723038964.A.4F7.html,推,我覺得還行，但X3D表現實在太亮眼,08/07/2024,25505,True,中立
CPU,AMD R7 9700X,AMD,Ryzen 7,型號(情報),[情報] AMD Ryzn 9000 9600X 9700X 評測解禁,https://www.ptt.cc/bbs/PC_Shopping/M.1723038964.A.4F7.html,推,多核效能低下，是很奇怪。聽說bios拼命更,08/07/2024,25506,True,負評
CPU,AMD R7 9700X,AMD,Ryzen 7,型號(情報),[情報] AMD Ryzn 9000 9600X 9700X 評測解禁,https://www.ptt.cc/bbs/PC_Shopping/M.1723038964.A.4F7.html,推,全核頻率上不去，遊戲成績可以說是原地,08/07/2024,25507,True,負評
CPU,AMD R7 9700X,AMD,Ryzen 7,型號(情報),[情報] AMD Ryzn 9000 9600X 9700X 評測解禁,https://www.ptt.cc/bbs/PC_Shopping/M.1723038964.A.4F7.html,→,看英文的評測 效能很低跟7代差不多,08/07/2024,25513,True,負評
CPU,AMD R7 9700X,AMD,Ryzen 7,型號(情報),[情報] AMD Ryzn 9000 9600X 9700X 評測解禁,https://www.ptt.cc/bbs/PC_Shopping/M.1723038964.A.4F7.html,→,看techpowerup，pbo也提昇有限。,08/07/2024,25516,True,中立
CPU,AMD R7 9700X,AMD,Ryzen 7,型號(情報),[情報] AMD Ryzn 9000 9600X 9700X 評測解禁,https://www.ptt.cc/bbs/PC_Shopping/M.1723038964.A.4F7.html,→,沒灰燼吧，GN測出來全核才4.5G,08/07/2024,25517,True,負評
CPU,AMD R7 9700X,AMD,Ryzen 7,型號(情報),[情報] AMD Ryzn 9000 9600X 9700X 評測解禁,https://www.ptt.cc/bbs/PC_Shopping/M.1723038964.A.4F7.html,→,看起來積熱問題還是在,08/07/2024,25518,True,負評
CPU,AMD R7 9700X,AMD,Ryzen 7,型號(情報),[情報] AMD Ryzn 9000 9600X 9700X 評測解禁,https://www.ptt.cc/bbs/PC_Shopping/M.1723038964.A.4F7.html,→,應該不是積熱，這代散熱功耗，好很多。,08/07/2024,25519,True,正評
CPU,AMD R7 9700X,AMD,Ryzen 7,型號(情報),[情報] AMD Ryzn 9000 9600X 9700X 評測解禁,https://www.ptt.cc/bbs/PC_Shopping/M.1723038964.A.4F7.html,推,感覺就設定很保守，不然光單核性能提升,08/07/2024,25522,True,中立
CPU,AMD R7 9700X,AMD,Ryzen 7,型號(情報),[情報] AMD Ryzn 9000 9600X 9700X 評測解禁,https://www.ptt.cc/bbs/PC_Shopping/M.1723038964.A.4F7.html,推,88w，360水冷，燒機80度以上，還行吧,08/07/2024,25525,True,中立
CPU,AMD R7 9700X,AMD,Ryzen 7,型號(情報),[情報] AMD Ryzn 9000 9600X 9700X 評測解禁,https://www.ptt.cc/bbs/PC_Shopping/M.1723038964.A.4F7.html,→,有看到97x跑r23才60度 蘇媽給的很保守,08/07/2024,25532,True,中立
CPU,AMD R7 9700X,AMD,Ryzen 7,型號(情報),[情報] AMD Ryzn 9000 9600X 9700X 評測解禁,https://www.ptt.cc/bbs/PC_Shopping/M.1723038964.A.4F7.html,→,97x上限給的跟96x一樣 好像才200w,08/07/2024,25534,True,中立
CPU,AMD R7 9700X,AMD,Ryzen 7,型號(情報),[情報] AMD Ryzn 9000 9600X 9700X 評測解禁,https://www.ptt.cc/bbs/PC_Shopping/M.1723038964.A.4F7.html,推,功耗上限給88w保守到不行，散熱夠好拿掉,08/07/2024,25536,True,中立
CPU,AMD R7 9700X,AMD,Ryzen 7,型號(情報),[情報] AMD Ryzn 9000 9600X 9700X 評測解禁,https://www.ptt.cc/bbs/PC_Shopping/M.1723038964.A.4F7.html,→,88w基本盤而已 開到125不就幹翻全場?,08/07/2024,25538,True,正評
CPU,AMD R7 9700X,AMD,Ryzen 7,型號(情報),[情報] AMD Ryzn 9000 9600X 9700X 評測解禁,https://www.ptt.cc/bbs/PC_Shopping/M.1723038964.A.4F7.html,→,R23才57度是什麼魔法,08/07/2024,25541,True,正評
CPU,AMD R7 9700X,AMD,Ryzen 7,型號(情報),[情報] AMD Ryzn 9000 9600X 9700X 評測解禁,https://www.ptt.cc/bbs/PC_Shopping/M.1723038964.A.4F7.html,推,88w很涼又有性能，不然可以自己解鎖,08/07/2024,25542,True,正評
CPU,AMD R7 9700X,AMD,Ryzen 7,型號(情報),[情報] AMD Ryzn 9000 9600X 9700X 評測解禁,https://www.ptt.cc/bbs/PC_Shopping/M.1723038964.A.4F7.html,→,這代跟以前不一樣 電上去分數是會上去,08/07/2024,25543,True,中立
CPU,AMD R7 9700X,AMD,Ryzen 7,型號(情報),[情報] AMD Ryzn 9000 9600X 9700X 評測解禁,https://www.ptt.cc/bbs/PC_Shopping/M.1723038964.A.4F7.html,推,多核沒進步應該跟延遲有關吧,08/07/2024,25545,True,中立
CPU,AMD R7 9700X,AMD,Ryzen 7,型號(情報),[情報] AMD Ryzn 9000 9600X 9700X 評測解禁,https://www.ptt.cc/bbs/PC_Shopping/M.1723038964.A.4F7.html,→,這代壓得住 只要PBO2開好開滿 會很猛,08/07/2024,25546,True,正評
CPU,AMD R7 9700X,AMD,Ryzen 7,型號(情報),[情報] AMD Ryzn 9000 9600X 9700X 評測解禁,https://www.ptt.cc/bbs/PC_Shopping/M.1723038964.A.4F7.html,推,極客灣的出來了  簡單講  積熱改善有感!,08/07/2024,25547,True,正評
CPU,AMD R7 9700X,AMD,Ryzen 7,型號(情報),[情報] AMD Ryzn 9000 9600X 9700X 評測解禁,https://www.ptt.cc/bbs/PC_Shopping/M.1723038964.A.4F7.html,→,pbo給他下去  用塔扇就好  性能也不錯,08/07/2024,25548,True,正評
CPU,AMD R7 9700X,AMD,Ryzen 7,型號(情報),[情報] AMD Ryzn 9000 9600X 9700X 評測解禁,https://www.ptt.cc/bbs/PC_Shopping/M.1723038964.A.4F7.html,推,多核沒分數單純壓功耗的關係，放開後比上,08/07/2024,25550,True,中立
CPU,AMD R7 9700X,AMD,Ryzen 7,型號(情報),[情報] AMD Ryzn 9000 9600X 9700X 評測解禁,https://www.ptt.cc/bbs/PC_Shopping/M.1723038964.A.4F7.html,推,看極客灣評測影片遊戲時幾乎都在功耗牆邊,08/07/2024,25551,True,中立
CPU,AMD R7 9700X,AMD,Ryzen 7,型號(情報),[情報] AMD Ryzn 9000 9600X 9700X 評測解禁,https://www.ptt.cc/bbs/PC_Shopping/M.1723038964.A.4F7.html,推,上代太過頭這代太保守 所以看起來不好看,08/07/2024,25554,True,中立
CPU,AMD R7 9700X,AMD,Ryzen 7,型號(情報),[情報] AMD Ryzn 9000 9600X 9700X 評測解禁,https://www.ptt.cc/bbs/PC_Shopping/M.1723038964.A.4F7.html,→,極客灣測出來延遲進步有感，甚至比I平台,08/07/2024,25556,True,正評
CPU,AMD R7 9700X,AMD,Ryzen 7,型號(情報),[情報] AMD Ryzn 9000 9600X 9700X 評測解禁,https://www.ptt.cc/bbs/PC_Shopping/M.1723038964.A.4F7.html,推,88W有這種效能很扯了,08/07/2024,25558,True,正評
CPU,AMD R7 9700X,AMD,Ryzen 7,型號(情報),[情報] AMD Ryzn 9000 9600X 9700X 評測解禁,https://www.ptt.cc/bbs/PC_Shopping/M.1723038964.A.4F7.html,推,88W打200多W單核還是隨便虐,08/07/2024,25563,True,正評
CPU,AMD R7 9700X,AMD,Ryzen 7,型號(情報),[情報] AMD Ryzn 9000 9600X 9700X 評測解禁,https://www.ptt.cc/bbs/PC_Shopping/M.1723038964.A.4F7.html,推,intel電到飛天，被zen5直接幹翻，什麼遊戲生,08/07/2024,25567,True,正評
CPU,AMD R7 9700X,AMD,Ryzen 7,型號(情報),[情報] AMD Ryzn 9000 9600X 9700X 評測解禁,https://www.ptt.cc/bbs/PC_Shopping/M.1723038964.A.4F7.html,推,這樣的功耗限制才正常，買電腦不是買暖爐,08/07/2024,25576,True,負評
CPU,AMD R7 9700X,AMD,Ryzen 7,型號(情報),[情報] AMD Ryzn 9000 9600X 9700X 評測解禁,https://www.ptt.cc/bbs/PC_Shopping/M.1723038964.A.4F7.html,推,這代工耗壓太多 GN測出來all-core boost,08/07/2024,25577,True,負評
CPU,AMD R7 9700X,AMD,Ryzen 7,型號(情報),[情報] AMD Ryzn 9000 9600X 9700X 評測解禁,https://www.ptt.cc/bbs/PC_Shopping/M.1723038964.A.4F7.html,→,只能維持4.5GHz...,08/07/2024,25578,True,負評
CPU,AMD R7 9700X,AMD,Ryzen 7,型號(情報),[情報] AMD Ryzn 9000 9600X 9700X 評測解禁,https://www.ptt.cc/bbs/PC_Shopping/M.1723038964.A.4F7.html,→,硬是比上一代少600~700MHz,08/07/2024,25579,True,中立
CPU,AMD R7 9700X,AMD,Ryzen 7,型號(情報),[情報] AMD Ryzn 9000 9600X 9700X 評測解禁,https://www.ptt.cc/bbs/PC_Shopping/M.1723038964.A.4F7.html,→,才會單核進步1x% 多核卻差不多,08/07/2024,25580,True,中立
CPU,AMD R7 9700X,AMD,Ryzen 7,型號(情報),[情報] AMD Ryzn 9000 9600X 9700X 評測解禁,https://www.ptt.cc/bbs/PC_Shopping/M.1723038964.A.4F7.html,→,沒有不穩定其實大致跟zen 5普通版差不多,08/07/2024,25590,True,中立
CPU,AMD R7 9700X,AMD,Ryzen 7,型號(情報),[情報] AMD Ryzn 9000 9600X 9700X 評測解禁,https://www.ptt.cc/bbs/PC_Shopping/M.1723038964.A.4F7.html,推,Pbo max效能+20%，遊戲+2% 耗電+100%,08/07/2024,25592,True,中立
CPU,AMD R7 9700X,AMD,Ryzen 7,型號(情報),[情報] AMD Ryzn 9000 9600X 9700X 評測解禁,https://www.ptt.cc/bbs/PC_Shopping/M.1723038964.A.4F7.html,→,快一年半了還是最頂的,08/07/2024,25597,True,正評
CPU,AMD R7 9700X,AMD,Ryzen 7,型號(情報),[情報] AMD Ryzn 9000 9600X 9700X 評測解禁,https://www.ptt.cc/bbs/PC_Shopping/M.1723038964.A.4F7.html,推,重視能耗比的設定，ARL的多核有機會打,08/07/2024,25599,True,中立
CPU,AMD R7 9700X,AMD,Ryzen 7,型號(情報),[情報] AMD Ryzn 9000 9600X 9700X 評測解禁,https://www.ptt.cc/bbs/PC_Shopping/M.1723038964.A.4F7.html,→,ARL估計只有單核優勢 功耗還不見得好看,08/07/2024,25601,True,負評
CPU,AMD R7 9700X,AMD,Ryzen 7,型號(情報),[情報] AMD Ryzn 9000 9600X 9700X 評測解禁,https://www.ptt.cc/bbs/PC_Shopping/M.1723038964.A.4F7.html,→,多核要看基本頻率啊 單核才看boost,08/08/2024,25603,True,中立
CPU,AMD R7 9700X,AMD,Ryzen 7,型號(情報),[情報] AMD Ryzn 9000 9600X 9700X 評測解禁,https://www.ptt.cc/bbs/PC_Shopping/M.1723038964.A.4F7.html,→,Zen5 3.9G多核還略勝Zen4 4.7G,08/08/2024,25604,True,中立
CPU,AMD R7 9700X,AMD,Ryzen 7,型號(情報),[情報] AMD Ryzn 9000 9600X 9700X 評測解禁,https://www.ptt.cc/bbs/PC_Shopping/M.1723038964.A.4F7.html,→,TDP時的all core boost,08/08/2024,25607,True,中立
CPU,AMD R7 9700X,AMD,Ryzen 7,型號(情報),[情報] AMD Ryzn 9000 9600X 9700X 評測解禁,https://www.ptt.cc/bbs/PC_Shopping/M.1723038964.A.4F7.html,→,"只要散熱器解熱能力大於TDP, all core",08/08/2024,25608,True,中立
CPU,AMD R7 9700X,AMD,Ryzen 7,型號(情報),[情報] AMD Ryzn 9000 9600X 9700X 評測解禁,https://www.ptt.cc/bbs/PC_Shopping/M.1723038964.A.4F7.html,→,9700X all core boost ~4.5GHz,08/08/2024,25611,True,中立
CPU,AMD R7 9700X,AMD,Ryzen 7,型號(情報),[情報] AMD Ryzn 9000 9600X 9700X 評測解禁,https://www.ptt.cc/bbs/PC_Shopping/M.1723038964.A.4F7.html,→,不過結論就是Zen5多核功耗壓到頻率根本,08/08/2024,25612,True,負評
CPU,AMD R7 9700X,AMD,Ryzen 7,型號(情報),[情報] AMD Ryzn 9000 9600X 9700X 評測解禁,https://www.ptt.cc/bbs/PC_Shopping/M.1723038964.A.4F7.html,推,4.5G很明顯是PPT限制不是解熱能力==,08/08/2024,25613,True,負評
CPU,AMD R7 9700X,AMD,Ryzen 7,型號(情報),[情報] AMD Ryzn 9000 9600X 9700X 評測解禁,https://www.ptt.cc/bbs/PC_Shopping/M.1723038964.A.4F7.html,→,基本上多核進步幅度就跟單核一樣了,08/08/2024,25615,True,中立
CPU,AMD R7 9700X,AMD,Ryzen 7,型號(情報),[情報] AMD Ryzn 9000 9600X 9700X 評測解禁,https://www.ptt.cc/bbs/PC_Shopping/M.1723038964.A.4F7.html,推,其實自行把9700X改成105W tdp (實際約142,08/08/2024,25617,True,中立
CPU,AMD R7 9700X,AMD,Ryzen 7,型號(情報),[情報] AMD Ryzn 9000 9600X 9700X 評測解禁,https://www.ptt.cc/bbs/PC_Shopping/M.1723038964.A.4F7.html,→,只有功耗能拿出來說嘴.分數應用狂輸,08/08/2024,25619,True,負評
CPU,AMD R7 9700X,AMD,Ryzen 7,型號(情報),[情報] AMD Ryzn 9000 9600X 9700X 評測解禁,https://www.ptt.cc/bbs/PC_Shopping/M.1723038964.A.4F7.html,推,有7500f和78x3d，不用出包也不會考慮買,08/08/2024,25626,True,負評
CPU,AMD R7 9700X,AMD,Ryzen 7,型號(情報),[情報] AMD Ryzn 9000 9600X 9700X 評測解禁,https://www.ptt.cc/bbs/PC_Shopping/M.1723038964.A.4F7.html,推,沒有不利啊，預設使用的能效比就很強了,08/08/2024,25637,True,正評
CPU,AMD R7 9700X,AMD,Ryzen 7,型號(情報),[情報] AMD Ryzn 9000 9600X 9700X 評測解禁,https://www.ptt.cc/bbs/PC_Shopping/M.1723038964.A.4F7.html,推,主要是原廠風扇就能跑滿88w,08/08/2024,25649,True,中立
CPU,AMD R7 9700X,AMD,Ryzen 7,型號(情報),[情報] AMD Ryzn 9000 9600X 9700X 評測解禁,https://www.ptt.cc/bbs/PC_Shopping/M.1723038964.A.4F7.html,→,剛好能發揮最佳能效,08/08/2024,25650,True,正評
CPU,AMD R7 9700X,AMD,Ryzen 7,型號(情報),[情報] AMD Ryzn 9000 9600X 9700X 評測解禁,https://www.ptt.cc/bbs/PC_Shopping/M.1723038964.A.4F7.html,→,最多就單核好看一點，多核沒了HT，應該不,08/08/2024,25662,True,負評
CPU,AMD R9 9900X,AMD,Ryzen 9,型號,[測試] 風冷-Intel 265K挑戰AMD 9900X搭技嘉5080,https://www.ptt.cc/bbs/PC_Shopping/M.1772017890.A.4A8.html,→,9900X畢竟不是完整CCD ，弱勢一點也正,02/25/2026,25694,True,負評
CPU,AMD R9 9900X,AMD,Ryzen 9,型號,[測試] 風冷-Intel 265K挑戰AMD 9900X搭技嘉5080,https://www.ptt.cc/bbs/PC_Shopping/M.1772017890.A.4A8.html,→,桌面端的CPU能效比輸AMD X3D這幾顆，這顆,02/25/2026,25696,True,中立
CPU,AMD R9 9900X,AMD,Ryzen 9,型號,[測試] 風冷-Intel 265K挑戰AMD 9900X搭技嘉5080,https://www.ptt.cc/bbs/PC_Shopping/M.1772017890.A.4A8.html,→,建議加測 城市天際線2 ， 可以吃滿多核&,02/25/2026,25700,True,中立
CPU,AMD R9 9900X,AMD,Ryzen 9,型號,[測試] 風冷-Intel 265K挑戰AMD 9900X搭技嘉5080,https://www.ptt.cc/bbs/PC_Shopping/M.1772017890.A.4A8.html,→,e溫度好像都還比AMD高？,02/26/2026,25707,True,中立
CPU,AMD R9 9900X,AMD,Ryzen 9,型號,[測試] 風冷-Intel 265K挑戰AMD 9900X搭技嘉5080,https://www.ptt.cc/bbs/PC_Shopping/M.1772017890.A.4A8.html,→,上一顆12400F用4年，這顆穩的話打算用5年,02/26/2026,25724,True,中立
CPU,AMD R9 9900X,AMD,Ryzen 9,型號,[測試] 風冷-Intel 265K挑戰AMD 9900X搭技嘉5080,https://www.ptt.cc/bbs/PC_Shopping/M.1772017890.A.4A8.html,→,可能就會是i家近年最推的U了,02/26/2026,25727,True,正評
CPU,AMD R9 9900X,AMD,Ryzen 9,型號,[閒聊] 啟動！9900X3D！約17K台幣！,https://www.ptt.cc/bbs/PC_Shopping/M.1747384771.A.13A.html,→,3D遊戲調度會接近9800X3D的表現,05/16/2025,25780,True,中立
CPU,AMD R9 9900X,AMD,Ryzen 9,型號,[閒聊] 啟動！9900X3D！約17K台幣！,https://www.ptt.cc/bbs/PC_Shopping/M.1747384771.A.13A.html,→,真的買過一次就回不去了,05/16/2025,25814,True,正評
CPU,AMD R9 9900X,AMD,Ryzen 9,型號,[閒聊] 啟動！9900X3D！約17K台幣！,https://www.ptt.cc/bbs/PC_Shopping/M.1747384771.A.13A.html,→,不過9900X3D玩遊戲不如9800X3D。,05/16/2025,25857,True,負評
CPU,AMD R9 9900X,AMD,Ryzen 9,型號,[閒聊] 啟動！9900X3D！約17K台幣！,https://www.ptt.cc/bbs/PC_Shopping/M.1747384771.A.13A.html,→,應該說9900X、9900X3D這兩顆都不太推薦,05/16/2025,25858,True,負評
CPU,AMD R9 9900X,AMD,Ryzen 9,型號,[閒聊] 啟動！9900X3D！約17K台幣！,https://www.ptt.cc/bbs/PC_Shopping/M.1747384771.A.13A.html,→,玩遊戲不如9800X3D，多核不如9950X。,05/16/2025,25859,True,負評
CPU,AMD R9 9900X,AMD,Ryzen 9,型號,[閒聊] 啟動！9900X3D！約17K台幣！,https://www.ptt.cc/bbs/PC_Shopping/M.1747384771.A.13A.html,推,9900這顆沒有買的意義吧？不是衝98,05/16/2025,25871,True,負評
CPU,AMD R9 9900X,AMD,Ryzen 9,型號,[閒聊] 啟動！9900X3D！約17K台幣！,https://www.ptt.cc/bbs/PC_Shopping/M.1747384771.A.13A.html,推,這顆打電動可能跟97X差不多吧,05/16/2025,25892,True,中立
CPU,AMD R9 9900X,AMD,Ryzen 9,型號,[閒聊] 啟動！9900X3D！約17K台幣！,https://www.ptt.cc/bbs/PC_Shopping/M.1747384771.A.13A.html,→,買了一顆，還不錯,05/16/2025,25934,True,正評
CPU,AMD R9 9900X,AMD,Ryzen 9,型號,[閒聊] 啟動！9900X3D！約17K台幣！,https://www.ptt.cc/bbs/PC_Shopping/M.1747384771.A.13A.html,推,價格OK幹嘛不推,05/18/2025,26057,True,正評
CPU,AMD R9 9900X,AMD,Ryzen 9,型號(情報),[情報] 原價屋 9950X3D 9900X3D 首賣延長賽,https://www.ptt.cc/bbs/PC_Shopping/M.1741696543.A.7A4.html,推,持7950必換吧 解決時脈過低問題,03/11/2025,26080,True,正評
CPU,AMD R9 9900X,AMD,Ryzen 9,型號(情報),[情報] 9950X3D 9900X3D 價格公佈了,https://www.ptt.cc/bbs/PC_Shopping/M.1739063714.A.33B.html,推,這顆應該好幾年都沒別的cpu能超越,02/09/2025,26168,True,正評
CPU,AMD R9 9900X,AMD,Ryzen 9,型號(情報),[情報] 9950X3D 9900X3D 價格公佈了,https://www.ptt.cc/bbs/PC_Shopping/M.1739063714.A.33B.html,推,時脈很高 改善7系缺陷 可以衝了,02/09/2025,26212,True,正評
CPU,AMD R9 9900X,AMD,Ryzen 9,型號(情報),[情報] 9950X3D 9900X3D 價格公佈了,https://www.ptt.cc/bbs/PC_Shopping/M.1739063714.A.33B.html,→,9900X3D沒必要買阿，直接買9950X3D就好,02/09/2025,26213,True,負評
CPU,AMD R9 9900X,AMD,Ryzen 9,型號(情報),[情報] 9950X3D 9900X3D 價格公佈了,https://www.ptt.cc/bbs/PC_Shopping/M.1739063714.A.33B.html,→,純打電動的話 98x3d 應該還是比較理想,02/09/2025,26239,True,中立
CPU,AMD R9 9900X,AMD,Ryzen 9,型號(情報),[情報] 9950X3D 9900X3D 價格公佈了,https://www.ptt.cc/bbs/PC_Shopping/M.1739063714.A.33B.html,→,是犧牲一點點遊戲性能 換取大幅度地生產,02/09/2025,26241,True,中立
CPU,AMD R9 9900X,AMD,Ryzen 9,型號(情報),[情報] 9950X3D 9900X3D 價格公佈了,https://www.ptt.cc/bbs/PC_Shopping/M.1739063714.A.33B.html,→,"大幅落後, 只要傳統性能追平, 比N卡便宜",02/09/2025,26257,True,中立
CPU,AMD R9 9900X,AMD,Ryzen 9,型號(情報),[情報] 9950X3D 9900X3D 價格公佈了,https://www.ptt.cc/bbs/PC_Shopping/M.1739063714.A.33B.html,推,應該9800比較好 數據不用跨ccd傳輸延遲低,02/09/2025,26283,True,中立
CPU,AMD R9 9900X,AMD,Ryzen 9,型號(情報),[情報] 9950X3D 9900X3D 價格公佈了,https://www.ptt.cc/bbs/PC_Shopping/M.1739063714.A.33B.html,推,這兩顆才是真正飯用等級的X3D吧?,02/09/2025,26322,True,中立
CPU,AMD R9 9900X,AMD,Ryzen 9,型號(情報),[情報] 9950X3D 9900X3D 價格公佈了,https://www.ptt.cc/bbs/PC_Shopping/M.1739063714.A.33B.html,→,便宜 就決定組這顆了,02/09/2025,26328,True,正評
CPU,AMD R9 9900X,AMD,Ryzen 9,型號(情報),[情報] 9950X3D 9900X3D 價格公佈了,https://www.ptt.cc/bbs/PC_Shopping/M.1739063714.A.33B.html,推,這代沒壓時脈 生產力不至於太差吧,02/09/2025,26342,True,中立
CPU,AMD R9 9900X,AMD,Ryzen 9,型號(情報),[情報] 9950X3D 9900X3D 價格公佈了,https://www.ptt.cc/bbs/PC_Shopping/M.1739063714.A.33B.html,→,看什麼遊戲 天際線可能這顆比較強,02/09/2025,26363,True,中立
CPU,AMD R9 9900X,AMD,Ryzen 9,型號(情報),[情報] 9950X3D 9900X3D 價格公佈了,https://www.ptt.cc/bbs/PC_Shopping/M.1739063714.A.33B.html,→,問題+時脈比原版低 生產遊戲都不太建議,02/09/2025,26365,True,負評
CPU,AMD R9 9900X,AMD,Ryzen 9,型號(情報),[情報] 9950X3D 9900X3D 價格公佈了,https://www.ptt.cc/bbs/PC_Shopping/M.1739063714.A.33B.html,推,工作用還是乖乖買9950X 9900X就好,02/09/2025,26370,True,中立
CPU,AMD R9 9900X,AMD,Ryzen 9,型號(情報),[情報] 9950X3D 9900X3D 價格公佈了,https://www.ptt.cc/bbs/PC_Shopping/M.1739063714.A.33B.html,→,1%low 在1440p以上 cpu沒啥負載,02/09/2025,26371,True,中立
CPU,AMD R9 9900X,AMD,Ryzen 9,型號(情報),[情報] 9950X3D 9900X3D 價格公佈了,https://www.ptt.cc/bbs/PC_Shopping/M.1739063714.A.33B.html,→,價格差不多的情況下我大概還是會買這顆，,02/10/2025,26376,True,正評
CPU,AMD R9 9900X,AMD,Ryzen 9,型號(情報),[情報] 9950X3D 9900X3D 價格公佈了,https://www.ptt.cc/bbs/PC_Shopping/M.1739063714.A.33B.html,推,雙CCD是理論跑分單工下的遊戲性能略弱一點,02/10/2025,26379,True,中立
CPU,AMD R9 9900X,AMD,Ryzen 9,型號,[菜單] 50k 9900X工作機 不含顯卡,https://www.ptt.cc/bbs/PC_Shopping/M.1737099058.A.E48.html,→,Gen5換掉 五年保電源丟了 散熱不好靜音,01/17/2025,26387,True,負評
CPU,AMD R9 9900X,AMD,Ryzen 9,型號,[菜單] 50k 9900X工作機 不含顯卡,https://www.ptt.cc/bbs/PC_Shopping/M.1737099058.A.E48.html,→,用，用一用還會掉速,01/17/2025,26394,True,負評
CPU,AMD R9 9900X,AMD,Ryzen 9,型號,[菜單] 50k 9900X工作機 不含顯卡,https://www.ptt.cc/bbs/PC_Shopping/M.1737099058.A.E48.html,→,生產力最強 加上16核的量本來就比較少,01/17/2025,26399,True,正評
CPU,AMD R9 9900X,AMD,Ryzen 9,型號,[菜單] 50k 9900X工作機 不含顯卡,https://www.ptt.cc/bbs/PC_Shopping/M.1737099058.A.E48.html,→,還蠻滿意 我也沒顯卡 但是是還在等50卡,01/17/2025,26405,True,正評
CPU,AMD R9 9900X,AMD,Ryzen 9,型號,Re: [請益] 該買9900X 還是等一下買9800X3D,https://www.ptt.cc/bbs/PC_Shopping/M.1735046784.A.DA5.html,推,AMD的架構，太高頻會卡FCLK同步不了。,12/24/2024,26437,True,負評
CPU,AMD R9 9900X,AMD,Ryzen 9,型號,Re: [請益] 該買9900X 還是等一下買9800X3D,https://www.ptt.cc/bbs/PC_Shopping/M.1735046784.A.DA5.html,→,2:1跑8000跟6000算互有勝負,12/24/2024,26441,True,中立
CPU,AMD R9 9900X,AMD,Ryzen 9,型號,Re: [請益] 該買9900X 還是等一下買9800X3D,https://www.ptt.cc/bbs/PC_Shopping/M.1735046784.A.DA5.html,推,目前來說就算上去也不一定穩定 還有價格的,12/24/2024,26443,True,中立
CPU,AMD R9 9900X,AMD,Ryzen 9,型號,Re: [請益] 該買9900X 還是等一下買9800X3D,https://www.ptt.cc/bbs/PC_Shopping/M.1735046784.A.DA5.html,→,問題 上去的CP值不高,12/24/2024,26444,True,負評
CPU,AMD R9 9900X,AMD,Ryzen 9,型號,[請益] 該買9900X 還是等一下買9800X3D,https://www.ptt.cc/bbs/PC_Shopping/M.1734599530.A.B08.html,→,"或是買7800X3D，除了98X3D, 沒有比它強的",12/19/2024,26457,True,中立
CPU,AMD R9 9900X,AMD,Ryzen 9,型號,[請益] 該買9900X 還是等一下買9800X3D,https://www.ptt.cc/bbs/PC_Shopping/M.1734599530.A.B08.html,→,沒錢75f，有錢98x3d，除此之外別買,12/19/2024,26461,True,負評
CPU,AMD R9 9900X,AMD,Ryzen 9,型號,[請益] 該買9900X 還是等一下買9800X3D,https://www.ptt.cc/bbs/PC_Shopping/M.1734599530.A.B08.html,推,這兩個選一定是98X3D 打槍遊戲9900X也沒用,12/19/2024,26465,True,負評
CPU,AMD R9 9900X,AMD,Ryzen 9,型號,[請益] 該買9900X 還是等一下買9800X3D,https://www.ptt.cc/bbs/PC_Shopping/M.1734599530.A.B08.html,推,除非你現在急著換，不然建議等一下,12/19/2024,26467,True,中立
CPU,AMD R9 9900X,AMD,Ryzen 9,型號,[請益] 該買9900X 還是等一下買9800X3D,https://www.ptt.cc/bbs/PC_Shopping/M.1734599530.A.B08.html,→,瓦數低一點 但溫度是有比較熱一點,12/19/2024,26488,True,中立
CPU,AMD R9 9900X,AMD,Ryzen 9,型號,[請益] 該買9900X 還是等一下買9800X3D,https://www.ptt.cc/bbs/PC_Shopping/M.1734599530.A.B08.html,→,像我是用兩年 降壓用 再降頻降PL好幾次,12/19/2024,26494,True,中立
CPU,AMD R9 9900X,AMD,Ryzen 9,型號,[請益] 該買9900X 還是等一下買9800X3D,https://www.ptt.cc/bbs/PC_Shopping/M.1734599530.A.B08.html,→,封裝比CPU插槽 平均高8度 最高溫差11度,12/19/2024,26498,True,中立
CPU,AMD R9 9900X,AMD,Ryzen 9,型號,[請益] 該買9900X 還是等一下買9800X3D,https://www.ptt.cc/bbs/PC_Shopping/M.1734599530.A.B08.html,→,用到縮缸 一邊等9800X3D,12/19/2024,26506,True,負評
CPU,AMD R9 9900X,AMD,Ryzen 9,型號,[請益] 該買9900X 還是等一下買9800X3D,https://www.ptt.cc/bbs/PC_Shopping/M.1734599530.A.B08.html,→,CO All Core -25的設定下，跑R23全核可以,12/19/2024,26511,True,中立
CPU,AMD R9 9900X,AMD,Ryzen 9,型號,[請益] 該買9900X 還是等一下買9800X3D,https://www.ptt.cc/bbs/PC_Shopping/M.1734599530.A.B08.html,→,到4950Mhz，全程沒超過80度，,12/19/2024,26512,True,正評
CPU,AMD R9 9900X,AMD,Ryzen 9,型號,[請益] 該買9900X 還是等一下買9800X3D,https://www.ptt.cc/bbs/PC_Shopping/M.1734599530.A.B08.html,→,是很低溫，只要用個千多元的塔扇且,12/19/2024,26520,True,正評
CPU,AMD R9 9900X,AMD,Ryzen 9,型號,[請益] 該買9900X 還是等一下買9800X3D,https://www.ptt.cc/bbs/PC_Shopping/M.1734599530.A.B08.html,→,強就強在X3D上，非X3D那77或75就夠啦,12/19/2024,26521,True,中立
CPU,AMD R9 9900X,AMD,Ryzen 9,型號,[請益] 該買9900X 還是等一下買9800X3D,https://www.ptt.cc/bbs/PC_Shopping/M.1734599530.A.B08.html,推,97X最多就值9700啦 沒X3D還那麼貴,12/19/2024,26525,True,負評
CPU,AMD R9 9900X,AMD,Ryzen 9,型號,[請益] 該買9900X 還是等一下買9800X3D,https://www.ptt.cc/bbs/PC_Shopping/M.1734599530.A.B08.html,→,大差別，假如1080p下幀數差距20%，,12/19/2024,26530,True,中立
CPU,AMD R9 9900X,AMD,Ryzen 9,型號,[請益] 該買9900X 還是等一下買9800X3D,https://www.ptt.cc/bbs/PC_Shopping/M.1734599530.A.B08.html,→,那到4k應該會縮小到5-10%左右,12/19/2024,26531,True,負評
CPU,AMD R9 9900X,AMD,Ryzen 9,型號,[請益] 該買9900X 還是等一下買9800X3D,https://www.ptt.cc/bbs/PC_Shopping/M.1734599530.A.B08.html,→,不過如果是要買新品的話還是選9800,12/19/2024,26532,True,負評
CPU,AMD R9 9900X,AMD,Ryzen 9,型號,[請益] 該買9900X 還是等一下買9800X3D,https://www.ptt.cc/bbs/PC_Shopping/M.1734599530.A.B08.html,推,9900X跨CCX很麻煩，要無腦打遊戲請用R7/R5,12/19/2024,26535,True,負評
CPU,AMD R9 9900X,AMD,Ryzen 9,型號,[請益] 該買9900X 還是等一下買9800X3D,https://www.ptt.cc/bbs/PC_Shopping/M.1734599530.A.B08.html,→,少數會超過60w拉 https://i.imgur.com,12/19/2024,26541,True,中立
CPU,AMD R9 9900X,AMD,Ryzen 9,型號,[請益] 該買9900X 還是等一下買9800X3D,https://www.ptt.cc/bbs/PC_Shopping/M.1734599530.A.B08.html,→,都差到10%以上了，以CPU來說還不算多喔?,12/19/2024,26544,True,中立
CPU,AMD R9 9900X,AMD,Ryzen 9,型號,[請益] 該買9900X 還是等一下買9800X3D,https://www.ptt.cc/bbs/PC_Shopping/M.1734599530.A.B08.html,推,積熱問題危言聳聽，反正電壓最高就,12/19/2024,26556,True,中立
CPU,AMD R9 9900X,AMD,Ryzen 9,型號,[請益] 該買9900X 還是等一下買9800X3D,https://www.ptt.cc/bbs/PC_Shopping/M.1734599530.A.B08.html,→,覺得1% low還算提升有感的,12/19/2024,26559,True,中立
CPU,AMD R9 9900X,AMD,Ryzen 9,型號,[請益] 該買9900X 還是等一下買9800X3D,https://www.ptt.cc/bbs/PC_Shopping/M.1734599530.A.B08.html,推,7700是夠用 但主要玩打槍遊戲 上X3D也不算,12/19/2024,26562,True,中立
CPU,AMD R9 9900X,AMD,Ryzen 9,型號,[請益] 該買9900X 還是等一下買9800X3D,https://www.ptt.cc/bbs/PC_Shopping/M.1734599530.A.B08.html,→,浪費 至少錢有變成更多張的FPS,12/19/2024,26563,True,負評
CPU,AMD R9 9900X,AMD,Ryzen 9,型號,[請益] 該買9900X 還是等一下買9800X3D,https://www.ptt.cc/bbs/PC_Shopping/M.1734599530.A.B08.html,→,上9900X就浪費有 有要剪片或者是寫程式之類,12/19/2024,26564,True,負評
CPU,AMD R9 9900X,AMD,Ryzen 9,型號,[請益] 該買9900X 還是等一下買9800X3D,https://www.ptt.cc/bbs/PC_Shopping/M.1734599530.A.B08.html,推,不太打game不用x3d 打game多基本就,12/20/2024,26569,True,中立
CPU,AMD R9 9900X,AMD,Ryzen 9,型號,[請益] 該買9900X 還是等一下買9800X3D,https://www.ptt.cc/bbs/PC_Shopping/M.1734599530.A.B08.html,→,是多餘的，把錢拿去升顯卡提升的還比較多,12/20/2024,26591,True,負評
CPU,AMD R9 9900X,AMD,Ryzen 9,型號,[請益] 該買9900X 還是等一下買9800X3D,https://www.ptt.cc/bbs/PC_Shopping/M.1734599530.A.B08.html,→,完全沒必要去買9000系的非x3d,12/20/2024,26597,True,負評
CPU,AMD R9 9900X,AMD,Ryzen 9,型號,[請益] 該買9900X 還是等一下買9800X3D,https://www.ptt.cc/bbs/PC_Shopping/M.1734599530.A.B08.html,→,望禎數穩定預算也夠那還是拿X3D,12/20/2024,26608,True,中立
CPU,AMD R9 9900X,AMD,Ryzen 9,型號,[請益] 該買9900X 還是等一下買9800X3D,https://www.ptt.cc/bbs/PC_Shopping/M.1734599530.A.B08.html,→,9900X 除非妳要架設伺服器 要不然沒用,12/20/2024,26612,True,負評
CPU,AMD R9 9900X,AMD,Ryzen 9,型號,[請益] 該買9900X 還是等一下買9800X3D,https://www.ptt.cc/bbs/PC_Shopping/M.1734599530.A.B08.html,→,9900X 單CCD才6核心 雙CCD 總計12 核心,12/20/2024,26613,True,中立
CPU,AMD R9 9900X,AMD,Ryzen 9,型號,[請益] 該買9900X 還是等一下買9800X3D,https://www.ptt.cc/bbs/PC_Shopping/M.1734599530.A.B08.html,→,9000系的u現在除了多核價值以外完全不值,12/20/2024,26622,True,負評
CPU,AMD R9 9900X,AMD,Ryzen 9,型號,[請益] 該買9900X 還是等一下買9800X3D,https://www.ptt.cc/bbs/PC_Shopping/M.1734599530.A.B08.html,→,得選購，工作用的拿R9就對了,12/20/2024,26623,True,正評
CPU,AMD R9 9900X,AMD,Ryzen 9,型號,[請益] 該買9900X 還是等一下買9800X3D,https://www.ptt.cc/bbs/PC_Shopping/M.1734599530.A.B08.html,推,純打Game 無腦X3D=等（特別是網遊）,12/21/2024,26628,True,中立
CPU,AMD R9 9900X,AMD,Ryzen 9,型號,[請益] 該買9900X 還是等一下買9800X3D,https://www.ptt.cc/bbs/PC_Shopping/M.1734599530.A.B08.html,→,遊戲也不會太差。,12/21/2024,26629,True,中立
CPU,AMD R9 9900X,AMD,Ryzen 9,型號,[請益] 該買9900X 還是等一下買9800X3D,https://www.ptt.cc/bbs/PC_Shopping/M.1734599530.A.B08.html,→,穩40以上，5900X只穩30上下。,12/21/2024,26633,True,中立
CPU,AMD R9 9900X,AMD,Ryzen 9,型號,[請益] 該買9900X 還是等一下買9800X3D,https://www.ptt.cc/bbs/PC_Shopping/M.1734599530.A.B08.html,推,"遊戲X3D等,工作R9不用等",12/21/2024,26634,True,中立
CPU,AMD R9 9900X,AMD,Ryzen 9,型號,[測試] AMD Ryzen 9 9900X與映泰X870E VALKYRIE,https://www.ptt.cc/bbs/PC_Shopping/M.1734091695.A.2D5.html,→,I還是很猛 能把12代不要命電到14代這麼強...,12/13/2024,26640,True,正評
CPU,AMD R9 9900X,AMD,Ryzen 9,型號(情報),[情報] AMD 9950X3D+9900X3預計25/1月發行,https://www.ptt.cc/bbs/PC_Shopping/M.1732503055.A.EEC.html,→,快取加大 頻率變高遊戲表現就會變好,11/25/2024,26660,True,正評
CPU,AMD R9 9900X,AMD,Ryzen 9,型號(情報),[情報] AMD 9950X3D+9900X3預計25/1月發行,https://www.ptt.cc/bbs/PC_Shopping/M.1732503055.A.EEC.html,推,9900這個價該不會是效能比9800差吧…,11/25/2024,26693,True,中立
CPU,AMD R9 9900X,AMD,Ryzen 9,型號(情報),[情報] AMD 9950X3D+9900X3預計25/1月發行,https://www.ptt.cc/bbs/PC_Shopping/M.1732503055.A.EEC.html,推,還是只有一個CCD有3D cache喔 真可惜,11/25/2024,26714,True,負評
CPU,AMD R9 9900X,AMD,Ryzen 9,型號(情報),[情報] AMD 9950X3D+9900X3預計25/1月發行,https://www.ptt.cc/bbs/PC_Shopping/M.1732503055.A.EEC.html,推,這代3D cache沒影響散熱，在調度上會,11/25/2024,26717,True,中立
CPU,AMD R9 9900X,AMD,Ryzen 9,型號(情報),[情報] AMD 9950X3D+9900X3預計25/1月發行,https://www.ptt.cc/bbs/PC_Shopping/M.1732503055.A.EEC.html,→,對玩遊戲應該cp值比較低吧？ 能用到8核以,11/25/2024,26725,True,中立
CPU,AMD R9 9900X,AMD,Ryzen 9,型號,[菜單] Z890+Ultra 調整為55k 9900X VR股票影片,https://www.ptt.cc/bbs/PC_Shopping/M.1731383433.A.C9C.html,→,***冷筍垃圾換掉 買一顆新的,11/12/2024,26744,True,負評
CPU,AMD R9 9900X,AMD,Ryzen 9,型號,[菜單] Z890+Ultra 調整為55k 9900X VR股票影片,https://www.ptt.cc/bbs/PC_Shopping/M.1731383433.A.C9C.html,→,也沒很高，然後同價位我會買DAv3pro,11/12/2024,26766,True,中立
CPU,AMD R9 9900X,AMD,Ryzen 9,型號,[菜單] Z890+Ultra 調整為55k 9900X VR股票影片,https://www.ptt.cc/bbs/PC_Shopping/M.1731383433.A.C9C.html,→,1000沒了的話1300那顆也可以買也便宜，,11/13/2024,26807,True,中立
CPU,AMD R9 9900X,AMD,Ryzen 9,型號(情報),[情報] 原價屋 9900X 9950X 晚上九點開賣,https://www.ptt.cc/bbs/PC_Shopping/M.1723721185.A.56E.html,推,對就這個價了，還行,08/15/2024,26821,True,中立
CPU,AMD R9 9900X,AMD,Ryzen 9,型號(情報),[情報] 原價屋 9900X 9950X 晚上九點開賣,https://www.ptt.cc/bbs/PC_Shopping/M.1723721185.A.56E.html,推,R9就是拿來生產用的，不事生產你拿78x3d,08/15/2024,26831,True,中立
CPU,AMD R9 9900X,AMD,Ryzen 9,型號(情報),[情報] 原價屋 9900X 9950X 晚上九點開賣,https://www.ptt.cc/bbs/PC_Shopping/M.1723721185.A.56E.html,推,臭打遊戲不用考慮了，7800X3D還是最優,08/15/2024,26847,True,負評
CPU,AMD R9 9900X,AMD,Ryzen 9,型號(情報),[情報] 原價屋 9900X 9950X 晚上九點開賣,https://www.ptt.cc/bbs/PC_Shopping/M.1723721185.A.56E.html,推,不會降頻的AVX512壓x265很有效率啊,08/15/2024,26862,True,正評
CPU,AMD R9 9900X,AMD,Ryzen 9,型號(情報),[情報] 原價屋 9900X 9950X 晚上九點開賣,https://www.ptt.cc/bbs/PC_Shopping/M.1723721185.A.56E.html,→,K的2-3倍效能,08/15/2024,26867,True,正評
CPU,AMD R9 9900X,AMD,Ryzen 9,型號(情報),[情報] 原價屋 9900X 9950X 晚上九點開賣,https://www.ptt.cc/bbs/PC_Shopping/M.1723721185.A.56E.html,推,一般人就是不需要這兩顆啊。玩game又沒快多,08/15/2024,26885,True,負評
CPU,AMD R9 9900X,AMD,Ryzen 9,型號(情報),[情報] 原價屋 9900X 9950X 晚上九點開賣,https://www.ptt.cc/bbs/PC_Shopping/M.1723721185.A.56E.html,推,喜歡超頻折騰選9900，無腦遊戲78x3d即可,08/16/2024,26905,True,中立
CPU,AMD R9 9900X,AMD,Ryzen 9,型號(情報),[情報] 原價屋 9900X 9950X 晚上九點開賣,https://www.ptt.cc/bbs/PC_Shopping/M.1723721185.A.56E.html,→,積熱改善了，那兩個die都貼上3dv怎,08/19/2024,26909,True,中立
CPU,AMD R9 9900X,AMD,Ryzen 9,型號(情報),[情報] 京東AMD 9900X $15378 9950X $22165,https://www.ptt.cc/bbs/PC_Shopping/M.1723686318.A.0FA.html,推,9900X這價格 直接打趴14900KS,08/15/2024,26910,True,正評
CPU,AMD R9 9900X,AMD,Ryzen 9,型號(情報),[情報] 京東AMD 9900X $15378 9950X $22165,https://www.ptt.cc/bbs/PC_Shopping/M.1723686318.A.0FA.html,→,打ks還需要9900X？ 7800x3d就夠了,08/15/2024,26912,True,負評
CPU,AMD R9 9900X,AMD,Ryzen 9,型號(情報),[情報] 京東AMD 9900X $15378 9950X $22165,https://www.ptt.cc/bbs/PC_Shopping/M.1723686318.A.0FA.html,→,這次價格很臭，9700x掉價應該會比7800x,08/15/2024,26926,True,中立
CPU,AMD R9 9900X,AMD,Ryzen 9,型號(情報),[情報] 京東AMD 9900X $15378 9950X $22165,https://www.ptt.cc/bbs/PC_Shopping/M.1723686318.A.0FA.html,推,X3D頻率衝不上去某些應用會比非X3D差,08/15/2024,26940,True,中立
CPU,AMD R9 9900X,AMD,Ryzen 9,型號(情報),[情報] 京東AMD 9900X $15378 9950X $22165,https://www.ptt.cc/bbs/PC_Shopping/M.1723686318.A.0FA.html,→,打電動和工作都不太會選這2顆,08/15/2024,26943,True,中立
CPU,AMD R9 9900X,AMD,Ryzen 9,型號(情報),[情報] 京東AMD 9900X $15378 9950X $22165,https://www.ptt.cc/bbs/PC_Shopping/M.1723686318.A.0FA.html,→,9950x好臭 性能和9900x根本沒拉開,08/15/2024,26948,True,中立
CPU,AMD R9 9900X,AMD,Ryzen 9,型號(情報),[情報] 京東AMD 9900X $15378 9950X $22165,https://www.ptt.cc/bbs/PC_Shopping/M.1723686318.A.0FA.html,→,級了 從2400G跟2600換上去很有感,08/15/2024,26950,True,正評
CPU,AMD R9 9900X,AMD,Ryzen 9,型號(情報),[情報] 京東AMD 9900X $15378 9950X $22165,https://www.ptt.cc/bbs/PC_Shopping/M.1723686318.A.0FA.html,→,應該是bios還沒優化吧，7950x都比9950x還,08/15/2024,26952,True,負評
CPU,AMD R9 9900X,AMD,Ryzen 9,型號(情報),[情報] 京東AMD 9900X $15378 9950X $22165,https://www.ptt.cc/bbs/PC_Shopping/M.1723686318.A.0FA.html,推,直接換上去就好  怕得話再更新bios就好,08/17/2024,26962,True,中立
CPU,AMD R9 9900X,AMD,Ryzen 9,型號(情報),[情報] 蘇媽9900X遊戲偷跑只能摸到7800X3D車尾燈,https://www.ptt.cc/bbs/PC_Shopping/M.1721978139.A.31E.html,→,9950X應該比9900X略強? 遊戲時8核vs6核,07/26/2024,26964,True,中立
CPU,AMD R9 9900X,AMD,Ryzen 9,型號(情報),[情報] 蘇媽9900X遊戲偷跑只能摸到7800X3D車尾燈,https://www.ptt.cc/bbs/PC_Shopping/M.1721978139.A.31E.html,→,就遊戲用不滿運算能力？,07/26/2024,26983,True,中立
CPU,AMD R9 9900X,AMD,Ryzen 9,型號(情報),[情報] 蘇媽9900X遊戲偷跑只能摸到7800X3D車尾燈,https://www.ptt.cc/bbs/PC_Shopping/M.1721978139.A.31E.html,推,配上已知不香的上市價，已知很難賣。大家,07/26/2024,26993,True,負評
CPU,AMD R9 9900X,AMD,Ryzen 9,型號(情報),[情報] 蘇媽9900X遊戲偷跑只能摸到7800X3D車尾燈,https://www.ptt.cc/bbs/PC_Shopping/M.1721978139.A.31E.html,推,4k應該就沒那麼強了,07/26/2024,27003,True,中立
CPU,AMD R9 9900X,AMD,Ryzen 9,型號(情報),[情報] 蘇媽9900X遊戲偷跑只能摸到7800X3D車尾燈,https://www.ptt.cc/bbs/PC_Shopping/M.1721978139.A.31E.html,推,雙ccd的u還是沒有x3d比較穩吧,07/26/2024,27004,True,中立
CPU,AMD R9 9900X,AMD,Ryzen 9,型號(情報),[情報] 蘇媽9900X遊戲偷跑只能摸到7800X3D車尾燈,https://www.ptt.cc/bbs/PC_Shopping/M.1721978139.A.31E.html,→,多的預算花在CPU上，還不如升級顯卡，幀數,07/26/2024,27011,True,中立
CPU,AMD R9 9900X,AMD,Ryzen 9,型號(情報),[情報] 蘇媽9900X遊戲偷跑只能摸到7800X3D車尾燈,https://www.ptt.cc/bbs/PC_Shopping/M.1721978139.A.31E.html,推,我以為新架構+多核會有優勢 結果X3D還是,07/26/2024,27019,True,負評
CPU,AMD R9 9900X,AMD,Ryzen 9,型號(情報),[情報] 蘇媽9900X遊戲偷跑只能摸到7800X3D車尾燈,https://www.ptt.cc/bbs/PC_Shopping/M.1721978139.A.31E.html,→,率的話非X3D比較強,07/26/2024,27032,True,中立
CPU,AMD R9 9900X,AMD,Ryzen 9,型號(情報),[情報] 蘇媽9900X遊戲偷跑只能摸到7800X3D車尾燈,https://www.ptt.cc/bbs/PC_Shopping/M.1721978139.A.31E.html,→,但生產力要求高頻多核可能不太行,07/26/2024,27034,True,負評
CPU,AMD R9 9900X,AMD,Ryzen 9,型號(情報),[情報] 蘇媽9900X遊戲偷跑只能摸到7800X3D車尾燈,https://www.ptt.cc/bbs/PC_Shopping/M.1721978139.A.31E.html,→,遊戲為主就選3D ，工作為主就選X,07/26/2024,27061,True,中立
CPU,AMD R9 9900X,AMD,Ryzen 9,型號(情報),[情報] 蘇媽9900X遊戲偷跑只能摸到7800X3D車尾燈,https://www.ptt.cc/bbs/PC_Shopping/M.1721978139.A.31E.html,推,遊戲取向 不用懷疑 X3D是你的好朋友,07/26/2024,27062,True,中立
CPU,AMD R9 9900X,AMD,Ryzen 9,型號(情報),[情報] 蘇媽9900X遊戲偷跑只能摸到7800X3D車尾燈,https://www.ptt.cc/bbs/PC_Shopping/M.1721978139.A.31E.html,→,度問題 打遊戲也小贏78x3d 多工也ok,07/26/2024,27068,True,正評
CPU,AMD R9 9900X,AMD,Ryzen 9,型號(情報),[情報] 蘇媽9900X遊戲偷跑只能摸到7800X3D車尾燈,https://www.ptt.cc/bbs/PC_Shopping/M.1721978139.A.31E.html,→,差距就不明顯了 那個0.幾趴當成誤差,07/26/2024,27073,True,中立
CPU,AMD R9 9900X,AMD,Ryzen 9,型號(情報),[情報] 蘇媽9900X遊戲偷跑只能摸到7800X3D車尾燈,https://www.ptt.cc/bbs/PC_Shopping/M.1721978139.A.31E.html,→,用這個的話可能會打不贏58X3D,07/26/2024,27086,True,負評
CPU,AMD R9 9900X,AMD,Ryzen 9,型號(情報),[情報] 蘇媽9900X遊戲偷跑只能摸到7800X3D車尾燈,https://www.ptt.cc/bbs/PC_Shopping/M.1721978139.A.31E.html,推,太強大了，看來還是買X3D就好,07/26/2024,27092,True,負評
CPU,AMD R9 9900X,AMD,Ryzen 9,型號(情報),[情報] 蘇媽9900X遊戲偷跑只能摸到7800X3D車尾燈,https://www.ptt.cc/bbs/PC_Shopping/M.1721978139.A.31E.html,推,Cache Miss Penalty永遠大於一切XD,07/26/2024,27108,True,中立
CPU,AMD R9 9900X,AMD,Ryzen 9,型號(情報),[情報] 蘇媽9900X遊戲偷跑只能摸到7800X3D車尾燈,https://www.ptt.cc/bbs/PC_Shopping/M.1721978139.A.31E.html,推,想多工的買7950x3d啦，78x3d是純遊戲用,07/27/2024,27117,True,中立
CPU,AMD R9 9900X,AMD,Ryzen 9,型號(情報),[情報] 蘇媽9900X遊戲偷跑只能摸到7800X3D車尾燈,https://www.ptt.cc/bbs/PC_Shopping/M.1721978139.A.31E.html,推,經典打不贏X3D,07/27/2024,27118,True,負評
CPU,AMD R9 9900X,AMD,Ryzen 9,型號(情報),[情報] AMD Zen5 Ryzen9 9900X跑分,https://www.ptt.cc/bbs/PC_Shopping/M.1720456705.A.111.html,推,"提升15%又降價,可惜便宜的都在海上",07/09/2024,27124,True,中立
CPU,AMD R9 9900X,AMD,Ryzen 9,型號(情報),[情報] AMD Zen5 Ryzen9 9900X跑分,https://www.ptt.cc/bbs/PC_Shopping/M.1720456705.A.111.html,→,據說是預設跑R23 33000,07/09/2024,27128,True,中立
CPU,AMD R9 9900X,AMD,Ryzen 9,型號(情報),[情報] AMD Zen5 Ryzen9 9900X跑分,https://www.ptt.cc/bbs/PC_Shopping/M.1720456705.A.111.html,→,現在7950X NT$18900==US$582,07/09/2024,27136,True,中立
CPU,AMD R9 9900X,AMD,Ryzen 9,型號(情報),[情報] AMD Zen5 Ryzen9 9900X跑分,https://www.ptt.cc/bbs/PC_Shopping/M.1720456705.A.111.html,→,總之我一點也看不出來這價格哪裡不錯的,07/09/2024,27140,True,負評
CPU,AMD R9 9900X,AMD,Ryzen 9,型號(情報),[情報] AMD Zen5 Ryzen9 9900X跑分,https://www.ptt.cc/bbs/PC_Shopping/M.1720456705.A.111.html,→,效能有1x%提升 ， 價格比上一代首,07/09/2024,27147,True,中立
CPU,AMD R9 9900X,AMD,Ryzen 9,型號(情報),[情報] AMD Zen5 Ryzen9 9900X跑分,https://www.ptt.cc/bbs/PC_Shopping/M.1720456705.A.111.html,→,的價格買116%的性能,07/09/2024,27150,True,正評
CPU,AMD R9 9900X,AMD,Ryzen 9,型號(情報),[情報] AMD Zen5 Ryzen9 9900X跑分,https://www.ptt.cc/bbs/PC_Shopping/M.1720456705.A.111.html,推,170W->120W，然後效能＋1X%? 好像還可以,07/09/2024,27152,True,中立
CPU,AMD R9 9900X,AMD,Ryzen 9,型號(情報),[情報] AMD Zen5 Ryzen9 9900X跑分,https://www.ptt.cc/bbs/PC_Shopping/M.1720456705.A.111.html,→,永遠不要買新品了,07/09/2024,27162,True,負評
CPU,AMD R9 9900X,AMD,Ryzen 9,型號(情報),[情報] AMD Zen5 Ryzen9 9900X跑分,https://www.ptt.cc/bbs/PC_Shopping/M.1720456705.A.111.html,推,120w 的表現很強,07/09/2024,27163,True,正評
CPU,AMD R9 9900X,AMD,Ryzen 9,型號(情報),[情報] AMD Zen5 Ryzen9 9900X跑分,https://www.ptt.cc/bbs/PC_Shopping/M.1720456705.A.111.html,→,看起來是沒什麼競爭力,07/09/2024,27166,True,負評
CPU,AMD R9 9900X,AMD,Ryzen 9,型號(情報),[情報] AMD Zen5 Ryzen9 9900X跑分,https://www.ptt.cc/bbs/PC_Shopping/M.1720456705.A.111.html,→,不到買的理由。生產力？確定現在I真,07/09/2024,27176,True,負評
CPU,AMD R9 9900X,AMD,Ryzen 9,型號(情報),[情報] AMD Zen5 Ryzen9 9900X跑分,https://www.ptt.cc/bbs/PC_Shopping/M.1720456705.A.111.html,推,表現很好 等x3d,07/09/2024,27179,True,正評
CPU,AMD R9 9900X,AMD,Ryzen 9,型號(情報),[情報] AMD Zen5 Ryzen9 9900X跑分,https://www.ptt.cc/bbs/PC_Shopping/M.1720456705.A.111.html,推,表現得很好 我等X3D,07/09/2024,27184,True,正評
CPU,AMD R9 9900X,AMD,Ryzen 9,型號(情報),[情報] AMD Zen5 Ryzen9 9900X跑分,https://www.ptt.cc/bbs/PC_Shopping/M.1720456705.A.111.html,推,CPU越來越貴很正常啦 這價格很棒了,07/09/2024,27185,True,正評
CPU,AMD R9 9900X,AMD,Ryzen 9,型號(情報),[情報] AMD Zen5 Ryzen9 9900X跑分,https://www.ptt.cc/bbs/PC_Shopping/M.1720456705.A.111.html,→,我還沒看過新u會賣的比舊u便宜效能又好的,07/09/2024,27191,True,正評
CPU,AMD R9 9900X,AMD,Ryzen 9,型號(情報),[情報] AMD Zen5 Ryzen9 9900X跑分,https://www.ptt.cc/bbs/PC_Shopping/M.1720456705.A.111.html,推,彎板、電死、偷吃步也強過記憶體超不,07/09/2024,27192,True,負評
CPU,AMD R9 9900X,AMD,Ryzen 9,型號(情報),[情報] AMD Zen5 Ryzen9 9900X跑分,https://www.ptt.cc/bbs/PC_Shopping/M.1720456705.A.111.html,推,記憶體超上去也沒看你比較強,07/09/2024,27194,True,中立
CPU,AMD R9 9900X,AMD,Ryzen 9,型號(情報),[情報] AMD Zen5 Ryzen9 9900X跑分,https://www.ptt.cc/bbs/PC_Shopping/M.1720456705.A.111.html,推,人家量大的L3就幹死你了 超頻記憶體?,07/09/2024,27197,True,中立
CPU,AMD R9 9900X,AMD,Ryzen 9,型號(情報),[情報] AMD Zen5 Ryzen9 9900X跑分,https://www.ptt.cc/bbs/PC_Shopping/M.1720456705.A.111.html,→,真的傻眼。好歹要能跑4800,07/09/2024,27199,True,負評
CPU,AMD R9 9900X,AMD,Ryzen 9,型號(情報),[情報] AMD Zen5 Ryzen9 9900X跑分,https://www.ptt.cc/bbs/PC_Shopping/M.1720456705.A.111.html,→,如果io還是給gf做就別期待太多了,07/09/2024,27201,True,負評
CPU,AMD R9 9900X,AMD,Ryzen 9,型號(情報),[情報] AMD Zen5 Ryzen9 9900X跑分,https://www.ptt.cc/bbs/PC_Shopping/M.1720456705.A.111.html,推,才提升16%？  準備被下一代i屌打,07/09/2024,27202,True,負評
CPU,AMD R9 9900X,AMD,Ryzen 9,型號(情報),[情報] AMD Zen5 Ryzen9 9900X跑分,https://www.ptt.cc/bbs/PC_Shopping/M.1720456705.A.111.html,推,16% 價格學老黃嗎 衝頂最划算XD,07/09/2024,27206,True,中立
CPU,AMD R9 9900X,AMD,Ryzen 9,型號(情報),[情報] AMD Zen5 Ryzen9 9900X跑分,https://www.ptt.cc/bbs/PC_Shopping/M.1720456705.A.111.html,→,面還是性價比見真章。不過照這定價7950X應,07/09/2024,27214,True,中立
CPU,AMD R9 9900X,AMD,Ryzen 9,型號(情報),[情報] AMD Zen5 Ryzen9 9900X跑分,https://www.ptt.cc/bbs/PC_Shopping/M.1720456705.A.111.html,推,看用途 工作用的不虧 打GAME等等,07/09/2024,27219,True,正評
CPU,AMD R9 9900X,AMD,Ryzen 9,型號(情報),[情報] AMD Zen5 Ryzen9 9900X跑分,https://www.ptt.cc/bbs/PC_Shopping/M.1720456705.A.111.html,推,反正打電動的買78x3d就好，9000x3d出來前,07/09/2024,27244,True,中立
CPU,AMD R9 9900X,AMD,Ryzen 9,型號(情報),[情報] AMD Zen5 Ryzen9 9900X跑分,https://www.ptt.cc/bbs/PC_Shopping/M.1720456705.A.111.html,→,都不用擔心會輸很多,07/09/2024,27245,True,正評
CPU,AMD R9 9900X,AMD,Ryzen 9,型號(情報),[情報] AMD Zen5 Ryzen9 9900X跑分,https://www.ptt.cc/bbs/PC_Shopping/M.1720456705.A.111.html,→,跳水價 不然就是量超少,07/09/2024,27247,True,中立
CPU,AMD R9 9900X,AMD,Ryzen 9,型號(情報),[情報] AMD Zen5 Ryzen9 9900X跑分,https://www.ptt.cc/bbs/PC_Shopping/M.1720456705.A.111.html,→,擇，用139%的價格買116%效能也願意啊,07/09/2024,27249,True,負評
CPU,AMD R9 9900X,AMD,Ryzen 9,型號(情報),[情報] AMD Zen5 Ryzen9 9900X跑分,https://www.ptt.cc/bbs/PC_Shopping/M.1720456705.A.111.html,→,舊貨CP值還夠的話剛好清庫存啊,07/09/2024,27251,True,中立
CPU,AMD R9 9900X,AMD,Ryzen 9,型號(情報),[情報] AMD Zen5 Ryzen9 9900X跑分,https://www.ptt.cc/bbs/PC_Shopping/M.1720456705.A.111.html,→,方面二手品你自己去算CP值會發現不見得划,07/09/2024,27267,True,中立
CPU,AMD R9 9900X,AMD,Ryzen 9,型號(情報),[情報] AMD Zen5 Ryzen9 9900X跑分,https://www.ptt.cc/bbs/PC_Shopping/M.1720456705.A.111.html,→,00X還便宜耶，你就叫他去買二手更便宜XD,07/09/2024,27269,True,中立
CPU,AMD R9 9900X,AMD,Ryzen 9,型號(情報),[情報] AMD Zen5 Ryzen9 9900X跑分,https://www.ptt.cc/bbs/PC_Shopping/M.1720456705.A.111.html,推,如果你要講求C/P值，那還真是去,07/09/2024,27274,True,中立
CPU,AMD R9 9900X,AMD,Ryzen 9,型號(情報),[情報] AMD Zen5 Ryzen9 9900X跑分,https://www.ptt.cc/bbs/PC_Shopping/M.1720456705.A.111.html,→,21450/700=30.64多,07/09/2024,27297,True,中立
CPU,AMD R9 9900X,AMD,Ryzen 9,型號(情報),[情報] AMD Zen5 Ryzen9 9900X跑分,https://www.ptt.cc/bbs/PC_Shopping/M.1720456705.A.111.html,→,不是..他如果7950X調漲，那9000就不樂,07/09/2024,27305,True,中立
CPU,AMD R9 9900X,AMD,Ryzen 9,型號(情報),[情報] AMD Zen5 Ryzen9 9900X跑分,https://www.ptt.cc/bbs/PC_Shopping/M.1720456705.A.111.html,推,唉我就覺得這上市價不夠甜，你怎麼就那麼,07/09/2024,27315,True,負評
CPU,AMD R9 9900X,AMD,Ryzen 9,型號(情報),[情報] AMD Zen5 Ryzen9 9900X跑分,https://www.ptt.cc/bbs/PC_Shopping/M.1720456705.A.111.html,推,你覺得不甜那就別買，就這樣,07/09/2024,27324,True,負評
CPU,AMD R9 9900X,AMD,Ryzen 9,型號(情報),[情報] AMD Zen5 Ryzen9 9900X跑分,https://www.ptt.cc/bbs/PC_Shopping/M.1720456705.A.111.html,→,"電死前吧, 電死後3%出它幹嘛...",07/10/2024,27345,True,負評
CPU,AMD R9 9900X,AMD,Ryzen 9,型號(情報),[情報] AMD Zen5 Ryzen9 9900X跑分,https://www.ptt.cc/bbs/PC_Shopping/M.1720456705.A.111.html,→,就打不過13代(原始版本),07/10/2024,27347,True,負評
CPU,AMD R9 9900X,AMD,Ryzen 9,型號(情報),[情報] AMD Zen5 Ryzen9 9900X跑分,https://www.ptt.cc/bbs/PC_Shopping/M.1720456705.A.111.html,→,單核3%，那多核是?,07/10/2024,27349,True,中立
CPU,AMD R9 9900X,AMD,Ryzen 9,型號(情報),[情報] AMD Zen5 Ryzen9 9900X跑分,https://www.ptt.cc/bbs/PC_Shopping/M.1720456705.A.111.html,推,ES2 樣品單核3% 多核15%,07/10/2024,27350,True,中立
CPU,AMD R9 9900X,AMD,Ryzen 9,型號(情報),[情報] AMD Zen5 Ryzen9 9900X跑分,https://www.ptt.cc/bbs/PC_Shopping/M.1720456705.A.111.html,推,ES2是250W同13代一樣至於性能都被鎖死,07/10/2024,27353,True,負評
CPU,AMD R9 9900X,AMD,Ryzen 9,型號(情報),[情報] AMD Zen5 Ryzen9 9900X跑分,https://www.ptt.cc/bbs/PC_Shopping/M.1720456705.A.111.html,→,樣品時脈是5.5G,07/10/2024,27354,True,中立
CPU,AMD R9 9900X,AMD,Ryzen 9,型號(情報),[情報] AMD Zen5 Ryzen9 9900X跑分,https://www.ptt.cc/bbs/PC_Shopping/M.1720456705.A.111.html,→,"沒有3%那麼慘, 可能跟單核ZEN 5差不多?",07/11/2024,27356,True,中立
CPU,AMD R9 9900X,AMD,Ryzen 9,型號(情報),[情報] AMD Zen5 Ryzen9 9900X跑分,https://www.ptt.cc/bbs/PC_Shopping/M.1720456705.A.111.html,推,ES2樣品是鎖性能多核心打贏13代15%,07/11/2024,27357,True,正評
CPU,AMD R9 9900X,AMD,Ryzen 9,型號(情報),[情報] AMD Zen5 Ryzen9 9900X跑分,https://www.ptt.cc/bbs/PC_Shopping/M.1720456705.A.111.html,→,但是在同頻率條件下面積是大核1/3而已,07/11/2024,27359,True,中立
CPU,AMD R9 9900X,AMD,Ryzen 9,型號(情報),[情報] AMD Zen5 Ryzen9 9900X跑分,https://www.ptt.cc/bbs/PC_Shopping/M.1720456705.A.111.html,推,所以功耗降低很多足以應付大部分程序,07/11/2024,27360,True,中立
CPU,AMD R9 9900X,AMD,Ryzen 9,型號(情報),[情報] AMD Zen5 Ryzen9 9900X跑分,https://www.ptt.cc/bbs/PC_Shopping/M.1720456705.A.111.html,→,zen5這種提升幅度令人失望,07/14/2024,27363,True,負評
CPU,AMD R9 9900X,AMD,Ryzen 9,型號(情報),[情報] AMD Zen5 Ryzen9 9900X跑分,https://www.ptt.cc/bbs/PC_Shopping/M.1720456705.A.111.html,推,AMD 應該開賣直降10%，打趴intel,07/23/2024,27364,True,正評
CPU,AMD R9 9900X3D,AMD,Ryzen 9,型號(情報),"[情報] 京東 9950X3D $19,147  9900X3D $14,449",https://www.ptt.cc/bbs/PC_Shopping/M.1750164925.A.629.html,推,這樣對比 98x3d真貴,06/17/2025,27370,True,負評
CPU,AMD R9 9900X3D,AMD,Ryzen 9,型號,[閒聊] 啟動！9900X3D！約17K台幣！,https://www.ptt.cc/bbs/PC_Shopping/M.1747384771.A.13A.html,推,只玩遊戲應該沒有,05/16/2025,27404,True,中立
CPU,AMD R9 9900X3D,AMD,Ryzen 9,型號,[閒聊] 啟動！9900X3D！約17K台幣！,https://www.ptt.cc/bbs/PC_Shopping/M.1747384771.A.13A.html,→,同時開好幾個掛機遊戲或模擬器就有,05/16/2025,27405,True,中立
CPU,AMD R9 9900X3D,AMD,Ryzen 9,型號,[閒聊] 啟動！9900X3D！約17K台幣！,https://www.ptt.cc/bbs/PC_Shopping/M.1747384771.A.13A.html,推,沒有，99X3D只有6個核心有3Dcache，995X,05/16/2025,27407,True,中立
CPU,AMD R9 9900X3D,AMD,Ryzen 9,型號,[閒聊] 啟動！9900X3D！約17K台幣！,https://www.ptt.cc/bbs/PC_Shopping/M.1747384771.A.13A.html,→,3D遊戲調度會接近9800X3D的表現,05/16/2025,27408,True,中立
CPU,AMD R9 9900X3D,AMD,Ryzen 9,型號,[閒聊] 啟動！9900X3D！約17K台幣！,https://www.ptt.cc/bbs/PC_Shopping/M.1747384771.A.13A.html,→,9900X3D遊戲比9800X3D弱,05/16/2025,27411,True,負評
CPU,AMD R9 9900X3D,AMD,Ryzen 9,型號,[閒聊] 啟動！9900X3D！約17K台幣！,https://www.ptt.cc/bbs/PC_Shopping/M.1747384771.A.13A.html,推,感謝分享 多開模擬器 核心多就是正義,05/16/2025,27412,True,正評
CPU,AMD R9 9900X3D,AMD,Ryzen 9,型號,[閒聊] 啟動！9900X3D！約17K台幣！,https://www.ptt.cc/bbs/PC_Shopping/M.1747384771.A.13A.html,→,弱一點點，但也夠用到換電腦了吧O..O,05/16/2025,27413,True,中立
CPU,AMD R9 9900X3D,AMD,Ryzen 9,型號,[閒聊] 啟動！9900X3D！約17K台幣！,https://www.ptt.cc/bbs/PC_Shopping/M.1747384771.A.13A.html,推,995才是比98弱一點 99比98弱一階,05/16/2025,27416,True,中立
CPU,AMD R9 9900X3D,AMD,Ryzen 9,型號,[閒聊] 啟動！9900X3D！約17K台幣！,https://www.ptt.cc/bbs/PC_Shopping/M.1747384771.A.13A.html,推,現在不買以後更難買,05/16/2025,27419,True,正評
CPU,AMD R9 9900X3D,AMD,Ryzen 9,型號,[閒聊] 啟動！9900X3D！約17K台幣！,https://www.ptt.cc/bbs/PC_Shopping/M.1747384771.A.13A.html,推,哭阿，原價買98X3D感到心死,05/16/2025,27434,True,負評
CPU,AMD R9 9900X3D,AMD,Ryzen 9,型號,[閒聊] 啟動！9900X3D！約17K台幣！,https://www.ptt.cc/bbs/PC_Shopping/M.1747384771.A.13A.html,→,但只要買過一次之後就回不去了,05/16/2025,27438,True,正評
CPU,AMD R9 9900X3D,AMD,Ryzen 9,型號,[閒聊] 啟動！9900X3D！約17K台幣！,https://www.ptt.cc/bbs/PC_Shopping/M.1747384771.A.13A.html,→,98X3D還是比較強阿,05/16/2025,27439,True,正評
CPU,AMD R9 9900X3D,AMD,Ryzen 9,型號,[閒聊] 啟動！9900X3D！約17K台幣！,https://www.ptt.cc/bbs/PC_Shopping/M.1747384771.A.13A.html,→,可以接受近乎無保就買吧,05/16/2025,27441,True,中立
CPU,AMD R9 9900X3D,AMD,Ryzen 9,型號,[閒聊] 啟動！9900X3D！約17K台幣！,https://www.ptt.cc/bbs/PC_Shopping/M.1747384771.A.13A.html,→,真的買過一次就回不去了,05/16/2025,27442,True,正評
CPU,AMD R9 9900X3D,AMD,Ryzen 9,型號,[閒聊] 啟動！9900X3D！約17K台幣！,https://www.ptt.cc/bbs/PC_Shopping/M.1747384771.A.13A.html,推,太爽了吧 我買早了,05/16/2025,27469,True,正評
CPU,AMD R9 9900X3D,AMD,Ryzen 9,型號,[閒聊] 啟動！9900X3D！約17K台幣！,https://www.ptt.cc/bbs/PC_Shopping/M.1747384771.A.13A.html,→,不過9900X3D玩遊戲不如9800X3D。,05/16/2025,27485,True,負評
CPU,AMD R9 9900X3D,AMD,Ryzen 9,型號,[閒聊] 啟動！9900X3D！約17K台幣！,https://www.ptt.cc/bbs/PC_Shopping/M.1747384771.A.13A.html,→,應該說9900X、9900X3D這兩顆都不太推薦,05/16/2025,27486,True,負評
CPU,AMD R9 9900X3D,AMD,Ryzen 9,型號,[閒聊] 啟動！9900X3D！約17K台幣！,https://www.ptt.cc/bbs/PC_Shopping/M.1747384771.A.13A.html,→,玩遊戲不如9800X3D，多核不如9950X。,05/16/2025,27487,True,負評
CPU,AMD R9 9900X3D,AMD,Ryzen 9,型號,[閒聊] 啟動！9900X3D！約17K台幣！,https://www.ptt.cc/bbs/PC_Shopping/M.1747384771.A.13A.html,推,買就對了 慢慢會形成一種風潮趨勢,05/16/2025,27488,True,正評
CPU,AMD R9 9900X3D,AMD,Ryzen 9,型號,[閒聊] 啟動！9900X3D！約17K台幣！,https://www.ptt.cc/bbs/PC_Shopping/M.1747384771.A.13A.html,→,9900X3D就9600X3D+9700X的效能。,05/16/2025,27489,True,中立
CPU,AMD R9 9900X3D,AMD,Ryzen 9,型號,[閒聊] 啟動！9900X3D！約17K台幣！,https://www.ptt.cc/bbs/PC_Shopping/M.1747384771.A.13A.html,→,993有3d快取的只有6核,05/16/2025,27498,True,中立
CPU,AMD R9 9900X3D,AMD,Ryzen 9,型號,[閒聊] 啟動！9900X3D！約17K台幣！,https://www.ptt.cc/bbs/PC_Shopping/M.1747384771.A.13A.html,推,9900這顆沒有買的意義吧？不是衝98,05/16/2025,27499,True,負評
CPU,AMD R9 9900X3D,AMD,Ryzen 9,型號,[閒聊] 啟動！9900X3D！約17K台幣！,https://www.ptt.cc/bbs/PC_Shopping/M.1747384771.A.13A.html,→,只能乖乖買三倍價了,05/16/2025,27506,True,負評
CPU,AMD R9 9900X3D,AMD,Ryzen 9,型號,[閒聊] 啟動！9900X3D！約17K台幣！,https://www.ptt.cc/bbs/PC_Shopping/M.1747384771.A.13A.html,推,這顆打電動可能跟97X差不多吧,05/16/2025,27520,True,中立
CPU,AMD R9 9900X3D,AMD,Ryzen 9,型號,[閒聊] 啟動！9900X3D！約17K台幣！,https://www.ptt.cc/bbs/PC_Shopping/M.1747384771.A.13A.html,→,買了一顆，還不錯,05/16/2025,27562,True,正評
CPU,AMD R9 9900X3D,AMD,Ryzen 9,型號,[閒聊] 啟動！9900X3D！約17K台幣！,https://www.ptt.cc/bbs/PC_Shopping/M.1747384771.A.13A.html,推,CPU壞掉的機率很低，Intel的機瘟除外,05/16/2025,27564,True,正評
CPU,AMD R9 9900X3D,AMD,Ryzen 9,型號,[閒聊] 啟動！9900X3D！約17K台幣！,https://www.ptt.cc/bbs/PC_Shopping/M.1747384771.A.13A.html,→,不過這系列下來我倒是黑單名單增加不少,05/17/2025,27619,True,負評
CPU,AMD R9 9900X3D,AMD,Ryzen 9,型號,[閒聊] 啟動！9900X3D！約17K台幣！,https://www.ptt.cc/bbs/PC_Shopping/M.1747384771.A.13A.html,推,9900x3d真心不推，不上不下,05/18/2025,27684,True,負評
CPU,AMD R9 9900X3D,AMD,Ryzen 9,型號,[閒聊] 啟動！9900X3D！約17K台幣！,https://www.ptt.cc/bbs/PC_Shopping/M.1747384771.A.13A.html,推,價格OK幹嘛不推,05/18/2025,27685,True,正評
CPU,AMD R9 9900X3D,AMD,Ryzen 9,型號(情報),[情報] 原價屋 9950X3D 9900X3D 首賣延長賽,https://www.ptt.cc/bbs/PC_Shopping/M.1741696543.A.7A4.html,→,效能也才多8％  左右,03/11/2025,27698,True,中立
CPU,AMD R9 9900X3D,AMD,Ryzen 9,型號(情報),[情報] 原價屋 9950X3D 9900X3D 首賣延長賽,https://www.ptt.cc/bbs/PC_Shopping/M.1741696543.A.7A4.html,→,如果特價22950好像可以衝一下喔,03/11/2025,27700,True,中立
CPU,AMD R9 9900X3D,AMD,Ryzen 9,型號(情報),[情報] 原價屋 9950X3D 9900X3D 首賣延長賽,https://www.ptt.cc/bbs/PC_Shopping/M.1741696543.A.7A4.html,推,持7950必換吧 解決時脈過低問題,03/11/2025,27708,True,正評
CPU,AMD R9 9900X3D,AMD,Ryzen 9,型號(情報),[情報] 原價屋 9950X3D 9900X3D 首賣延長賽,https://www.ptt.cc/bbs/PC_Shopping/M.1741696543.A.7A4.html,推,9900X3D這次價格未免太臭,03/11/2025,27717,True,負評
CPU,AMD R9 9900X3D,AMD,Ryzen 9,型號(情報),[情報] 950X3D 與 9900X3D 效能解禁 3 月 11 日,https://www.ptt.cc/bbs/PC_Shopping/M.1740098619.A.C65.html,推,官方都說效能跟98x3d無異 還能炒喔,02/21/2025,27734,True,中立
CPU,AMD R9 9900X3D,AMD,Ryzen 9,型號(情報),[情報] 950X3D 與 9900X3D 效能解禁 3 月 11 日,https://www.ptt.cc/bbs/PC_Shopping/M.1740098619.A.C65.html,→,除了特別吃多核的遊戲外，遊戲效能應該跟,02/21/2025,27736,True,中立
CPU,AMD R9 9900X3D,AMD,Ryzen 9,型號(情報),[情報] 950X3D 與 9900X3D 效能解禁 3 月 11 日,https://www.ptt.cc/bbs/PC_Shopping/M.1740098619.A.C65.html,推,9900遊戲應該比9800還爛,02/21/2025,27741,True,負評
CPU,AMD R9 9900X3D,AMD,Ryzen 9,型號(情報),[情報] 950X3D 與 9900X3D 效能解禁 3 月 11 日,https://www.ptt.cc/bbs/PC_Shopping/M.1740098619.A.C65.html,→,"9900X3D沒人要, 應該不限綁 不限組",02/21/2025,27753,True,負評
CPU,AMD R9 9900X3D,AMD,Ryzen 9,型號(情報),[情報] 950X3D 與 9900X3D 效能解禁 3 月 11 日,https://www.ptt.cc/bbs/PC_Shopping/M.1740098619.A.C65.html,→,"因為遊戲輸9953/983, 又不便宜, 沒戲",02/21/2025,27754,True,負評
CPU,AMD R9 9900X3D,AMD,Ryzen 9,型號(情報),[情報] 9950X3D 9900X3D 價格公佈了,https://www.ptt.cc/bbs/PC_Shopping/M.1739063714.A.33B.html,推,這顆應該好幾年都沒別的cpu能超越,02/09/2025,27796,True,正評
CPU,AMD R9 9900X3D,AMD,Ryzen 9,型號(情報),[情報] 9950X3D 9900X3D 價格公佈了,https://www.ptt.cc/bbs/PC_Shopping/M.1739063714.A.33B.html,→,只看核心數量的話 這兩顆賣得滿便宜的吧,02/09/2025,27805,True,中立
CPU,AMD R9 9900X3D,AMD,Ryzen 9,型號(情報),[情報] 9950X3D 9900X3D 價格公佈了,https://www.ptt.cc/bbs/PC_Shopping/M.1739063714.A.33B.html,→,只玩遊戲買9800X3D到沒什麼問題啦,02/09/2025,27809,True,中立
CPU,AMD R9 9900X3D,AMD,Ryzen 9,型號(情報),[情報] 9950X3D 9900X3D 價格公佈了,https://www.ptt.cc/bbs/PC_Shopping/M.1739063714.A.33B.html,→,遊戲還是小贏95幾%而且還有抓錯CCD的問,02/09/2025,27829,True,中立
CPU,AMD R9 9900X3D,AMD,Ryzen 9,型號(情報),[情報] 9950X3D 9900X3D 價格公佈了,https://www.ptt.cc/bbs/PC_Shopping/M.1739063714.A.33B.html,→,"9900X3D價格惡臭, 它遊戲最多險勝78X3D",02/09/2025,27836,True,負評
CPU,AMD R9 9900X3D,AMD,Ryzen 9,型號(情報),[情報] 9950X3D 9900X3D 價格公佈了,https://www.ptt.cc/bbs/PC_Shopping/M.1739063714.A.33B.html,推,時脈很高 改善7系缺陷 可以衝了,02/09/2025,27840,True,正評
CPU,AMD R9 9900X3D,AMD,Ryzen 9,型號(情報),[情報] 9950X3D 9900X3D 價格公佈了,https://www.ptt.cc/bbs/PC_Shopping/M.1739063714.A.33B.html,→,9900X3D沒必要買阿，直接買9950X3D就好,02/09/2025,27841,True,負評
CPU,AMD R9 9900X3D,AMD,Ryzen 9,型號(情報),[情報] 9950X3D 9900X3D 價格公佈了,https://www.ptt.cc/bbs/PC_Shopping/M.1739063714.A.33B.html,推,要買要快 超便宜,02/09/2025,27844,True,正評
CPU,AMD R9 9900X3D,AMD,Ryzen 9,型號(情報),[情報] 9950X3D 9900X3D 價格公佈了,https://www.ptt.cc/bbs/PC_Shopping/M.1739063714.A.33B.html,→,遊戲專用98x3還是最穩,02/09/2025,27850,True,正評
CPU,AMD R9 9900X3D,AMD,Ryzen 9,型號(情報),[情報] 9950X3D 9900X3D 價格公佈了,https://www.ptt.cc/bbs/PC_Shopping/M.1739063714.A.33B.html,→,美亞貨真的尬，現在不如直上995x3d,02/09/2025,27851,True,負評
CPU,AMD R9 9900X3D,AMD,Ryzen 9,型號(情報),[情報] 9950X3D 9900X3D 價格公佈了,https://www.ptt.cc/bbs/PC_Shopping/M.1739063714.A.33B.html,→,純打電動的話 98x3d 應該還是比較理想,02/09/2025,27867,True,正評
CPU,AMD R9 9900X3D,AMD,Ryzen 9,型號(情報),[情報] 9950X3D 9900X3D 價格公佈了,https://www.ptt.cc/bbs/PC_Shopping/M.1739063714.A.33B.html,推,相對98x3d 995x3d因為雙ccd調度問題 就,02/09/2025,27868,True,中立
CPU,AMD R9 9900X3D,AMD,Ryzen 9,型號(情報),[情報] 9950X3D 9900X3D 價格公佈了,https://www.ptt.cc/bbs/PC_Shopping/M.1739063714.A.33B.html,→,是犧牲一點點遊戲性能 換取大幅度地生產,02/09/2025,27869,True,中立
CPU,AMD R9 9900X3D,AMD,Ryzen 9,型號(情報),[情報] 9950X3D 9900X3D 價格公佈了,https://www.ptt.cc/bbs/PC_Shopping/M.1739063714.A.33B.html,→,力提升 純粹臭打遊戲絕大部分還是98強,02/09/2025,27870,True,中立
CPU,AMD R9 9900X3D,AMD,Ryzen 9,型號(情報),[情報] 9950X3D 9900X3D 價格公佈了,https://www.ptt.cc/bbs/PC_Shopping/M.1739063714.A.33B.html,推,說想退98x3d的拜託快退一退，笑死,02/09/2025,27876,True,負評
CPU,AMD R9 9900X3D,AMD,Ryzen 9,型號(情報),[情報] 9950X3D 9900X3D 價格公佈了,https://www.ptt.cc/bbs/PC_Shopping/M.1739063714.A.33B.html,→,"大幅落後, 只要傳統性能追平, 比N卡便宜",02/09/2025,27885,True,中立
CPU,AMD R9 9900X3D,AMD,Ryzen 9,型號(情報),[情報] 9950X3D 9900X3D 價格公佈了,https://www.ptt.cc/bbs/PC_Shopping/M.1739063714.A.33B.html,→,98X3D可以買吧 至少一年內都是最強的 不虧,02/09/2025,27902,True,正評
CPU,AMD R9 9900X3D,AMD,Ryzen 9,型號(情報),[情報] 9950X3D 9900X3D 價格公佈了,https://www.ptt.cc/bbs/PC_Shopping/M.1739063714.A.33B.html,推,應該9800比較好 數據不用跨ccd傳輸延遲低,02/09/2025,27911,True,中立
CPU,AMD R9 9900X3D,AMD,Ryzen 9,型號(情報),[情報] 9950X3D 9900X3D 價格公佈了,https://www.ptt.cc/bbs/PC_Shopping/M.1739063714.A.33B.html,→,只是打電動沒有要多工的話98用到am5往生,02/09/2025,27920,True,中立
CPU,AMD R9 9900X3D,AMD,Ryzen 9,型號(情報),[情報] 9950X3D 9900X3D 價格公佈了,https://www.ptt.cc/bbs/PC_Shopping/M.1739063714.A.33B.html,→,都不會不夠用了吧,02/09/2025,27921,True,中立
CPU,AMD R9 9900X3D,AMD,Ryzen 9,型號(情報),[情報] 9950X3D 9900X3D 價格公佈了,https://www.ptt.cc/bbs/PC_Shopping/M.1739063714.A.33B.html,推,這兩顆才是真正飯用等級的X3D吧?,02/09/2025,27950,True,正評
CPU,AMD R9 9900X3D,AMD,Ryzen 9,型號(情報),[情報] 9950X3D 9900X3D 價格公佈了,https://www.ptt.cc/bbs/PC_Shopping/M.1739063714.A.33B.html,→,這兩顆才是真正泛用等級的X3D吧?,02/09/2025,27951,True,中立
CPU,AMD R9 9900X3D,AMD,Ryzen 9,型號(情報),[情報] 9950X3D 9900X3D 價格公佈了,https://www.ptt.cc/bbs/PC_Shopping/M.1739063714.A.33B.html,→,以98X3D價格來看 9950X3D真便宜,02/09/2025,27954,True,正評
CPU,AMD R9 9900X3D,AMD,Ryzen 9,型號(情報),[情報] 9950X3D 9900X3D 價格公佈了,https://www.ptt.cc/bbs/PC_Shopping/M.1739063714.A.33B.html,→,便宜 就決定組這顆了,02/09/2025,27956,True,正評
CPU,AMD R9 9900X3D,AMD,Ryzen 9,型號(情報),[情報] 9950X3D 9900X3D 價格公佈了,https://www.ptt.cc/bbs/PC_Shopping/M.1739063714.A.33B.html,推,98X3D 服用中，能單買再考慮升級,02/09/2025,27960,True,中立
CPU,AMD R9 9900X3D,AMD,Ryzen 9,型號(情報),[情報] 9950X3D 9900X3D 價格公佈了,https://www.ptt.cc/bbs/PC_Shopping/M.1739063714.A.33B.html,推,X3D就打電動特別強 專為打遊戲設計的CPU,02/09/2025,27962,True,正評
CPU,AMD R9 9900X3D,AMD,Ryzen 9,型號(情報),[情報] 9950X3D 9900X3D 價格公佈了,https://www.ptt.cc/bbs/PC_Shopping/M.1739063714.A.33B.html,推,這代沒壓時脈 生產力不至於太差吧,02/09/2025,27970,True,中立
CPU,AMD R9 9900X3D,AMD,Ryzen 9,型號(情報),[情報] 9950X3D 9900X3D 價格公佈了,https://www.ptt.cc/bbs/PC_Shopping/M.1739063714.A.33B.html,推,臭打遊戲95X3D比較弱啊,02/09/2025,27973,True,負評
CPU,AMD R9 9900X3D,AMD,Ryzen 9,型號(情報),[情報] 9950X3D 9900X3D 價格公佈了,https://www.ptt.cc/bbs/PC_Shopping/M.1739063714.A.33B.html,推,這價格反而對9900X3D有興趣，TDP跟9800,02/09/2025,27985,True,中立
CPU,AMD R9 9900X3D,AMD,Ryzen 9,型號(情報),[情報] 9950X3D 9900X3D 價格公佈了,https://www.ptt.cc/bbs/PC_Shopping/M.1739063714.A.33B.html,推,99X3D 是不是什麼雙CCD 打遊戲弱一點點點?,02/09/2025,27987,True,中立
CPU,AMD R9 9900X3D,AMD,Ryzen 9,型號(情報),[情報] 9950X3D 9900X3D 價格公佈了,https://www.ptt.cc/bbs/PC_Shopping/M.1739063714.A.33B.html,→,看什麼遊戲 天際線可能這顆比較強,02/09/2025,27991,True,中立
CPU,AMD R9 9900X3D,AMD,Ryzen 9,型號(情報),[情報] 9950X3D 9900X3D 價格公佈了,https://www.ptt.cc/bbs/PC_Shopping/M.1739063714.A.33B.html,→,問題+時脈比原版低 生產遊戲都不太建議,02/09/2025,27993,True,負評
CPU,AMD R9 9900X3D,AMD,Ryzen 9,型號(情報),[情報] 9950X3D 9900X3D 價格公佈了,https://www.ptt.cc/bbs/PC_Shopping/M.1739063714.A.33B.html,→,9950X3D看測試好像調度好很多+時脈沒降,02/09/2025,27994,True,正評
CPU,AMD R9 9900X3D,AMD,Ryzen 9,型號(情報),[情報] 9950X3D 9900X3D 價格公佈了,https://www.ptt.cc/bbs/PC_Shopping/M.1739063714.A.33B.html,推,工作用還是乖乖買9950X 9900X就好,02/09/2025,27998,True,負評
CPU,AMD R9 9900X3D,AMD,Ryzen 9,型號(情報),[情報] 9950X3D 9900X3D 價格公佈了,https://www.ptt.cc/bbs/PC_Shopping/M.1739063714.A.33B.html,→,1%low 在1440p以上 cpu沒啥負載,02/09/2025,27999,True,中立
CPU,AMD R9 9900X3D,AMD,Ryzen 9,型號(情報),[情報] 9950X3D 9900X3D 價格公佈了,https://www.ptt.cc/bbs/PC_Shopping/M.1739063714.A.33B.html,→,天際線是這顆模擬速度100%比較強。,02/09/2025,28001,True,正評
CPU,AMD R9 9900X3D,AMD,Ryzen 9,型號(情報),[情報] 9950X3D 9900X3D 價格公佈了,https://www.ptt.cc/bbs/PC_Shopping/M.1739063714.A.33B.html,→,"吞不下台灣溢價98X3D,何不買這兩顆",02/10/2025,28003,True,正評
CPU,AMD R9 9900X3D,AMD,Ryzen 9,型號(情報),[情報] 9950X3D 9900X3D 價格公佈了,https://www.ptt.cc/bbs/PC_Shopping/M.1739063714.A.33B.html,→,價格差不多的情況下我大概還是會買這顆，,02/10/2025,28004,True,正評
CPU,AMD R9 9900X3D,AMD,Ryzen 9,型號(情報),[情報] 9950X3D 9900X3D 價格公佈了,https://www.ptt.cc/bbs/PC_Shopping/M.1739063714.A.33B.html,推,雙CCD是理論跑分單工下的遊戲性能略弱一點,02/10/2025,28007,True,中立
CPU,AMD R9 9950X,AMD,Ryzen 9,型號,[閒聊] GMP 測試兩度燒毀 Ryzen 9 9950X,https://www.ptt.cc/bbs/PC_Shopping/M.1756467263.A.ACE.html,→,到的區域最遠，所以只在少數情況下燒掉。,08/29/2025,28073,True,負評
CPU,AMD R9 9950X,AMD,Ryzen 9,型號,[閒聊] GMP 測試兩度燒毀 Ryzen 9 9950X,https://www.ptt.cc/bbs/PC_Shopping/M.1756467263.A.ACE.html,推,然後就有人馬上下標：建議不要用ZEN5 www,08/29/2025,28081,True,負評
CPU,AMD R9 9950X,AMD,Ryzen 9,型號,[閒聊] GMP 測試兩度燒毀 Ryzen 9 9950X,https://www.ptt.cc/bbs/PC_Shopping/M.1756467263.A.ACE.html,→,拿這種丐板極限使用，出問題也正常吧。,08/30/2025,28083,True,負評
CPU,AMD R9 9950X,AMD,Ryzen 9,型號,[閒聊] GMP 測試兩度燒毀 Ryzen 9 9950X,https://www.ptt.cc/bbs/PC_Shopping/M.1756467263.A.ACE.html,推,內文有說沒有極限使用了，也限制了,08/30/2025,28084,True,負評
CPU,AMD R9 9950X,AMD,Ryzen 9,型號,[閒聊] GMP 測試兩度燒毀 Ryzen 9 9950X,https://www.ptt.cc/bbs/PC_Shopping/M.1756467263.A.ACE.html,推,丐版應該是更不容易燒u，丐版是效能差,08/30/2025,28085,True,負評
CPU,AMD R9 9950X,AMD,Ryzen 9,型號,[閒聊] GMP 測試兩度燒毀 Ryzen 9 9950X,https://www.ptt.cc/bbs/PC_Shopping/M.1756467263.A.ACE.html,→,9000系又更脆弱好像不意外,08/30/2025,28086,True,負評
CPU,AMD R9 9950X,AMD,Ryzen 9,型號,[閒聊] GMP 測試兩度燒毀 Ryzen 9 9950X,https://www.ptt.cc/bbs/PC_Shopping/M.1756467263.A.ACE.html,→,只有建議不適合用在極限超頻上,08/30/2025,28089,True,負評
CPU,AMD R9 9950X,AMD,Ryzen 9,型號,[閒聊] GMP 測試兩度燒毀 Ryzen 9 9950X,https://www.ptt.cc/bbs/PC_Shopping/M.1756467263.A.ACE.html,→,沒啊  就mosfet的轉換效率比較差或沒散,08/30/2025,28097,True,負評
CPU,AMD R9 9950X,AMD,Ryzen 9,型號,[閒聊] GMP 測試兩度燒毀 Ryzen 9 9950X,https://www.ptt.cc/bbs/PC_Shopping/M.1756467263.A.ACE.html,→,熱片而已  而且104度對mosfet來說也沒,08/30/2025,28098,True,中立
CPU,AMD R9 9950X,AMD,Ryzen 9,型號,[閒聊] GMP 測試兩度燒毀 Ryzen 9 9950X,https://www.ptt.cc/bbs/PC_Shopping/M.1756467263.A.ACE.html,→,溫度當然越低越好 但104度對MOS是可以耐,08/30/2025,28100,True,中立
CPU,AMD R9 9950X,AMD,Ryzen 9,型號,[閒聊] 極客灣打造9950X3D+5090 ITX PC,https://www.ptt.cc/bbs/PC_Shopping/M.1756218428.A.CA1.html,→,體開XMP，室溫下就6X度在跳了,08/27/2025,28139,True,負評
CPU,AMD R9 9950X,AMD,Ryzen 9,型號,[心得] 美亞Prime Day 9950X多災多難啟動,https://www.ptt.cc/bbs/PC_Shopping/M.1755285671.A.1C1.html,推,我運氣真好7/12訂 7/23到沒啥問題,08/16/2025,28164,True,中立
CPU,AMD R9 9950X,AMD,Ryzen 9,型號,[心得] 美亞Prime Day 9950X多災多難啟動,https://www.ptt.cc/bbs/PC_Shopping/M.1755285671.A.1C1.html,→,遇過1次退貨，客服處理都很快,08/16/2025,28188,True,中立
CPU,AMD R9 9950X,AMD,Ryzen 9,型號(情報),[情報] Amazon 7800X3D、9950X3D史低,https://www.ptt.cc/bbs/PC_Shopping/M.1753973118.A.88C.html,→,都有超過10%，啟動絕對是划算的。,07/31/2025,28203,True,正評
CPU,AMD R9 9950X,AMD,Ryzen 9,型號(情報),[情報] Amazon 7800X3D、9950X3D史低,https://www.ptt.cc/bbs/PC_Shopping/M.1753973118.A.88C.html,推,我也是9950X卡一個月，申訴秒退款，直接加,07/31/2025,28210,True,正評
CPU,AMD R9 9950X,AMD,Ryzen 9,型號,[心得] 5090+9950X3D 啟動130K AI訓練機,https://www.ptt.cc/bbs/PC_Shopping/M.1753384877.A.70C.html,→,cpu有跑到100%7分鐘溫度70度,07/25/2025,28302,True,中立
CPU,AMD R9 9950X,AMD,Ryzen 9,型號,[請益] 9950X3D 128G 跟AMD AI Max 395 128 選購,https://www.ptt.cc/bbs/PC_Shopping/M.1751953372.A.50C.html,→,我是建議你買正常PC配置9950X，又不,07/08/2025,28327,True,中立
CPU,AMD R9 9950X,AMD,Ryzen 9,型號,[請益] 9950X3D 最丐配置下、能128G RAM,https://www.ptt.cc/bbs/PC_Shopping/M.1751903514.A.3E3.html,推,我的意思就是你可以買9950X不用X3D,07/08/2025,28374,True,中立
CPU,AMD R9 9950X,AMD,Ryzen 9,型號,[請益] 9950X3D 最丐配置下、能128G RAM,https://www.ptt.cc/bbs/PC_Shopping/M.1751903514.A.3E3.html,→,但9950X和9950X3D實打實差了5K,07/08/2025,28376,True,中立
CPU,AMD R9 9950X,AMD,Ryzen 9,型號,[請益] 9950X3D 最丐配置下、能128G RAM,https://www.ptt.cc/bbs/PC_Shopping/M.1751903514.A.3E3.html,→,但是很高機率會藍屏,07/08/2025,28396,True,負評
CPU,AMD R9 9950X,AMD,Ryzen 9,型號,[請益] 9950X3D 最丐配置下、能128G RAM,https://www.ptt.cc/bbs/PC_Shopping/M.1751903514.A.3E3.html,→,開EXPO 首開自檢3分鐘 2次重啟,07/08/2025,28442,True,負評
CPU,AMD R9 9950X,AMD,Ryzen 9,型號,[請益] 9950X3D 最丐配置下、能128G RAM,https://www.ptt.cc/bbs/PC_Shopping/M.1751903514.A.3E3.html,→,開機都要重新train一次記憶體,07/08/2025,28481,True,負評
CPU,AMD R9 9950X,AMD,Ryzen 9,型號,[請益] 直立顯卡 + 9950x3d散熱問題,https://www.ptt.cc/bbs/PC_Shopping/M.1751893845.A.29D.html,→,ba120別想了，壓不住,07/07/2025,28550,True,負評
CPU,AMD R9 9950X,AMD,Ryzen 9,型號,[請益] 9950X3D的ccd調度目前已經沒問題了嗎?,https://www.ptt.cc/bbs/PC_Shopping/M.1751378120.A.A17.html,→,數起飛，同時Windows/Linux對多CCD的支援,07/01/2025,28602,True,正評
CPU,AMD R9 9950X,AMD,Ryzen 9,型號,[請益] 9950X3D的ccd調度目前已經沒問題了嗎?,https://www.ptt.cc/bbs/PC_Shopping/M.1751378120.A.A17.html,推,目前用調度沒啥問題 也沒重裝os,07/01/2025,28605,True,中立
CPU,AMD R9 9950X,AMD,Ryzen 9,型號,[請益] 9950X3D的ccd調度目前已經沒問題了嗎?,https://www.ptt.cc/bbs/PC_Shopping/M.1751378120.A.A17.html,→,那我會覺得你買9950X 9900X就夠用了,07/01/2025,28614,True,中立
CPU,AMD R9 9950X,AMD,Ryzen 9,型號,[請益] 9950X3D的ccd調度目前已經沒問題了嗎?,https://www.ptt.cc/bbs/PC_Shopping/M.1751378120.A.A17.html,→,"沒啥問題,a的雙ccd只差在cache大小",07/02/2025,28654,True,中立
CPU,AMD R9 9950X,AMD,Ryzen 9,型號,[請益] 9950X3D的ccd調度目前已經沒問題了嗎?,https://www.ptt.cc/bbs/PC_Shopping/M.1751378120.A.A17.html,→,9950X太貴可以降級成7950X,07/02/2025,28713,True,中立
CPU,AMD R9 9950X,AMD,Ryzen 9,型號(情報),"[情報] 京東 9950X3D $19,147  9900X3D $14,449",https://www.ptt.cc/bbs/PC_Shopping/M.1750164925.A.629.html,推,9800X3D加不到6千 就能直上9950X3D?免2萬,06/18/2025,28728,True,中立
CPU,AMD R9 9950X,AMD,Ryzen 9,型號,[閒聊] 對岸啟動9950X3D與CHATGPT超頻分享,https://www.ptt.cc/bbs/PC_Shopping/M.1750052662.A.AB3.html,→,偷超沒換多少效能卻大幅犧牲穩定性,06/16/2025,28735,True,負評
CPU,AMD R9 9950X,AMD,Ryzen 9,型號,[閒聊] 對岸啟動9950X3D與CHATGPT超頻分享,https://www.ptt.cc/bbs/PC_Shopping/M.1750052662.A.AB3.html,→,CPU vccsa電壓給我調到1.4v,06/16/2025,28747,True,中立
CPU,AMD R9 9950X,AMD,Ryzen 9,型號,[閒聊] 對岸啟動9950X3D與CHATGPT超頻分享,https://www.ptt.cc/bbs/PC_Shopping/M.1750052662.A.AB3.html,推,潑你個冷水 你的CPU自動超頻會黑 八成,06/16/2025,28753,True,負評
CPU,AMD R9 9950X,AMD,Ryzen 9,型號,[閒聊] 對岸啟動9950X3D與CHATGPT超頻分享,https://www.ptt.cc/bbs/PC_Shopping/M.1750052662.A.AB3.html,→,問題很大，我自己測穩定性是Ycrunc,06/16/2025,28787,True,負評
CPU,AMD R9 9950X,AMD,Ryzen 9,型號,[閒聊] 對岸啟動9950X3D與CHATGPT超頻分享,https://www.ptt.cc/bbs/PC_Shopping/M.1750052662.A.AB3.html,推,買到體質偏爛也是不開心，畢竟不便宜，c,06/16/2025,28810,True,負評
CPU,AMD R9 9950X,AMD,Ryzen 9,型號,[菜單] 9950x 機器學習機,https://www.ptt.cc/bbs/PC_Shopping/M.1749195277.A.251.html,→,V2 供電比較好 塔散建議直接上PS120,06/07/2025,28849,True,中立
CPU,AMD R9 9950X,AMD,Ryzen 9,型號,[菜單] 120K 以9070XT/9950X3D為目標組裝,https://www.ptt.cc/bbs/PC_Shopping/M.1748254218.A.CC0.html,→,多的核心 遊戲不支援也是空轉而已,05/26/2025,28860,True,中立
CPU,AMD R9 9950X,AMD,Ryzen 9,型號,[菜單] 120K 以9070XT/9950X3D為目標組裝,https://www.ptt.cc/bbs/PC_Shopping/M.1748254218.A.CC0.html,→,除了光追真的不行外 3A目前沒啥瓶頸,05/26/2025,28881,True,中立
CPU,AMD R9 9950X,AMD,Ryzen 9,型號,[菜單] 120K 以9070XT/9950X3D為目標組裝,https://www.ptt.cc/bbs/PC_Shopping/M.1748254218.A.CC0.html,→,"測過,好像會60度以上,會融化其實也不意外",05/27/2025,28921,True,負評
CPU,AMD R9 9950X,AMD,Ryzen 9,型號,[請益] 9950X3D空冷/機殼/垂直顯卡+電腦椅推薦,https://www.ptt.cc/bbs/PC_Shopping/M.1744793746.A.D1B.html,推,積熱是導的出來 但995本身就很熱阿XD,04/16/2025,28934,True,負評
CPU,AMD R9 9950X,AMD,Ryzen 9,型號,[請益] 9950X3D空冷/機殼/垂直顯卡+電腦椅推薦,https://www.ptt.cc/bbs/PC_Shopping/M.1744793746.A.D1B.html,→,amd待機高是因為io die要保持高頻,04/16/2025,28939,True,中立
CPU,AMD R9 9950X,AMD,Ryzen 9,型號,[請益] 9950X3D空冷/機殼/垂直顯卡+電腦椅推薦,https://www.ptt.cc/bbs/PC_Shopping/M.1744793746.A.D1B.html,→,能會下降，70度的時候大約只剩下5.3,04/16/2025,28942,True,中立
CPU,AMD R9 9950X,AMD,Ryzen 9,型號,[請益] 9950X3D空冷/機殼/垂直顯卡+電腦椅推薦,https://www.ptt.cc/bbs/PC_Shopping/M.1744793746.A.D1B.html,→,20水冷待機43度而已,04/16/2025,28945,True,中立
CPU,AMD R9 9950X,AMD,Ryzen 9,型號,[請益] 9950X3D空冷/機殼/垂直顯卡+電腦椅推薦,https://www.ptt.cc/bbs/PC_Shopping/M.1744793746.A.D1B.html,→,試，溫度跟D15G2差不多,04/17/2025,28949,True,中立
CPU,AMD R9 9950X,AMD,Ryzen 9,型號,[請益] 9950X3D空冷/機殼/垂直顯卡+電腦椅推薦,https://www.ptt.cc/bbs/PC_Shopping/M.1744793746.A.D1B.html,推,這顆比7800x3d好壓多了….,04/17/2025,28959,True,正評
CPU,AMD R9 9950X,AMD,Ryzen 9,型號,[請益] 9950X3D空冷/機殼/垂直顯卡+電腦椅推薦,https://www.ptt.cc/bbs/PC_Shopping/M.1744793746.A.D1B.html,→,這代積熱已經不嚴重了，但整體溫度你超上,04/17/2025,28960,True,負評
CPU,AMD R9 9950X,AMD,Ryzen 9,型號,[心得] 聯力207 LP360兼9950X3D裝機閒聊,https://www.ptt.cc/bbs/PC_Shopping/M.1743679368.A.B27.html,推,沒有頻率限制器的16大核 當然散熱要好一,04/03/2025,28968,True,中立
CPU,AMD R9 9950X,AMD,Ryzen 9,型號,[心得] 聯力207 LP360兼9950X3D裝機閒聊,https://www.ptt.cc/bbs/PC_Shopping/M.1743679368.A.B27.html,→,看來非純遊戲  9950X就夠了,04/03/2025,28969,True,中立
CPU,AMD R9 9950X,AMD,Ryzen 9,型號,[心得] 聯力207 LP360兼9950X3D裝機閒聊,https://www.ptt.cc/bbs/PC_Shopping/M.1743679368.A.B27.html,推,這顆給好給滿，但散熱要求也高,04/03/2025,28973,True,正評
CPU,AMD R9 9950X,AMD,Ryzen 9,型號,[心得] 聯力207 LP360兼9950X3D裝機閒聊,https://www.ptt.cc/bbs/PC_Shopping/M.1743679368.A.B27.html,推,這顆也很吃體質了..體質爛跑分也不舒服..,04/03/2025,28974,True,負評
CPU,AMD R9 9950X,AMD,Ryzen 9,型號,[心得] 聯力207 LP360兼9950X3D裝機閒聊,https://www.ptt.cc/bbs/PC_Shopping/M.1743679368.A.B27.html,推,待機30w 遊戲70w 跑分200w 說熱也還好,04/03/2025,28981,True,中立
CPU,AMD R9 9950X,AMD,Ryzen 9,型號(情報),[情報] 京東九折券 AMD 9950X3D可用,https://www.ptt.cc/bbs/PC_Shopping/M.1742831074.A.C0F.html,推,差二千，沒台灣保固，不值,03/25/2025,29157,True,負評
CPU,AMD R9 9950X,AMD,Ryzen 9,型號,[菜單] 64K 升級 9950X3D,https://www.ptt.cc/bbs/PC_Shopping/M.1742490792.A.901.html,→,沒壞都不會買了啊，雖然這樣省錢多XD,03/21/2025,29200,True,負評
CPU,AMD R9 9950X,AMD,Ryzen 9,型號,Re: [情報] 9950X3D 桃子網的機車店 23K左右入手,https://www.ptt.cc/bbs/PC_Shopping/M.1741845380.A.FFB.html,→,只工作的用9950x就好   這客群只有在家,03/13/2025,29275,True,中立
CPU,AMD R9 9950X,AMD,Ryzen 9,型號,Re: [情報] 9950X3D 桃子網的機車店 23K左右入手,https://www.ptt.cc/bbs/PC_Shopping/M.1741845380.A.FFB.html,→,跑去碰跨CCD的延遲就很痛,03/13/2025,29309,True,負評
CPU,AMD R9 9950X,AMD,Ryzen 9,型號,[閒聊] 極客灣評測9950X3D,https://www.ptt.cc/bbs/PC_Shopping/M.1741795381.A.AFC.html,→,這代就改善散熱後變得可以超了,03/13/2025,29395,True,正評
CPU,AMD R9 9950X,AMD,Ryzen 9,型號,[閒聊] 極客灣評測9950X3D,https://www.ptt.cc/bbs/PC_Shopping/M.1741795381.A.AFC.html,→,選這顆就不用再買9950x了,03/13/2025,29412,True,中立
CPU,AMD R9 9950X,AMD,Ryzen 9,型號,[閒聊] 極客灣評測9950X3D,https://www.ptt.cc/bbs/PC_Shopping/M.1741795381.A.AFC.html,→,4千多就可以得到接近最強遊戲U的效能,03/13/2025,29414,True,正評
CPU,AMD R9 9950X,AMD,Ryzen 9,型號(情報),[情報] 9950X3D 桃子網的機車店 23K左右入手,https://www.ptt.cc/bbs/PC_Shopping/M.1741792056.A.01F.html,推,9950x感覺換X3D也沒提升多少,03/13/2025,29531,True,中立
CPU,AMD R9 9950X,AMD,Ryzen 9,型號(情報),[情報] Gamers Nexus 9950X3D評測,https://www.ptt.cc/bbs/PC_Shopping/M.1741698386.A.FE6.html,→,GN測生產力甚至都是小贏9950X,03/11/2025,29588,True,正評
CPU,AMD R9 9950X,AMD,Ryzen 9,型號(情報),[情報] Gamers Nexus 9950X3D評測,https://www.ptt.cc/bbs/PC_Shopping/M.1741698386.A.FE6.html,→,基本上來看好像都在3%內跟9950x,03/11/2025,29596,True,中立
CPU,AMD R9 9950X,AMD,Ryzen 9,型號(情報),[情報] Gamers Nexus 9950X3D評測,https://www.ptt.cc/bbs/PC_Shopping/M.1741698386.A.FE6.html,推,"開bt下載+模擬器3開+3A大作4k畫質,9950x",03/11/2025,29622,True,中立
CPU,AMD R9 9950X,AMD,Ryzen 9,型號(情報),[情報] Gamers Nexus 9950X3D評測,https://www.ptt.cc/bbs/PC_Shopping/M.1741698386.A.FE6.html,→,純遊戲  建議關掉  變成9800X3D去跑會好,03/11/2025,29636,True,負評
CPU,AMD R9 9950X,AMD,Ryzen 9,型號(情報),[情報] Gamers Nexus 9950X3D評測,https://www.ptt.cc/bbs/PC_Shopping/M.1741698386.A.FE6.html,→,他們測的生產力倒是會小贏9950x,03/11/2025,29639,True,中立
CPU,AMD R9 9950X,AMD,Ryzen 9,型號(情報),[情報] Gamers Nexus 9950X3D評測,https://www.ptt.cc/bbs/PC_Shopping/M.1741698386.A.FE6.html,→,大膽預測這顆CPU能戰至少五年，說不定撐十,03/12/2025,29689,True,正評
CPU,AMD R9 9950X,AMD,Ryzen 9,型號(情報),[情報] Gamers Nexus 9950X3D評測,https://www.ptt.cc/bbs/PC_Shopping/M.1741698386.A.FE6.html,→,錯誤地調用非3D-V$的CCD，造成效能反而下,03/12/2025,29714,True,負評
CPU,AMD R9 9950X,AMD,Ryzen 9,型號(情報),[情報] 欣亞9950X3D加班活動,https://www.ptt.cc/bbs/PC_Shopping/M.1741688695.A.43B.html,推,你純論最強，是吧。遊戲性能據稱等同,03/11/2025,29800,True,中立
CPU,AMD R9 9950X,AMD,Ryzen 9,型號,[請益] 舊電腦CPU更換9950X、主機板、電供請益,https://www.ptt.cc/bbs/PC_Shopping/M.1740939066.A.ACC.html,→,的建議值5900X滿載給你個概念大概是180W,03/03/2025,29861,True,中立
CPU,AMD R9 9950X,AMD,Ryzen 9,型號,[請益] 舊電腦CPU更換9950X、主機板、電供請益,https://www.ptt.cc/bbs/PC_Shopping/M.1740939066.A.ACC.html,→,我是建議早點換掉,03/03/2025,29872,True,負評
CPU,AMD R9 9950X,AMD,Ryzen 9,型號,[請益] 舊電腦CPU更換9950X、主機板、電供請益,https://www.ptt.cc/bbs/PC_Shopping/M.1740939066.A.ACC.html,→,能不用太期待多厲害 但確實夠便宜又有六,03/03/2025,29891,True,中立
CPU,AMD R9 9950X,AMD,Ryzen 9,型號,[請益] 舊電腦CPU更換9950X、主機板、電供請益,https://www.ptt.cc/bbs/PC_Shopping/M.1740939066.A.ACC.html,→,有啊 便宜但保固年限比較短~,03/03/2025,29899,True,中立
CPU,AMD R9 9950X,AMD,Ryzen 9,型號(情報),[情報] 9950X3D 9900X3D 價格公佈了,https://www.ptt.cc/bbs/PC_Shopping/M.1739063714.A.33B.html,→,995只有在多核優化的遊戲有機會贏98,02/09/2025,29986,True,中立
CPU,AMD R9 9950X,AMD,Ryzen 9,型號(情報),[情報] 9950X3D 9900X3D 價格公佈了,https://www.ptt.cc/bbs/PC_Shopping/M.1739063714.A.33B.html,→,不太會拿 不過9950跟原版不多應該還不差,02/09/2025,30010,True,中立
CPU,AMD R9 9950X,AMD,Ryzen 9,型號(情報),[情報] 9950X3D 9900X3D 價格公佈了,https://www.ptt.cc/bbs/PC_Shopping/M.1739063714.A.33B.html,推,工作用還是乖乖買9950X 9900X就好,02/09/2025,30112,True,中立
CPU,AMD R9 9950X,AMD,Ryzen 9,型號(情報),[情報] 9950X3D 9900X3D 價格公佈了,https://www.ptt.cc/bbs/PC_Shopping/M.1739063714.A.33B.html,→,價格差不多的情況下我大概還是會買這顆，,02/10/2025,30118,True,正評
CPU,AMD R9 9950X,AMD,Ryzen 9,型號(情報),[情報] AMD:9950X3D遊戲性能可比9800X3D,https://www.ptt.cc/bbs/PC_Shopping/M.1737595185.A.8DA.html,推,跨CCD還是有影響,01/23/2025,30135,True,中立
CPU,AMD R9 9950X,AMD,Ryzen 9,型號(情報),[情報] AMD:9950X3D遊戲性能可比9800X3D,https://www.ptt.cc/bbs/PC_Shopping/M.1737595185.A.8DA.html,推,真不會做生意 說溫度比上代79降很多,01/23/2025,30136,True,中立
CPU,AMD R9 9950X,AMD,Ryzen 9,型號(情報),[情報] AMD:9950X3D遊戲性能可比9800X3D,https://www.ptt.cc/bbs/PC_Shopping/M.1737595185.A.8DA.html,→,市面雙塔風冷輕鬆壓 有些58 78甚至,01/23/2025,30137,True,正評
CPU,AMD R9 9950X,AMD,Ryzen 9,型號(情報),[情報] AMD:9950X3D遊戲性能可比9800X3D,https://www.ptt.cc/bbs/PC_Shopping/M.1737595185.A.8DA.html,→,雙塔才壓得住 ps120貓扇之類 拿雜牌,01/23/2025,30142,True,負評
CPU,AMD R9 9950X,AMD,Ryzen 9,型號(情報),[情報] AMD:9950X3D遊戲性能可比9800X3D,https://www.ptt.cc/bbs/PC_Shopping/M.1737595185.A.8DA.html,推,即使有跨CCD調度問題,01/23/2025,30153,True,中立
CPU,AMD R9 9950X,AMD,Ryzen 9,型號(情報),[情報] AMD:9950X3D遊戲性能可比9800X3D,https://www.ptt.cc/bbs/PC_Shopping/M.1737595185.A.8DA.html,推,我P社遊戲玩很兇 這樣看買9950X3D比較適合,01/23/2025,30157,True,正評
CPU,AMD R9 9950X,AMD,Ryzen 9,型號(情報),[情報] AMD:9950X3D遊戲性能可比9800X3D,https://www.ptt.cc/bbs/PC_Shopping/M.1737595185.A.8DA.html,→,把各核心執行緒逼到瓶頸的 那9950X3D比,01/23/2025,30163,True,中立
CPU,AMD R9 9950X,AMD,Ryzen 9,型號(情報),[情報] AMD:9950X3D遊戲性能可比9800X3D,https://www.ptt.cc/bbs/PC_Shopping/M.1737595185.A.8DA.html,→,較強 其餘一般動作類fps等3A作都是9800X,01/23/2025,30164,True,中立
CPU,AMD R9 9950X,AMD,Ryzen 9,型號(情報),[情報] AMD:9950X3D遊戲性能可比9800X3D,https://www.ptt.cc/bbs/PC_Shopping/M.1737595185.A.8DA.html,推,吃多核的遊戲和軟體都是9950X3D比較好啊,01/23/2025,30166,True,正評
CPU,AMD R9 9950X,AMD,Ryzen 9,型號(情報),[情報] AMD:9950X3D遊戲性能可比9800X3D,https://www.ptt.cc/bbs/PC_Shopping/M.1737595185.A.8DA.html,推,問一下都說只玩遊戲就用98要生產力用99,01/23/2025,30168,True,中立
CPU,AMD R9 9950X,AMD,Ryzen 9,型號(情報),[情報] AMD:9950X3D遊戲性能可比9800X3D,https://www.ptt.cc/bbs/PC_Shopping/M.1737595185.A.8DA.html,→,接被分10%效能過去，等於還沒打遊戲,01/23/2025,30178,True,中立
CPU,AMD R9 9950X,AMD,Ryzen 9,型號(情報),[情報] AMD:9950X3D遊戲性能可比9800X3D,https://www.ptt.cc/bbs/PC_Shopping/M.1737595185.A.8DA.html,推,9之前不推是因為單CCD只有6核,01/23/2025,30190,True,中立
CPU,AMD R9 9950X,AMD,Ryzen 9,型號(情報),[情報] AMD:9950X3D遊戲性能可比9800X3D,https://www.ptt.cc/bbs/PC_Shopping/M.1737595185.A.8DA.html,推,多開的話還是挑9950X比較適合,01/24/2025,30198,True,正評
CPU,AMD R9 9950X,AMD,Ryzen 9,型號,[菜單] 200K 以5090/9950X3D為目標組裝,https://www.ptt.cc/bbs/PC_Shopping/M.1737559267.A.CD3.html,→,買這顆還不如買台達超實在1100,01/22/2025,30205,True,負評
CPU,AMD R9 9950X,AMD,Ryzen 9,型號,Re: [情報] 9950X3D遊戲贏7950X3D 8% 屌打ICU 285k,https://www.ptt.cc/bbs/PC_Shopping/M.1736226161.A.DAE.html,推,生產力就等同9950X啊XDD,01/07/2025,30443,True,中立
CPU,AMD R9 9950X,AMD,Ryzen 9,型號,Re: [情報] 9950X3D遊戲贏7950X3D 8% 屌打ICU 285k,https://www.ptt.cc/bbs/PC_Shopping/M.1736226161.A.DAE.html,→,事，混合渲染會吃滿CPU,01/07/2025,30452,True,中立
CPU,AMD R9 9950X,AMD,Ryzen 9,型號(情報),[情報] 9950X3D遊戲贏+795X3D 8%屌打ICU 285k 20%,https://www.ptt.cc/bbs/PC_Shopping/M.1736170385.A.3A3.html,推,我就是這個意思喔 效能直接輸別人一代,01/06/2025,30481,True,負評
CPU,AMD R9 9950X,AMD,Ryzen 9,型號(情報),[情報] 9950X3D遊戲贏+795X3D 8%屌打ICU 285k 20%,https://www.ptt.cc/bbs/PC_Shopping/M.1736170385.A.3A3.html,推,重點是這代沒鎖時脈 生產力也是16核CPU,01/06/2025,30484,True,中立
CPU,AMD R9 9950X,AMD,Ryzen 9,型號(情報),[情報] 9950X3D遊戲贏+795X3D 8%屌打ICU 285k 20%,https://www.ptt.cc/bbs/PC_Shopping/M.1736170385.A.3A3.html,推,9950X3D和9950X生產力在伯仲間吧。,01/07/2025,30507,True,中立
CPU,AMD R9 9950X,AMD,Ryzen 9,型號(情報),[情報] AMD 9950X3D CPU-Z數據曝光,https://www.ptt.cc/bbs/PC_Shopping/M.1735269916.A.779.html,推,這顆就是工作/遊戲都能爽用嗎,12/27/2024,30540,True,中立
CPU,AMD R9 9950X,AMD,Ryzen 9,型號(情報),[情報] AMD 9950X3D CPU-Z數據曝光,https://www.ptt.cc/bbs/PC_Shopping/M.1735269916.A.779.html,推,工作遊戲兩相宜 地表最強,12/27/2024,30547,True,正評
CPU,AMD R9 9950X,AMD,Ryzen 9,型號(情報),[情報] AMD 9950X3D CPU-Z數據曝光,https://www.ptt.cc/bbs/PC_Shopping/M.1735269916.A.779.html,→,調度問題不知道解決了 不然生產力照7950X3D,12/27/2024,30550,True,中立
CPU,AMD R9 9950X,AMD,Ryzen 9,型號(情報),[情報] AMD 9950X3D CPU-Z數據曝光,https://www.ptt.cc/bbs/PC_Shopping/M.1735269916.A.779.html,→,這顆就是打遊戲媲美9800X3D+9950X的多,12/27/2024,30559,True,中立
CPU,AMD R9 9950X,AMD,Ryzen 9,型號(情報),[情報] AMD 9950X3D CPU-Z數據曝光,https://www.ptt.cc/bbs/PC_Shopping/M.1735269916.A.779.html,→,"倒閉吧, 不然8核X3D直賣價 直接上看2萬",12/27/2024,30594,True,負評
CPU,AMD R9 9950X,AMD,Ryzen 9,型號(情報),[情報] AMD 9950X3D CPU-Z數據曝光,https://www.ptt.cc/bbs/PC_Shopping/M.1735269916.A.779.html,→,核心而已，遊戲效能注定就是比較弱，又,12/27/2024,30612,True,負評
CPU,AMD R9 9950X,AMD,Ryzen 9,型號(情報),[情報] AMD 9950X3D CPU-Z數據曝光,https://www.ptt.cc/bbs/PC_Shopping/M.1735269916.A.779.html,→,鎖功耗和頻率，所以綜合效能不及7900X和,12/27/2024,30613,True,負評
CPU,AMD R9 9950X,AMD,Ryzen 9,型號(情報),[情報] AMD 9950X3D CPU-Z數據曝光,https://www.ptt.cc/bbs/PC_Shopping/M.1735269916.A.779.html,→,但是兼顧遊戲跟生產力就這一顆無敵,12/28/2024,30621,True,正評
CPU,AMD R9 9950X,AMD,Ryzen 9,型號(情報),[情報] AMD 9950X3D CPU-Z數據曝光,https://www.ptt.cc/bbs/PC_Shopping/M.1735269916.A.779.html,→,9950X要PBO大概都有5.8~5.9GHz,12/28/2024,30625,True,中立
CPU,AMD R9 9950X,AMD,Ryzen 9,型號(情報),[情報] 9950X3D對比9950時脈相同 工作遊戲一把抓,https://www.ptt.cc/bbs/PC_Shopping/M.1735008598.A.7E1.html,→,cache比較涼，放下面時脈就上去了,12/24/2024,30642,True,中立
CPU,AMD R9 9950X,AMD,Ryzen 9,型號(情報),[情報] 9950X3D對比9950時脈相同 工作遊戲一把抓,https://www.ptt.cc/bbs/PC_Shopping/M.1735008598.A.7E1.html,推,唯一的遺憾就是不是兩個ccd都有cache,12/24/2024,30646,True,中立
CPU,AMD R9 9950X,AMD,Ryzen 9,型號(情報),[情報] 9950X3D對比9950時脈相同 工作遊戲一把抓,https://www.ptt.cc/bbs/PC_Shopping/M.1735008598.A.7E1.html,推,剩下功耗和發熱考量吧?,12/24/2024,30647,True,中立
CPU,AMD R9 9950X,AMD,Ryzen 9,型號(情報),[情報] 9950X3D對比9950時脈相同 工作遊戲一把抓,https://www.ptt.cc/bbs/PC_Shopping/M.1735008598.A.7E1.html,推,這顆跑遊戲不會比98x3d強多少,12/24/2024,30726,True,負評
CPU,AMD R9 9950X,AMD,Ryzen 9,型號(情報),[情報] 9950X3D對比9950時脈相同 工作遊戲一把抓,https://www.ptt.cc/bbs/PC_Shopping/M.1735008598.A.7E1.html,→,把錢投在顯卡上 CPU一樣卡死你的fps,12/24/2024,30743,True,負評
CPU,AMD R9 9950X,AMD,Ryzen 9,型號(情報),[情報] 9950X3D對比9950時脈相同 工作遊戲一把抓,https://www.ptt.cc/bbs/PC_Shopping/M.1735008598.A.7E1.html,→,代目前用下來，真的是幾乎無懈可擊,12/24/2024,30748,True,正評
CPU,AMD R9 9950X,AMD,Ryzen 9,型號,[心得] 9950X最佳化能耗比+DDR5-6400/CL32/128GB,https://www.ptt.cc/bbs/PC_Shopping/M.1732705160.A.657.html,推,厲害，插滿還能跑6400,11/27/2024,30813,True,正評
CPU,AMD R9 9950X,AMD,Ryzen 9,型號,[心得] 9950X最佳化能耗比+DDR5-6400/CL32/128GB,https://www.ptt.cc/bbs/PC_Shopping/M.1732705160.A.657.html,推,溫度問題一律開蓋,11/27/2024,30817,True,中立
CPU,AMD R9 9950X,AMD,Ryzen 9,型號,[心得] 9950X最佳化能耗比+DDR5-6400/CL32/128GB,https://www.ptt.cc/bbs/PC_Shopping/M.1732705160.A.657.html,→,能耗比進步有夠多,11/27/2024,30819,True,正評
CPU,AMD R9 9950X,AMD,Ryzen 9,型號,[心得] 9950X最佳化能耗比+DDR5-6400/CL32/128GB,https://www.ptt.cc/bbs/PC_Shopping/M.1732705160.A.657.html,推,太猛啦，感謝整理分享,11/30/2024,30825,True,正評
CPU,AMD R9 9950X,AMD,Ryzen 9,型號(情報),[情報] AMD 9950X3D+9900X3預計25/1月發行,https://www.ptt.cc/bbs/PC_Shopping/M.1732503055.A.EEC.html,推,9950空冷壓得住嗎？,11/25/2024,30897,True,中立
CPU,AMD R9 9950X,AMD,Ryzen 9,型號(情報),[情報] AMD 9950X3D+9900X3預計25/1月發行,https://www.ptt.cc/bbs/PC_Shopping/M.1732503055.A.EEC.html,→,對玩遊戲應該cp值比較低吧？ 能用到8核以,11/25/2024,30903,True,中立
CPU,AMD R9 9950X,AMD,Ryzen 9,型號,[菜單] 60k Linux 24H生產力(CPU) 9950x機,https://www.ptt.cc/bbs/PC_Shopping/M.1725340929.A.D9E.html,→,而且應該不太穩定,09/03/2024,30917,True,負評
CPU,AMD R9 9950X,AMD,Ryzen 9,型號,[菜單] 60k Linux 24H生產力(CPU) 9950x機,https://www.ptt.cc/bbs/PC_Shopping/M.1725340929.A.D9E.html,→,9大火爐 不用擔心供電問題,09/03/2024,30926,True,負評
CPU,AMD R9 9950X,AMD,Ryzen 9,型號,[菜單] 60k Linux 24H生產力(CPU) 9950x機,https://www.ptt.cc/bbs/PC_Shopping/M.1725340929.A.D9E.html,→,AMD 跑 Linux 穩定度不知道如何,09/03/2024,30928,True,中立
CPU,AMD R9 9950X,AMD,Ryzen 9,型號,[菜單] 60k Linux 24H生產力(CPU) 9950x機,https://www.ptt.cc/bbs/PC_Shopping/M.1725340929.A.D9E.html,→,TR當工作站快三年了沒遇過什麼問題,09/03/2024,30938,True,正評
CPU,AMD R9 9950X,AMD,Ryzen 9,型號,[菜單] 60k Linux 24H生產力(CPU) 9950x機,https://www.ptt.cc/bbs/PC_Shopping/M.1725340929.A.D9E.html,推,開發測試都用Linux尤其ubuntu 很穩的,09/03/2024,30943,True,正評
CPU,AMD R9 9950X,AMD,Ryzen 9,型號,[菜單] 60k Linux 24H生產力(CPU) 9950x機,https://www.ptt.cc/bbs/PC_Shopping/M.1725340929.A.D9E.html,推,Linux 用 AMD 處理器當遊戲機很棒,09/04/2024,30964,True,正評
CPU,AMD R9 9950X,AMD,Ryzen 9,型號,[請益] 德國亞馬遜買R9 9950X可行性,https://www.ptt.cc/bbs/PC_Shopping/M.1724222620.A.5EC.html,推,建議你等9950x. 沒道理用上一代的製程。,08/21/2024,30981,True,中立
CPU,AMD R9 9950X,AMD,Ryzen 9,型號,[請益] 德國亞馬遜買R9 9950X可行性,https://www.ptt.cc/bbs/PC_Shopping/M.1724222620.A.5EC.html,推,"這代9900x, 9950x能耗比真的很厲害！",08/21/2024,30982,True,正評
CPU,AMD R9 9950X,AMD,Ryzen 9,型號(情報),[情報] 原價屋 9900X 9950X 晚上九點開賣,https://www.ptt.cc/bbs/PC_Shopping/M.1723721185.A.56E.html,推,對就這個價了，還行,08/15/2024,31017,True,中立
CPU,AMD R9 9950X,AMD,Ryzen 9,型號(情報),[情報] 原價屋 9900X 9950X 晚上九點開賣,https://www.ptt.cc/bbs/PC_Shopping/M.1723721185.A.56E.html,推,這次首發價都還不錯,08/15/2024,31023,True,中立
CPU,AMD R9 9950X,AMD,Ryzen 9,型號(情報),[情報] 原價屋 9900X 9950X 晚上九點開賣,https://www.ptt.cc/bbs/PC_Shopping/M.1723721185.A.56E.html,推,臭打遊戲不用考慮了，7800X3D還是最優,08/15/2024,31043,True,負評
CPU,AMD R9 9950X,AMD,Ryzen 9,型號(情報),[情報] 原價屋 9900X 9950X 晚上九點開賣,https://www.ptt.cc/bbs/PC_Shopping/M.1723721185.A.56E.html,推,不會降頻的AVX512壓x265很有效率啊,08/15/2024,31058,True,正評
CPU,AMD R9 9950X,AMD,Ryzen 9,型號(情報),[情報] 原價屋 9900X 9950X 晚上九點開賣,https://www.ptt.cc/bbs/PC_Shopping/M.1723721185.A.56E.html,→,K的2-3倍效能,08/15/2024,31063,True,正評
CPU,AMD R9 9950X,AMD,Ryzen 9,型號(情報),[情報] 原價屋 9900X 9950X 晚上九點開賣,https://www.ptt.cc/bbs/PC_Shopping/M.1723721185.A.56E.html,推,一般人就是不需要這兩顆啊。玩game又沒快多,08/15/2024,31081,True,中立
CPU,AMD R9 9950X,AMD,Ryzen 9,型號(情報),[情報] 原價屋 9900X 9950X 晚上九點開賣,https://www.ptt.cc/bbs/PC_Shopping/M.1723721185.A.56E.html,→,我是覺得9950X這顆開價沒那麼貴,08/16/2024,31091,True,中立
CPU,AMD R9 9950X,AMD,Ryzen 9,型號(情報),[情報] 原價屋 9900X 9950X 晚上九點開賣,https://www.ptt.cc/bbs/PC_Shopping/M.1723721185.A.56E.html,→,積熱改善了，那兩個die都貼上3dv怎,08/19/2024,31105,True,中立
CPU,AMD R9 9950X,AMD,Ryzen 9,型號(情報),[情報] 京東AMD 9900X $15378 9950X $22165,https://www.ptt.cc/bbs/PC_Shopping/M.1723686318.A.0FA.html,推,9900X這價格 直接打趴14900KS,08/15/2024,31106,True,正評
CPU,AMD R9 9950X,AMD,Ryzen 9,型號(情報),[情報] 京東AMD 9900X $15378 9950X $22165,https://www.ptt.cc/bbs/PC_Shopping/M.1723686318.A.0FA.html,→,這次價格很臭，9700x掉價應該會比7800x,08/15/2024,31122,True,中立
CPU,AMD R9 9950X,AMD,Ryzen 9,型號(情報),[情報] 京東AMD 9900X $15378 9950X $22165,https://www.ptt.cc/bbs/PC_Shopping/M.1723686318.A.0FA.html,推,X3D頻率衝不上去某些應用會比非X3D差,08/15/2024,31136,True,中立
CPU,AMD R9 9950X,AMD,Ryzen 9,型號(情報),[情報] 京東AMD 9900X $15378 9950X $22165,https://www.ptt.cc/bbs/PC_Shopping/M.1723686318.A.0FA.html,→,打電動和工作都不太會選這2顆,08/15/2024,31139,True,中立
CPU,AMD R9 9950X,AMD,Ryzen 9,型號(情報),[情報] 京東AMD 9900X $15378 9950X $22165,https://www.ptt.cc/bbs/PC_Shopping/M.1723686318.A.0FA.html,→,9950x好臭 性能和9900x根本沒拉開,08/15/2024,31144,True,負評
CPU,AMD R9 9950X,AMD,Ryzen 9,型號(情報),[情報] 京東AMD 9900X $15378 9950X $22165,https://www.ptt.cc/bbs/PC_Shopping/M.1723686318.A.0FA.html,→,級了 從2400G跟2600換上去很有感,08/15/2024,31146,True,正評
CPU,AMD R9 9950X,AMD,Ryzen 9,型號(情報),[情報] 京東AMD 9900X $15378 9950X $22165,https://www.ptt.cc/bbs/PC_Shopping/M.1723686318.A.0FA.html,→,應該是bios還沒優化吧，7950x都比9950x還,08/15/2024,31148,True,負評
CPU,AMD R9 9950X,AMD,Ryzen 9,型號(情報),[情報] 京東AMD 9900X $15378 9950X $22165,https://www.ptt.cc/bbs/PC_Shopping/M.1723686318.A.0FA.html,推,直接換上去就好  怕得話再更新bios就好,08/17/2024,31158,True,中立
CPU,AMD R9 9950X,AMD,Ryzen 9,型號(情報),[情報] 太扯了8 9950X ES輕鬆超6G 多核強20%,https://www.ptt.cc/bbs/PC_Shopping/M.1721983825.A.773.html,推,當然輕鬆上啊 畢竟有液態氮,07/26/2024,31163,True,中立
CPU,AMD R9 9950X,AMD,Ryzen 9,型號(情報),[情報] 太扯了8 9950X ES輕鬆超6G 多核強20%,https://www.ptt.cc/bbs/PC_Shopping/M.1721983825.A.773.html,→,上液氮是6.6 GHzㄌ,07/26/2024,31165,True,中立
CPU,AMD R9 9950X,AMD,Ryzen 9,型號(情報),[情報] 太扯了8 9950X ES輕鬆超6G 多核強20%,https://www.ptt.cc/bbs/PC_Shopping/M.1721983825.A.773.html,推,這代超頻性居然那麼好 如果上N3X不知道是不,07/26/2024,31172,True,正評
CPU,AMD R9 9950X,AMD,Ryzen 9,型號(情報),[情報] 太扯了8 9950X ES輕鬆超6G 多核強20%,https://www.ptt.cc/bbs/PC_Shopping/M.1721983825.A.773.html,推,那溫度如果是真的該不會祖傳積熱解決了,07/26/2024,31175,True,中立
CPU,AMD R9 9950X,AMD,Ryzen 9,型號(情報),[情報] 太扯了8 9950X ES輕鬆超6G 多核強20%,https://www.ptt.cc/bbs/PC_Shopping/M.1721983825.A.773.html,推,若改善積熱 真的猛,07/26/2024,31181,True,正評
CPU,AMD R9 9950X,AMD,Ryzen 9,型號(情報),[情報] 太扯了8 9950X ES輕鬆超6G 多核強20%,https://www.ptt.cc/bbs/PC_Shopping/M.1721983825.A.773.html,推,6Gi皇先達成了。嘻嘻,07/26/2024,31183,True,中立
CPU,AMD R9 9950X,AMD,Ryzen 9,型號(情報),[情報] 太扯了8 9950X ES輕鬆超6G 多核強20%,https://www.ptt.cc/bbs/PC_Shopping/M.1721983825.A.773.html,噓,等下就縮了辣….,07/26/2024,31187,True,負評
CPU,AMD R9 9950X,AMD,Ryzen 9,型號(情報),[情報] 太扯了8 9950X ES輕鬆超6G 多核強20%,https://www.ptt.cc/bbs/PC_Shopping/M.1721983825.A.773.html,→,乾，想說等Lunar 出來能買，看來還是不要,07/27/2024,31222,True,負評
CPU,AMD R9 9950X,AMD,Ryzen 9,型號(情報),[情報] 太扯了8 9950X ES輕鬆超6G 多核強20%,https://www.ptt.cc/bbs/PC_Shopping/M.1721983825.A.773.html,推,下面問9950x@6.6G跟14900K預設誰穩XD,07/27/2024,31227,True,中立
CPU,AMD R9 9950X,AMD,Ryzen 9,型號(情報),[情報] i皇15代 QS比9950X耗電多核輸平均強上代4%,https://www.ptt.cc/bbs/PC_Shopping/M.1721976732.A.3DB.html,→,以後叫U9 U7 跟納智捷一樣 耗油跑不快,07/26/2024,31236,True,負評
CPU,AMD R9 9950X,AMD,Ryzen 9,型號(情報),[情報] i皇15代 QS比9950X耗電多核輸平均強上代4%,https://www.ptt.cc/bbs/PC_Shopping/M.1721976732.A.3DB.html,推,9950X那溫度壞了吧w,07/26/2024,31242,True,負評
CPU,AMD R9 9950X,AMD,Ryzen 9,型號(情報),[情報] i皇15代 QS比9950X耗電多核輸平均強上代4%,https://www.ptt.cc/bbs/PC_Shopping/M.1721976732.A.3DB.html,→,就算是水冷也是超逆天溫度線,07/26/2024,31243,True,正評
CPU,AMD R9 9950X,AMD,Ryzen 9,型號(情報),[情報] i皇15代 QS比9950X耗電多核輸平均強上代4%,https://www.ptt.cc/bbs/PC_Shopping/M.1721976732.A.3DB.html,推,9950X無限制才不到80度是用什麼散熱，有,07/26/2024,31246,True,正評
CPU,AMD R9 9950X,AMD,Ryzen 9,型號(情報),[情報] i皇15代 QS比9950X耗電多核輸平均強上代4%,https://www.ptt.cc/bbs/PC_Shopping/M.1721976732.A.3DB.html,→,懷疑測溫不準，pbo應該是會超到撞牆才對,07/26/2024,31249,True,中立
CPU,AMD R9 9950X,AMD,Ryzen 9,型號(情報),[情報] i皇15代 QS比9950X耗電多核輸平均強上代4%,https://www.ptt.cc/bbs/PC_Shopping/M.1721976732.A.3DB.html,推,電到縮缸 會剩多少效能呢,07/26/2024,31290,True,負評
CPU,AMD R9 9950X,AMD,Ryzen 9,型號(情報),[情報] i皇15代 QS比9950X耗電多核輸平均強上代4%,https://www.ptt.cc/bbs/PC_Shopping/M.1721976732.A.3DB.html,推,還是地表最強兩者之一啊,07/26/2024,31296,True,正評
CPU,AMD R9 9950X,AMD,Ryzen 9,型號(情報),[情報] i皇15代 QS比9950X耗電多核輸平均強上代4%,https://www.ptt.cc/bbs/PC_Shopping/M.1721976732.A.3DB.html,→,這代架構不行 製程也輸gg 慘,07/26/2024,31312,True,負評
CPU,AMD R9 9950X,AMD,Ryzen 9,型號(情報),[情報] i皇15代 QS比9950X耗電多核輸平均強上代4%,https://www.ptt.cc/bbs/PC_Shopping/M.1721976732.A.3DB.html,推,浪費電，然後之後出patch降效能,07/27/2024,31340,True,負評
CPU,AMD R9 9950X,AMD,Ryzen 9,型號(情報),[情報]技嘉更新BIOS A620M主板可支援16核心9950X,https://www.ptt.cc/bbs/PC_Shopping/M.1721460111.A.B60.html,→,這張上9950X真的大丈夫？,07/20/2024,31364,True,中立
CPU,AMD R9 9950X,AMD,Ryzen 9,型號(情報),[情報]技嘉更新BIOS A620M主板可支援16核心9950X,https://www.ptt.cc/bbs/PC_Shopping/M.1721460111.A.B60.html,推,9950X鎖160W R23多核分超過四萬二還行啦,07/20/2024,31366,True,正評
CPU,AMD R9 9950X,AMD,Ryzen 9,型號(情報),[情報]技嘉更新BIOS A620M主板可支援16核心9950X,https://www.ptt.cc/bbs/PC_Shopping/M.1721460111.A.B60.html,→,丐版還是算了 性能跑不滿,07/20/2024,31384,True,負評
CPU,AMD R9 9950X,AMD,Ryzen 9,型號(情報),[情報]技嘉更新BIOS A620M主板可支援16核心9950X,https://www.ptt.cc/bbs/PC_Shopping/M.1721460111.A.B60.html,→,這東西買來就是工作用，要的就是效能,07/20/2024,31387,True,正評
CPU,AMD R9 9950X,AMD,Ryzen 9,型號(情報),[情報]技嘉更新BIOS A620M主板可支援16核心9950X,https://www.ptt.cc/bbs/PC_Shopping/M.1721460111.A.B60.html,→,7950x 可以跑的話， 9950x 可以跑很正常啊,07/20/2024,31399,True,中立
CPU,AMD R9 9950X,AMD,Ryzen 9,型號(情報),[情報]技嘉更新BIOS A620M主板可支援16核心9950X,https://www.ptt.cc/bbs/PC_Shopping/M.1721460111.A.B60.html,推,"就鎖基本功耗，cpu,ram超頻全關掉",07/20/2024,31403,True,中立
CPU,AMD R9 9950X,AMD,Ryzen 9,型號(情報),[情報]技嘉更新BIOS A620M主板可支援16核心9950X,https://www.ptt.cc/bbs/PC_Shopping/M.1721460111.A.B60.html,→,就是能用，其他不要要求,07/20/2024,31404,True,中立
CPU,AMD R9 9950X,AMD,Ryzen 9,型號(情報),[情報]技嘉更新BIOS A620M主板可支援16核心9950X,https://www.ptt.cc/bbs/PC_Shopping/M.1721460111.A.B60.html,→,可以上 但是跑極限的時候可能會降頻,07/20/2024,31406,True,負評
CPU,AMD R9 9950X,AMD,Ryzen 9,型號(情報),[情報]技嘉更新BIOS A620M主板可支援16核心9950X,https://www.ptt.cc/bbs/PC_Shopping/M.1721460111.A.B60.html,→,如果願意花時間刷BIOS還只能選更舊的,07/29/2024,31450,True,中立
CPU,AMD R9 9950X3D,AMD,Ryzen 9,型號,[閒聊] 極客灣打造9950X3D+5090 ITX PC,https://www.ptt.cc/bbs/PC_Shopping/M.1756218428.A.CA1.html,→,體開XMP，室溫下就6X度在跳了,08/27/2025,31545,True,負評
CPU,AMD R9 9950X3D,AMD,Ryzen 9,型號(情報),[情報] Amazon 7800X3D、9950X3D史低,https://www.ptt.cc/bbs/PC_Shopping/M.1753973118.A.88C.html,→,都有超過10%，啟動絕對是划算的。,07/31/2025,31575,True,正評
CPU,AMD R9 9950X3D,AMD,Ryzen 9,型號(情報),[情報] Amazon 7800X3D、9950X3D史低,https://www.ptt.cc/bbs/PC_Shopping/M.1753973118.A.88C.html,推,我也是9950X卡一個月，申訴秒退款，直接加,07/31/2025,31582,True,正評
CPU,AMD R9 9950X3D,AMD,Ryzen 9,型號(情報),[情報] Amazon 7800X3D、9950X3D史低,https://www.ptt.cc/bbs/PC_Shopping/M.1753973118.A.88C.html,→,13K→16K（半年U）  還行,07/31/2025,31584,True,中立
CPU,AMD R9 9950X3D,AMD,Ryzen 9,型號(情報),[情報] Amazon 7800X3D、9950X3D史低,https://www.ptt.cc/bbs/PC_Shopping/M.1753973118.A.88C.html,推,反而京東買好幾顆了沒什麼問題,08/01/2025,31602,True,正評
CPU,AMD R9 9950X3D,AMD,Ryzen 9,型號,Re: [心得] 5090+9950X3D 啟動130K AI訓練機,https://www.ptt.cc/bbs/PC_Shopping/M.1753441079.A.CAA.html,推,訓練需要堆算力跟平行總頻寬，所以最高性,07/26/2025,31661,True,中立
CPU,AMD R9 9950X3D,AMD,Ryzen 9,型號,[心得] 5090+9950X3D 啟動130K AI訓練機,https://www.ptt.cc/bbs/PC_Shopping/M.1753384877.A.70C.html,→,cpu有跑到100%7分鐘溫度70度,07/25/2025,31674,True,中立
CPU,AMD R9 9950X3D,AMD,Ryzen 9,型號,[請益] 9950X3D 128G 跟AMD AI Max 395 128 選購,https://www.ptt.cc/bbs/PC_Shopping/M.1751953372.A.50C.html,→,真的要核心數 洋垃圾,07/08/2025,31715,True,負評
CPU,AMD R9 9950X3D,AMD,Ryzen 9,型號,[請益] 9950X3D 128G 跟AMD AI Max 395 128 選購,https://www.ptt.cc/bbs/PC_Shopping/M.1751953372.A.50C.html,→,大小核調度有問題怎不試試bios更新、,07/09/2025,31729,True,中立
CPU,AMD R9 9950X3D,AMD,Ryzen 9,型號,[請益] 9950X3D 最丐配置下、能128G RAM,https://www.ptt.cc/bbs/PC_Shopping/M.1751903514.A.3E3.html,→,使用一陣子後陷入開機地獄,07/07/2025,31733,True,負評
CPU,AMD R9 9950X3D,AMD,Ryzen 9,型號,[請益] 9950X3D 最丐配置下、能128G RAM,https://www.ptt.cc/bbs/PC_Shopping/M.1751903514.A.3E3.html,推,我的意思就是你可以買9950X不用X3D,07/08/2025,31746,True,負評
CPU,AMD R9 9950X3D,AMD,Ryzen 9,型號,[請益] 9950X3D 最丐配置下、能128G RAM,https://www.ptt.cc/bbs/PC_Shopping/M.1751903514.A.3E3.html,→,但9950X和9950X3D實打實差了5K,07/08/2025,31748,True,中立
CPU,AMD R9 9950X3D,AMD,Ryzen 9,型號,[請益] 9950X3D 最丐配置下、能128G RAM,https://www.ptt.cc/bbs/PC_Shopping/M.1751903514.A.3E3.html,→,但是很高機率會藍屏,07/08/2025,31768,True,負評
CPU,AMD R9 9950X3D,AMD,Ryzen 9,型號,[請益] 9950X3D 最丐配置下、能128G RAM,https://www.ptt.cc/bbs/PC_Shopping/M.1751903514.A.3E3.html,→,X3D在常態超出cache的情況下反而比沒X3D慢,07/08/2025,31792,True,負評
CPU,AMD R9 9950X3D,AMD,Ryzen 9,型號,[請益] 9950X3D 最丐配置下、能128G RAM,https://www.ptt.cc/bbs/PC_Shopping/M.1751903514.A.3E3.html,噓,開機15分鐘都不覺得有問題 就是你的問題了,07/08/2025,31797,True,正評
CPU,AMD R9 9950X3D,AMD,Ryzen 9,型號,[請益] 9950X3D 最丐配置下、能128G RAM,https://www.ptt.cc/bbs/PC_Shopping/M.1751903514.A.3E3.html,→,超頻=更不穩定 要重測很多次直到能開機,07/08/2025,31807,True,負評
CPU,AMD R9 9950X3D,AMD,Ryzen 9,型號,[請益] 9950X3D 最丐配置下、能128G RAM,https://www.ptt.cc/bbs/PC_Shopping/M.1751903514.A.3E3.html,→,開EXPO 首開自檢3分鐘 2次重啟,07/08/2025,31814,True,負評
CPU,AMD R9 9950X3D,AMD,Ryzen 9,型號,[請益] 9950X3D 最丐配置下、能128G RAM,https://www.ptt.cc/bbs/PC_Shopping/M.1751903514.A.3E3.html,→,超頻自調時序 首開自檢8分鐘 5次重啟,07/08/2025,31815,True,負評
CPU,AMD R9 9950X3D,AMD,Ryzen 9,型號,[請益] 9950X3D 最丐配置下、能128G RAM,https://www.ptt.cc/bbs/PC_Shopping/M.1751903514.A.3E3.html,→,前者特性插2條性能好 插4條就爛掉,07/08/2025,31822,True,負評
CPU,AMD R9 9950X3D,AMD,Ryzen 9,型號,[請益] 9950X3D 最丐配置下、能128G RAM,https://www.ptt.cc/bbs/PC_Shopping/M.1751903514.A.3E3.html,→,緊繃 開得快多了又省心,07/08/2025,31833,True,正評
CPU,AMD R9 9950X3D,AMD,Ryzen 9,型號,[請益] 9950X3D 最丐配置下、能128G RAM,https://www.ptt.cc/bbs/PC_Shopping/M.1751903514.A.3E3.html,→,開機都要重新train一次記憶體,07/08/2025,31853,True,負評
CPU,AMD R9 9950X3D,AMD,Ryzen 9,型號,[請益] 9950X3D 最丐配置下、能128G RAM,https://www.ptt.cc/bbs/PC_Shopping/M.1751903514.A.3E3.html,→,x3d根本沒幫助吧,07/08/2025,31870,True,負評
CPU,AMD R9 9950X3D,AMD,Ryzen 9,型號,[請益] 直立顯卡 + 9950x3d散熱問題,https://www.ptt.cc/bbs/PC_Shopping/M.1751893845.A.29D.html,→,ba120別想了，壓不住,07/07/2025,31922,True,負評
CPU,AMD R9 9950X3D,AMD,Ryzen 9,型號,[請益] 9950X3D的ccd調度目前已經沒問題了嗎?,https://www.ptt.cc/bbs/PC_Shopping/M.1751378120.A.A17.html,推,想要有最好的體驗建議還是直接關一顆CCD,07/01/2025,31943,True,中立
CPU,AMD R9 9950X3D,AMD,Ryzen 9,型號,[請益] 9950X3D的ccd調度目前已經沒問題了嗎?,https://www.ptt.cc/bbs/PC_Shopping/M.1751378120.A.A17.html,→,新組的不要手賤去調電源高性能就不會,07/01/2025,31946,True,中立
CPU,AMD R9 9950X3D,AMD,Ryzen 9,型號,[請益] 9950X3D的ccd調度目前已經沒問題了嗎?,https://www.ptt.cc/bbs/PC_Shopping/M.1751378120.A.A17.html,→,有比7系列好很多 但也還沒/不可能到完美,07/01/2025,31951,True,中立
CPU,AMD R9 9950X3D,AMD,Ryzen 9,型號,[請益] 9950X3D的ccd調度目前已經沒問題了嗎?,https://www.ptt.cc/bbs/PC_Shopping/M.1751378120.A.A17.html,→,"如果能就買 不會有""調度沒問題""的一天",07/01/2025,31953,True,負評
CPU,AMD R9 9950X3D,AMD,Ryzen 9,型號,[請益] 9950X3D的ccd調度目前已經沒問題了嗎?,https://www.ptt.cc/bbs/PC_Shopping/M.1751378120.A.A17.html,→,變去 CP值也會跟著變來變去 特價賣有CP值,07/01/2025,31956,True,中立
CPU,AMD R9 9950X3D,AMD,Ryzen 9,型號,[請益] 9950X3D的ccd調度目前已經沒問題了嗎?,https://www.ptt.cc/bbs/PC_Shopping/M.1751378120.A.A17.html,推,9950X3D使用一切正常 然後不要再問GPT了,07/01/2025,31960,True,正評
CPU,AMD R9 9950X3D,AMD,Ryzen 9,型號,[請益] 9950X3D的ccd調度目前已經沒問題了嗎?,https://www.ptt.cc/bbs/PC_Shopping/M.1751378120.A.A17.html,→,還是會有問題 極客灣測的時候有特別說這個,07/01/2025,31967,True,負評
CPU,AMD R9 9950X3D,AMD,Ryzen 9,型號,[請益] 9950X3D的ccd調度目前已經沒問題了嗎?,https://www.ptt.cc/bbs/PC_Shopping/M.1751378120.A.A17.html,→,game mode就是關掉另外8核，當然能解,07/01/2025,31969,True,中立
CPU,AMD R9 9950X3D,AMD,Ryzen 9,型號,[請益] 9950X3D的ccd調度目前已經沒問題了嗎?,https://www.ptt.cc/bbs/PC_Shopping/M.1751378120.A.A17.html,→,有疑慮就9800X3D，等下一代或下下一代核心,07/01/2025,31973,True,中立
CPU,AMD R9 9950X3D,AMD,Ryzen 9,型號,[請益] 9950X3D的ccd調度目前已經沒問題了嗎?,https://www.ptt.cc/bbs/PC_Shopping/M.1751378120.A.A17.html,→,數起飛，同時Windows/Linux對多CCD的支援,07/01/2025,31974,True,正評
CPU,AMD R9 9950X3D,AMD,Ryzen 9,型號,[請益] 9950X3D的ccd調度目前已經沒問題了嗎?,https://www.ptt.cc/bbs/PC_Shopping/M.1751378120.A.A17.html,推,目前用調度沒啥問題 也沒重裝os,07/01/2025,31977,True,中立
CPU,AMD R9 9950X3D,AMD,Ryzen 9,型號,[請益] 9950X3D的ccd調度目前已經沒問題了嗎?,https://www.ptt.cc/bbs/PC_Shopping/M.1751378120.A.A17.html,推,要問9950X3D有沒有調度問題 答案是有,07/01/2025,31978,True,負評
CPU,AMD R9 9950X3D,AMD,Ryzen 9,型號,[請益] 9950X3D的ccd調度目前已經沒問題了嗎?,https://www.ptt.cc/bbs/PC_Shopping/M.1751378120.A.A17.html,→,那遇到問題的機率就相對更低一點,07/01/2025,31984,True,中立
CPU,AMD R9 9950X3D,AMD,Ryzen 9,型號,[請益] 9950X3D的ccd調度目前已經沒問題了嗎?,https://www.ptt.cc/bbs/PC_Shopping/M.1751378120.A.A17.html,→,那我會覺得你買9950X 9900X就夠用了,07/01/2025,31986,True,中立
CPU,AMD R9 9950X3D,AMD,Ryzen 9,型號,[請益] 9950X3D的ccd調度目前已經沒問題了嗎?,https://www.ptt.cc/bbs/PC_Shopping/M.1751378120.A.A17.html,推,"是有聽過買多ccd的X3D,win11一定要乾",07/02/2025,31995,True,中立
CPU,AMD R9 9950X3D,AMD,Ryzen 9,型號,[請益] 9950X3D的ccd調度目前已經沒問題了嗎?,https://www.ptt.cc/bbs/PC_Shopping/M.1751378120.A.A17.html,→,裝驅動 電源計畫用平衡 大多都沒問題,07/02/2025,32006,True,中立
CPU,AMD R9 9950X3D,AMD,Ryzen 9,型號,[請益] 9950X3D的ccd調度目前已經沒問題了嗎?,https://www.ptt.cc/bbs/PC_Shopping/M.1751378120.A.A17.html,推,我有試過跑老遊戲它主線程會被分去用沒ca,07/02/2025,32015,True,中立
CPU,AMD R9 9950X3D,AMD,Ryzen 9,型號,[請益] 9950X3D的ccd調度目前已經沒問題了嗎?,https://www.ptt.cc/bbs/PC_Shopping/M.1751378120.A.A17.html,→,x3d 就是因為玩遊戲多核心真的沒屁,07/02/2025,32021,True,中立
CPU,AMD R9 9950X3D,AMD,Ryzen 9,型號,[請益] 9950X3D的ccd調度目前已經沒問題了嗎?,https://www.ptt.cc/bbs/PC_Shopping/M.1751378120.A.A17.html,→,"沒啥問題,a的雙ccd只差在cache大小",07/02/2025,32026,True,中立
CPU,AMD R9 9950X3D,AMD,Ryzen 9,型號,[請益] 9950X3D的ccd調度目前已經沒問題了嗎?,https://www.ptt.cc/bbs/PC_Shopping/M.1751378120.A.A17.html,→,用三個月了體感沒問題,07/02/2025,32033,True,正評
CPU,AMD R9 9950X3D,AMD,Ryzen 9,型號,[請益] 9950X3D的ccd調度目前已經沒問題了嗎?,https://www.ptt.cc/bbs/PC_Shopping/M.1751378120.A.A17.html,推,打CS2 調度沒問題 那時有重灌跟安裝,07/02/2025,32034,True,中立
CPU,AMD R9 9950X3D,AMD,Ryzen 9,型號,[請益] 9950X3D的ccd調度目前已經沒問題了嗎?,https://www.ptt.cc/bbs/PC_Shopping/M.1751378120.A.A17.html,→,晶片組驅動和Bios有裝到最新就沒問題,07/02/2025,32044,True,中立
CPU,AMD R9 9950X3D,AMD,Ryzen 9,型號,[請益] 9950X3D的ccd調度目前已經沒問題了嗎?,https://www.ptt.cc/bbs/PC_Shopping/M.1751378120.A.A17.html,→,下半部核心使用率低到異常 就是出包了,07/02/2025,32076,True,負評
CPU,AMD R9 9950X3D,AMD,Ryzen 9,型號,[請益] 9950X3D的ccd調度目前已經沒問題了嗎?,https://www.ptt.cc/bbs/PC_Shopping/M.1751378120.A.A17.html,→,多開模擬器舉例 遇到問題那幾台會慢一點,07/02/2025,32077,True,中立
CPU,AMD R9 9950X3D,AMD,Ryzen 9,型號,[請益] 9950X3D的ccd調度目前已經沒問題了嗎?,https://www.ptt.cc/bbs/PC_Shopping/M.1751378120.A.A17.html,→,前六台一秒完成過場動畫另四台慢0.3秒顯示,07/02/2025,32079,True,中立
CPU,AMD R9 9950X3D,AMD,Ryzen 9,型號,[請益] 9950X3D的ccd調度目前已經沒問題了嗎?,https://www.ptt.cc/bbs/PC_Shopping/M.1751378120.A.A17.html,→,經驗是 延時啟動秒數加長 就很少出問題,07/02/2025,32080,True,中立
CPU,AMD R9 9950X3D,AMD,Ryzen 9,型號,[請益] 9950X3D的ccd調度目前已經沒問題了嗎?,https://www.ptt.cc/bbs/PC_Shopping/M.1751378120.A.A17.html,→,脈低會比大快取高時脈好用,07/02/2025,32084,True,中立
CPU,AMD R9 9950X3D,AMD,Ryzen 9,型號,[請益] 9950X3D的ccd調度目前已經沒問題了嗎?,https://www.ptt.cc/bbs/PC_Shopping/M.1751378120.A.A17.html,推,遊戲多的話買9800x3d就好了，他性能也不,07/03/2025,32086,True,負評
CPU,AMD R9 9950X3D,AMD,Ryzen 9,型號(情報),"[情報] 京東 9950X3D $19,147  9900X3D $14,449",https://www.ptt.cc/bbs/PC_Shopping/M.1750164925.A.629.html,推,最近看啟動真的快捏不住 原本3070+5800x,06/17/2025,32088,True,正評
CPU,AMD R9 9950X3D,AMD,Ryzen 9,型號(情報),"[情報] 京東 9950X3D $19,147  9900X3D $14,449",https://www.ptt.cc/bbs/PC_Shopping/M.1750164925.A.629.html,推,這樣對比 98x3d真貴,06/17/2025,32092,True,負評
CPU,AMD R9 9950X3D,AMD,Ryzen 9,型號(情報),"[情報] 京東 9950X3D $19,147  9900X3D $14,449",https://www.ptt.cc/bbs/PC_Shopping/M.1750164925.A.629.html,推,就保固要寄回中國 現在CPU很容易壞,06/18/2025,32093,True,負評
CPU,AMD R9 9950X3D,AMD,Ryzen 9,型號(情報),"[情報] 京東 9950X3D $19,147  9900X3D $14,449",https://www.ptt.cc/bbs/PC_Shopping/M.1750164925.A.629.html,推,9800X3D加不到6千 就能直上9950X3D?免2萬,06/18/2025,32100,True,中立
CPU,AMD R9 9950X3D,AMD,Ryzen 9,型號,[閒聊] 對岸啟動9950X3D與CHATGPT超頻分享,https://www.ptt.cc/bbs/PC_Shopping/M.1750052662.A.AB3.html,→,偷超沒換多少效能卻大幅犧牲穩定性,06/16/2025,32107,True,負評
CPU,AMD R9 9950X3D,AMD,Ryzen 9,型號,[閒聊] 對岸啟動9950X3D與CHATGPT超頻分享,https://www.ptt.cc/bbs/PC_Shopping/M.1750052662.A.AB3.html,噓,預設直接黑 你這個CPU應該是挑剩下的垃圾,06/16/2025,32110,True,負評
CPU,AMD R9 9950X3D,AMD,Ryzen 9,型號,[閒聊] 對岸啟動9950X3D與CHATGPT超頻分享,https://www.ptt.cc/bbs/PC_Shopping/M.1750052662.A.AB3.html,→,CPU vccsa電壓給我調到1.4v,06/16/2025,32119,True,中立
CPU,AMD R9 9950X3D,AMD,Ryzen 9,型號,[閒聊] 對岸啟動9950X3D與CHATGPT超頻分享,https://www.ptt.cc/bbs/PC_Shopping/M.1750052662.A.AB3.html,推,感謝分享 pbo又降壓 穩定性要驗證,06/16/2025,32124,True,中立
CPU,AMD R9 9950X3D,AMD,Ryzen 9,型號,[閒聊] 對岸啟動9950X3D與CHATGPT超頻分享,https://www.ptt.cc/bbs/PC_Shopping/M.1750052662.A.AB3.html,推,潑你個冷水 你的CPU自動超頻會黑 八成,06/16/2025,32125,True,負評
